0	3	4
0.1	3.310846785	2.289696863
0.2	3.475207733	1.085273008
0.3	3.543543701	0.3470739291
0.4	3.555112847	-0.07529704237
0.5	3.534633033	-0.3115436763
0.6	3.496194284	-0.4448969544
0.7	3.447475882	-0.52288247
0.8	3.39258847	-0.5713641112
0.9	3.333717897	-0.6041968549
1	3.272019468	-0.6288113429
1.1	3.208093311	-0.6492388562
1.2	3.142235871	-0.6677110143
1.3	3.074573322	-0.6855008224
1.4	3.005132854	-0.7033677846
1.5	2.933880903	-0.7217958984
1.6	2.860743573	-0.7411229069
1.7	2.785617471	-0.761612853
1.8	2.70837454	-0.7834958723
1.9	2.62886438	-0.8069945407
2	2.546914077	-0.8323392752
2.1	2.462326713	-0.8597791739
2.2	2.374879139	-0.8895917778
2.3	2.2843188	-0.9220911485
2.4	2.1903595	-0.9576343734
2.5	2.092676859	-0.9966299481
2.6	1.990902915	-1.039544871
2.7	1.88461963	-1.086909419
2.8	1.773352748	-1.139323407
2.9	1.656564473	-1.197453435
3	1.533647325	-1.262026002
3.1	1.403919015	-1.333804589
3.2	1.266621049	-1.413541463
3.3	1.120923209	-1.501896585
3.4	0.9659399763	-1.599287864
3.5	0.8007651837	-1.705667992
3.6	0.6245344496	-1.820164819
3.7	0.4365324169	-1.940584326
3.8	0.2363561377	-2.062755222
3.9	0.02414925235	-2.179783608
4	-0.1990915771	-2.281424064
4.1	-0.4311688662	-2.353966309
4.2	-0.6683751381	-2.381211515
4.3	-0.9053601437	-2.347068402
4.4	-1.13533831	-2.239709771
4.5	-1.350747737	-2.056120186
4.6	-1.544294296	-1.804859052
4.7	-1.710096126	-1.505098265
4.8	-1.844532788	-1.181881591
4.9	-1.946516656	-0.8597936254
5	-2.017174004	-0.5579106964
5.1	-2.059160966	-0.2876494549
5.2	-2.075906098	-0.05328302142
5.3	-2.070986552	0.1461124666
5.4	-2.04771911	0.3144833542
5.5	-2.008949615	0.4570662427
5.6	-1.956984549	0.5792739719
5.7	-1.893606579	0.6861073399
5.8	-1.820129591	0.7819230697
5.9	-1.737465716	0.870405646
6	-1.646189607	0.9546360983
6.1	-1.546593873	1.037192476
6.2	-1.438734091	1.120247369
6.3	-1.322466034	1.20563986
6.4	-1.197476235	1.294913062
6.5	-1.063312748	1.389295391
6.6	-0.9194184049	1.489628878
6.7	-0.765178012	1.596200462
6.8	-0.5999867319	1.708476897
6.9	-0.4233491024	1.82470814
7	-0.235026927	1.941403269
7.1	-0.03524341061	2.052745242
7.2	0.1750585682	2.150085985
7.3	0.3939230412	2.221834684
7.4	0.6181126789	2.254182935
7.5	0.8429743039	2.233064671
7.6	1.062566585	2.147401543
7.7	1.270147858	1.99285923
7.8	1.459001556	1.77453701
7.9	1.623406042	1.506954656
8	1.759441626	1.210885018
8.1	1.865370981	0.9083281503
8.2	1.941517135	0.6178537931
8.3	1.989768829	0.3519727448
8.4	2.012941669	0.1168186281
8.5	2.014193444	-0.08661934505
8.6	1.996597594	-0.2607197921
8.7	1.962890286	-0.4096142919
8.8	1.915357252	-0.5380287712
8.9	1.855812443	-0.6505908904
9	1.785627147	-0.7514922864
9.1	1.705780608	-0.8443767105
9.2	1.616915002	-0.9323503515
9.3	1.51938602	-1.018045978
9.4	1.4133068	-1.103697589
9.5	1.298584469	-1.191199679
9.6	1.174951998	-1.282135687
9.7	1.042000603	-1.377760916
9.8	0.8992146358	-1.478919789
9.9	0.7460221621	-1.585884042
10	0.5818621199	-1.698085694
10.1	0.4062884851	-1.813721082
10.2	0.2191187602	-1.929248345
10.3	0.02063455199	-2.038817875
10.4	-0.1881619508	-2.133807144
10.5	-0.4052617495	-2.202761051
10.6	-0.6273957555	-2.232153452
10.7	-0.8499162141	-2.208364208
10.8	-1.066937037	-2.120857429
10.9	-1.271824983	-1.965788366
11	-1.45801046	-1.748507163
11.1	-1.619926425	-1.483427695
11.2	-1.753779605	-1.190887298
11.3	-1.857905969	-0.892288458
11.4	-1.932642585	-0.6056436084
11.5	-1.979844406	-0.3430788905
11.6	-2.002265113	-0.1105483288
11.7	-2.002991232	0.0909754846
11.8	-1.985028774	0.2637913379
11.9	-1.951056703	0.411913203
12	-1.903315571	0.5399481016
12.1	-1.843585302	0.652421926
12.2	-1.773212219	0.7534472322
12.3	-1.693157389	0.8466097765
12.4	-1.604049617	0.9349753853
12.5	-1.506234893	1.021148995
12.6	-1.399818782	1.107343685
12.7	-1.28470233	1.195437072
12.8	-1.160615498	1.286994884
12.9	-1.027146567	1.383245601
13	-0.8837823559	1.484996346
13.1	-0.7299559078	1.592461556
13.2	-0.5651199858	1.704981763
13.3	-0.3888533292	1.8206303
13.4	-0.2010110031	1.935695094
13.5	-0.001932252373	2.044118414
13.6	0.2073000012	2.137059831
13.7	0.4245779323	2.202888754
13.8	0.6465217301	2.22804257
13.9	0.8683796496	2.199103971
14	1.084196996	2.106035374
14.1	1.287335007	1.945734165
14.2	1.471297359	1.724343982
14.3	1.630661059	1.45685881
14.4	1.761815895	1.163793199
14.5	1.863276902	0.8663114642
14.6	1.935521495	0.5819219758
14.7	1.980490093	0.3221854304
14.8	2.000968444	0.09258207248
14.9	2.000036076	-0.1062342769
15	1.980667304	-0.2767308912
15.1	1.94549871	-0.4229789509
15.2	1.896726403	-0.5495756154
15.3	1.836088722	-0.6610037421
15.4	1.764895399	-0.7613218603
15.5	1.684076302	-0.8540632888
15.6	1.594234141	-0.9422478603
15.7	1.49569269	-1.028441827
15.8	1.38853889	-1.114827285
15.9	1.272658861	-1.203253542
16	1.147768552	-1.295257168
16.1	1.013447836	-1.392033748
16.2	0.8691766251	-1.494343964
16.3	0.714388724	-1.602331235
16.4	0.5485450928	-1.715239356
16.5	0.371243917	-1.830993809
16.6	0.1823787488	-1.945686489
16.7	-0.01765091537	-2.053015808
16.8	-0.2276781717	-2.14387239
16.9	-0.4454834841	-2.206401541
17	-0.6675592535	-2.226958241
17.1	-0.8890307063	-2.192305712
17.2	-1.103854718	-2.092928464
17.3	-1.30537182	-1.926536049
17.4	-1.487152633	-1.700165943
17.5	-1.643922534	-1.429496524
17.6	-1.772267526	-1.135296969
17.7	-1.870900915	-0.8385265208
17.8	-1.940460715	-0.5561817224
17.9	-1.982990273	-0.2992218854
18	-2.001321798	-0.07260685457
18.1	-1.998536114	0.1233712143
18.2	-1.977581324	0.2913833938
18.3	-1.94105362	0.4355835292
18.4	-1.891104712	0.5605746087
18.5	-1.8294302	0.6708053763
18.6	-1.757301427	0.7702847171
18.7	-1.675615039	0.8624944231
18.8	-1.584945255	0.9504077315
18.9	-1.485591967	1.036551925
19	-1.377621906	1.123074881
19.1	-1.260903153	1.211796209
19.2	-1.135138759	1.304222917
19.3	-0.9998961237	1.401513073
19.4	-0.8546495827	1.504377173
19.5	-0.6988314835	1.612889198
19.6	-0.531910731	1.726182136
19.7	-0.3535076695	1.842031759
19.8	-0.1635538233	1.956323818
19.9	0.03748990795	2.062499459
20	0.2483660942	2.15117484
20.1	0.466740428	2.210263707
20.2	0.688974461	2.226046581
20.3	0.9100672382	2.185491776
20.4	1.123887544	2.079637355
20.5	1.323758937	1.907035544
20.6	1.503325031	1.675634353
20.7	1.657465844	1.401789673
20.8	1.782968666	1.106500274
20.9	1.878747036	0.8104937567
21	1.945599436	0.5302367188
21.1	1.985671152	0.2760815729
21.2	2.001838902	0.0524695561
21.3	1.997184073	-0.1406648251
21.4	1.974627637	-0.3061917643
21.5	1.936725221	-0.4483445844
21.6	1.885584031	-0.5717309176
21.7	1.822856931	-0.68076498
21.8	1.749776878	-0.7794059707
21.9	1.667207212	-0.8710847988
22	1.575693933	-0.958728719
22.1	1.475512663	-1.04482515
22.2	1.366709485	-1.131489262
22.3	1.249135885	-1.220510462
22.4	1.122479271	-1.313363595
22.5	0.9862975348	-1.411170516
22.6	0.840057298	-1.514590171
22.7	0.6831913864	-1.623618278
22.8	0.5151777995	-1.737280994
22.9	0.3356580157	-1.853193501
23	0.1446052029	-1.967029017
23.1	-0.05745429928	-2.071968783
23.2	-0.2691726319	-2.15834957
23.3	-0.4880972912	-2.213864615
23.4	-0.7104567602	-2.224739602
23.5	-0.9311257423	-2.178176471
23.6	-1.143889492	-2.065800954
23.7	-1.342061875	-1.887029328
23.8	-1.519367758	-1.650713809
23.9	-1.67084841	-1.373856089
24	-1.793494744	-1.077642775
24.1	-1.886419176	-0.7825346597
24.2	-1.950576379	-0.5044512816
24.3	-1.988208382	-0.2531383031
24.4	-2.002232326	-0.03253024308
24.5	-1.995727177	0.1577817962
24.6	-1.971585226	0.3208556572
24.7	-1.932320776	0.4609962506
24.8	-1.879996542	0.5828112055
24.9	-1.816222928	0.6906783078
25	-1.742194904	0.7885068418
25.1	-1.658742984	0.8796768494
25.2	-1.566384953	0.9670699504
25.3	-1.465372757	1.053135399
25.4	-1.355732412	1.139954657
25.5	-1.237297465	1.229286811
25.6	-1.109742691	1.322576908
25.7	-0.9726138012	1.420906074
25.8	-0.8253725309	1.524879948
25.9	-0.6674513044	1.634418156
26	-0.4983380683	1.748427965
26.1	-0.3176992312	1.864363987
26.2	-0.1255499737	1.977681395
26.3	0.07751697838	2.081295473
26.4	0.2900576848	2.165268459
26.5	0.5095000102	2.217079069
26.6	0.7319396893	2.222920865
26.7	0.9521288138	2.170263811
26.8	1.163774744	2.051353581
26.9	1.360190064	1.866487055
27	1.535189521	1.625410986
27.1	1.683981526	1.345735644
27.2	1.803762442	1.04878758
27.3	1.893840819	0.7547239331
27.4	1.955322433	0.4789025304
27.5	1.990540645	0.2304669586
27.6	2.002448054	0.01285840129
27.7	1.994118064	-0.1746597709
27.8	1.968412567	-0.3353198019
27.9	1.927803986	-0.4734898423
28	1.874310515	-0.5937729027
28.1	1.809500456	-0.7005082402
28.2	1.734531244	-0.7975545066
28.3	1.650200937	-0.8882415011
28.4	1.556999873	-0.9754061395
28.5	1.455156411	-1.06145889
28.6	1.344676335	-1.148449272
28.7	1.225377301	-1.238106575
28.8	1.096918697	-1.331842201
28.9	0.9588375806	-1.430699364
29	0.8105889638	-1.535228422
29.1	0.6516070491	-1.645264617
29.2	0.4813912265	-1.759599771
29.3	0.2996321296	-1.875518059
29.4	0.1063904816	-1.988251218
29.5	-0.09767006532	-2.090447441
29.6	-0.3110097854	-2.171892554
29.7	-0.530934303	-2.219867017
29.8	-0.7534055109	-2.220556075
29.9	-0.9730560339	-2.16172968
30	-1.183521451	-2.036285859
30.1	-1.378121485	-1.84541655
30.2	-1.550769301	-1.599746359
30.3	-1.696846302	-1.317454056
30.4	-1.813755403	-1.019960542
30.5	-1.900998329	-0.7270851194
30.6	-1.95982642	-0.4536104381
30.7	-1.992658292	-0.2080829332
30.8	-2.002477707	0.006534149808
30.9	-1.992349405	0.1912892491
31	-1.965103198	0.3495766846
31.1	-1.923169039	0.4858192295
31.2	-1.868520701	0.6046107227
31.3	-1.802684748	0.7102499895
31.4	-1.726781577	0.8065449243
31.5	-1.641577398	0.8967752123
31.6	-1.547535168	0.9837332621
31.7	-1.444860202	1.069792736
31.8	-1.333539012	1.156970251
31.9	-1.213371604	1.246964657
32	-1.084005691	1.341157119
32.1	-0.9449664329	1.440546828
32.2	-0.795705767	1.545629539
32.3	-0.6356581119	1.656154443
32.4	-0.4643360738	1.770788717
32.5	-0.281457541	1.886645121
32.6	-0.08712979595	1.998725947
32.7	0.1179111825	2.099408329
32.8	0.3320250623	2.178208138
32.9	0.552393966	2.222215361
33	0.774846459	2.217633971
33.1	0.9938985124	2.152568729
33.2	1.203120366	2.020600387
33.3	1.395847642	1.823827369
33.4	1.566100325	1.573736164
33.5	1.709438055	1.289031503
33.6	1.823470964	0.9911805978
33.7	1.907890447	0.6996320111
33.8	1.964087886	0.4285829433
33.9	1.994561709	0.1859899429
34	2.00232197	-0.02564677624
34.1	1.990421812	-0.2076716041
34.2	1.961657557	-0.3636282352
34.3	1.918416196	-0.4979864185
34.4	1.862627164	-0.6153265825
34.5	1.795775695	-0.7199053494
34.6	1.718945648	-0.8154793748
34.7	1.632871744	-0.9052789145
34.8	1.537990299	-0.9920527179
34.9	1.434483714	-1.078137369
35	1.322319219	-1.165517637
35.1	1.201280764	-1.25586358
35.2	1.071002403	-1.35052053
35.3	0.9310005959	-1.450449683
35.4	0.7807213539	-1.556081973
35.5	0.6196039962	-1.667083122
35.6	0.4471729002	-1.781991528
35.7	0.263175044	-1.897739077
35.8	0.06776831962	-2.009096856
35.9	-0.1382376537	-2.108166894
36	-0.3530997695	-2.184197229
36.1	-0.5738741835	-2.224107555
36.2	-0.7962564293	-2.214142241
36.3	-1.014649413	-2.142775889
36.4	-1.222564752	-2.004302709
36.5	-1.413362742	-1.801736319
36.6	-1.581178477	-1.547401776
36.7	-1.721754595	-1.260488427
36.8	-1.832908695	-0.9624635761
36.9	-1.914518253	-0.6723750618
37	-1.968108874	-0.4038254312
37.1	-1.996253132	-0.1641888411
37.2	-2.001982886	0.04448147878
37.3	-1.988337083	0.2238099525
37.4	-1.958077098	0.3774781665
37.5	-1.913546511	0.5099951074
37.6	-1.856630602	0.6259237634
37.7	-1.788773695	0.7294770916
37.8	-1.711023618	0.8243604645
37.9	-1.624084062	0.9137546254
38	-1.528364926	1.000366035
38.1	-1.424026575	1.086494376
38.2	-1.311016536	1.174093585
38.3	-1.189103825	1.264802285
38.4	-1.057908312	1.359934277
38.5	-0.9169382873	1.460404711
38.6	-0.76563619	1.566586259
38.7	-0.6034436544	1.67805025
38.8	-0.4299012097	1.793202977
38.9	-0.2447861979	1.908794303
39	-0.04830689179	2.019354975
39.1	0.1586481746	2.116712769
39.2	0.3742308463	2.189852679
39.3	0.5953705175	2.225533941
39.4	0.8176300566	2.210073681
39.5	1.035302827	2.132350203
39.6	1.241848911	1.987398707
39.7	1.430662212	1.779154479
39.8	1.596000805	1.520760239
39.9	1.733794966	1.231843027
40	1.84206949	0.9338251511
40.1	1.920883767	0.6453241981
40.2	1.971892037	0.3793417475
40.3	1.997735287	0.1426795418
40.4	2.001463214	-0.06304069566
40.5	1.986097644	-0.239708274
40.6	1.95436382	-0.3911306841
40.7	1.908561603	-0.5218492257
40.8	1.850532273	-0.6364058505
40.9	1.781679663	-0.7389683442
41	1.703016021	-0.8331905077
41.1	1.615214595	-0.9222048856
41.2	1.518659435	-1.00867505
41.3	1.413488465	-1.094865459
41.4	1.299631171	-1.182698059
41.5	1.176839801	-1.273782991
41.6	1.044723188	-1.369397672
41.7	0.902779879	-1.470415079
41.8	0.750448843	-1.577140036
41.9	0.5871776218	-1.689052422
42	0.412521448	-1.804421206
42.1	0.226290075	-1.919804723
42.2	0.02874715684	-2.029492734
42.3	-0.1791398048	-2.125034384
42.4	-0.3954148334	-2.195156362
42.5	-0.616878333	-2.226479518
42.6	-0.8389615025	-2.205418081
42.7	-1.055852432	-2.121289296
42.8	-1.260966887	-1.969897051
42.9	-1.447741221	-1.756101382
43	-1.610564385	-1.493833641
43.1	-1.745558172	-1.203115389
43.2	-1.850954017	-0.9052798569
43.3	-1.926989052	-0.6184883043
43.4	-1.975440069	-0.3551358798
43.5	-1.99901115	-0.12146166
43.6	-2.000765563	0.0813273992
43.7	-1.983705771	0.2553704134
43.8	-1.95051959	0.4045900582
43.9	-1.903462891	0.5335528899
44	-1.844333193	0.6467764293
44.1	-1.774494277	0.7483821534
44.2	-1.69492338	0.8419725421
44.3	-1.606263662	0.93063155
44.4	-1.508873513	1.016981792
44.5	-1.402869582	1.103252017
44.6	-1.288162236	1.191334056
44.7	-1.164489385	1.282805893
44.8	-1.03144624	1.378912544
44.9	-0.8885241219	1.480478016
45	-0.7351597288	1.587743779
45.1	-0.570804722	1.700088941
45.2	-0.3950329187	1.815640474
45.3	-0.2076884626	1.930764087
45.4	-0.009089980681	2.039499964
45.5	0.1997110932	2.133120118
45.6	0.4166484015	2.200100479
45.7	0.6383929181	2.226935474
45.8	0.8602451177	2.200169669
45.9	1.076292044	2.1095937
46	1.279912789	1.951804937
46.1	1.464595189	1.732589015
46.2	1.624866433	1.466639489
46.3	1.757043482	1.174323925
46.4	1.859563228	0.8768427075
46.5	1.932835994	0.5918763258
46.6	1.978755477	0.3312109983
46.7	2.000083323	0.1005348609
46.8	1.999892524	-0.09934434031
46.9	1.981163666	-0.2708003588
47	1.946546221	-0.4178602916
47.1	1.898251815	-0.5451098477
47.2	1.838034454	-0.6570389195
47.3	1.767218336	-0.7577215691
47.4	1.686746085	-0.8507086452
47.5	1.597231335	-0.9390370999
47.6	1.499007502	-1.025287997
47.7	1.392169406	-1.111655852
47.8	1.276609971	-1.200000843
47.9	1.152050934	-1.2918728
48	1.018077236	-1.388477808
48.1	0.8741709797	-1.490596016
48.2	0.7197677051	-1.59839518
48.3	0.5543255047	-1.711156375
48.4	0.3774362536	-1.82685833
48.5	0.188980778	-1.941666049
48.6	-0.01066301699	-2.049368908
48.7	-0.22035892	-2.140958907
48.8	-0.4379278706	-2.204668208
48.9	-0.6599094489	-2.226887457
49	-0.8814750868	-2.194319492
49.1	-1.096615624	-2.097263061
49.2	-1.298681171	-1.933132877
49.3	-1.481219908	-1.708637432
49.4	-1.638904615	-1.439199495
49.5	-1.768250429	-1.145487279
49.6	-1.867898347	-0.8485269574
49.7	-1.938427091	-0.5654960301
49.8	-1.981841249	-0.3075699501
49.9	-2.000954844	-0.07989782535
50	-1.998846776	0.117094757
50.1	-1.978473685	0.2860021825
50.2	-1.942445615	0.4309457934
50.3	-1.892929841	0.5565242074
50.4	-1.831637129	0.667196863
50.5	-1.759852552	0.7669895261
50.6	-1.678484693	0.8594017871
50.7	-1.588118018	0.947423414
50.8	-1.489061181	1.033595619
50.9	-1.381388214	1.120078296
51	-1.264973611	1.208701659
51.1	-1.139525472	1.300984107
51.2	-1.004615453	1.398096118
51.3	-0.8597202875	1.500766761
51.4	-0.7042725224	1.609094939
51.5	-0.5377386797	1.722252128
51.6	-0.3597314361	1.838068929
51.7	-0.1701684571	1.952503796
51.8	0.03051115503	2.059089411
51.9	0.2410815608	2.148540096
52	0.4592495305	2.208849865
52.1	0.6814230581	2.226325715
52.2	0.9026456506	2.187861982
52.3	1.116817034	2.084298739
52.4	1.317266401	1.913889167
52.5	1.497611157	1.68426059
52.6	1.652676439	1.411531711
52.7	1.779178514	1.116623136
52.8	1.875960418	0.8203461514
52.9	1.943764296	0.5393547387
53	1.984699818	0.284214889
53.1	2.001628194	0.05954958466
53.2	1.997630685	-0.134581791
53.3	1.975637776	-0.3009799792
53.4	1.938219333	-0.4438505821
53.5	1.88749815	-0.5677997008
53.6	1.825142055	-0.6772536301
53.7	1.752397452	-0.7761888948
53.8	1.670139348	-0.8680542267
53.9	1.578923687	-0.9557929137
54	1.479034536	-1.041906209
54.1	1.37052525	-1.128520906
54.2	1.253253269	-1.217437082
54.3	1.126911196	-1.310140425
54.4	0.9910606289	-1.407766406
54.5	0.8451704744	-1.510991721
54.6	0.6886737384	-1.619839501
54.7	0.5210450082	-1.733374963
54.8	0.3419178931	-1.849269137
54.9	0.1512512075	-1.963270553
55	-0.05045186725	-2.068652243
55.1	-0.2618758646	-2.155848604
55.2	-0.4806097817	-2.212629682
55.3	-0.7029286834	-2.225238177
55.4	-0.9237507786	-2.180790421
55.5	-1.136890044	-2.070702859
55.6	-1.335662886	-1.894087081
55.7	-1.513764814	-1.659479126
55.8	-1.666179967	-1.383658137
55.9	-1.78982766	-1.087750019
56	-1.883750914	-0.7923128765
56.1	-1.9488502	-0.5134596566
56.2	-1.987334208	-0.2611479646
56.3	-2.00210641	-0.03948850299
56.4	-1.996246921	0.1518089358
56.5	-1.972658269	0.315737837
56.6	-1.933869263	0.4565789361
56.7	-1.881958198	0.5789402784
56.8	-1.818550309	0.687212611
56.9	-1.744853824	0.7853227798
57	-1.661710707	0.8766684909
57.1	-1.569648524	0.9641473205
57.2	-1.468927567	1.050221948
57.3	-1.359580846	1.136985376
57.4	-1.241447956	1.226207146
57.5	-1.11420845	1.319343687
57.6	-0.9774119252	1.417489351
57.7	-0.8305220574	1.521269259
57.8	-0.67297098	1.630630268
57.9	-0.5042432535	1.744520662
58	-0.3239966147	1.860453034
58.1	-0.1322309403	1.97395902
58.2	0.07048471991	2.078047314
58.3	0.2827398116	2.162876805
58.4	0.5020045702	2.215998594
58.5	0.7244213374	2.223615736
58.6	0.9447847516	2.173100746
58.7	1.156828779	2.056478399
58.8	1.35386552	1.873735561
58.9	1.529677288	1.634307803
59	1.679413329	1.355596595
59.1	1.800197971	1.058884762
59.2	1.891271389	0.7644394642
59.3	1.953687069	0.4878167222
59.4	1.989747111	0.2383704697
59.5	2.002392182	0.01971293175
59.6	1.994697985	-0.1687797284
59.7	1.969537222	-0.3302800414
59.8	1.929397063	-0.469134978
59.9	1.876311264	-0.5899497185
60	1.811862824	-0.6970772093
60.1	1.737222259	-0.794393829
60.2	1.653198913	-0.8852469827
60.3	1.560292754	-0.9724891635
60.4	1.458740275	-1.058544188
60.5	1.348554298	-1.145472888
60.6	1.22955821	-1.235015154
60.7	1.101416341	-1.328593458
60.8	0.9636692071	-1.427265406
60.9	0.8157736728	-1.531600392
61	0.6571636281	-1.641463073
61.1	0.4873342143	-1.755687457
61.2	0.305967048	-1.87161685
61.3	0.113107071	-1.984562006
61.4	-0.09060704902	-2.087265174
61.5	-0.3036698459	-2.169607917
61.6	-0.5234298288	-2.218939843
61.7	-0.7458955828	-2.221445799
61.8	-0.9657413162	-2.164786794
61.9	-1.176627008	-2.041629064
62	-1.371868872	-1.85284992
62.1	-1.545344673	-1.608768261
62.2	-1.692374673	-1.327368676
62.3	-1.810289393	-1.030044495
62.4	-1.898523347	-0.7367372693
62.5	-1.958277543	-0.4624321658
62.6	-1.99194136	-0.2158836957
62.7	-2.002488232	-0.0002208250091
62.8	-1.992986273	0.1854975842
62.9	-1.966276686	0.3446106413
63	-1.924804339	0.4815228567
63.1	-1.870558548	0.6008317696
63.2	-1.805080436	0.7068505655
63.3	-1.729503315	0.8034049992
63.4	-1.644604497	0.8937921466
63.5	-1.550856402	0.9808199245
63.6	-1.448472448	1.06687499
63.7	-1.337445902	1.153985224
63.8	-1.217582614	1.243859766
63.9	-1.088534828	1.337891775
64	-0.9498314579	1.437094102
64.1	-0.8009256897	1.54198361
64.2	-0.641251474	1.652338811
64.3	-0.4703169392	1.766871234
64.4	-0.2878301433	1.882754511
64.5	-0.09388168945	1.995071564
64.6	0.1108178146	2.096294798
64.7	0.3246636594	2.176034281
64.8	0.5448813999	2.221444514
64.9	0.7673462345	2.218720683
65	0.9866145837	2.155846271
65.1	1.196278801	2.026159521
65.2	1.389667938	1.831440512
65.3	1.560763652	1.582876543
65.4	1.705062648	1.298992885
65.5	1.820102493	1.001245989
65.6	1.905508604	0.7092176508
65.7	1.962623997	0.4373110444
65.8	1.9939198	0.1936884037
65.9	2.002397412	-0.01898987202
66	1.991114336	-0.2019663824
66.1	1.962878776	-0.3587339048
66.2	1.920092817	-0.4937466271
66.3	1.864701391	-0.6115901445
66.4	1.798204148	-0.7165360261
66.5	1.721697678	-0.812358888
66.6	1.635927673	-0.9023062635
66.7	1.541339724	-0.9891420354
66.8	1.438124187	-1.075215764
66.9	1.326255055	-1.16252324
67	1.205521796	-1.252744884
67.1	1.075563292	-1.347238082
67.2	0.9358989864	-1.446978332
67.3	0.7859766565	-1.552417925
67.4	0.6252343363	-1.663254198
67.5	0.453191514	-1.77806992
67.6	0.2695851879	-1.893860662
67.7	0.07455549844	-2.005479845
67.8	-0.131114586	-2.105125124
67.9	-0.3457180205	-2.182138419
68	-0.5663549816	-2.223497816
68.1	-0.7887676999	-2.215429431
68.2	-1.007398231	-2.146274841
68.3	-1.215777915	-2.010075514
68.4	-1.407257429	-1.809523851
68.5	-1.575930689	-1.556653627
68.6	-1.717475681	-1.270489985
68.7	-1.829637406	-0.9725051995
68.8	-1.912228697	-0.6818908826
68.9	-1.966728838	-0.4124585965
69	-1.995685127	-0.1717851264
69.1	-2.002122207	0.0379216252
69.2	-1.989084338	0.2181897292
69.3	-1.959345286	0.3726539449
69.4	-1.91526385	0.5058103653
69.5	-1.858740749	0.6222284778
69.6	-1.79123458	0.7261367142
69.7	-1.713805726	0.8212584084
69.8	-1.627168659	0.910791487
69.9	-1.531742479	0.9974573428
70	-1.427695316	1.083568269
70.1	-1.314981327	1.171089212
70.2	-1.19337512	1.261669428
70.3	-1.062500958	1.356634293
70.4	-0.9218703734	1.456914487
70.5	-0.7709269475	1.562904612
70.6	-0.6091110103	1.674208121
70.7	-0.4359578381	1.789278426
70.8	-0.2512337403	1.904930269
70.9	-0.05512868054	2.015778332
71	0.1514960857	2.113747166
71.1	0.3668297095	2.187913047
71.2	0.5878462153	2.2250888
71.3	0.8101547584	2.211563812
71.4	1.028086566	2.136070923
71.5	1.235118946	1.993382675
71.6	1.42463303	1.787111406
71.7	1.590842939	1.530116923
71.8	1.729612851	1.241877855
71.9	1.838895093	0.9438374514
72	1.918685833	0.6547667884
72.1	1.970594997	0.3878784813
72.2	1.997240192	0.1501736386
72.3	2.001665447	-0.05657692651
72.4	1.986898798	-0.2341716392
72.5	1.955678285	-0.3863751015
72.6	1.910319112	-0.5177181267
72.7	1.852677927	-0.632750451
72.8	1.78417268	-0.7356557834
72.9	1.705828007	-0.8301059687
73	1.61832779	-0.9192504913
73.1	1.522065079	-1.005767596
73.2	1.417185488	-1.091934284
73.3	1.303625065	-1.179683348
73.4	1.18114139	-1.270635344
73.5	1.049347838	-1.366080114
73.6	0.9077457259	-1.466906021
73.7	0.7557752755	-1.573440809
73.8	0.592882196	-1.685198212
73.9	0.4186159174	-1.800495099
74	0.2327748647	-1.915957015
74.1	0.03560341116	-2.025959383
74.2	-0.1719594423	-2.122148193
74.3	-0.3879956063	-2.193340376
74.4	-0.6093505513	-2.226203689
74.5	-0.8315015845	-2.207114369
74.6	-1.048673161	-2.125232285
74.7	-1.254295694	-1.976089516
74.8	-1.441789669	-1.764222165
74.9	-1.6054974	-1.503288302
75	-1.74147316	-1.213177128
75.1	-1.847876192	-0.9152578762
75.2	-1.924881962	-0.6278546359
75.3	-1.974225011	-0.3635750772
75.4	-1.998587979	-0.1288538281
75.5	-2.001029795	0.07495872764
75.6	-1.984560025	0.2499159797
75.7	-1.951879684	0.3999016118
75.8	-1.905260066	0.5294740286
75.9	-1.846513982	0.6431596685
76	-1.777019179	0.7450963686
76.1	-1.6977651	0.8389045904
76.2	-1.609405356	0.9276850959
76.3	-1.512307249	1.014074984
76.4	-1.40659497	1.100315218
76.5	-1.292185276	1.188308425
76.6	-1.168821509	1.279643355
76.7	-1.036102989	1.375577051
76.8	-0.893524018	1.476950029
76.9	-0.7405219679	1.584027573
77	-0.5765465349	1.696223074
77.1	-0.4011654109	1.811714088
77.2	-0.2142103632	1.926935005
77.3	-0.0159800283	2.036013099
77.4	0.1925032689	2.130318013
77.5	0.4092121977	2.198412711
77.6	0.6308633088	2.226832799
77.7	0.8528026202	2.202074582
77.8	1.069151989	2.113758964
77.9	1.273302485	1.958202737
78	1.45872292	1.740867888
78.1	1.619891249	1.476185066
78.2	1.753055784	1.184405695
78.3	1.856581636	0.8867813551
78.4	1.930819036	0.6011633867
78.5	1.97762149	0.3395514868
78.6	1.999731073	0.1078253002
78.7	2.000217831	-0.09306968499
78.8	1.982070225	-0.2654267331
78.9	1.94795129	-0.4132375236
79	1.90008815	-0.5410818407
79.1	1.840250004	-0.6534595739
79.2	1.769774852	-0.7544614678
79.3	1.689617356	-0.8476563917
79.4	1.600401469	-0.9360978568
79.5	1.502469321	-1.022381113
79.6	1.395923175	-1.10871287
79.7	1.280662342	-1.196963982
79.8	1.156413609	-1.288694708
79.9	1.022766358	-1.385124574
80	0.8792049859	-1.48704908
80.1	0.7251659754	-1.594662173
80.2	0.5601047138	-1.707279917
80.3	0.3836066228	-1.822933156
80.4	0.1955396296	-1.93785782
80.5	-0.003739439617	-2.045931547
80.6	-0.2131244811	-2.138244477
80.7	-0.4304760059	-2.20311309
80.8	-0.6523796939	-2.226962225
80.9	-0.8740519961	-2.196435634
81	-1.089516852	-2.101650436
81.1	-1.292133616	-1.939732799
81.2	-1.475428341	-1.717068596
81.3	-1.634022065	-1.448829178
81.4	-1.764360211	-1.155582889
81.5	-1.865012563	-0.8584215698
81.6	-1.936499456	-0.5747011609
81.7	-1.980787356	-0.3158108554
81.8	-2.000672546	-0.08708697085
81.9	-1.999232262	0.110913027
82	-1.979431781	0.2807079103
82.1	-1.943895044	0.4263872148
82.2	-1.894804858	0.55254568
82.3	-1.833887092	0.6636537168
82.4	-1.762440458	0.7637541037
82.5	-1.681385392	0.8563643162
82.6	-1.591316509	0.944490604
82.7	-1.492551107	1.030688067
82.8	-1.385170448	1.117128583
82.9	-1.269055391	1.205652889
83	-1.143918922	1.297790494
83.1	-1.009337059	1.394724274
83.2	-0.8647887197	1.497201423
83.3	-0.7097068385	1.605345372
83.4	-0.5435554844	1.718365711
83.5	-0.3659397768	1.834146725
83.6	-0.1767638343	1.948718814
83.7	0.02355462202	2.055705191
83.8	0.2338212422	2.145917697
83.9	0.4517832798	2.207431273
84	0.6738948895	2.226581253
84.1	0.8952440356	2.190191202
84.2	1.109761751	2.088907564
84.3	1.310783617	1.9206877
84.4	1.491901786	1.692838431
84.5	1.647887315	1.421238566
84.6	1.775385877	1.126726096
84.7	1.873170019	0.8301919866
84.8	1.941925241	0.5484753199
84.9	1.983725082	0.2923554239
85	2.001414873	0.06663780643
85.1	1.998075453	-0.1284918223
85.2	1.976646652	-0.295763644
85.3	1.9397125	-0.4393547641
85.4	1.889411371	-0.5638693197
85.5	1.827426077	-0.6737454957
85.6	1.755016495	-0.7729771074
85.7	1.673069335	-0.8650307412
85.8	1.582150499	-0.9528657726
85.9	1.48255253	-1.038997363
86	1.374336062	-1.125563934
86.1	1.257364496	-1.214376235
86.2	1.131335671	-1.306930749
86.3	0.9958148814	-1.404376377
86.4	0.8502734041	-1.507407394
86.5	0.6941444548	-1.616074004
86.6	0.5268993537	-1.72947978
86.7	0.3481640403	-1.845351162
86.8	0.1578831777	-1.959511194
86.9	-0.04346289155	-2.065324121
87	-0.2545907365	-2.153322082
87.1	-0.4731305268	-2.211352985
87.2	-0.6954038739	-2.22567913
87.3	-0.9163726874	-2.183335221
87.4	-1.129880308	-2.075532481
87.5	-1.329246667	-1.901080097
87.6	-1.508138964	-1.668196864
87.7	-1.661484964	-1.393435125
87.8	-1.786132645	-1.097854401
87.9	-1.881055363	-0.8021057236
88	-1.94709879	-0.5224934628
88.1	-1.986437617	-0.2691875394
88.2	-2.001961088	-0.04647643255
88.3	-1.996750085	0.1458095498
88.4	-1.973717167	0.3105979708
88.5	-1.935405569	0.4521443824
88.6	-1.883909165	0.575056678
88.7	-1.82086806	0.6837383131
88.8	-1.747503795	0.7821336347
88.9	-1.664669832	0.8736580457
89	-1.572903575	0.9612251783
89.1	-1.472473701	1.047311169
89.2	-1.363420224	1.134020645
89.3	-1.245588878	1.223133574
89.4	-1.118663916	1.316117784
89.5	-0.9821990378	1.414080633
89.6	-0.8356597482	1.517666619
89.7	-0.678478058	1.626849202
89.8	-0.5101353129	1.740617459
89.9	-0.3302806641	1.856541246
90	-0.1388989698	1.970227912
90.1	0.06346391077	2.074779205
90.2	0.2754306977	2.160450857
90.3	0.4945136724	2.214867548
90.4	0.7169017134	2.224245135
90.5	0.9374323358	2.175862524
90.6	1.149866841	2.061527567
90.7	1.347517872	1.880919006
90.8	1.524136365	1.643159423
90.9	1.674813115	1.365436652
91	1.796600579	1.068984201
91.1	1.888670222	0.7741749722
91.2	1.952022574	0.4967614312
91.3	1.988927724	0.2463084917
91.4	2.002313896	0.02660113218
91.5	1.995258691	-0.1628696709
91.6	1.970645423	-0.3252152272
91.7	1.930975927	-0.4647602783
91.8	1.878299536	-0.5861115988
91.9	1.814213984	-0.693635589
92	1.73990293	-0.7912263166
92.1	1.656187075	-0.8822488375
92.2	1.56357604	-0.9695712496
92.3	1.462314505	-1.055630885
92.4	1.352422415	-1.142499843
92.5	1.233728803	-1.231928704
92.6	1.105903162	-1.325350868
92.7	0.9684893335	-1.423838352
92.8	0.8209461961	-1.527979005
92.9	0.6627074277	-1.637667002
93	0.4932639846	-1.751777588
93.1	0.3122887336	-1.867712769
93.2	0.1198111586	-1.980861713
93.3	-0.08355491679	-2.084060145
93.4	-0.2963378279	-2.167286141
93.5	-0.5159287417	-2.21795938
93.6	-0.7383829459	-2.222267752
93.7	-0.958416593	-2.167767335
93.8	-1.169714842	-2.046896474
93.9	-1.365591459	-1.860219354
94	-1.539889856	-1.617747143
94.1	-1.687869803	-1.337265171
94.2	-1.806789518	-1.040133427
94.3	-1.896015907	-0.7464115824
94.4	-1.956698973	-0.4712859949
94.5	-1.991198168	-0.2237199588
94.6	-2.002476023	-0.007010054756
94.7	-1.993603646	0.1796755946
94.8	-1.967433464	0.3396193612
94.9	-1.926425187	0.4772065328
95	-1.872583687	0.5970377968
95.1	-1.807464694	0.7034404837
95.2	-1.732214501	0.8002581724
95.3	-1.647621561	0.8908053505
95.4	-1.554167831	0.9779055943
95.5	-1.452074886	1.063958542
95.6	-1.341342721	1.151003432
95.7	-1.221783196	1.240759609
95.8	-1.093052845	1.334632452
95.9	-0.9546849099	1.433648146
96	-0.8061332172	1.538344135
96.1	-0.6468319965	1.648528084
96.2	-0.4762845799	1.76295568
96.3	-0.2941895265	1.878860157
96.4	-0.1006212162	1.991404858
96.5	0.1037349969	2.093157022
96.6	0.3173096856	2.173820981
96.7	0.5373715605	2.220618469
96.8	0.7598424852	2.219738164
96.9	0.9793197318	2.159046604
97	1.189418595	2.031643474
97.1	1.383462631	1.838991653
97.2	1.555396191	1.591976398
97.3	1.700653636	1.308938696
97.4	1.816700017	1.011318423
97.5	1.903094345	0.7188268707
97.6	1.961130575	0.4460720112
97.7	1.993251845	0.2014225662
97.8	2.002450319	-0.01229885437
97.9	1.991787544	-0.1962311431
98	1.96408343	-0.3538147224
98.1	1.921755089	-0.4894872726
98.2	1.866762975	-0.6078390364
98.3	1.800621209	-0.7131563517
98.4	1.724439161	-0.8092317618
98.5	1.638973561	-0.899330103
98.6	1.544679315	-0.9862305367
98.7	1.4417548	-1.072295621
98.8	1.330180777	-1.159532301
98.9	1.209752297	-1.249630967
99	1.080113097	-1.343961805
99.1	0.9407856397	-1.443513511
99.2	0.7912196382	-1.548760199
99.3	0.6308517279	-1.659430048
99.4	0.4591968338	-1.774149565
99.5	0.2759822836	-1.889977727
99.6	0.08133042969	-2.001849347
99.7	-0.1240019092	-2.102057932
99.8	-0.3383433333	-2.180039267
99.9	-0.5588379554	-2.222831667
100	-0.7812747766	-2.216646425
100.1	-1.000135392	-2.149696414
100.2	-1.208971725	-2.015773796
100.3	-1.401125935	-1.817250607
100.4	-1.570651712	-1.565866955
100.5	-1.713162999	-1.280478174
100.6	-1.826332176	-0.9825557974
100.7	-1.909906945	-0.6914315308
100.8	-1.965319565	-0.4211251099
100.9	-1.995091381	-0.1794171572
101	-2.002239304	0.03132792508
101.1	-1.989812552	0.2125399546
101.2	-1.960597131	0.3678053715
101.3	-1.916967017	0.5016065274
101.4	-1.860838388	0.6185189478
101.5	-1.793684164	0.7227863564
101.6	-1.716577336	0.8181499918
101.7	-1.630243224	0.907825121
101.8	-1.535110213	0.994548067
101.9	-1.431354166	1.080643819
102	-1.318935976	1.168088328
102.1	-1.197635838	1.258541711
102.2	-1.067082444	1.35334038
102.3	-0.9267907109	1.453430943
102.4	-0.7762052123	1.559229181
102.5	-0.6147653958	1.670370336
102.6	-0.4420012369	1.785354824
102.7	-0.2576681975	1.901061007
102.8	-0.06193833213	2.012187273
102.9	0.1443540435	2.110754676
103	0.3594351895	2.185930967
103.1	0.5803235133	2.22458525
103.2	0.802674539	2.212982367
103.3	1.020857857	2.139713876
103.4	1.228368881	1.999293063
103.5	1.418577049	1.795009884
103.6	1.585653502	1.5394378
103.7	1.725396825	1.251901747
103.8	1.835686825	0.9538605261
103.9	1.91645594	0.6642353221
104	1.969269063	0.3964490641
104.1	1.9967197	0.1577034596
104.2	2.001845766	-0.05007965334
104.3	1.987681185	-0.2286059113
104.4	1.956976629	-0.3815956872
104.5	1.912062618	-0.5135684313
104.6	1.854811194	-0.629081244
104.7	1.786654477	-0.7323336029
104.8	1.708629547	-0.8270154245
104.9	1.621431001	-0.9162931397
105	1.525460885	-1.002859761
105.1	1.420872601	-1.089004963
105.2	1.307608785	-1.176672475
105.3	1.18543229	-1.267492552
105.4	1.053961301	-1.362768945
105.5	0.9126994252	-1.46340284
105.6	0.7610894891	-1.569748118
105.7	0.5985736204	-1.681348501
105.8	0.4246970867	-1.796569016
105.9	0.2392470295	-1.912103438
106	0.0424476843	-2.022410263
106.1	-0.164789035	-2.119233964
106.2	-0.3805825254	-2.191481886
106.3	-0.6018237639	-2.225869037
106.4	-0.8240360614	-2.208738855
106.5	-1.0414807	-2.12909788
106.6	-1.247603703	-1.982209235
106.7	-1.435810797	-1.772285374
106.8	-1.600398516	-1.512709029
106.9	-1.737354178	-1.223230134
107	-1.844764664	-0.9252486868
107.1	-1.922743181	-0.637248114
107.2	-1.972981378	-0.3720485478
107.3	-1.998139769	-0.1362817548
107.4	-2.001272502	0.0685568356
107.5	-1.985395843	0.2444329407
107.6	-1.953223949	0.3951897847
107.7	-1.907043491	0.5253769919
107.8	-1.848682598	0.6395295014
107.9	-1.779533041	0.7418013389
108	-1.700596494	0.8358308169
108.1	-1.612537118	0.9247359942
108.2	-1.515731303	1.011167991
108.3	-1.410310427	1.097380465
108.4	-1.296198299	1.185286196
108.5	-1.173142805	1.276486281
108.6	-1.040748619	1.372247433
108.7	-0.8985122484	1.473429339
108.8	-0.7458714996	1.580317041
108.9	-0.5822755616	1.692360651
109	-0.4072849018	1.807788026
109.1	-0.2207190975	1.923099189
109.2	-0.02285840771	2.0325099
109.3	0.1853046921	2.127486497
109.4	0.4017816176	2.196678336
109.5	0.6233340439	2.226668217
109.6	0.8453537077	2.203905665
109.7	1.06199792	2.117846275
109.8	1.266670643	1.964529484
109.9	1.452822722	1.749093175
110	1.614883807	1.485700175
110.1	1.749033961	1.194481172
110.2	1.853566406	0.8967342534
110.3	1.928770696	0.6104785183
110.4	1.976459301	0.3479266905
110.5	1.999354159	0.1151512839
110.6	2.000521887	-0.08676219345
110.7	1.982958608	-0.2600249233
110.8	1.949340726	-0.4085919396
110.9	1.901910868	-0.5370361922
111	1.842453463	-0.6498672453
111.1	1.772320357	-0.7511924361
111.2	1.692478366	-0.8445988326
111.3	1.60356175	-0.9331560604
111.4	1.505921285	-1.019474306
111.5	1.399667162	-1.105771988
111.6	1.284704377	-1.193931632
111.7	1.160766077	-1.285522003
111.8	1.027444131	-1.381777711
111.9	0.8842272248	-1.483508581
112	0.7305516158	-1.590935022
112.1	0.5658707727	-1.703406948
112.2	0.3897637624	-1.819007178
112.3	0.2020856345	-1.9340419
112.4	0.003172471132	-2.0424764
112.5	-0.2058992452	-2.135498795
112.6	-0.4230293974	-2.201511083
112.7	-0.6448497141	-2.226974413
112.8	-0.8666217926	-2.198477548
112.9	-1.082403287	-2.105960069
113	-1.285563771	-1.946262262
113.1	-1.469608262	-1.725447001
113.2	-1.629106886	-1.458430171
113.3	-1.760435755	-1.165674428
113.4	-1.862093189	-0.8683322104
113.5	-1.934540554	-0.583935334
113.6	-1.979705454	-0.3240867738
113.7	-2.000365794	-0.09431162203
113.8	-1.999596721	0.1046988171
113.9	-1.980371866	0.2753859532
114	-1.945328964	0.4218062622
114.1	-1.896666346	0.5485499241
114.2	-1.836125011	0.6600979837
114.3	-1.765017372	0.7605101148
114.4	-1.684275778	0.853321729
114.5	-1.594505054	0.9415556034
114.6	-1.496031179	1.027780775
114.7	-1.388942669	1.11418126
114.8	-1.273126875	1.202608238
114.9	-1.148301491	1.294602344
115	-1.014047292	1.391358837
115.1	-0.8698450871	1.493642631
115.2	-0.715128483	1.601601362
115.3	-0.5493591932	1.714482663
115.4	-0.3721348312	1.830223392
115.5	-0.183346331	1.944925397
115.6	0.0166094979	2.052302088
115.7	0.2265698166	2.143262474
115.8	0.4443219042	2.205963913
115.9	0.6663659616	2.226772928
116	0.8878346536	2.192445445
116.1	1.102690982	2.093438924
116.2	1.304277927	1.927417461
116.3	1.486163474	1.701366078
116.4	1.643065404	1.430919462
116.5	1.771559064	1.136827218
116.6	1.870346276	0.8400553513
116.7	1.94005529	0.5576257572
116.8	1.982722772	0.3005311542
116.9	2.001177521	0.07376128264
117	1.998499566	-0.1223698711
117.1	1.977637839	-0.290520191
117.2	1.941190423	-0.4348371495
117.3	1.891311267	-0.5599222464
117.4	1.829698212	-0.6702252409
117.5	1.757624657	-0.7697571632
117.6	1.675989095	-0.8620024863
117.7	1.585367402	-0.9499366871
117.8	1.486060672	-1.036089063
117.9	1.378136898	-1.122609544
118	1.261465326	-1.211319694
118.1	1.135749326	-1.303726713
118.2	1.000557667	-1.400992752
118.3	0.8553642361	-1.50382946
118.4	0.6996024669	-1.612314208
118.5	0.532740454	-1.725587634
118.6	0.3543969405	-1.841431376
118.7	0.1645024882	-1.955742586
118.8	-0.03648521779	-2.06197589
118.9	-0.2473142632	-2.150761511
119	-0.4656556764	-2.210026451
119.1	-0.687877696	-2.226055027
119.2	-0.9089861333	-2.185804525
119.3	-1.122854377	-2.080284996
119.4	-1.32280692	-1.908005407
119.5	-1.50248373	-1.676866141
119.6	-1.656756945	-1.403188307
119.7	-1.782403467	-1.107959
119.8	-1.878326671	-0.8119176393
119.9	-1.945316776	-0.531557906
120	-1.985513777	-0.2772624947
120.1	-2.001792073	-0.0534994141
120.2	-1.997232909	0.1397786125
120.3	-1.974758637	0.305431508
120.4	-1.936926843	0.4476885432
120.5	-1.885846972	0.5711568513
120.6	-1.823174044	0.6802523111
120.7	-1.750142969	0.7789366874
120.8	-1.667618763	0.8706431058
120.9	-1.576148736	0.9583014047
121	-1.476010002	1.044401113
121.1	-1.367249535	1.131058703
121.2	-1.249719463	1.220064347
121.3	-1.123108305	1.312897547
121.4	-0.9869746636	1.410677869
121.5	-0.8407850287	1.514070636
121.6	-0.6839724866	1.623072915
121.7	-0.516014451	1.736717447
121.8	-0.3365513281	1.852627384
121.9	-0.1455541975	1.966486713
122	0.05645385583	2.07148993
122.1	0.2681296488	2.157987744
122.2	0.4870266374	2.213684382
122.3	0.7093799825	2.224807966
122.4	0.9300706066	2.178548048
122.5	1.142887865	2.066500251
122.6	1.341145963	1.88803716
122.7	1.518565534	1.651965793
122.8	1.670179662	1.375256123
122.9	1.792969014	1.079086255
123	1.886036091	0.783931056
123.1	1.950327831	0.5057377239
123.2	1.988081507	0.2542822169
123.3	2.002212321	0.03352415994
123.4	1.995799409	-0.1569284397
123.5	1.971736518	-0.3201242678
123.6	1.932540024	-0.46036479
123.7	1.880274861	-0.5822577017
123.8	1.816553548	-0.6901826342
123.9	1.742572945	-0.7880513685
124	1.659165202	-0.8792464765
124.1	1.566849499	-0.9666518245
124.2	1.465878962	-1.052718598
124.3	1.356280626	-1.139529898
124.4	1.237888882	-1.228846351
124.5	1.110379212	-1.322114496
124.6	0.9732978402	-1.420417527
124.7	0.8261068052	-1.524363703
124.8	0.6682385165	-1.633876737
124.9	0.499180357	-1.747869696
125	0.3185975343	-1.863805412
125.1	0.1265030595	-1.977150143
125.2	-0.07651377141	-2.080832428
125.3	-0.2890138176	-2.164928268
125.4	-0.5084309589	-2.216926852
125.5	-0.7308675973	-2.223022698
125.6	-0.9510818785	-2.170671693
125.7	-1.162784917	-2.052087834
125.8	-1.359289175	-1.867523677
125.9	-1.534404721	-1.626681636
126	-1.683331481	-1.347142531
126.1	-1.803255534	-1.050226956
126.2	-1.893475706	-0.7561079948
126.3	-1.955090355	-0.4801718383
126.4	-1.990428418	-0.2315920151
126.5	-2.002440822	-0.01383397313
126.6	-1.994201318	0.1738229106
126.7	-1.968573353	0.3346024586
126.8	-1.928031452	0.4728698625
126.9	-1.874596026	0.5932284648
127	-1.809837471	0.7000194868
127.1	-1.734915084	0.7971041079
127.2	-1.650628527	0.8878146269
127.3	-1.557469505	0.9749901938
127.4	-1.455667548	1.061043156
127.5	-1.345229416	1.14802466
127.6	-1.225973615	1.237665474
127.7	-1.097560199	1.331378638
127.8	-0.9595267383	1.430209312
127.9	-0.8113285199	1.534710773
128	-0.6523996392	1.644722321
128.1	-0.4822389379	1.759041825
128.2	-0.300535737	1.874962036
128.3	-0.1073484359	1.987725902
128.4	0.0966628133	2.089995087
128.5	0.3099632215	2.171569061
128.6	0.5298645408	2.219737907
128.7	0.7523353233	2.22068679
128.8	0.9720140893	2.16216983
128.9	1.182539852	2.037051784
129	1.377231772	1.846479657
129.1	1.549997905	1.601034637
129.2	1.696210903	1.318868086
129.3	1.813263357	1.021397359
129.4	1.900647437	0.7284593938
129.5	1.959607349	0.4548657793
129.6	1.992557584	0.2091925859
129.7	2.002480467	-0.005573454089
129.8	1.992441241	-0.1904656035
129.9	1.96527135	-0.3488703979
130	1.923402877	-0.4852080672
130.1	1.86881181	-0.6040730097
130.2	1.803026783	-0.7097661089
130.3	1.727170031	-0.8060978014
130.4	1.642009343	-0.8963502667
130.5	1.548009026	-0.9833180911
130.6	1.445375531	-1.0693768
130.7	1.334096353	-1.156544602
130.8	1.213972312	-1.246521913
130.9	1.084651792	-1.340691356
131	0.9456604019	-1.440054393
131.1	0.7964503807	-1.545109521
131.2	0.6364559867	-1.655610382
131.3	0.4651891737	-1.770230292
131.4	0.2823664815	-1.88609086
131.5	0.08809277799	-1.998205879
131.6	-0.1168996877	-2.098966039
131.7	-0.3309755599	-2.177900744
131.8	-0.551323199	-2.222108911
131.9	-0.7737778287	-2.217793073
132	-0.9928611518	-2.153040501
132.1	-1.20214651	-2.021397159
132.2	-1.394968527	-1.824916027
132.3	-1.565341664	-1.575041142
132.4	-1.708816552	-1.290452
132.5	-1.822992978	-0.9926145552
132.6	-1.90755296	-0.7009965997
132.7	-1.963881032	-0.4298247752
132.8	-1.994471792	-0.1870848701
132.9	-2.002334069	0.02470017795
133	-1.990521655	0.2068603782
133.1	-1.961832578	0.3629322496
133.2	-1.918655981	0.497383389
133.3	-1.862923509	0.614794989
133.4	-1.796122446	0.7194258149
133.5	-1.719338462	0.8150350741
133.6	-1.633307831	0.9048554869
133.7	-1.538468203	0.991637973
133.8	-1.435003102	1.077720916
133.9	-1.3228807	1.165090694
134	-1.201885794	1.255418861
134.1	-1.071653018	1.350052354
134.2	-0.9316993681	1.449954577
134.3	-0.7814710089	1.555559481
134.4	-0.6204071293	1.666537131
134.5	-0.4480314178	1.781432581
134.6	-0.264089328	1.897186678
134.7	-0.0687362531	2.008582233
134.8	0.1372219493	2.107735066
134.9	0.3520473831	2.183906323
135	0.5728025242	2.22402409
135.1	0.7951895073	2.214329943
135.2	1.013616804	2.143279224
135.3	1.221598789	2.005129893
135.4	1.412494315	1.802849758
135.5	1.580432544	1.548722525
135.6	1.721146881	1.261914463
135.7	1.832444584	0.9638939758
135.8	1.91419394	0.6737295835
135.9	1.967913992	0.4050536554
136	1.996173753	0.1652691722
136.1	2.002004087	-0.04354871975
136.2	1.988444726	-0.2230108326
136.3	1.958258813	-0.3767921646
136.4	1.913792101	-0.5093999142
136.5	1.856932069	-0.6253980253
136.6	1.78912507	-0.7290016698
136.7	1.711420722	-0.8239187857
136.8	1.624524245	-0.9133325532
136.9	1.528846844	-0.9999515582
137	1.424549993	-1.086077283
137.1	1.311582162	-1.173665228
137.2	1.189713152	-1.264355513
137.3	1.058563475	-1.359463636
137.4	0.9176418517	-1.459906935
137.5	0.7663909122	-1.566061221
137.6	0.6042520807	-1.677502466
137.7	0.4307651172	-1.792643658
137.8	0.2457058056	-1.90824398
137.9	0.04927978726	-2.018846174
138	-0.1576283505	-2.116291796
138.1	-0.3731757463	-2.18957887
138.2	-0.5942981716	-2.2254741
138.3	-0.8165650931	-2.210290423
138.4	-1.034275237	-2.13288518
138.5	-1.240891087	-1.988255946
138.6	-1.429804661	-1.780291936
138.7	-1.595267713	-1.522095781
138.8	-1.733201064	-1.233273692
138.9	-1.841619187	-0.9352512813
139	-1.920572496	-0.6466682223
139.1	-1.97170896	-0.3805562109
139.2	-1.99766628	-0.1437453148
139.3	-2.001493368	0.06212161499
139.4	-1.986212955	0.2389210429
139.5	-1.954552121	0.3904544354
139.6	-1.908812911	0.5212616505
139.7	-1.850838796	0.635885773
139.8	-1.782035617	0.7384968692
139.9	-1.703417383	0.8327513068
140	-1.615658852	0.9217840426
140.1	-1.519145359	1.008260744
140.2	-1.414015919	1.094447633
140.3	-1.300200943	1.182268215
140.4	-1.177453463	1.273334132
140.5	-1.045382908	1.368924505
140.6	-0.9034882704	1.469914612
140.7	-0.7512086495	1.576612526
140.8	-0.5879913467	1.688502898
140.9	-0.4133907654	1.803861689
141	-0.2272149906	1.919256786
141.1	-0.02972493014	2.028990173
141.2	0.1781159692	2.12462488
141.3	0.3943571686	2.194900268
141.4	0.6158055248	2.226443857
141.5	0.8378987751	2.205664237
141.6	1.054830165	2.121855943
141.7	1.260017491	1.97078393
141.8	1.446894775	1.757262076
141.9	1.609844264	1.495182996
142	1.744978111	1.20454972
142.1	1.85051747	0.9067009818
142.2	1.926690715	0.6198213888
142.3	1.975268659	0.3563364086
142.4	1.998952371	0.1225129066
142.5	2.000804531	-0.08042184667
142.6	1.983828632	-0.2545948664
142.7	1.950714378	-0.4039233464
142.8	1.90371984	-0.5329727292
142.9	1.844644714	-0.6462618317
143	1.774854767	-0.7479144682
143.1	1.695328973	-0.841535686
143.2	1.60671198	-0.9302118247
143.3	1.50936344	-1.016567556
143.4	1.403401075	-1.102833379
143.5	1.288736171	-1.190902653
143.6	1.165107387	-1.282354876
143.7	1.032110548	-1.378436833
143.8	0.8892373581	-1.479974867
143.9	0.7359246454	-1.587213816
144	0.5716237686	-1.699537805
144.1	0.395907638	-1.815080962
144.2	0.208618657	-1.93021884
144.3	0.01007258386	-2.039004091
144.4	-0.1986833571	-2.132722617
144.5	-0.4155883545	-2.199862734
144.6	-0.6373198854	-2.226924593
144.7	-0.8591849127	-2.20044562
144.8	-1.075275405	-2.110192025
144.9	-1.278972102	-1.952721027
145	-1.463760066	-1.73377213
145.1	-1.624159413	-1.468001666
145.2	-1.756477294	-1.175761
145.3	-1.859140386	-0.878258127
145.4	-1.932550484	-0.593198061
145.5	-1.978595599	-0.3323974462
145.6	-2.000034631	-0.1015716215
145.7	-1.999940178	0.09845216456
145.8	-1.981293966	0.2700362959
145.9	-1.946747406	0.4172029076
146	-1.898514335	0.5445369053
146.1	-1.838350922	0.6565296276
146.2	-1.767583328	0.7572575251
146.3	-1.687155889	0.8502740073
146.4	-1.597683703	0.9386183819
146.5	-1.499501431	1.024873745
146.6	-1.392704952	1.11123632
146.7	-1.277188078	1.199567823
146.8	-1.152673317	1.291419604
146.9	-1.018746145	1.387999484
147	-0.8748890972	1.490090196
147.1	-0.7205377484	1.597862827
147.2	-0.5551498836	1.71060373
147.3	-0.3783163824	1.826299032
147.4	-0.1899162212	1.941123822
147.5	0.009675659476	2.048880193
147.6	0.2193274008	2.140574005
147.7	0.4368656187	2.20444944
147.8	0.6588364342	2.226901915
147.9	0.8804176946	2.194625573
148	1.09560492	2.097893019
148.1	1.297749477	1.934077689
148.2	1.480396322	1.709842141
148.3	1.638210815	1.440573507
148.4	1.767698136	1.146926178
148.5	1.86748915	0.8499359886
148.6	1.938154296	0.5668060248
148.7	1.981692766	0.3087421859
148.8	2.0009161	0.08092015126
148.9	1.998902985	-0.1162158003
149	1.978611311	-0.2852494009
149.1	1.942653107	-0.4302975288
149.2	1.893197861	-0.5559582892
149.3	1.831958491	-0.6666927059
149.4	1.760222009	-0.7665289743
149.5	1.678898685	-0.858969244
149.6	1.588574427	-0.947005599
149.7	1.489559111	-1.033181257
149.8	1.381927816	-1.119657797
149.9	1.265555909	-1.208266968
150	1.14015224	-1.300528652
150.1	1.005288997	-1.397615244
150.2	0.8604432951	-1.500258228
150.3	0.7050477318	-1.608560263
150.4	0.538568398	-1.721698121
150.5	0.3606169573	-1.837510044
150.6	0.1711091346	-1.95196493
150.7	-0.02951911205	-2.058608291
150.8	-0.2400463937	-2.148168347
150.9	-0.4581852595	-2.208650752
151	-0.6803503074	-2.226366108
151.1	-0.901591361	-2.188198528
151.2	-1.115812566	-2.084960263
151.3	-1.316343967	-1.914862185
151.4	-1.496799309	-1.685486002
151.5	-1.651995966	-1.412916562
151.6	-1.778640128	-1.11806297
151.7	-1.875564799	-0.821748156
151.8	-1.943504095	-0.5406526464
151.9	-1.98456259	-0.2853728093
152	-2.001599257	-0.0605575473
152.1	-1.997695323	0.1337158856
152.2	-1.975782622	0.3002382718
152.3	-1.938433045	0.4432112264
152.4	-1.887771605	0.5672406123
152.5	-1.825468265	0.6767544366
152.6	-1.752771343	0.7757316912
152.7	-1.67055751	0.8676236487
152.8	-1.579384129	0.9553758964
152.9	-1.479536472	1.041491647
153	-1.371068918	1.128099364
153.1	-1.253839779	1.217000628
153.2	-1.127542368	1.30968269
153.3	-0.9917388348	1.407282896
153.4	-0.8458984126	1.510480549
153.5	-0.6894541174	1.619302556
153.6	-0.5218800893	1.732819698
153.7	-0.3428088168	1.848710924
153.8	-0.1521970677	1.962735399
153.9	0.04945521497	2.068179231
154	0.2608371688	2.155490664
154.1	0.4795436842	2.212450809
154.2	0.7018564512	2.225305
154.3	0.9226998907	2.181157687
154.4	1.135892123	2.071395811
154.5	1.334749992	1.895087736
154.6	1.512964905	1.660724381
154.7	1.665512925	1.385052829
154.8	1.789303188	1.089189898
154.9	1.883368807	0.7937072227
155	1.948602483	0.5147451346
155.1	1.987208101	0.2622914799
155.2	2.002087144	0.04048218097
155.3	1.996319864	-0.1509559127
155.4	1.972810229	-0.3150069979
155.5	1.934089111	-0.4559482825
155.6	1.882237024	-0.57838783
155.7	1.818881319	-0.686718215
155.8	1.745232117	-0.78486878
155.9	1.662133021	-0.8762397602
156	1.570112992	-0.9637309964
156.1	1.46943351	-1.049807098
156.2	1.360128594	-1.136562714
156.3	1.242038691	-1.225768897
156.4	1.114844059	-1.31888362
156.5	0.9780948151	-1.417003207
156.6	0.8312549458	-1.520755433
156.7	0.6737565603	-1.630091121
156.8	0.5050837046	-1.743964295
156.9	0.3248929261	-1.859895717
157	0.1331819529	-1.973427944
157.1	-0.06948353836	-2.077582894
157.2	-0.2816977264	-2.162533231
157.3	-0.5009368433	-2.215840617
157.4	-0.7233498789	-2.223709537
157.5	-0.9437375597	-2.173498991
157.6	-1.155837702	-2.057202623
157.7	-1.352962423	-1.874763266
157.8	-1.528889501	-1.635571984
157.9	-1.678759804	-1.357000142
158	-1.799687407	-1.060323833
158.1	-1.890902713	-0.7658255647
158.2	-1.95345171	-0.4890894733
158.3	-1.989631981	-0.2394995164
158.4	-2.002382447	-0.02069241837
158.5	-1.994779107	0.1679394077
158.6	-1.969696191	0.329559862
158.7	-1.929622962	0.4685128191
158.8	-1.876595396	0.5894037203
158.9	-1.812198587	0.6965874447
159	-1.737604924	0.7939428921
159.1	-1.653625361	0.8848199774
159.2	-1.56076124	0.972073431
159.3	-1.459250228	1.058128964
159.4	-1.349106134	1.145049038
159.5	-1.230153189	1.234575032
159.6	-1.102056403	1.328131026
159.7	-0.9643568073	1.426776597
159.8	-0.8165115411	1.53108395
159.9	-0.6579544251	1.640921798
160	-0.4881800465	1.755130131
160.1	-0.3068687419	1.87106069
160.2	-0.1140631907	1.98403538
160.3	0.08960142347	2.086809857
160.4	0.3026245129	2.169279354
160.5	0.5223606796	2.218803384
160.6	0.7448251637	2.221567079
160.7	0.9646981235	2.165216226
160.8	1.17564308	2.042384343
160.9	1.370975834	1.853904024
161	1.54456919	1.610050445
161.1	1.691734749	1.328780091
161.2	1.809792726	1.031481921
161.3	1.898168023	0.7381145562
161.4	1.958054419	0.4636919077
161.5	1.99183707	0.2169982228
161.6	2.002487893	0.001186221186
161.7	1.993075454	-0.1846697861
161.8	1.966442564	-0.343900913
161.9	1.92503621	-0.4809089883
162	1.870847925	-0.6002920364
162.1	1.80542091	-0.7063652711
162.2	1.729890323	-0.8029569857
162.3	1.645035062	-0.8933667518
162.4	1.551328905	-0.980404683
162.5	1.448986414	-1.066459307
162.6	1.33800184	-1.153560108
162.7	1.218181854	-1.243417747
162.8	1.089179378	-1.337426927
162.9	0.9505237868	-1.436602636
163	0.8016685624	-1.54146456
163.1	0.6420475111	-1.651795496
163.2	0.4711681564	-1.766313108
163.3	0.2887372023	-1.882199764
163.4	0.09484288238	-1.994549779
163.5	-0.1098078398	-2.0958491
163.6	-0.3236152294	-2.175721343
163.7	-0.5438110396	-2.221330213
163.8	-0.766277123	-2.218869932
163.9	-0.9855756926	-2.156307071
164	-1.19530232	-2.026945607
164.1	-1.38878521	-1.832520345
164.2	-1.560000641	-1.584175777
164.3	-1.704436396	-1.300411177
164.4	-1.819619704	-1.002680955
164.5	-1.905166542	-0.7105855886
164.6	-1.962412979	-0.4385575244
164.7	-1.993826206	-0.1947883813
164.8	-2.002406332	0.01803845245
164.9	-1.991211455	0.2011509211
165	-1.963051461	0.3580344187
165.1	-1.920330579	0.4931408453
165.2	-1.864995952	0.6110564921
165.3	-1.79854929	0.7160550421
165.4	-1.722089	0.8119136631
165.5	-1.63636234	0.9018823602
165.6	-1.541816235	0.9887271886
165.7	-1.438642172	1.074799537
165.8	-1.326815104	1.162096791
165.9	-1.206125322	1.25230088
166	-1.076212333	1.346770784
166.1	-0.9365960867	1.446484182
166.2	-0.786724548	1.55189632
166.3	-0.6260356299	1.662708896
166.4	-0.4540481362	1.777511171
166.5	-0.2704975961	1.893307612
166.6	-0.0755216938	2.004963308
166.7	0.1301003514	2.104689598
166.8	0.3446666384	2.18184169
166.9	0.5652836263	2.223406254
167	0.7877001675	2.215607093
167.1	1.006363945	2.146767134
167.2	1.21480918	2.010892106
167.3	1.406385258	1.810628716
167.4	1.575180309	1.557968973
167.5	1.71686316	1.27191419
167.6	1.829168465	0.9739369133
167.7	1.911899805	0.6832489606
167.8	1.966529802	0.4136915854
167.9	1.995602093	0.1728705451
168	2.002140253	-0.03698405808
168.1	1.989189277	-0.2173864131
168.2	1.95952468	-0.3719644893
168.3	1.915507427	-0.5052124669
168.4	1.859040438	-0.6217007236
168.5	1.791584349	-0.7256598813
168.6	1.714201336	-0.8208158366
168.7	1.627607415	-0.9103689628
168.8	1.532222996	-0.9970427892
168.9	1.428217325	-1.083151418
169	1.315545505	-1.170661364
169.1	1.193982939	-1.261223382
169.2	1.06315453	-1.356164529
169.3	0.9225722571	-1.456417652
169.4	0.7716798955	-1.562380458
169.5	0.6099175837	-1.673660968
169.6	0.4368198547	-1.788719225
169.7	0.2521514847	-1.904379189
169.8	0.05609984734	-2.015267454
169.9	-0.1504776938	-2.113322326
170	-0.3657755472	-2.187633192
170.1	-0.5867740884	-2.225020633
170.2	-0.8090890823	-2.211770352
170.3	-1.027057189	-2.136594825
170.4	-1.234158245	-1.994229443
170.5	-1.423771651	-1.788240547
170.6	-1.590105343	-1.531447399
170.7	-1.729014117	-1.243307008
170.8	-1.838439968	-0.945265157
170.9	-1.918370014	-0.6561145334
171	-1.970407807	-0.3890977766
171.1	-1.997167574	-0.1512444981
171.2	-2.001692486	0.0556530801
171.3	-1.987011442	0.2333802746
171.4	-1.955864294	0.3856954679
171.5	-1.910568429	0.517127912
171.6	-1.852982688	0.6322284159
171.7	-1.784527037	0.7351829475
171.8	-1.706227882	0.8296659179
171.9	-1.618770623	0.9188292331
172	-1.522549601	1.005353244
172.1	-1.417711529	1.091516725
172.2	-1.304193383	1.179254033
172.3	-1.181753534	1.270187226
172.4	-1.050005959	1.365607834
172.5	-0.9084524254	1.466406497
172.6	-0.7565332983	1.572914161
172.7	-0.5936940635	1.684649283
172.8	-0.4194833414	1.799935631
172.9	-0.2336979233	1.91540821
173	-0.03657948098	2.025454591
173.1	0.1709369997	2.121734616
173.2	0.3869388201	2.193078008
173.3	0.60827788	2.226159496
173.4	0.830438044	2.207350185
173.5	1.047648999	2.125787844
173.6	1.253343318	1.976966068
173.7	1.440939314	1.765374819
173.8	1.604772726	1.504632934
173.9	1.740888252	1.214610281
174	1.847434837	0.9166808309
174.1	1.924579112	0.629191594
174.2	1.974049534	0.3647804979
174.3	1.998525637	0.1299101521
174.4	2.001065693	-0.07404845942
174.5	1.984680256	-0.249136368
174.6	1.952072212	-0.3992315877
174.7	1.905515049	-0.5288912968
174.8	1.846823759	-0.6426431742
174.9	1.777378085	-0.7446273748
175	1.698169214	-0.8384669296
175.1	1.609852253	-0.927264993
175.2	1.512795774	-1.013660734
175.3	1.407125048	-1.099896873
175.4	1.292757752	-1.187877576
175.5	1.169437986	-1.279193092
175.6	1.036765689	-1.375102237
175.7	0.8942355522	-1.476447821
175.8	0.7412850929	-1.583498459
175.9	0.5773637179	-1.695672497
176	0.4020382355	-1.811154553
176.1	0.2151387109	-1.926388781
176.2	0.01696095064	-2.035514835
176.3	-0.1914768859	-2.129916238
176.4	-0.4081529676	-2.198168472
176.5	-0.6297903292	-2.226813184
176.6	-0.8517415013	-2.202340066
176.7	-1.068133346	-2.114346206
176.8	-1.272358719	-1.95910866
176.9	-1.45788381	-1.742043251
177	-1.619179632	-1.477542867
177.1	-1.75248474	-1.185841915
177.2	-1.856154005	-0.8881988483
177.3	-1.93052905	-0.6024891379
177.4	-1.977457592	-0.3407428771
177.5	-1.999678867	-0.1088671234
177.6	-2.00026246	0.09217284739
177.7	-1.982197934	0.2646586756
177.8	-1.948150247	0.4125769003
177.9	-1.900348728	0.5405063955
178	-1.840564746	0.6529484457
178.1	-1.770138272	0.7539961683
178.2	-1.690025689	0.8472209925
178.3	-1.60085242	0.9356787985
178.4	-1.502961849	1.021966879
178.5	-1.396457302	1.108293659
178.6	-1.281238985	1.196531532
178.7	-1.157034461	1.288242296
178.8	-1.023433651	1.384647147
178.9	-0.8799213908	1.486544207
179	-0.7259342188	1.59413064
179.1	-0.5609272278	1.706727784
179.2	-0.3844848565	1.822373764
179.3	-0.1964732344	1.937314495
179.4	0.002753739293	2.045440275
179.5	0.2120942712	2.137855098
179.6	0.4294145072	2.202887599
179.7	0.6513066467	2.226967744
179.8	0.8729935877	2.196731128
179.9	1.088504037	2.102269327
180	1.291198744	1.940667617
180.1	1.474600694	1.718265854
180.2	1.633323626	1.450199163
180.3	1.763803054	1.157021251
180.4	1.864598598	0.8598329081
180.5	1.936222223	0.5760153043
180.6	1.980634902	0.3169880775
180.7	2.000630336	0.08811433857
180.8	1.999285491	-0.1100294644
180.9	1.979566855	-0.2799512053
181	1.944100338	-0.4257357841
181.1	1.895070961	-0.5519773271
181.2	1.834206746	-0.6631477831
181.3	1.762808355	-0.763292347
181.4	1.68179792	-0.8559310561
181.5	1.591771504	-0.9440724849
181.6	1.493047634	-1.030273756
181.7	1.38570863	-1.116708432
181.8	1.269636217	-1.205218799
181.9	1.144544157	-1.29733583
182	1.010008975	-1.394244313
182.1	0.8655100089	-1.496693815
182.2	0.710480241	-1.604811515
182.3	0.5443833245	-1.717812172
182.4	0.3668234073	-1.833587658
182.5	0.1777026942	-1.948178733
182.6	-0.02256421644	-2.055221346
182.7	-0.232787344	-2.145541268
182.8	-0.4507196957	-2.20722525
182.9	-0.6728220198	-2.226612531
183	-0.8941886285	-2.190517067
183.1	-1.108755067	-2.089558056
183.2	-1.309857912	-1.921650888
183.3	-1.491085808	-1.694056664
183.4	-1.647202167	-1.422619724
183.5	-1.774842624	-1.128165705
183.6	-1.872769656	-0.8315965254
183.7	-1.941660642	-0.5497774999
183.8	-1.983583929	-0.2935183651
183.9	-2.001382519	-0.06765078786
184	-1.998137155	0.1276213698
184.1	-1.976788983	0.295018085
184.2	-1.939924044	0.438712314
184.3	-1.889682931	0.5633078627
184.4	-1.827750595	0.6732445849
184.5	-1.755388838	0.7725187493
184.6	-1.673486038	0.8645994866
184.7	-1.582609529	0.9524484915
184.8	-1.483053065	1.03858288
184.9	-1.374878302	1.125142769
185	-1.257949535	1.213940398
185.1	-1.131965292	1.306473824
185.2	-0.9964914524	1.403893776
185.3	-0.8509996156	1.506897165
185.4	-0.6949230142	1.615537839
185.5	-0.5277325587	1.728924934
185.6	-0.3490530778	1.844792698
185.7	-0.1588272182	1.958974699
185.8	0.04246784567	2.064848235
185.9	0.2535532557	2.152959254
186	0.4720650476	2.211166936
186.1	0.6943314338	2.225736624
186.2	0.9153205791	2.183691695
186.3	1.128880066	2.076214445
186.4	1.32833041	1.902071145
186.5	1.507334858	1.669435285
186.6	1.660813213	1.394826484
186.7	1.785603306	1.099294354
186.8	1.880668539	0.8035028128
186.9	1.946846722	0.5237833187
187	1.986307636	0.2703361011
187.1	2.001938454	0.04747509689
187.2	1.996820137	-0.1449520393
187.3	1.97386665	-0.3098633543
187.4	1.93562328	-0.4515107089
187.5	1.884186119	-0.574501929
187.6	1.821197396	-0.6832422581
187.7	1.74788055	-0.7816785284
187.8	1.665090696	-0.8732286882
187.9	1.573366637	-0.9608086221
188	1.472978238	-1.046896432
188.1	1.363966547	-1.133598383
188.2	1.246178126	-1.222695996
188.3	1.119297992	-1.31565853
188.4	0.9828802777	-1.41359543
188.5	0.8363908954	-1.517153672
188.6	0.6792618276	-1.626310824
188.7	0.5109738723	-1.740061482
188.8	0.3311750814	-1.855983565
188.9	0.1398482038	-1.969695358
189	-0.06246430561	-2.074311698
189.1	-0.2743897902	-2.160102114
189.2	-0.4934464924	-2.214702248
189.3	-0.7158299522	-2.224329487
189.4	-0.9363838116	-2.176249929
189.5	-1.148873326	-2.06224088
189.6	-1.346611307	-1.881937299
189.7	-1.52334431	-1.644417051
189.8	-1.674154846	-1.366837221
189.9	-1.796085145	-1.07042367
190	-1.888296848	-0.7755640364
190.1	-1.951782892	-0.4980386833
190.2	-1.988808765	-0.2474426165
190.3	-2.002300839	-0.02758558025
190.4	-1.995336962	0.1620249247
190.5	-1.970801949	0.324491338
190.6	-1.931199716	0.4641351658
190.7	-1.878581816	0.5855633615
190.8	-1.814548089	0.6931442225
190.9	-1.740284068	0.7907743236
191	-1.656612074	0.8818212332
191.1	-1.564043118	0.9691553292
191.2	-1.46282306	1.055215798
191.3	-1.352972807	1.142076429
191.4	-1.234322313	1.231489235
191.5	-1.106541652	1.324889287
191.6	-0.9691752796	1.423350423
191.7	-0.8216823269	1.527463515
191.8	-0.6634963799	1.637126452
191.9	-0.4941079319	1.75122057
192	-0.3131885631	1.867156188
192.1	-0.1207654696	1.980333477
192.2	0.0825508419	2.083601627
192.3	0.2952936108	2.166952259
192.4	0.5148600651	2.217815307
192.5	0.7373121367	2.222379343
192.6	0.9573719732	2.168185825
192.7	1.168728387	2.047640905
192.8	1.364694882	1.861264285
192.9	1.539110051	1.619023131
193	1.687225111	1.338673926
193.1	1.80628799	1.041571508
193.2	1.895655923	0.7477920111
193.3	1.956471587	0.472550299
193.4	1.991090101	0.2248395651
193.5	2.00247241	0.007980370062
193.6	1.993690022	-0.1788434348
193.7	1.967596935	-0.3389060016
193.8	1.926654977	-0.4765897867
193.9	1.872871235	-0.5964958925
194	1.807803525	-0.7029536432
194.1	1.732599989	-0.7998091465
194.2	1.648050688	-0.8903794152
194.3	1.554638934	-0.9774901883
194.4	1.452587441	-1.063543034
194.5	1.341897233	-1.150578765
194.6	1.222380928	-1.240318366
194.7	1.093695895	-1.334168445
194.8	0.9553755324	-1.433157555
194.9	0.8068743758	-1.537825975
195	0.6476261807	-1.647985526
195.1	0.4771338953	-1.762397754
195.2	0.2950947384	-1.878304862
195.3	0.1015806504	-1.990881317
195.4	-0.1027265525	-2.092707864
195.5	-0.3162623316	-2.173502713
195.6	-0.5363015998	-2.22049641
195.7	-0.7587728852	-2.219877596
195.8	-0.978279304	-2.15949644
195.9	-1.188439477	-2.032418776
196	-1.38257627	-1.84006241
196.1	-1.554628795	-1.593269701
196.2	-1.70002259	-1.31035466
196.3	-1.816212375	-1.012754349
196.4	-1.902747652	-0.72019815
196.5	-1.960915329	-0.4473231518
196.6	-1.993154521	-0.2025276419
196.7	-2.002456014	0.01134254876
196.8	-1.9918819	0.1954113858
196.9	-1.964253744	0.3531116731
197	-1.9219908	0.4888786793
197.1	-1.867055731	0.6073032743
197.2	-1.800964724	0.712673876
197.3	-1.724828978	0.8087855686
197.4	-1.639406792	0.8989056907
197.5	-1.545154426	0.9858155631
197.6	-1.442271379	1.071879586
197.7	-1.330739384	1.159106277
197.8	-1.210354337	1.249187759
197.9	-1.080760556	1.343495299
198	-0.9414810846	1.443020333
198.1	-0.7919657373	1.548239486
198.2	-0.6316511796	1.658885377
198.3	-0.4600515985	1.77359105
198.4	-0.2768927872	1.889424068
198.5	-0.08229486216	2.001330976
198.6	0.1229891148	2.101618771
198.7	0.3372929378	2.179736604
198.8	0.5577669119	2.222731908
198.9	0.7802066411	2.216813984
199	0.9990994416	2.150177609
199.1	1.208000232	2.016579764
199.2	1.400250024	1.818346945
199.3	1.56989688	1.567176894
199.4	1.712545651	1.281900457
199.5	1.825858381	0.9839887337
199.6	1.909573448	0.6927931154
199.7	1.965116351	0.4223628677
199.8	1.995004669	0.180507676
199.9	2.002254166	-0.03038552034
200	1.989914763	-0.2117323964
200.1	1.960774185	-0.3671124243
200.2	1.917208564	-0.5010058906
200.3	1.861136285	-0.6179891457
200.4	1.794032314	-0.7223080794
200.5	1.71697145	-0.8177065175
200.6	1.630680558	-0.9074021203
200.7	1.535589321	-0.9941334086
200.8	1.431874767	-1.080227186
200.9	1.319498706	-1.167661005
201	1.198242147	-1.258096322
201.1	1.067734441	-1.352871522
201.2	0.9274908916	-1.452935002
201.3	0.7769564226	-1.558705889
201.4	0.615570119	-1.669823899
201.5	0.4428613394	-1.784795719
201.6	0.2585840863	-1.900509196
201.7	0.06290778542	-2.011674346
201.8	-0.1433371044	-2.110325962
201.9	-0.3583819879	-2.185645248
202	-0.5792516281	-2.224508949
202.1	-0.8016081779	-2.213178833
202.2	-1.01982672	-2.140226749
202.3	-1.227405323	-2.000129307
202.4	-1.417711857	-1.796130525
202.5	-1.58491141	-1.540763058
202.6	-1.724793259	-1.253329298
202.7	-1.835226867	-0.9552897494
202.8	-1.91613555	-0.6655867577
202.9	-1.969077724	-0.3976731928
203	-1.996643452	-0.1587794208
203.1	-2.001869674	0.04915101364
203.2	-1.987791145	0.2278103821
203.3	-1.957160335	0.3809126306
203.4	-1.912309938	0.5129755417
203.5	-1.85511419	0.6285572226
203.6	-1.787007236	0.7318593864
203.7	-1.709027938	0.8265744958
203.8	-1.621872405	0.9158714447
203.9	-1.525944011	1.002445355
204	-1.421397235	1.088587652
204.1	-1.308175646	1.176243589
204.2	-1.186042957	1.267045374
204.3	-1.054617816	1.36229734
204.4	-0.9134044112	1.462904486
204.5	-0.7618457153	1.56922213
204.6	-0.5993836967	1.680800205
204.7	-0.4255625818	1.796009696
204.8	-0.2401681893	1.911553741
204.9	-0.04342215062	2.021903251
205	0.1637679765	2.118816266
205.1	0.3795266637	2.191213172
205.2	0.6007512564	2.225816375
205.3	0.8229717324	2.20896437
205.4	1.040454662	2.129642345
205.5	1.246648357	1.98307547
205.6	1.434956536	1.77343004
205.7	1.599669301	1.514048896
205.8	1.736764425	1.224662057
205.9	1.844318486	0.926673399
206	1.922435802	0.6385888973
206.1	1.972801814	0.3732588508
206.2	1.998073849	0.1373431742
206.3	2.001305313	-0.06764184345
206.4	1.98551343	-0.2436492366
206.5	1.953414203	-0.3945164231
206.6	1.907296495	-0.5247916687
206.7	1.848990621	-0.6390110889
206.8	1.779890356	-0.7413310248
206.9	1.700999128	-0.8353923402
207	1.612982587	-0.924315479
207.1	1.516218414	-1.010753742
207.2	1.410839114	-1.096962399
207.3	1.296769275	-1.184855953
207.4	1.173757854	-1.276036794
207.5	1.041409667	-1.371773526
207.6	0.8992220758	-1.472927988
207.7	0.7466328515	-1.579788924
207.8	0.5830908144	-1.691810611
207.9	0.4081558262	-1.80722843
208	0.2216456753	-1.922552041
208.1	0.0238375597	-2.032009233
208.2	-0.1842797174	-2.127080656
208.3	-0.4007232257	-2.196427912
208.4	-0.6222611431	-2.226639941
208.5	-0.8442917121	-2.204160725
208.6	-1.060977316	-2.118422431
208.7	-1.26572384	-1.965425018
208.8	-1.451979655	-1.750260447
208.9	-1.614167602	-1.487053272
209	-1.748458062	-1.195916345
209.1	-1.853133982	-0.8981537476
209.2	-1.928476212	-0.6118082372
209.3	-1.97629136	-0.349122988
209.4	-1.999298415	-0.1161981728
209.5	-2.000563471	0.08586067063
209.6	-1.983083709	0.2592528482
209.7	-1.949537438	0.4079280506
209.8	-1.902169491	0.536458219
209.9	-1.842766469	0.6493542595
210	-1.772682196	0.7507258587
210.1	-1.692885216	0.8441626525
210.2	-1.60401128	0.9327366612
210.3	-1.506412411	1.019060067
210.4	-1.400199856	1.105353097
210.5	-1.285279574	1.193499751
210.6	-1.161385371	1.285070333
210.7	-1.028109821	1.381301226
210.8	-0.8849419087	1.48300468
210.9	-0.7313180557	1.590404277
211	-0.5666914345	1.702855349
211.1	-0.3906400904	1.818447743
211.2	-0.2030173808	1.933497516
211.3	-0.004156529881	2.041982618
211.4	0.2048703492	2.135104977
211.5	0.4219686822	2.201278872
211.6	0.6437766667	2.226971031
211.7	0.8655624039	2.198762472
211.8	1.081388399	2.106567875
211.9	1.284625755	1.947187056
212	1.468776577	1.726636744
212.1	1.628403827	1.459796036
212.2	1.759873739	1.167112151
212.3	1.861674453	0.8697457739
212.4	1.934258875	0.5852535854
212.5	1.979549013	0.325268974
212.6	2.000320107	0.09534403586
212.7	1.999646957	-0.1038106321
212.8	1.980504377	-0.2746253003
212.9	1.945532052	-0.4211516436
213	1.896930524	-0.5479791162
213.1	1.836442952	-0.6595902539
213.2	1.765383706	-0.7600471373
213.3	1.684686841	-0.8528877368
213.4	1.594958636	-0.9411371612
213.5	1.496526302	-1.027366512
213.6	1.389479443	-1.113761445
213.7	1.273706219	-1.202174765
213.8	1.148925236	-1.294148482
213.9	1.014717569	-1.390879776
214	0.8705646591	-1.49313595
214.1	0.7159000855	-1.601068381
214.2	0.5501851352	-1.71392959
214.3	0.3730165711	-1.829664149
214.4	0.1842834002	-1.944384144
214.5	-0.0156207619	-2.051815545
214.6	-0.2255372158	-2.142881484
214.7	-0.4432590263	-2.20575116
214.8	-0.6652929948	-2.226795128
214.9	-0.8867781602	-2.192760676
215	-1.10168212	-2.094078367
215.1	-1.303348984	-1.928370647
215.2	-1.485343387	-1.702576901
215.3	-1.642375587	-1.432296717
215.4	-1.771010942	-1.138266478
215.5	-1.869941158	-0.8414623612
215.6	-1.939786271	-0.5589321707
215.7	-1.982577667	-0.3016991098
215.8	-2.001141726	-0.07477929825
215.9	-1.998558314	0.1214948448
216	-1.977777637	0.289770753
216.1	-1.941399786	0.4341915765
216.2	-1.891580922	0.5593583932
216.3	-1.83002103	0.669722589
216.4	-1.757995446	0.7692976282
216.5	-1.676404331	0.8615705316
216.6	-1.58582502	0.9495191423
216.7	-1.486559811	1.035674637
216.8	-1.378677698	1.122188751
216.9	-1.26204892	1.21088447
217	-1.136377385	1.303270583
217.1	-1.001232615	1.400511072
217.2	-0.8560887155	1.503320244
217.3	-0.7003791984	1.611778751
217.4	-0.5335718198	1.725033209
217.5	-0.3552840873	1.840872731
217.6	-0.1654446692	1.955204784
217.7	0.03549178348	2.06149718
217.8	0.2462779931	2.150393839
217.9	0.4645908389	2.209833218
218	0.6868050747	2.226103199
218.1	0.9079328356	2.186150201
218.2	1.121851851	2.08095594
218.3	1.321887332	1.908986806
218.4	1.501675445	1.678097673
218.5	1.656080494	1.404576233
218.6	1.781869258	1.109398933
218.7	1.877935117	0.8133173932
218.8	1.945060344	0.5328521049
218.9	1.985379905	0.2784161048
219	2.001766054	0.05450307255
219.1	1.997300053	-0.1389165908
219.2	1.97490563	-0.3046930864
219.3	1.937142405	-0.447051826
219.4	1.886122045	-0.5705997792
219.5	1.823501698	-0.6797545742
219.6	1.750518181	-0.7784804567
219.7	1.668038175	-0.8702131073
219.8	1.576610391	-0.9578845908
219.9	1.476513129	-1.043986488
220	1.367794454	-1.130636826
