0	0	-2.5
0.1	-0.2558589239	-2.612439019
0.2	-0.5211793931	-2.685505537
0.3	-0.7908698308	-2.69590696
0.4	-1.057543383	-2.622081256
0.5	-1.312039545	-2.451398737
0.6	-1.544672917	-2.186824266
0.7	-1.746942116	-1.848810503
0.8	-1.913078508	-1.470180733
0.9	-2.040812404	-1.08633384
1	-2.131143691	-0.7260412447
1.1	-2.187402227	-0.4068180696
1.2	-2.214103104	-0.1352057751
1.3	-2.2159893	0.09017072422
1.4	-2.197419967	0.2750674318
1.5	-2.162078523	0.4268786499
1.6	-2.112900496	0.5529728493
1.7	-2.052121692	0.6598986703
1.8	-1.981375841	0.7531379073
1.9	-1.901800921	0.8371437703
2	-1.814134731	0.9154970852
2.1	-1.718792979	0.9910893048
2.2	-1.615929549	1.066289305
2.3	-1.505481778	1.143077209
2.4	-1.387204801	1.223135034
2.5	-1.260697379	1.307896161
2.6	-1.125429205	1.398538934
2.7	-0.9807646381	1.495918121
2.8	-0.8260074199	1.600419026
2.9	-0.6604539884	1.711697773
3	-0.4834885528	1.828296309
3.1	-0.2947180241	1.947120735
3.2	-0.09416592363	2.062810483
3.3	0.1174691142	2.167140549
3.4	0.3385077922	2.248735468
3.5	0.5659908729	2.293535783
3.6	0.7954853539	2.286525309
3.7	1.021134888	2.214897004
3.8	1.236080767	2.072081848
3.9	1.43326648	1.861082785
4	1.606459834	1.595218183
4.1	1.751175212	1.295382982
4.2	1.865184029	0.9848719605
4.3	1.948482259	0.6841261702
4.4	2.002819391	0.4074481644
4.5	2.031028622	0.1622778067
4.6	2.036386583	-0.04967086818
4.7	2.022133063	-0.2305268572
4.8	1.991178885	-0.3844754319
4.9	1.945970491	-0.5164454335
5	1.888459353	-0.6313130047
5.1	1.8201297	-0.7335064863
5.2	1.742051768	-0.8268698059
5.3	1.654940716	-0.9146675512
5.4	1.559211423	-0.9996543735
5.5	1.455025516	-1.084158163
5.6	1.342329726	-1.170152472
5.7	1.220889547	-1.259298695
5.8	1.090319585	-1.352946732
5.9	0.9501169047	-1.45207252
6	0.7997059574	-1.557147704
6.1	0.6384970764	-1.667899197
6.2	0.4659806603	-1.78295686
6.3	0.2818580747	-1.899375784
6.4	0.08622699432	-2.012064584
6.5	-0.1201751616	-2.113256673
6.6	-0.335688132	-2.192271981
6.7	-0.557453102	-2.23596643
6.8	-0.7812344935	-2.230321621
6.9	-1.001465591	-2.163313855
7	-1.211629476	-2.028574263
7.1	-1.404990579	-1.828469338
7.2	-1.575533588	-1.574918869
7.3	-1.718828933	-1.287091148
7.4	-1.832539103	-0.9867991787
7.5	-1.916432869	-0.6936397285
7.6	-1.971983991	-0.4217705075
7.7	-2.001762822	-0.1789907795
7.8	-2.008832857	0.03239524306
7.9	-1.996281778	0.213911296
8	-1.966924454	0.3692390964
8.1	-1.923154846	0.5029415776
8.2	-1.866902031	0.6196549586
8.3	-1.799646722	0.7236650136
8.4	-1.72246626	0.8187402253
8.5	-1.636088178	0.9081127346
8.6	-1.540941811	0.9945283271
8.7	-1.437203014	1.080317861
8.8	-1.324832615	1.167461169
8.9	-1.203609761	1.257623279
9	-1.073162193	1.352146689
9.1	-0.9330025241	1.451990716
9.2	-0.7825713971	1.557587919
9.3	-0.6213029714	1.668603315
9.4	-0.4487171117	1.783579276
9.5	-0.26455497	1.899448728
9.6	-0.06896860243	2.010979833
9.7	0.1372360462	2.110266892
9.8	0.3523198703	2.18653631
9.9	0.5733398656	2.226674246
10	0.7959880479	2.21687932
10.1	1.014658955	2.145575019
10.2	1.222851268	2.007016084
10.3	1.413909678	1.804205592
10.4	1.581954417	1.549495138
10.5	1.722717657	1.262130113
10.6	1.834012764	0.9636448791
10.7	1.915719206	0.6731426119
10.8	1.969369228	0.4042591974
10.9	1.997543812	0.1643790441
11	2.003283974	-0.04445134391
11.1	1.989636113	-0.2238714421
11.2	1.959367614	-0.3775795113
11.3	1.914826487	-0.5100996233
11.4	1.857901044	-0.6260067126
11.5	1.790037618	-0.7295223371
11.6	1.712285313	-0.8243577785
11.7	1.625348739	-0.9136977807
11.8	1.529638222	-1.000250713
11.9	1.425314278	-1.086318528
12	1.312325203	-1.17385577
12.1	1.190439036	-1.264502706
12.2	1.059276719	-1.359574686
12.3	0.9183452396	-1.459990888
12.4	0.7670870246	-1.566126016
12.5	0.6049423369	-1.677561769
12.6	0.4314488347	-1.792712388
12.7	0.2463813768	-1.908341243
12.8	0.04994358716	-2.018996986
12.9	-0.1569836997	-2.116524436
13	-0.3725599333	-2.189923683
13.1	-0.5937235597	-2.225958267
13.2	-0.8160465197	-2.210928792
13.3	-1.033828123	-2.133673916
13.4	-1.240529288	-1.989167505
13.5	-1.429538139	-1.781276706
13.6	-1.595100786	-1.523091894
13.7	-1.733131794	-1.234222036
13.8	-1.841640375	-0.936107024
13.9	-1.920673545	-0.6474072129
14	-1.971877787	-0.3811736973
14.1	-1.997891156	-0.1442505304
14.2	-2.001763833	0.06171160477
14.3	-1.986520489	0.2385863283
14.4	-1.954890167	0.3901759068
14.5	-1.90917671	0.5210224528
14.6	-1.851225145	0.6356718098
14.7	-1.782442591	0.7382967582
14.8	-1.70384408	0.832555871
14.9	-1.61610515	0.9215858356
15	-1.519611841	1.00805401
15.1	-1.414503829	1.094227241
15.2	-1.300711544	1.182030474
15.3	-1.177989253	1.273075715
15.4	-1.045945267	1.368643578
15.5	-0.9040799827	1.469610532
15.6	-0.7518318661	1.576288502
15.7	-0.588647582	1.688163343
15.8	-0.4140814705	1.803517729
15.9	-0.2279397984	1.918926584
16	-0.03048057083	2.028699735
16.1	0.17733466	2.124411199
16.2	0.3935599439	2.194807465
16.3	0.615007014	2.226519119
16.4	0.8371180488	2.205950107
16.5	1.054089648	2.122376027
16.6	1.259340586	1.971531884
16.7	1.446302582	1.758198327
16.8	1.609352441	1.49624129
16.9	1.744595029	1.205652397
17	1.85024387	0.9077767963
17.1	1.926521036	0.6208177222
17.2	1.975193459	0.3572239944
17.3	1.998959919	0.1232832862
17.4	2.000883476	-0.07976306147
17.5	1.98396843	-0.2540338155
17.6	1.95090611	-0.4034426793
17.7	1.903956357	-0.5325549294
17.8	1.844920551	-0.645890758
17.9	1.775165975	-0.7475759608
18	1.695672881	-0.841217667
18.1	1.607087125	-0.9299042656
18.2	1.509769232	-1.016261566
18.3	1.403837563	-1.102521956
18.4	1.289204576	-1.190579497
18.5	1.16560866	-1.282015099
18.6	1.032646931	-1.378076659
18.7	0.8898107584	-1.479593254
18.8	0.7365372829	-1.586810092
18.9	0.5722778856	-1.699118181
19	0.3966039002	-1.814655673
19.1	0.2093569087	-1.9298053
19.2	0.01085079873	-2.038630674
19.3	-0.1978713695	-2.132427473
19.4	-0.4147529685	-2.199693894
19.5	-0.6364761584	-2.226935176
19.6	-0.8583532076	-2.200681833
19.7	-1.074479865	-2.110680901
19.8	-1.278238043	-1.953458129
19.9	-1.463110517	-1.734716637
20	-1.623611836	-1.469083355
20.1	-1.756041301	-1.176897902
20.2	-1.858817635	-0.879374736
20.3	-1.932335964	-0.5942385296
20.4	-1.978479883	-0.333329725
20.5	-2.000006217	-0.1023849156
20.6	-1.999987274	0.09775318065
20.7	-1.981405787	0.269438246
20.8	-1.946914688	0.4166887117
20.9	-1.898729583	0.5440888607
21	-1.838608358	0.656131259
21.1	-1.76787873	0.756894324
21.2	-1.687486401	0.8499335338
21.3	-1.598047574	0.9382898757
21.4	-1.499897876	1.024548442
21.5	-1.39313424	1.110906362
21.6	-1.277650634	1.199227154
21.7	-1.153171239	1.291062462
21.8	-1.019280283	1.387622682
21.9	-0.8754624569	1.489690517
22	-0.721151732	1.597443099
22.1	-0.5558065425	1.710166796
22.2	-0.3790175586	1.82585702
22.3	-0.1906610712	1.940695811
22.4	0.008890411153	2.048494781
22.5	0.2185071485	2.14027215
22.6	0.4360210407	2.204279382
22.7	0.6579836998	2.226916532
22.8	0.8795777127	2.194871823
22.9	1.094802341	2.098396308
23	1.297009958	1.934830327
23.1	1.479742923	1.710800833
23.2	1.637660648	1.441666528
23.3	1.767260584	1.148070662
23.4	1.867165441	0.8510566584
23.5	1.937939033	0.5678475711
23.6	1.981576322	0.3096739923
23.7	2.000886872	0.08173266144
23.8	1.998949249	-0.1155173274
23.9	1.978722258	-0.2846513668
24	1.942819552	-0.4297825803
24.1	1.893412392	-0.5555087852
24.2	1.832215393	-0.6662922791
24.3	1.760517098	-0.7661631084
24.4	1.679229125	-0.8586256737
24.5	1.588938641	-0.9466737446
24.6	1.489956271	-1.032851896
24.7	1.382358012	-1.119323555
24.8	1.26602029	-1.207921844
24.9	1.140651703	-1.300166236
25	1.005825872	-1.39723304
25.1	0.8610191599	-1.499854119
25.2	0.7056653448	-1.608134389
25.3	0.539229602	-1.72125784
25.4	0.3613220656	-1.837065747
25.5	0.1718581083	-1.951536243
25.6	-0.0287287158	-2.058225428
25.7	-0.2392218487	-2.147871463
25.8	-0.4573377317	-2.208491348
25.9	-0.6794959392	-2.226397797
26	-0.9007516347	-2.188465964
26.1	-1.115012471	-2.08548667
26.2	-1.315609152	-1.915637367
26.3	-1.496152543	-1.686462484
26.4	-1.651453892	-1.414020001
26.5	-1.778211205	-1.119210084
26.6	-1.875249605	-0.8228650614
26.7	-1.94329683	-0.5416868679
26.8	-1.98445331	-0.2862955137
26.9	-2.001576267	-0.06136070153
27	-1.997746868	0.1330259373
27.1	-1.975898089	0.2996472596
27.2	-1.938603379	0.4427018382
27.3	-1.88798953	0.5667952145
27.4	-1.825728212	0.6763567702
27.5	-1.753069283	0.7753675781
27.6	-1.670890749	0.867280696
27.7	-1.579750957	0.9550436765
27.8	-1.479936377	1.04116161
27.9	-1.371502163	1.127763739
28	-1.25430684	1.216652523
28.1	-1.128045259	1.309318529
28.2	-0.9922790176	1.406897776
28.3	-0.8464785194	1.510073252
28.4	-0.6900757531	1.618875632
28.5	-0.5225450551	1.732377073
28.6	-0.3435187217	1.848266019
28.7	-0.1529507994	1.962308998
28.8	0.04866157654	2.067802162
28.9	0.2600098965	2.155206405
29	0.4786943518	2.212308618
29.1	0.7010022265	2.225357858
29.2	0.9218626083	2.18144967
29.3	1.135096937	2.071946924
29.4	1.334022462	1.895883411
29.5	1.512327316	1.661715087
29.6	1.664981102	1.38616319
29.7	1.788884965	1.090336978
29.8	1.883064016	0.7948184472
29.9	1.948404741	0.5157696061
30	1.987107302	0.2632029559
30.1	2.002071524	0.04127436212
30.2	1.996377772	-0.1502759002
30.3	1.972931116	-0.3144244137
30.4	1.934264122	-0.4554455482
30.5	1.882459052	-0.5779474769
30.6	1.819144943	-0.6863242009
30.7	1.745533416	-0.7845069326
30.8	1.662469349	-0.8758981299
30.9	1.570482984	-0.9633994136
31	1.469836538	-1.049476507
31.1	1.360564789	-1.13622593
31.2	1.242509476	-1.225420356
31.3	1.115350251	-1.318516829
31.4	0.9786388745	-1.416616024
31.5	0.8318385199	-1.520346504
31.6	0.674382267	-1.629660956
31.7	0.5057534339	-1.743521336
31.8	0.3256067239	-1.859451953
31.9	0.1339391655	-1.973004763
32	-0.06868574079	-2.077212752
32.1	-0.280867336	-2.162257814
32.2	-0.5000861486	-2.21571296
32.3	-0.7224960841	-2.223782709
32.4	-0.9429029939	-2.173814799
32.5	-1.155047766	-2.057778566
32.6	-1.352242481	-1.875581925
32.7	-1.528261342	-1.636579418
32.8	-1.678238587	-1.358118597
32.9	-1.799280064	-1.061470479
33	-1.890608482	-0.7669302041
33.1	-1.953263812	-0.4901041268
33.2	-1.989539882	-0.2403996445
33.3	-2.002374356	-0.02147331514
33.4	-1.994843451	0.1672693617
33.5	-1.969822615	0.3289856427
33.6	-1.929802739	0.4680168155
33.7	-1.876821594	0.5889684601
33.8	-1.81246594	0.6961970173
33.9	-1.737909666	0.7935835365
34	-1.653965057	0.8844797096
34.1	-1.561134363	0.9717420284
34.2	-1.459656376	1.05779822
34.3	-1.349545822	1.144711457
34.4	-1.230626839	1.234223686
34.5	-1.102566305	1.327762984
34.6	-0.9649042992	1.426386367
34.7	-0.8170995408	1.530672667
34.8	-0.6585843253	1.640490939
34.9	-0.4888538262	1.754685833
35	-0.3075872731	1.870617525
35.1	-0.1148249025	1.983615655
35.2	0.08880036263	2.086446883
35.3	0.3017917106	2.169018159
35.4	0.5215088005	2.218694162
35.5	0.7439722246	2.22166292
35.6	0.9638667925	2.165557496
35.7	1.174858875	2.042985089
35.8	1.370263961	1.8547427
35.9	1.543950905	1.611071307
36	1.691224439	1.329904263
36.1	1.809396576	1.03262735
36.2	1.897884517	0.7392123429
36.3	1.957876275	0.4646960476
36.4	1.991753654	0.2178867717
36.5	2.002487367	0.001955952996
36.6	1.993146307	-0.1840097814
36.7	1.966574562	-0.3433350522
36.8	1.925220827	-0.4804195753
36.9	1.871078389	-0.5998617681
37	1.805692109	-0.7059784456
37.1	1.730198601	-0.8025998699
37.2	1.64537804	-0.893027776
37.3	1.551705345	-0.9800738193
37.4	1.449395845	-1.066128077
37.5	1.338444719	-1.153221217
37.6	1.218659289	-1.243066224
37.7	1.089692904	-1.337056325
37.8	0.9510755333	-1.436212227
37.9	0.8022600992	-1.541050395
38	0.6426818701	-1.651362619
38.1	0.4718461484	-1.765868838
38.2	0.2894594471	-1.881757401
38.3	0.0956089079	-1.994133862
38.4	-0.1090030433	-2.095492983
38.5	-0.3227799957	-2.17547009
38.6	-0.5429581824	-2.221238237
38.7	-0.7654250932	-2.21898786
38.8	-0.9847475819	-2.156673016
38.9	-1.194523779	-2.027571048
39	-1.388081262	-1.833380513
39.1	-1.559392101	-1.585210811
39.2	-1.703936823	-1.301541515
39.3	-1.81923441	-1.003824656
39.4	-1.904893391	-0.7116759981
39.5	-1.962244271	-0.439551446
39.6	-1.993751224	-0.195665554
39.7	-2.00241307	0.01727984073
39.8	-1.991288502	0.2005006801
39.9	-1.963188775	0.3574766304
40	-1.920519779	0.4926578324
40.1	-1.865230434	0.6106310243
40.2	-1.798824101	0.7156716343
40.3	-1.722400648	0.8115588486
40.4	-1.636708501	0.9015444051
40.5	-1.542195689	0.9883967041
40.6	-1.439054835	1.074467849
40.7	-1.327261004	1.161757281
40.8	-1.20660633	1.251947123
40.9	-1.076729184	1.346398725
41	-0.9371512711	1.446089792
41.1	-0.7873204596	1.55148131
41.2	-0.6266736332	1.662274469
41.3	-0.4547305032	1.777065463
41.4	-0.2712247333	1.892866975
41.5	-0.07629105781	2.004551341
41.6	0.1292925385	2.1043427
41.7	0.3438289468	2.181605852
41.8	0.5644299949	2.223332654
41.9	0.7868495462	2.215747689
42	1.005539733	2.147158349
42.1	1.214037106	2.01154137
42.2	1.405690026	1.81150732
42.3	1.57458196	1.559015933
42.4	1.7163746	1.273048361
42.5	1.828794339	0.9750777587
42.6	1.911637291	0.6843314332
42.7	1.966370823	0.4146743577
42.8	1.995535494	0.1737358683
42.9	2.002154285	-0.03623644739
43	1.989272604	-0.2167459017
43.1	1.959667365	-0.3714147789
43.2	1.915701292	-0.5047357563
43.3	1.859279045	-0.6212799904
43.4	1.791862874	-0.7252797684
43.5	1.714516367	-0.8204630091
43.6	1.627956858	-0.9100323582
43.7	1.532605794	-0.9967123722
43.8	1.428633004	-1.082819344
43.9	1.315995074	-1.170320212
44	1.194466747	-1.260868053
44.1	1.06367525	-1.355790153
44.2	0.9231314364	-1.456022607
44.3	0.7722794727	-1.561962357
44.4	0.6105603345	-1.673225015
44.5	0.4375065167	-1.788274191
44.6	0.2528822175	-1.903939912
44.7	0.05687376275	-2.014860411
44.8	-0.1496661962	-2.112982979
44.9	-0.3649357604	-2.187408344
45	-0.5859198579	-2.224965065
45.1	-0.8082398469	-2.211933632
45.2	-1.02623675	-2.13701097
45.3	-1.2333924	-1.994903418
45.4	-1.423084848	-1.789140373
45.5	-1.589517178	-1.532507602
45.6	-1.728536567	-1.244445934
45.7	-1.838076819	-0.9464028838
45.8	-1.918117915	-0.6571887551
45.9	-1.970258227	-0.3900699022
46	-1.997109397	-0.1520982699
46.1	-2.001713722	0.0549165523
46.2	-1.987100932	0.2327492948
46.3	-1.95601228	0.3851536214
46.4	-1.910766879	0.516657408
46.5	-1.853225331	0.6318122809
46.6	-1.784809215	0.7348060757
46.7	-1.706546373	0.8293153083
46.8	-1.619123339	0.9184934414
46.9	-1.522935445	1.005023163
47	-1.418130634	1.091184004
47.1	-1.30464589	1.178912396
47.2	-1.182241463	1.269830188
47.3	-1.050530061	1.365231849
47.4	-0.90901522	1.466007842
47.5	-0.7571373085	1.572495081
47.6	-0.5943405053	1.684212162
47.7	-0.4201742166	1.799489364
47.8	-0.2344335625	1.914970879
47.9	-0.03735682022	2.025051844
48	0.1701226754	2.121404904
48.1	0.3860968561	2.192869584
48.2	0.6074232002	2.226124053
48.3	0.8295905759	2.207537453
48.4	1.046832786	2.126229592
48.5	1.252584186	1.977663054
48.6	1.440261382	1.766291378
48.7	1.604194825	1.505703213
48.8	1.7404217	1.215751856
48.9	1.847082682	0.9178149223
49	1.924337295	0.6302573226
49.1	1.973909273	0.3657414031
49.2	1.99847554	0.1307524001
49.3	2.001093972	-0.07332262713
49.4	1.984775767	-0.2485147705
49.5	1.95222537	-0.3986973334
49.6	1.905718011	-0.5284266662
49.7	1.847070412	-0.6422314216
49.8	1.777663903	-0.7442535414
49.9	1.698491025	-0.8381180007
50	1.610208161	-0.9269303145
50.1	1.51318496	-1.013330595
50.2	1.407547147	-1.099563635
50.3	1.293213923	-1.187533893
50.4	1.16992862	-1.278834391
50.5	1.037293673	-1.374723685
50.6	0.8948021453	-1.476048117
50.7	0.7418930131	-1.583076574
50.8	0.5780148894	-1.695234006
50.9	0.4027334983	-1.810709005
51	0.2158781777	-1.925953456
51.1	0.01774265084	-2.035117615
51.2	-0.1906590803	-2.129595473
51.3	-0.4073090705	-2.197972844
51.4	-0.62893536	-2.22679667
51.5	-0.8508958771	-2.20255058
51.6	-1.06732146	-2.114813089
51.7	-1.271606386	-1.959829823
51.8	-1.457214789	-1.742979476
51.9	-1.618612194	-1.478624663
52	-1.752029292	-1.186986409
52.1	-1.855812837	-0.8893285795
52.2	-1.930297603	-0.6035459752
52.3	-1.977326661	-0.341692744
52.4	-1.999637	-0.1096977749
52.5	-2.000297786	0.0914577933
52.6	-1.982299506	0.2640462696
52.7	-1.948308624	0.4120502021
52.8	-1.900556229	0.5400476464
52.9	-1.840815423	0.6525409961
53	-1.770427756	0.7536253087
53.1	-1.690350985	0.8468740056
53.2	-1.601211655	0.9353447929
53.3	-1.503354197	1.021636884
53.4	-1.396882899	1.107959633
53.5	-1.281698258	1.196187132
53.6	-1.157529397	1.287882101
53.7	-1.023965135	1.384266943
53.8	-0.8804924652	1.486142004
53.9	-0.7265460277	1.593707681
54	-0.5615822561	1.706287245
54.1	-0.3851847348	1.8219279
54.2	-0.1972169908	1.936881481
54.3	0.001968817742	2.045048731
54.4	0.2112735428	2.137545414
54.5	0.4285686559	2.202707265
54.6	0.65045161	2.22697076
54.7	0.8721501543	2.196965222
54.8	1.087696861	2.102761156
54.9	1.290453594	1.941411038
55	1.473940859	1.719218794
55.1	1.632766577	1.451289928
55.2	1.763358554	1.158166908
55.3	1.864268236	0.860957601
55.4	1.936000859	0.5770627157
55.5	1.980512973	0.317926533
55.6	2.00059627	0.08893344596
55.7	1.999327547	-0.1093248978
55.8	1.979674172	-0.2793478603
55.9	1.944263637	-0.4252163895
56	1.895282748	-0.5515241951
56.1	1.83446123	-0.6627444549
56.2	1.76310128	-0.7629242128
56.3	1.682126411	-0.8555858064
56.4	1.592133918	-0.9437393317
56.5	1.493443063	-1.029943524
56.6	1.386137234	-1.116373614
56.7	1.270098945	-1.204873457
56.8	1.145042139	-1.296973236
56.9	1.01054427	-1.39386224
57	0.8660842792	-1.496289429
57.1	0.711096384	-1.604385637
57.2	0.5450429193	-1.717371634
57.3	0.3675269889	-1.833142265
57.4	0.178450465	-1.947748211
57.5	-0.02177491259	-2.054835289
57.6	-0.2319636014	-2.145239633
57.7	-0.449872361	-2.207059906
57.8	-0.6719671075	-2.226636566
57.9	-0.8933474781	-2.190775569
58	-1.107952587	-2.090075268
58.1	-1.30911982	-1.922417875
58.2	-1.49043509	-1.695027131
58.3	-1.646655729	-1.423720372
58.4	-1.774409217	-1.129313078
58.5	-1.872450096	-0.8327159824
58.6	-1.94144931	-0.5508156878
58.7	-1.983471043	-0.2944456134
58.8	-2.001356392	-0.06845849236
58.9	-1.998185997	0.1269273288
59	-1.976902125	0.2944235673
59.1	-1.940092375	0.4382000634
59.2	-1.889899107	0.5628602336
59.3	-1.828008988	0.6728452589
59.4	-1.755685368	0.7721534654
59.5	-1.673817949	0.8642557353
59.6	-1.582975084	0.9521158842
59.7	-1.483451758	1.038252718
59.8	-1.375310273	1.124807286
59.9	-1.258415392	1.213592558
60	-1.132466803	1.306110207
60.1	-0.9970302936	1.403509099
60.2	-0.8515783356	1.50649069
60.3	-0.6955431038	1.615111343
60.4	-0.5283960559	1.728482414
60.5	-0.3497615357	1.844347551
60.6	-0.1595794028	1.958547111
60.7	0.04167546434	2.064468891
60.8	0.2527268505	2.152671072
60.9	0.4712161262	2.211018561
61	0.6934769647	2.225781615
61.1	0.914482247	2.183974791
61.2	1.128082968	2.076756663
61.3	1.327600138	1.902859195
61.4	1.506693837	1.670420697
61.5	1.660277526	1.395934189
61.6	1.785181091	1.100441416
61.7	1.880359904	0.8046162357
61.8	1.946645461	0.5248113093
61.9	1.986203672	0.2712516691
62	2.001920069	0.04827131613
62.1	1.996875674	-0.1442683497
62.2	1.973985504	-0.3092776897
62.3	1.935796532	-0.4510055119
62.4	1.884406607	-0.5740596883
62.5	1.821459642	-0.6828468651
62.6	1.74818058	-0.7813157446
62.7	1.665425843	-0.8728865518
62.8	1.573735493	-0.9604767941
62.9	1.473380097	-1.046565901
63	1.364401618	-1.133261874
63.1	1.246647652	-1.222348027
63.2	1.119803005	-1.315292302
63.3	0.983423005	-1.413209133
63.4	0.8369730355	-1.516745226
63.5	0.6798861581	-1.625881271
63.6	0.5116420699	-1.739618897
63.7	0.3318872978	-1.855539406
63.8	0.1406040947	-1.969270953
63.9	-0.06166772683	-2.07393889
64	-0.2735603699	-2.159822387
64.1	-0.4925962378	-2.214568881
64.2	-0.7149758952	-2.224395285
64.3	-0.9355481412	-2.176557159
64.4	-1.148081378	-2.062808144
64.5	-1.345888526	-1.882748463
64.6	-1.5227127	-1.645419239
64.7	-1.673629826	-1.367953375
64.8	-1.795673895	-1.071570756
64.9	-1.887998825	-0.7766710846
65	-1.951591493	-0.4990569927
65.1	-1.988713588	-0.2483468608
65.2	-2.002290088	-0.02837045769
65.3	-1.995399015	0.1613513458
65.4	-1.970926411	0.323914129
65.5	-1.931377801	0.4636367852
65.6	-1.878806528	0.5851262997
65.7	-1.81481411	0.6927525102
65.8	-1.740587593	0.7904141296
65.9	-1.656950604	0.8814804402
66	-1.564415092	0.9688237873
66.1	-1.463228115	1.054885154
66.2	-1.3534113	1.141739206
66.3	-1.234794844	1.231138274
66.4	-1.107050186	1.324521985
66.5	-0.9697215166	1.422960766
66.6	-0.8222688857	1.527053083
66.7	-0.6641248007	1.636696059
66.8	-0.4947802422	1.750776558
66.9	-0.3139056009	1.866712731
67	-0.1215256679	1.979912478
67.1	0.0817509883	2.083236216
67.2	0.2944616769	2.166686584
67.3	0.5140085526	2.217699907
67.4	0.7364588943	2.222467424
67.5	0.9565395128	2.168518318
67.6	1.167942171	2.048233051
67.7	1.363980193	1.862095876
67.8	1.538488327	1.620039224
67.9	1.686710997	1.339796004
68	1.805887959	1.042717416
68.1	1.895368706	0.7488922787
68.2	1.956290062	0.4735580614
68.3	1.991003684	0.2257321507
68.4	2.002469269	0.008754020902
68.5	1.993758637	-0.1781799413
68.6	1.967727015	-0.3383372464
68.7	1.926837933	-0.4760980795
68.8	1.873100239	-0.5960638909
68.9	1.808073415	-0.7025655812
69	1.732907052	-0.7994512196
69.1	1.648392529	-0.8900400234
69.2	1.55501427	-0.9771591811
69.3	1.45299574	-1.063211954
69.4	1.342338995	-1.150240301
69.5	1.222857117	-1.23996745
69.6	1.094208302	-1.333798594
69.7	0.9559258368	-1.432767899
69.8	0.8074646401	-1.537412407
69.9	0.6482590698	-1.647553506
70	0.4778102688	-1.761953556
70.1	0.2958155653	-1.877861989
70.2	0.102345375	-1.990463927
70.3	-0.1019230584	-2.092348957
70.4	-0.3154280244	-2.173247576
70.5	-0.5354490791	-2.220398746
70.6	-0.7579204925	-2.219988035
70.7	-0.9774499877	-2.159853839
70.8	-1.187658835	-2.033035594
70.9	-1.381869427	-1.840914993
71	-1.554016767	-1.594299664
71.1	-1.699519211	-1.311483058
71.2	-1.815823228	-1.013898871
71.3	-1.902470801	-0.7212912538
71.4	-1.960743219	-0.4483207738
71.5	-1.993076543	-0.203408886
71.6	-2.002460182	0.01058002474
71.7	-1.991956742	0.1947577381
71.8	-1.964389165	0.3525510459
71.9	-1.922178366	0.4883934141
72	-1.867288776	0.6068761216
72.1	-1.801238238	0.7122892849
72.2	-1.725139424	0.8084299626
72.3	-1.63975179	0.898567326
72.4	-1.545532771	0.9854850054
72.5	-1.442682919	1.071548045
72.6	-1.331184119	1.158767046
72.7	-1.210834189	1.248834747
72.8	-1.081276115	1.34312375
72.9	-0.9420350013	1.442626749
73	-0.7925601572	1.54782531
73.1	-0.6322877021	1.658451214
73.2	-0.460732569	1.773145564
73.3	-0.2776183741	1.888983027
73.4	-0.08306272716	2.000917601
73.5	0.1221824439	2.101269085
73.6	0.3364559821	2.179495836
73.7	0.5569135304	2.222651417
73.8	0.7793555463	2.216946269
73.9	0.9982739267	2.15055984
74	1.207226007	2.017220567
74.1	1.399551853	1.819218965
74.2	1.569295001	1.568219674
74.3	1.712053245	1.283033054
74.4	1.825480381	0.9851304224
74.5	1.909307284	0.6938783175
74.6	1.964954075	0.4233493972
74.7	1.994935148	0.1813770228
74.8	2.002265654	-0.0296340701
74.9	1.989995915	-0.2110884965
75	1.960915	-0.3665599439
75.1	1.917400805	-0.5005270107
75.2	1.861373457	-0.6175667861
75.3	1.794309541	-0.7219268112
75.4	1.71728528	-0.8173529864
75.5	1.631028875	-0.9070651446
75.6	1.535970984	-0.9938028877
75.7	1.432289317	-1.079895293
75.8	1.319947131	-1.167320341
75.9	1.198724723	-1.257741389
76	1.068253925	-1.352497959
76.1	0.9280486677	-1.452540678
76.2	0.777554642	-1.55828842
76.3	0.6162114072	-1.669388683
76.4	0.4435463934	-1.784350766
76.5	0.2593133593	-1.900069288
76.6	0.06368042468	-2.011265607
76.7	-0.1425267908	-2.109983445
76.8	-0.3575430284	-2.185415887
76.9	-0.5783976113	-2.224447231
77	-0.8007584148	-2.213334321
77.1	-1.019004879	-2.14063421
77.2	-1.226637181	-2.000794888
77.3	-1.417022004	-1.797023392
77.4	-1.584319669	-1.541818986
77.5	-1.724311875	-1.254466971
77.6	-1.834859875	-0.9564287541
77.7	-1.915879792	-0.6666639391
77.8	-1.968924809	-0.3986491918
77.9	-1.99658238	-0.1596372914
78	-2.001888424	0.04841067809
78.1	-1.987878498	0.2271760978
78.2	-1.95730649	0.3803680465
78.3	-1.912506799	0.5125029022
78.4	-1.855355429	0.6281395052
78.5	-1.787288149	0.7314814336
78.6	-1.709345252	0.8262231738
78.7	-1.622223965	0.9155352961
78.8	-1.52632875	1.002115267
78.9	-1.421815225	1.088255134
79	-1.30862697	1.175902243
79.1	-1.186529743	1.266689175
79.2	-1.055140603	1.361921981
79.3	-0.9139662393	1.462507077
79.4	-0.7624480099	1.56880361
79.5	-0.6000286895	1.680363051
79.6	-0.426252103	1.795563774
79.7	-0.2409019982	1.911115756
79.8	-0.04419792317	2.021499113
79.9	0.1629546436	2.118483523
80	0.3786854069	2.190998659
80.1	0.5998967469	2.225773153
80.2	0.8221236624	2.209142694
80.3	1.039637014	2.130074822
80.4	1.245886946	1.983764215
80.5	1.434275541	1.774340848
80.6	1.599087781	1.515115641
80.7	1.736293972	1.225802481
80.8	1.843962456	0.927808587
80.9	1.922190383	0.6396575178
81	1.972658318	0.3742235746
81.1	1.998020873	0.1381893198
81.2	2.001331063	-0.06691227723
81.3	1.985606778	-0.2430243812
81.4	1.953565485	-0.3939795688
81.5	1.90749781	-0.524325019
81.6	1.8492358	-0.6385978314
81.7	1.780174816	-0.7409561072
81.8	1.701319688	-0.8350428781
81.9	1.613337344	-0.9239804723
82	1.516606344	-1.010423567
82.1	1.411260054	-1.096629375
82.2	1.297224155	-1.184513214
82.3	1.174247277	-1.275678264
82.4	1.041936313	-1.371396327
82.5	0.8997870485	-1.472528263
82.6	0.7472395114	-1.57936796
82.7	0.5837402652	-1.691373157
82.8	0.4088493007	-1.806782485
82.9	0.2223838381	-1.922115956
83	0.02461786264	-2.031609941
83.1	-0.183463266	-2.12675604
83.2	-0.3998801523	-2.19622834
83.3	-0.6214063467	-2.226617463
83.4	-0.8434454825	-2.204363534
83.5	-1.060163915	-2.118880695
83.6	-1.26496909	-1.966137717
83.7	-1.451307501	-1.751189403
83.8	-1.61359655	-1.488131045
83.9	-1.747998795	-1.197060116
84	-1.852788992	-0.8992851328
84.1	-1.928241128	-0.6128682092
84.2	-1.976157157	-0.3500767077
84.3	-1.999253692	-0.1170328997
84.4	-2.000596361	0.08514193633
84.5	-1.983183171	0.2586373001
84.6	-1.949694004	0.4073987384
84.7	-1.902375414	0.5359974473
84.8	-1.843015743	0.6489453509
84.9	-1.772970411	0.7503540449
85	-1.69320929	0.8438149557
85.1	-1.604369297	0.9324024833
85.2	-1.506803685	1.018730095
85.3	-1.400624168	1.105019427
85.4	-1.285737758	1.193155182
85.5	-1.161878572	1.284710935
85.6	-1.028640037	1.380921321
85.7	-0.8855114776	1.482603661
85.8	-0.7319283821	1.589981809
85.9	-0.5673451189	1.702415311
86	-0.3913384645	1.818002179
86.1	-0.2037594812	1.933063803
86.2	-0.004940163444	2.041589337
86.3	0.2040506171	2.134791815
86.4	0.4211235071	2.201092737
86.5	0.6429217019	2.226966827
86.6	0.8647182673	2.198988045
86.7	1.080579663	2.107050883
86.8	1.283878206	1.947922825
86.9	1.46811363	1.72758424
87	1.627843212	1.460883775
87.1	1.759425463	1.168257252
87.2	1.861340385	0.8708720872
87.3	1.934034083	0.5863041698
87.4	1.979424016	0.3262113152
87.5	2.000283359	0.09616704492
87.6	1.999686692	-0.1031024669
87.7	1.980609714	-0.2740188744
87.8	1.945693647	-0.4206297832
87.9	1.897140822	-0.5475240931
88	1.83669611	-0.659185545
88.1	1.765675416	-0.7596780736
88.2	1.685014207	-0.8525419732
88.3	1.595319956	-0.9408037463
88.4	1.496920616	-1.027036368
88.5	1.389906988	-1.113426917
88.6	1.27416772	-1.201830004
88.7	1.149422135	-1.293786519
88.8	1.015251546	-1.390498515
88.9	0.8711375641	-1.492732025
89	0.7165148768	-1.600643372
89.1	0.5508431371	-1.713489549
89.2	0.3737186295	-1.829218464
89.3	0.18502989	-1.943952688
89.4	-0.01483280356	-2.051427269
89.5	-0.2247145916	-2.142576203
89.6	-0.4424122745	-2.205581027
89.7	-0.6644380283	-2.226812388
89.8	-0.8859361678	-2.193011006
89.9	-1.10087791	-2.094586877
90	-1.30260831	-1.929129476
90.1	-1.484689407	-1.703541076
90.2	-1.64182544	-1.43339413
90.3	-1.770573676	-1.139413626
90.4	-1.869617814	-0.8425838512
90.5	-1.939571391	-0.5599737507
90.6	-1.982461621	-0.3026303529
90.7	-2.001112865	-0.0755910361
90.8	-1.998604812	0.1207971721
90.9	-1.977888766	0.289173148
91	-1.941566388	0.433676826
91.1	-1.89179559	0.5589088468
91.2	-1.830278079	0.6693218805
91.3	-1.758290754	0.7689314131
91.4	-1.676735071	0.8612261912
91.5	-1.586189448	0.9491863619
91.6	-1.486957424	1.035344506
91.7	-1.379108482	1.121853579
91.8	-1.2625137	1.21053704
91.9	-1.136877549	1.302907637
92	-1.001770192	1.400127024
92.1	-0.8566660864	1.502914808
92.2	-0.700997767	1.611352706
92.3	-0.5342339262	1.724590962
92.4	-0.3559910857	1.840427594
92.5	-0.1661952225	1.954776197
92.6	0.03470066303	2.061115821
92.7	0.2454524748	2.150101872
92.8	0.4637424156	2.209678643
92.9	0.6859504643	2.226140431
93	0.9070935683	2.186424477
93.1	1.121052966	2.081489341
93.2	1.32115445	1.909767419
93.3	1.501031124	1.679077965
93.4	1.655541078	1.4056813
93.5	1.781443166	1.110545871
93.6	1.877622736	0.8144328523
93.7	1.944855664	0.5338834955
93.8	1.985272876	0.2793356591
93.9	2.001744981	0.05530322893
94	1.997353282	-0.1382292942
94.1	1.975022511	-0.3041044022
94.2	1.937313951	-0.4465442241
94.3	1.886341039	-0.5701557008
94.4	1.823762609	-0.6793578401
94.5	1.750816978	-0.7781167694
94.6	1.668372187	-0.8698705149
94.7	1.576978145	-0.957552514
94.8	1.476913837	-1.043656066
94.9	1.368228466	-1.130300606
95	1.250775439	-1.219280166
95.1	1.1242449	-1.312073539
95.2	0.9881956379	-1.409808702
95.3	0.8420954097	-1.51315039
95.4	0.6853773007	-1.622107098
95.5	0.5175174756	-1.735719188
95.6	0.3381546499	-1.851624572
95.7	0.1472564211	-1.965527096
95.8	-0.05466082642	-2.070643806
95.9	-0.2662617397	-2.157351559
96	-0.4851102914	-2.213373509
96.1	-0.7074537629	-2.224941628
96.2	-0.9281841619	-2.179223479
96.3	-1.141098126	-2.067761013
96.4	-1.339510462	-1.889848702
96.5	-1.517134266	-1.65421271
96.6	-1.668987868	-1.377766611
96.7	-1.792033595	-1.081673204
96.8	-1.885356217	-0.7864323453
96.9	-1.949888862	-0.5080411734
97	-1.987860377	-0.2563296059
97.1	-2.002182454	-0.03530243017
97.2	-1.995934531	0.1554021898
97.3	-1.972013027	0.3188164905
97.4	-1.932938029	0.4592359412
97.5	-1.880778456	0.5812683431
97.6	-1.817150627	0.6892966721
97.7	-1.743254802	0.7872372362
97.8	-1.659926008	0.8784769546
97.9	-1.567685958	0.9659041351
98	-1.466790019	1.051973018
98.1	-1.357266716	1.138769905
98.2	-1.23895246	1.228057396
98.3	-1.111523022	1.321286743
98.4	-0.9745272207	1.419541959
98.5	-0.8274259469	1.523439888
98.6	-0.6696525085	1.632906386
98.7	-0.5006934429	1.746869717
98.8	-0.3202106546	1.862805067
98.9	-0.1282139524	1.97619831
99	0.07471248626	2.080002984
99.1	0.2871395913	2.16431779
99.2	0.5065117742	2.216652764
99.3	0.7289429456	2.223204367
99.4	0.9492023453	2.171402566
99.5	1.161007852	2.05340479
99.6	1.357671672	1.869384287
99.7	1.532995501	1.628963024
99.8	1.682164147	1.349668721
99.9	1.80234522	1.052811753
100	1.89282012	0.7585939869
100.1	1.954673815	0.4824521285
100.2	1.990227124	0.2336132142
100.3	2.002428134	0.01558666665
100.4	1.994351205	-0.1723193955
100.5	1.968862528	-0.3333138175
100.6	1.928440396	-0.4717562682
100.7	1.875109225	-0.5922506702
100.8	1.810443161	-0.6991417761
100.9	1.735604852	-0.7962954332
101	1.65139691	-0.8870483249
101.1	1.558313322	-0.9742433607
101.2	1.45658579	-1.060296979
101.3	1.34622319	-1.147262546
101.4	1.227044493	-1.236873241
101.5	1.098712682	-1.330546769
101.6	0.9607645179	-1.429330025
101.7	0.8126569353	-1.533780958
101.8	0.6538233572	-1.643749331
101.9	0.4837611681	-1.758040064
102	0.3021585777	-1.873963094
102.1	0.1090693934	-1.986781956
102.2	-0.09485382814	-2.089181248
102.3	-0.3080836244	-2.170987019
102.4	-0.5279429175	-2.219504828
102.5	-0.7504126606	-2.22091944
102.6	-0.9701418212	-2.162957634
102.7	-1.180775612	-2.03842448
102.8	-1.375632298	-1.848386176
102.9	-1.548610811	-1.603346615
103	-1.695068031	-1.321407722
103.1	-1.812378001	-1.023979207
103.2	-1.900015686	-0.7309295522
103.3	-1.959212482	-0.4571226389
103.4	-1.992375624	-0.2111878915
103.5	-2.002484588	0.003845913338
103.6	-1.992605522	0.1889845484
103.7	-1.965572864	0.3476003737
103.8	-1.923822506	0.4841091879
103.9	-1.869334402	0.6031063334
104	-1.803640926	0.7088963926
104.1	-1.727867609	0.8052942461
104.2	-1.642785004	0.8955866275
104.3	-1.548860022	0.9825723647
104.4	-1.446301127	1.06862959
104.5	-1.335097154	1.15578005
104.6	-1.215051531	1.245727247
104.7	-1.085811987	1.339854702
104.8	-0.9469070643	1.439170468
104.9	-0.7977874377	1.544175608
105	-0.6378888914	1.654632659
105.1	-0.4667214023	1.769227314
105.2	-0.2839987842	1.885094916
105.3	-0.08982212387	1.997270921
105.4	0.1150827529	2.098170412
105.5	0.329090212	2.177345448
105.6	0.5493994682	2.22191411
105.7	0.7718576152	2.218074946
105.8	0.9909967422	2.153883902
105.9	1.20039582	2.022824978
106	1.393387701	1.826869549
106.1	1.563976989	1.577384217
106.2	1.707698155	1.293003511
106.3	1.822132414	0.9951912189
106.4	1.906944952	0.7034494975
106.5	1.963507942	0.4320576432
106.6	1.994308914	0.1890539301
106.7	2.00235464	-0.02299771741
106.8	1.990700045	-0.2054013017
106.9	1.962146179	-0.36168052
107	1.919086052	-0.4962989568
107.1	1.863455285	-0.613839139
107.2	1.796744851	-0.7185636951
107.3	1.720043666	-0.8142365016
107.4	1.634090859	-0.9040945563
107.5	1.539326322	-0.9908927
107.6	1.435935757	-1.076972805
107.7	1.323889047	-1.164324063
107.8	1.202972125	-1.254619347
107.9	1.072821448	-1.349211927
108	0.932953951	-1.449064373
108.1	0.7828176188	-1.554621435
108.2	0.6218493191	-1.665556838
108.3	0.4495731817	-1.780427989
108.4	0.2657317475	-1.896194034
108.5	0.07047465137	-2.007656793
108.6	-0.1353977012	-2.106958076
108.7	-0.3501569288	-2.183383064
108.8	-0.5708771635	-2.223872028
108.9	-0.7932723839	-2.214664147
109	-1.011760961	-2.144180015
109.1	-1.219862296	-2.006612177
109.2	-1.410932738	-1.80484629
109.3	-1.579090781	-1.551093067
109.4	-1.720053348	-1.264475763
109.5	-1.831609083	-0.9664645895
109.6	-1.91360967	-0.6761646336
109.7	-1.967562427	-0.4072620467
109.8	-1.996029837	-0.1672120105
109.9	-2.002041121	0.04187105407
110	-1.988637233	0.2215735796
110.1	-1.958584536	0.3755583926
110.2	-1.914232707	0.5083295408
110.3	-1.857473159	0.624452709
110.4	-1.789755892	0.7281469741
110.5	-1.71213371	0.8231248001
110.6	-1.625314659	0.9125741521
110.7	-1.529712352	0.9992067874
110.8	-1.425489889	1.085328017
110.9	-1.312598128	1.172895401
111	-1.190807182	1.263553225
111.1	-1.059740185	1.35861804
111.2	-0.9189055826	1.459013604
111.3	-0.7677461392	1.565117774
111.4	-0.6057042209	1.676518158
111.5	-0.4323168288	1.791639235
111.6	-0.2473571422	1.907254905
111.7	-0.05102738202	2.01793154
111.8	0.1557962587	2.115533931
111.9	0.37128028	2.189083435
112	0.5923714773	2.225362875
112.1	0.8146512981	2.210675744
112.2	1.032428223	2.133842212
112.3	1.239169057	1.989792802
112.4	1.428262452	1.782333828
112.5	1.593948919	1.524494301
112.6	1.732132234	1.235843981
112.7	1.840808366	0.9378141761
112.8	1.920011636	0.6490843953
112.9	1.971378587	0.3827401053
113	1.997541066	0.1456620338
113.1	2.001546448	-0.06046859076
113.2	1.986419213	-0.2375050819
113.3	1.954889653	-0.3892382033
113.4	1.90926375	-0.5202050204
113.5	1.851388918	-0.6349506356
113.6	1.782674608	-0.7376492514
113.7	1.704138035	-0.8319619794
113.8	1.616456614	-0.9210276579
113.9	1.520017881	-1.007516349
114	1.414963228	-1.093696945
114.1	1.301224043	-1.181496519
114.2	1.178555817	-1.27252768
114.3	1.046567646	-1.368074973
114.4	0.9047603041	-1.469015041
114.5	0.7525734511	-1.575665321
114.6	0.5894525748	-1.687516142
114.7	0.4149518783	-1.802855936
114.8	0.2288765317	-1.918271918
114.9	0.03148110671	-2.028086021
115	-0.1762770453	-2.123887453
115.1	-0.3924571209	-2.194439082
115.2	-0.6138779601	-2.226377548
115.3	-0.835988994	-2.20610337
115.4	-1.052992661	-2.12287038
115.5	-1.258310502	-1.972373467
115.6	-1.445372454	-1.759343739
115.7	-1.6085487	-1.497605284
115.8	-1.74393413	-1.207126481
115.9	-1.84973136	-0.9092552997
116	-1.926152985	-0.622218156
116.1	-1.974959162	-0.358495268
116.2	-1.998845437	-0.1244036959
116.3	-2.00087345	0.07879303257
116.4	-1.984048434	0.2531999224
116.5	-1.951063558	0.4027241672
116.6	-1.904180824	0.5319293337
116.7	-1.845203837	0.6453365107
116.8	-1.775501946	0.7470736849
116.9	-1.696057197	0.8407503357
117	-1.607516965	0.9294576057
117.1	-1.510243316	1.015823239
117.2	-1.404355461	1.102081343
117.3	-1.289767016	1.190127176
117.4	-1.166216947	1.281544991
117.5	-1.033303652	1.377582107
117.6	-0.8905184922	1.479071787
117.7	-0.7372981793	1.58626166
117.8	-0.5730949241	1.698547304
117.9	-0.3974788704	1.814076015
118	-0.2102890431	1.929238833
118.1	-0.01183750036	2.038112682
118.2	0.1968370359	2.132007247
118.3	0.4136839387	2.1994322
118.4	0.6353919113	2.226901111
118.5	0.8572796478	2.200937173
118.6	1.073448077	2.111262898
118.7	1.277280894	1.954363676
118.8	1.462258177	1.735895995
118.9	1.622887452	1.470448037
119	1.755458259	1.178342714
119.1	1.85837896	0.8808018679
119.2	1.932035976	0.5955742614
119.3	1.97830697	0.3345309748
119.4	1.999945933	0.1034361335
119.5	2.000024736	-0.09684748417
119.6	1.981527185	-0.268662042
119.7	1.947108108	-0.416020645
119.8	1.898985338	-0.5435066161
119.9	1.838918929	-0.6556139142
120	1.768238561	-0.7564232714
120.1	1.687891708	-0.8494929201
120.2	1.598496056	-0.9378658624
120.3	1.500388335	-1.024129456
120.4	1.393666797	-1.110482557
120.5	1.278226165	-1.19879061
120.6	1.153791393	-1.290605368
120.7	1.0199474	-1.387141177
120.8	0.8761788766	-1.48918106
120.9	0.721920727	-1.596907096
121	0.5566301508	-1.709610887
121.1	0.3798970495	-1.825293657
121.2	0.1915965148	-1.940149163
121.3	-0.007902372884	-2.048000923
121.4	-0.2174746737	-2.139880954
121.5	-0.4349572633	-2.204054586
121.6	-0.6569084794	-2.226925017
121.7	-0.8785174537	-2.195171913
121.8	-1.093788144	-2.099020937
121.9	-1.296074263	-1.935771335
122	-1.478915055	-1.71200339
122.1	-1.636962497	-1.44304049
122.2	-1.766703999	-1.149511258
122.3	-1.866752141	-0.8524685589
122.4	-1.937662463	-0.5691612356
122.5	-1.981424467	-0.3108501387
122.6	-2.000845154	-0.08275889316
122.7	-1.999002846	0.1146348581
122.8	-1.978857604	0.2838954182
122.9	-1.943025066	0.4291315748
123	-1.893678682	0.5549405608
123.1	-1.832535235	0.6657862096
123.2	-1.760885223	0.7657010361
123.3	-1.679641928	0.8581917457
123.4	-1.589393906	0.9462548539
123.5	-1.490453258	1.032436694
123.6	-1.382896664	1.118902408
123.7	-1.266601738	1.207485775
123.8	-1.141277283	1.299710375
123.9	-1.006498726	1.396751386
124	-0.8617414072	1.4993452
124.1	-0.706440004	1.607599332
124.2	-0.5400587968	1.720703331
124.3	-0.3622071297	1.836506146
124.4	-0.1727984419	1.950996399
124.5	0.02773692242	2.057742858
124.6	0.2381867899	2.147497837
124.7	0.4562733288	2.208289828
124.8	0.6784227814	2.226435267
124.9	0.8996966215	2.188799271
125	1.114006946	2.086144994
125.1	1.314685359	1.916607649
125.2	1.495339114	1.687686005
125.3	1.650771707	1.415404052
125.4	1.777671082	1.120650158
125.5	1.874852314	0.8242681104
125.6	1.943035083	0.5429863051
125.7	1.984314703	0.2874551555
125.8	2.001546125	0.06237037527
125.9	1.997810464	-0.1321584848
126	1.976042038	-0.2989042178
126.1	1.938816315	-0.4420613813
126.2	1.888262308	-0.5662352496
126.3	1.826053822	-0.6758569023
126.4	1.753442635	-0.7749098775
126.5	1.67130841	-0.8668497515
126.6	1.580210924	-0.9546264342
126.7	1.480437868	-1.040746918
126.8	1.372045377	-1.127342157
126.9	1.254892921	-1.216216037
127	1.128675935	-1.308860895
127.1	0.9929567783	-1.406414349
127.2	0.8472059966	-1.509562307
127.3	0.6908556201	-1.618338752
127.4	0.5233796729	-1.731821742
127.5	0.3444091875	-1.847707662
127.6	0.1538961685	-1.961773388
127.7	-0.04766530209	-2.067328316
127.8	-0.2589714482	-2.154847193
127.9	-0.477628348	-2.212127624
128	-0.6999298669	-2.225422041
128.1	-0.9208113267	-2.181813999
128.2	-1.13409834	-2.072636966
128.3	-1.333108622	-1.896881612
128.4	-1.51152624	-1.662958678
128.5	-1.664312758	-1.387557055
128.6	-1.788359156	-1.091776894
128.7	-1.882680627	-0.7962135487
128.8	-1.948155853	-0.5170562663
128.9	-1.986980135	-0.2643478381
129	-2.002051335	-0.04226938365
129.1	-1.996449922	0.1494216551
129.2	-1.973082396	0.3136925463
129.3	-1.934483381	0.4548140722
129.4	-1.882737362	0.5773943948
129.5	-1.819475492	0.6858293365
129.6	-1.745911287	0.7840526131
129.7	-1.662891271	0.8754692166
129.8	-1.570947074	0.9629829894
129.9	-1.470342093	1.049061663
130	-1.36111217	1.135803329
130.1	-1.243099793	1.224982245
130.2	-1.11598546	1.318056923
130.3	-0.9793213399	1.416130173
130.4	-0.8325709445	1.519832846
130.5	-0.6751673975	1.629121993
130.6	-0.5065934025	1.74296505
130.7	-0.3265025281	1.858894505
130.8	-0.1348897582	1.97247329
130.9	0.06768494968	2.076747451
131	0.2798255514	2.161912915
131.1	0.4990185541	2.215553084
131.2	0.7214245301	2.223874079
131.3	0.9418554361	2.174210253
131.4	1.154056034	2.058499985
131.5	1.351338463	1.876607226
131.6	1.527472437	1.637841937
131.7	1.67758383	1.359521398
131.8	1.798768236	1.06290969
131.9	1.890238586	0.7683170857
132	1.953027328	0.4913780669
132.1	1.989423758	0.2415300111
132.2	2.002363762	0.02245408251
132.3	1.994923834	-0.1664279009
132.4	1.969980951	-0.3282645017
132.5	1.930028091	-0.4673938933
132.6	1.877105245	-0.5884218828
132.7	1.812801272	-0.6957068372
132.8	1.738291937	-0.7931323338
132.9	1.654391128	-0.8840525326
133	1.561602477	-0.9713262463
133.1	1.460165974	-1.057383025
133.2	1.350097274	-1.144287709
133.3	1.231221452	-1.233783602
133.4	1.103205882	-1.327300787
133.5	0.9655915386	-1.42589779
133.6	0.8178368999	-1.530156494
133.7	0.6593746712	-1.63994975
133.8	0.4896992051	-1.754128668
133.9	0.3084884497	-1.870061274
134	0.1157805385	-1.983088624
134.1	-0.08779509357	-2.085990756
134.2	-0.3007466429	-2.168687967
134.3	-0.5204397633	-2.218555652
134.4	-0.7429016958	-2.221781687
134.5	-0.9628232193	-2.165984086
134.6	-1.173874284	-2.043737628
134.7	-1.369370002	-1.855794623
134.8	-1.543174305	-1.612352052
134.9	-1.690583287	-1.331315086
135	-1.808898656	-1.034064962
135.1	-1.897527996	-0.7405904404
135.2	-1.957652066	-0.4659569879
135.3	-1.991648403	-0.2190026075
135.4	-2.002486191	-0.002922605857
135.5	-1.993234772	0.1831808589
135.6	-1.966739826	0.3426243918
135.7	-1.925452166	0.4798049721
135.8	-1.871367299	0.5993214789
135.9	-1.806032165	0.7054927533
136	-1.730585222	0.8021516058
136.1	-1.645808247	0.8926022395
136.2	-1.552177489	0.9796585275
136.3	-1.449909455	1.065712448
136.4	-1.339000303	1.152796264
136.5	-1.219258124	1.242624256
136.6	-1.090337062	1.336591802
136.7	-0.9517674225	1.43572097
136.8	-0.8030025649	1.540531524
136.9	-0.6434774501	1.650819596
137	-0.4726968393	1.765310753
137.1	-0.2903660693	1.881202465
137.2	-0.09656968789	1.993611584
137.3	0.1079934757	2.095046413
137.4	0.3217318659	2.17515586
137.5	0.5418879192	2.221122125
137.6	0.7643558571	2.219134724
137.7	0.9837082926	2.157131084
137.8	1.193546608	2.028354396
137.9	1.387197593	1.834457952
138	1.558627966	1.586508455
138.1	1.703309347	1.302959221
138.2	1.818750383	1.005259918
138.3	1.904550143	0.7130448206
138.4	1.962032167	0.440799122
138.5	1.993656673	0.1967668379
138.6	2.002421169	-0.01632716676
138.7	1.991384919	-0.1996841222
138.8	1.963360857	-0.3567762327
138.9	1.920757021	-0.4920513305
139	1.865524538	-0.6100968323
139.1	1.799168832	-0.7151902711
139.2	1.722791587	-0.8111133699
139.3	1.637142802	-0.9011203736
139.4	1.54267185	-0.9879818291
139.5	1.439572464	-1.074051677
139.6	1.327820691	-1.161330942
139.7	1.207209472	-1.251503318
139.8	1.077377822	-1.345931639
139.9	0.9378479611	-1.445595897
140	0.7880678931	-1.550959932
140.1	0.6274744642	-1.661729308
140.2	0.455586657	-1.776506782
140.3	0.2721366691	-1.892313755
140.4	0.07725679377	-2.004034324
140.5	-0.1282786632	-2.103906276
140.6	-0.3427778117	-2.181307557
140.7	-0.5633587106	-2.223238943
140.8	-0.7857818521	-2.215922731
140.9	-1.004505015	-2.147647789
141	-1.213067659	-2.012355259
141.1	-1.404816894	-1.81261006
141.2	-1.573830437	-1.560329924
141.3	-1.715760842	-1.274472081
141.4	-1.828324154	-0.9765097912
141.5	-1.911307224	-0.6856904144
141.6	-1.966170726	-0.4159085651
141.7	-1.995451518	-0.1748225934
141.8	-2.002171517	0.03529764238
141.9	-1.989376847	0.2159414993
142	-1.959846161	0.3707244325
142.1	-1.91594435	0.5041371599
142.2	-1.859578277	0.6207517135
142.3	-1.792212229	0.7248025653
142.4	-1.714911594	0.8200202061
142.5	-1.628395254	0.9096097165
142.6	-1.533085953	0.9962977871
142.7	-1.429154652	1.082402556
142.8	-1.316558891	1.169892524
142.9	-1.195074163	1.260422121
143	-1.064328426	1.355320672
143.1	-0.9238328787	1.455526
143.2	-0.7730319934	1.561438391
143.3	-0.6113664438	1.672678102
143.4	-0.4383680192	1.787715017
143.5	-0.2537995067	1.903388616
143.6	-0.05784451532	2.014348978
143.7	0.1486481697	2.112557143
143.8	0.3638818631	2.187127027
143.9	0.5848477915	2.224894898
144	0.8071739934	2.212137653
144.1	1.025206915	2.137532081
144.2	1.232430952	1.9957475
144.3	1.422222483	1.790267307
144.4	1.58877843	1.533836725
144.5	1.727936599	1.245874691
144.6	1.837620462	0.9478310182
144.7	1.917800924	0.6585374636
144.8	1.970069976	0.3912904426
144.9	1.997035851	0.1531704499
145	2.001739966	-0.05399148268
145.1	1.987212893	-0.2319568704
145.2	1.956197703	-0.3844731122
145.3	1.911015688	-0.5160665099
145.4	1.853529644	-0.6312897395
145.5	1.785163168	-0.7343328927
145.6	1.70694587	-0.8288750265
145.7	1.619565804	-0.9180720738
145.8	1.523419618	-1.004608807
145.9	1.418656317	-1.090766521
146	1.305213837	-1.17848319
146.1	1.182853223	-1.269382306
146.2	1.051187763	-1.364759779
146.3	0.9097215129	-1.465508561
146.4	0.7578948704	-1.571968661
146.5	0.5951518937	-1.683663334
146.6	0.4210411839	-1.798929917
146.7	0.2353561502	-1.914421861
146.8	0.03833242597	-2.024546506
146.9	-0.1691005815	-2.120990367
147	-0.3850402891	-2.192605606
147.1	-0.6063505658	-2.226077616
147.2	-0.8285268332	-2.207770585
147.3	-1.04580815	-2.126782296
147.4	-1.251631063	-1.97853694
147.5	-1.439410037	-1.767441981
147.6	-1.603468989	-1.50704661
147.7	-1.739835552	-1.217184661
147.8	-1.846640099	-0.9192383176
147.9	-1.924033294	-0.6315952586
148	-1.973732769	-0.3669480545
148.1	-1.998412283	-0.1318100136
148.2	-2.001129082	0.07241114451
148.3	-1.984895324	0.2477341141
148.4	-1.952417318	0.3980264616
148.5	-1.905972489	0.5278432738
148.6	-1.847379741	0.6417144392
148.7	-1.778022401	0.7437842017
148.8	-1.698894756	0.8376801336
148.9	-1.610654701	0.9265101207
149	-1.513673127	1.012916329
149.1	-1.408076858	1.09914537
149.2	-1.29378604	1.187103246
149.3	-1.170544669	1.278384169
149.4	-1.037955978	1.37424933
149.5	-0.8955132538	1.475545968
149.6	-0.7426557091	1.582547833
149.7	-0.578831545	1.69468358
149.8	-0.4036058605	1.810149393
149.9	-0.2168061061	1.925407023
150	-0.01872309957	2.034618766
150.1	0.1896330724	2.12919269
150.2	0.4062500351	2.197727128
150.3	0.6278623955	2.226774915
150.4	0.8498345328	2.202813455
150.5	1.066302315	2.115397527
150.6	1.270661844	1.960733081
150.7	1.456374672	1.74415269
150.8	1.617899401	1.479981248
150.9	1.751457006	1.188422371
151	1.855383979	0.8907466028
151.1	1.93000647	0.6048727422
151.2	1.977161732	0.3428853809
151.3	1.999583889	0.1107409063
151.4	2.000341642	-0.09055974918
151.5	1.982426552	-0.2632771854
151.6	1.948507011	-0.4113887369
151.7	1.900816313	-0.5394715482
151.8	1.841129729	-0.6520293913
151.9	1.77079078	-0.7531596802
152	1.690758945	-0.8464384001
152.1	1.601662248	-0.9349256603
152.2	1.503846382	-1.021222633
152.3	1.397416645	-1.107540504
152.4	1.282274567	-1.195754756
152.5	1.158149773	-1.287429864
152.6	1.024632058	-1.383789755
152.7	0.8812084479	-1.485637481
152.8	0.7273137937	-1.593176293
152.9	0.5624043445	-1.705735223
153	0.3860625024	-1.821368566
153.1	0.1981500591	-1.9363379
153.2	-0.0009834943809	-2.044556874
153.3	-0.2102436325	-2.137154901
153.4	-0.4275073381	-2.202479769
153.5	-0.6493785518	-2.226973909
153.6	-0.8710914812	-2.197257928
153.7	-1.086683501	-2.103377197
153.8	-1.289517907	-1.942343467
153.9	-1.473112174	-1.720414393
154	-1.632066955	-1.452659007
154.1	-1.762800149	-1.159605124
154.2	-1.863853051	-0.8623694959
154.3	-1.935722508	-0.5783779051
154.4	-1.980359515	-0.3191050279
154.5	-2.000553179	-0.0899621075
154.6	-1.999380016	0.1084401499
154.7	-1.979808597	0.2785901406
154.8	-1.944468373	0.4245641413
154.9	-1.895548364	0.5509552136
155	-1.834780453	0.6622380608
155.1	-1.763468783	0.7624621448
155.2	-1.682538575	0.8551523644
155.3	-1.592588557	0.9433211156
155.4	-1.493939233	1.029529228
155.5	-1.386675071	1.115953537
155.6	-1.270679381	1.204439496
155.7	-1.14566699	1.296518764
155.8	-1.011215784	1.393382503
155.9	-0.8668051423	1.495782016
156	-0.7118693431	1.603852045
156.1	-0.5458702681	1.716818217
156.2	-0.3684101468	1.832583125
156.3	-0.1793888897	1.947207838
156.4	0.02078491394	2.054350739
156.5	0.2309300464	2.144862068
156.6	0.4488089442	2.206852193
156.7	0.6708942028	2.226665575
156.8	0.8922917816	2.191098746
156.9	1.106945329	2.090722955
157	1.308193269	1.92337853
157.1	1.489618054	1.696243474
157.2	1.645969379	1.425100553
157.3	1.773864713	1.130752616
157.4	1.872048514	0.8341211777
157.5	1.941183579	0.5521189624
157.6	1.983328879	0.2956098391
157.7	2.001323158	0.06947277803
157.8	1.998246945	-0.1260557015
157.9	1.977043809	-0.2936770101
158	1.940303364	-0.4375568065
158.1	1.890170183	-0.5622981583
158.2	1.828333075	-0.6723439005
158.3	1.756057319	-0.7716948091
158.4	1.67423428	-0.8638242888
158.5	1.583433752	-0.9516985386
158.6	1.483951946	-1.037838241
158.7	1.375852133	-1.124386209
158.8	1.259000081	-1.213156784
158.9	1.133095948	-1.305653482
159	0.997706412	-1.40302591
159.1	0.8523039784	-1.505981012
159.2	0.6963212534	-1.614574829
159.3	0.5292290654	-1.727928039
159.4	0.3506500364	-1.843789296
159.5	0.1605227823	-1.958010328
159.6	-0.04068052347	-2.063992534
159.7	-0.2516894813	-2.152305963
159.8	-0.4701507688	-2.210830104
159.9	-0.6924044077	-2.225836583
160	-0.9134297579	-2.184328413
160.1	-1.127082082	-2.077435963
160.2	-1.326682982	-1.903848506
160.3	-1.505888632	-1.671658153
160.4	-1.659604584	-1.397325323
160.5	-1.784650507	-1.101881586
160.6	-1.879971885	-0.8060140522
160.7	-1.946392348	-0.5261024113
160.8	-1.986072779	-0.2724016007
160.9	-2.001896638	-0.04927126602
161	-1.996945037	0.1434096504
161.1	-1.974134419	0.3085420634
161.2	-1.936013759	0.4503710551
161.3	-1.884683142	0.5735043405
161.4	-1.82178861	0.6823503589
161.5	-1.748557006	0.7808603714
161.6	-1.665846445	0.87245704
161.7	-1.574198252	0.9600600662
161.8	-1.473884323	1.046151256
161.9	-1.364947739	1.132839752
162	-1.247236401	1.2219103
162.1	-1.120436861	1.314833524
162.2	-0.984103805	1.412724136
162.3	-0.8377039657	1.516232037
162.4	-0.6806696379	1.62534365
162.5	-0.5124799899	1.739062888
162.6	-0.3327814301	1.854981293
162.7	-0.1415532343	1.968737969
162.8	0.06066857862	2.073470443
162.9	0.2725198441	2.159472943
163	0.4915291025	2.21440256
163.1	0.7139039925	2.224477806
163.2	0.9344992133	2.176942208
163.3	1.147087148	2.06351882
163.4	1.34498099	1.883764027
163.5	1.521919511	1.646674755
163.6	1.67297031	1.369353075
163.7	1.795157205	1.073010494
163.8	1.887624229	0.7780611
163.9	1.951350654	0.5003354209
164	1.98859364	0.2494824419
164.1	2.002276191	0.02935630642
164.2	1.995476585	-0.1605054288
164.3	1.971082335	-0.3231892472
164.4	1.931601087	-0.4630108432
164.5	1.879088381	-0.5845774328
164.6	1.815147846	-0.6922607173
164.7	1.740968386	-0.789961767
164.8	1.657375236	-0.8810526379
164.9	1.564881887	-0.9684079069
165	1.463736399	-1.054469988
165.1	1.353961258	-1.141315808
165.2	1.235388277	-1.230699779
165.3	1.107688379	-1.324060278
165.4	0.9704072303	-1.422473761
165.5	0.8230045169	-1.526537623
165.6	0.6649133328	-1.636155494
165.7	0.4956237279	-1.750219622
165.8	0.3148048763	-1.866155917
165.9	0.1224795756	-1.979383714
166	-0.0807472227	-2.082776658
166.1	-0.2934176817	-2.16635083
166.2	-0.5129399341	-2.217553751
166.3	-0.7353878914	-2.222576419
166.4	-0.9554944219	-2.168933907
166.5	-1.166954946	-2.048974671
166.6	-1.363082579	-1.863138573
166.7	-1.537707295	-1.62131369
166.8	-1.68606497	-1.341204224
166.9	-1.805385071	-1.044155761
167	-1.895007417	-0.7502735973
167.1	-1.956061483	-0.4748236899
167.2	-1.990894569	-0.2268531737
167.3	-2.002464746	-0.009725689386
167.4	-1.993844228	0.1773465724
167.5	-1.967889816	0.3376228716
167.6	-1.927067142	0.4754805248
167.7	-1.873387278	0.5955213675
167.8	-1.808411787	0.7020782889
167.9	-1.733292126	0.7990019053
168	-1.648821267	0.8896138864
168.1	-1.555484979	0.9767436951
168.2	-1.45350793	1.062796461
168.3	-1.342893118	1.149815787
168.4	-1.223454455	1.239526077
168.5	-1.094850874	1.333334875
168.6	-0.956616065	1.432277509
168.7	-0.8082053585	1.536894492
168.8	-0.6490528004	1.647011081
168.9	-0.4786590834	1.761395657
169	-0.2967203369	1.877306534
169.1	-0.1033043722	1.989939862
169.2	0.1009150393	2.091898966
169.3	0.314380949	2.172927961
169.4	0.5343792147	2.22027483
169.5	0.7568507762	2.220125044
169.6	0.9764091737	2.160300905
169.7	1.186679046	2.033808139
169.8	1.380982143	1.841983372
169.9	1.553248249	1.595591328
170	1.698886931	1.31289837
170.1	1.815334335	1.015335025
170.2	1.902122912	0.7226633901
170.3	1.960526881	0.4495730915
170.4	1.992978246	0.2045152621
170.5	2.00246504	-0.009622453204
170.6	1.99205038	-0.1939368663
170.7	1.964558864	-0.3518470744
170.8	1.922413544	-0.4877840893
170.9	1.867581063	-0.6063398093
171	1.801581333	-0.7118064211
171.1	1.725528848	-0.8079835039
171.2	1.640184647	-0.8981427827
171.3	1.546007529	-0.9850699975
171.4	1.443199136	-1.071132064
171.5	1.33174237	-1.158341155
171.6	1.211435828	-1.248391653
171.7	1.08192317	-1.342657485
171.8	0.942730034	-1.442133855
171.9	0.7933057977	-1.547304829
172	0.6330867022	-1.657906682
172.1	0.4615868423	-1.772587139
172.2	0.2785284015	-1.888429209
172.3	0.08402672043	-2.000398721
172.4	-0.121170038	-2.100829065
172.5	-0.335405862	-2.17919165
172.6	-0.5558425763	-2.222549634
172.7	-0.7782872757	-2.217111296
172.8	-0.9972375672	-2.151038217
172.9	-1.20625382	-2.018023831
173	-1.398675002	-1.820313109
173.1	-1.568539043	-1.569528167
173.2	-1.711434674	-1.284454807
173.3	-1.825005347	-0.986563648
173.4	-1.908972613	-0.6952407812
173.5	-1.964749797	-0.4245883527
173.6	-1.994847491	-0.1824688395
173.7	-2.0022797	0.02869043356
173.8	-1.990097428	0.2102798569
173.9	-1.961091453	0.3658661029
174	-1.917641831	0.4999256764
174.1	-1.861670894	0.6170364612
174.2	-1.794657278	0.7214481699
174.3	-1.717679004	0.8169092757
174.4	-1.631465842	0.9066420264
174.5	-1.536449737	0.9933882086
174.6	-1.432809558	1.079478736
174.7	-1.320509501	1.166893222
174.8	-1.199330618	1.257296011
174.9	-1.068905519	1.352029393
175	-0.9287481718	1.452044244
175.1	-0.7783056108	1.557765933
175.2	-0.6170155091	1.668842474
175.3	-0.4444060979	1.783791332
175.4	-0.2602291192	1.899517479
175.5	-0.06464933017	2.010752057
175.6	0.1415103644	2.109554213
175.7	0.3564899644	2.185129812
175.8	0.5773257564	2.224369244
175.9	0.799691907	2.213528495
176	1.017973357	2.141144513
176.1	1.225672992	2.0016283
176.2	1.416155945	1.798141198
176.3	1.583576471	1.543142489
176.4	1.723707112	1.25589386
176.5	1.834398749	0.9578583789
176.6	1.915558291	0.6680163569
176.7	1.968732477	0.3998744793
176.8	1.99650522	0.1607145609
176.9	2.001911582	-0.04748074266
177	1.987987828	-0.2263795021
177.1	1.957489661	-0.3796840997
177.2	1.912753669	-0.5119092968
177.3	1.855658042	-0.6276149612
177.4	1.787640568	-0.7310068457
177.5	1.709743307	-0.8257819403
177.6	1.622665059	-0.9151135596
177.7	1.526811645	-1.001700774
177.8	1.422339483	-1.087837896
177.9	1.309193672	-1.175473226
178	1.187139839	-1.266242068
178.1	1.055796879	-1.361450463
178.2	0.9146710273	-1.462009405
178.3	0.7632036568	-1.568277761
178.4	0.6008385144	-1.67981454
178.5	0.4271173589	-1.795004803
178.6	0.2418225037	-1.910565914
178.7	0.04517208145	-2.020991805
178.8	-0.1619337073	-2.118064927
178.9	-0.3776296161	-2.190727297
179	-0.5988241857	-2.225717754
179.1	-0.8210590329	-2.209365228
179.2	-1.038610426	-2.130616321
179.3	-1.244930804	-1.984628173
179.4	-1.433420249	-1.775484341
179.5	-1.598357367	-1.516454902
179.6	-1.735702934	-1.227234241
179.7	-1.843515015	-0.929233724
179.8	-1.921881871	-0.6409993121
179.9	-1.972477712	-0.3754352743
180	-1.997954094	-0.1392520748
180.1	-2.001363101	0.06599603261
180.2	-1.985723722	0.2422395472
180.3	-1.953755195	0.3933053213
180.4	-1.907750343	0.5237390155
180.5	-1.849543409	0.6380788937
180.6	-1.780531759	0.740485412
180.7	-1.701722017	0.8346042597
180.8	-1.613782527	0.9235597324
180.9	-1.517093083	1.010009301
181	-1.411788521	1.096211274
181.1	-1.297794696	1.184083367
181.2	-1.174862334	1.27522903
181.3	-1.042596967	1.370922649
181.4	-0.9004966656	1.472027123
181.5	-0.7480003829	1.578839955
181.6	-0.5845550586	1.690823132
181.7	-0.409719783	1.806222753
181.8	-0.2233099159	1.921568443
181.9	-0.02559661126	2.031108627
182	0.1824385767	2.126348954
182.1	0.3988218966	2.195976063
182.2	0.6203333978	2.226586867
182.3	0.8423831822	2.204615837
182.4	1.05914272	2.119453931
182.5	1.264021413	1.967030654
182.6	1.450463327	1.752354762
182.7	1.612879065	1.489483123
182.8	1.747421544	1.19849511
182.9	1.852355236	0.9007051824
183	1.927945406	0.6141990149
183.1	1.975988099	0.3512743639
183.2	1.999196965	0.1180811785
183.3	2.0006371	-0.08423912172
183.4	1.983307546	-0.2578641155
183.5	1.949890092	-0.4067339373
183.6	1.902633495	-0.5354187587
183.7	1.843328269	-0.6484318323
183.8	1.773331815	-0.7498870887
183.9	1.693615736	-0.8433785331
184	1.604818443	-0.9319829597
184.1	1.507294436	-1.018315816
184.2	1.401156473	-1.104600583
184.3	1.286312579	-1.192723379
184.4	1.162497402	-1.284259408
184.5	1.029305328	-1.38044506
184.6	0.8862257308	-1.482099942
184.7	0.7326943605	-1.589451213
184.8	0.5681653249	-1.701863861
184.9	0.3922143222	-1.817442698
185	0.2046907234	-1.93251913
185.1	0.005923827395	-2.041094957
185.2	-0.2030220435	-2.134396767
185.3	-0.4200629792	-2.200858779
185.4	-0.6418486497	-2.226961197
185.5	-0.8636586216	-2.199270285
185.6	-1.079564234	-2.10765585
185.7	-1.282939371	-1.94884512
185.8	-1.467280903	-1.728772132
185.9	-1.627138955	-1.462248694
186	-1.758862184	-1.169694845
186.1	-1.860920401	-0.8722862094
186.2	-1.93375125	-0.5876234756
186.3	-1.979266545	-0.3273947991
186.4	-2.00023677	-0.09720076381
186.5	-1.999736148	0.1022130855
186.6	-1.980741558	0.2732571914
186.7	-1.945896161	0.419974331
186.8	-1.897404499	0.5469526409
186.9	-1.837013605	0.6586773438
187	-1.766041344	0.7592147767
187.1	-1.685424896	0.8521077911
187.2	-1.595773168	0.9403852053
187.3	-1.497415375	1.026622113
187.4	-1.390443397	1.113007178
187.5	-1.274746672	1.201396622
187.6	-1.150045446	1.293332851
187.7	-1.015921413	1.390019695
187.8	-0.871856714	1.492225524
187.9	-0.7172860208	1.60011065
188	-0.5516685871	1.712936613
188.1	-0.3745998981	1.828659165
188.2	-0.1859664843	1.943411158
188.3	0.01384448591	2.050940111
188.4	0.2236823315	2.142194081
188.5	0.4413495811	2.205366495
188.6	0.6633650553	2.226832349
188.7	0.8848794132	2.193323533
188.8	1.099868499	2.095223506
188.9	1.301678546	1.930080205
189	1.483868283	1.704750095
189.1	1.641134438	1.43477044
189.2	1.770024313	1.140852779
189.3	1.869211481	0.8439914623
189.4	1.93930125	0.561281218
189.5	1.982315514	0.3037995631
189.6	2.001076191	0.07661033912
189.7	1.998662804	-0.1199209798
189.8	1.978027917	-0.2884227181
189.9	1.941775193	-0.4330304494
190	1.892064757	-0.5583443787
190.1	1.830600464	-0.6688187842
190.2	1.758661145	-0.7684715811
190.3	1.677149937	-0.8607940653
190.4	1.586646701	-0.9487687441
190.5	1.487456204	-1.034930092
190.6	1.379648906	-1.121432873
190.7	1.263096919	-1.210101894
190.8	1.137505115	-1.302451661
190.9	1.002444725	-1.399645016
191	0.8573898793	-1.502405853
191.1	0.7017742007	-1.610817016
191.2	0.5350650054	-1.724037231
191.3	0.3568775854	-1.83986901
191.4	0.1671369328	-1.95423809
191.5	-0.03370732882	-2.060636405
191.6	-0.2444163926	-2.14973166
191.7	-0.4626777357	-2.20948354
191.8	-0.6848777316	-2.226186477
191.9	-0.906039881	-2.186767551
192	-1.120049761	-2.082157666
192.1	-1.320233915	-1.910746814
192.2	-1.500221705	-1.680308141
192.3	-1.654863431	-1.407068874
192.4	-1.780907714	-1.111986152
192.5	-1.877229961	-0.8158334126
192.6	-1.944598116	-0.5351790297
192.7	-1.985138055	-0.2804906876
192.8	-2.001718162	-0.05630821683
192.9	-1.997419729	0.1373660936
193	-1.975168926	0.3033649471
193.1	-1.937529027	0.4459066948
193.2	-1.886615693	0.5695980095
193.3	-1.824089894	0.6788596478
193.4	-1.751191872	0.7776602813
193.5	-1.668791324	0.8694402992
193.6	-1.577439475	0.9571355731
193.7	-1.477416695	1.043241512
193.8	-1.368773122	1.129878937
193.9	-1.251362783	1.218842922
194	-1.124877172	1.311615651
194.1	-0.9888747874	1.40932447
194.2	-0.8428246736	1.512638391
194.3	-0.6861588643	1.621570175
194.4	-0.518353551	1.735163389
194.5	-0.3390470069	1.851066258
194.6	-0.1482036616	1.964992645
194.7	0.05366336185	2.070172605
194.8	0.2652223496	2.15699746
194.9	0.4840437239	2.213199846
195	0.706381624	2.225014566
195.1	0.9271340039	2.179597631
195.2	1.140101597	2.068460675
195.3	1.338599604	1.890854599
195.4	1.516336891	1.655461443
195.5	1.668323636	1.379162995
195.6	1.791512054	1.083113039
195.7	1.88497694	0.7878251809
195.8	1.949643728	0.5093239463
195.9	1.98773659	0.2574701622
196	2.002165213	0.03629322707
196.1	1.996009238	-0.154551806
196.2	1.972166495	-0.3180878944
196.3	1.933159193	-0.4586070337
196.4	1.881058449	-0.5807172207
196.5	1.817482694	-0.6888032506
196.6	1.743634056	-0.7867837851
196.7	1.660349198	-0.8780485909
196.8	1.568151367	-0.9654880177
196.9	1.467296868	-1.051557994
197	1.357815304	-1.138346899
197.1	1.239544335	-1.227619737
197.2	1.112159862	-1.320825864
197.3	0.9752111728	-1.419055746
197.4	0.8281599393	-1.52292533
197.5	0.6704391697	-1.632366659
197.6	0.5015350193	-1.746312984
197.7	0.3211081116	-1.862247823
197.8	0.1291660659	-1.975667979
197.9	-0.07371032354	-2.079540279
198	-0.2860967546	-2.163977187
198.1	-0.5054436589	-2.216499103
198.2	-0.727871598	-2.223303763
198.3	-0.9481558713	-2.171807238
198.4	-1.160018146	-2.054135482
198.5	-1.356770556	-1.870417554
198.6	-1.532210171	-1.630231073
198.7	-1.681513363	-1.351074043
198.8	-1.801837472	-1.054250613
198.9	-1.892454159	-0.7599783649
199	-1.954440947	-0.4837222579
199.1	-1.990114204	-0.2347393047
199.2	-2.002420314	-0.0165632717
199.3	-1.994433968	0.1714816401
199.4	-1.969022903	0.3325957782
199.5	-1.928667509	0.4711358034
199.6	-1.875394422	0.5917059467
199.7	-1.810779882	0.6986529139
199.8	-1.735988399	0.7958450765
199.9	-1.651824197	0.8866216295
200	-1.558782631	0.9738277036
200.1	-1.457096565	1.059881633
200.2	-1.34677587	1.146838399
200.3	-1.227640352	1.236432712
200.4	-1.099353676	1.3300838
200.5	-0.961453102	1.428840644
200.6	-0.8133958408	1.533263925
200.7	-0.6546152554	1.643207586
200.8	-0.4846081316	1.75748254
200.9	-0.3030613954	1.873407176
201	-0.110026588	1.986256292
201.1	0.0938472682	2.088727879
201.2	0.3070376164	2.170661616
201.3	0.5268734813	2.219372941
201.4	0.7493424755	2.221046537
201.5	0.9690994865	2.16339363
201.6	1.179793202	2.039186256
201.7	1.374741382	1.849445766
201.8	1.547837912	1.604632478
201.9	1.694430954	1.32282068
202	1.811884233	1.025416198
202.1	1.899663139	0.7323049321
202.2	1.958991897	0.4583796323
202.3	1.99227358	0.2122993807
202.4	2.002486193	-0.002883450503
202.5	1.992696369	-0.1881593456
202.6	1.96574017	-0.346892803
202.7	1.924055612	-0.4834970251
202.8	1.869624865	-0.6025678834
202.9	1.803982377	-0.708412008
203	1.728255519	-0.8048468244
203.1	1.643216428	-0.8951615457
203.2	1.54933336	-0.9821572077
203.3	1.446815936	-1.068213794
203.4	1.335653949	-1.155354663
203.5	1.215651667	-1.245284788
203.6	1.08645747	-1.339389354
203.7	0.9476003938	-1.438678406
203.8	0.7985313678	-1.543656017
203.9	0.6386860277	-1.654088921
204	0.4675737545	-1.768669027
204.1	0.284906979	-1.884540495
204.2	0.09078436476	-1.9967502
204.3	-0.1140718732	-2.097726805
204.4	-0.328041147	-2.177035887
204.5	-0.5483288778	-2.221804534
204.6	-0.7707888106	-2.218230132
204.7	-0.9899587924	-2.154351317
204.8	-1.199420942	-2.023617502
204.9	-1.392507172	-1.827954691
205	-1.56321662	-1.578686919
205.1	-1.707074784	-1.294423127
205.2	-1.821652538	-0.9966255681
205.3	-1.906605666	-0.7048154047
205.4	-1.963299453	-0.4333013016
205.5	-1.994217552	-0.1901508464
205.6	-2.00236549	0.02204922071
205.7	-1.990798818	0.2045884101
205.8	-1.962320282	0.36098316
205.9	-1.919325043	0.4956948487
206	-1.863750929	0.6133067412
206.1	-1.797090969	0.718083596
206.2	-1.720435891	0.8137918425
206.3	-1.634526387	0.9036709539
206.4	-1.539803678	0.9904779209
206.5	-1.436454586	1.076556453
206.6	-1.324449965	1.163897313
206.7	-1.203576549	1.254174965
206.8	-1.073471457	1.348744108
206.9	-0.933652036	1.448569691
207	-0.7835665731	1.554099273
207.1	-0.6226517275	1.665011174
207.2	-0.4504309209	1.779869127
207.3	-0.2666452795	1.895641359
207.4	-0.07144192634	2.007141401
207.5	0.1343825899	2.106524718
207.6	0.3491049594	2.183089854
207.7	0.5698056295	2.223785384
207.8	0.7922052204	2.214847879
207.9	1.010727682	2.144678966
208	1.218895223	2.007435155
208.1	1.410062815	1.805956319
208.2	1.578343079	1.55241166
208.3	1.719443726	1.265901093
208.4	1.831143053	0.9678955307
208.5	1.913283535	0.6775205796
208.6	1.967365886	0.4084921754
208.7	1.995949004	0.1682943646
208.8	2.00206107	-0.04093638813
208.9	1.988743801	-0.2207727969
209	1.958765329	-0.374871022
209.1	1.914477497	-0.5077332768
209.2	1.857773919	-0.6239261739
209.3	1.790106629	-0.7276709985
209.4	1.712530219	-0.8226827707
209.5	1.62575427	-0.9121519006
209.6	1.530193711	-0.9987922916
209.7	1.426012747	-1.084911021
209.8	1.313163167	-1.172467248
209.9	1.191415926	-1.263106773
210	1.0603947	-1.358147725
210.1	0.9196084841	-1.458516199
210.2	0.7685001429	-1.56459313
210.3	0.6065118947	-1.675970582
210.4	0.433179997	-1.791079954
210.5	0.2482760061	-1.906704296
210.6	0.05199956091	-2.017421904
210.7	-0.154777012	-2.115111483
210.8	-0.3702255402	-2.188807203
210.9	-0.5912992189	-2.225299674
211	-0.8135860533	-2.210888391
211.1	-1.031399927	-2.134372761
211.2	-1.238210096	-1.990645858
211.3	-1.427403385	-1.783467976
211.4	-1.593214033	-1.525827828
211.5	-1.731536405	-1.237274023
211.6	-1.840356143	-0.9392409258
211.7	-1.919698557	-0.6504298948
211.8	-1.971193876	-0.3839564829
211.9	-1.997470622	-0.1467298262
212	-2.00157536	0.05954761541
212.1	-1.986533461	0.2367162086
212.2	-1.955077039	0.3885606111
212.3	-1.909514263	0.5196163982
212.4	-1.851694736	0.6344297824
212.5	-1.783029923	0.7371772362
212.6	-1.704538801	0.8315224439
212.7	-1.616900301	0.9206066534
212.8	-1.520503243	1.007102022
212.9	-1.415490114	1.093279229
213	-1.301793237	1.18106689
213.1	-1.179168862	1.2720791
213.2	-1.047226733	1.367602168
213.3	-0.9054680088	1.468514965
213.4	-0.7533325439	1.575138131
213.5	-0.5902655636	1.686966875
213.6	-0.4158204271	1.802296446
213.7	-0.2298006989	1.917723626
213.8	-0.03245822109	2.027582563
213.9	0.1752537655	2.123476281
214	0.391399816	2.194180466
214.1	0.6128052085	2.226338495
214.2	0.8349259422	2.206345409
214.3	1.051969635	2.123432611
214.4	1.257359914	1.973256251
214.5	1.444524446	1.760501242
214.6	1.607826766	1.498952774
214.7	1.743352141	1.208560364
214.8	1.8492929	0.9106771637
214.9	1.925852853	0.6235527873
215	1.974786132	0.3596977483
215.1	1.998785242	0.1254569639
215.2	2.000911198	-0.07788560871
215.3	1.98417025	-0.2524227617
215.4	1.951257448	-0.4020561413
215.5	1.90443699	-0.5313481545
215.6	1.845514664	-0.6448211619
215.7	1.775861806	-0.7466054856
215.8	1.696462203	-0.8403131637
215.9	1.607964714	-0.9290377278
216	1.510732682	-1.01540901
216.1	1.404886396	-1.101662821
216.2	1.290340356	-1.189695998
216.3	1.166834371	-1.281094318
216.4	1.033967303	-1.377106723
216.5	0.8912310598	-1.478569001
216.6	0.7380623713	-1.585732089
216.7	0.5739132079	-1.697996341
216.8	0.3983528507	-1.813516476
216.9	0.2112185102	-1.928693208
217	0.01281940341	-2.03761584
217.1	-0.1958098488	-2.131608136
217.2	-0.412624199	-2.199191864
217.3	-0.6343188968	-2.226886719
217.4	-0.85621908	-2.201208933
217.5	-1.072430642	-2.111856798
217.6	-1.276338988	-1.955275702
217.7	-1.461421472	-1.737076016
217.8	-1.622178595	-1.471808466
217.9	-1.754890132	-1.179779412
218	-1.85795421	-0.8822181109
218.1	-1.931748685	-0.5968975877
218.2	-1.97814549	-0.33571938
218.3	-1.999895837	-0.1044749081
218.4	-2.000071182	0.09595344839
218.5	-1.98165645	0.2678963918
218.6	-1.947308402	0.4153619731
218.7	-1.899247081	0.5429326782
218.8	-1.839234706	0.6551038931
218.9	-1.768602922	0.7559587243
219	-1.688300919	0.8490579804
219.1	-1.598947857	0.9374470146
219.2	-1.500881702	1.023715199
219.3	-1.394201765	1.110063152
219.4	-1.278803703	1.19835783
219.5	-1.154413139	1.290152433
219.6	-1.020615684	1.38666325
219.7	-0.8768962865	1.488675646
219.8	-0.7226900519	1.596375009
219.9	-0.557453806	1.709058469
220	-0.3807764001	1.824734344
