0	1.5	0.5
0.1	1.541002453	0.320901617
0.2	1.564421156	0.1489657712
0.3	1.57113503	-0.01284103996
0.4	1.562237118	-0.1631639046
0.5	1.538888103	-0.3019414009
0.6	1.502205576	-0.4300358431
0.7	1.4531892	-0.5488920433
0.8	1.39267674	-0.6602642198
0.9	1.32132363	-0.7660172066
1	1.239599117	-0.8679906889
1.1	1.147793859	-0.9679068409
1.2	1.046034835	-1.067297273
1.3	0.9343091843	-1.167432337
1.4	0.8124923919	-1.269227758
1.5	0.6803932848	-1.373110482
1.6	0.5378081748	-1.478831181
1.7	0.3846039064	-1.585198245
1.8	0.2208270243	-1.689758735
1.9	0.04684607969	-1.7884375
2	-0.1364672285	-1.875245233
2.1	-0.3275430638	-1.942206163
2.2	-0.5239281148	-1.979742665
2.3	-0.7221727482	-1.977755143
2.4	-0.9178645997	-1.92745057
2.5	-1.105873447	-1.823655654
2.6	-1.280821924	-1.666871203
2.7	-1.437709174	-1.46412569
2.8	-1.572531376	-1.228013462
2.9	-1.682719589	-0.9741241205
3	-1.767280158	-0.7178552073
3.1	-1.826635599	-0.4717922716
3.2	-1.862264592	-0.2443653938
3.3	-1.876274461	-0.03979641524
3.4	-1.871014988	0.1411167558
3.5	-1.84878986	0.2999104213
3.6	-1.811675522	0.4394430453
3.7	-1.761429426	0.5631320893
3.8	-1.699460809	0.6744630517
3.9	-1.62683892	0.7767196625
4	-1.544320198	0.8728650995
4.1	-1.45238212	0.9655108692
4.2	-1.351258505	1.056928567
4.3	-1.240971786	1.149068382
4.4	-1.121366052	1.243560588
4.5	-0.9921382786	1.341685934
4.6	-0.8528789969	1.444282434
4.7	-0.7031239109	1.551587765
4.8	-0.5424242001	1.662971571
4.9	-0.3704537172	1.776569261
5	-0.1871531958	1.888813221
5.1	0.007074082283	1.993925814
5.2	0.2111187028	2.083545386
5.3	0.4229047806	2.14675322
5.4	0.6391665949	2.170886395
5.5	0.8553596056	2.143451325
5.6	1.065817789	2.05506121
5.7	1.264228443	1.902661946
5.8	1.444387698	1.691671116
5.9	1.601058214	1.435725902
6	1.730665365	1.153781575
6.1	1.831614683	0.8657304662
6.2	1.904174744	0.5883917218
6.3	1.95003887	0.3332326606
6.4	1.97175919	0.1060544908
6.5	1.972224538	-0.091981804
6.6	1.954271059	-0.2628260112
6.7	1.92044515	-0.4101154903
6.8	1.872890537	-0.538126431
6.9	1.813319859	-0.6511257062
7	1.743034425	-0.7530382887
7.1	1.662965937	-0.847322051
7.2	1.573724458	-0.9369587702
7.3	1.475643648	-1.024498771
7.4	1.368821584	-1.112118244
7.5	1.253155407	-1.201663202
7.6	1.128373432	-1.294661403
7.7	0.9940683598	-1.392290238
7.8	0.8497361116	-1.495272668
7.9	0.6948314544	-1.603694285
8	0.5288429304	-1.71670805
8.1	0.351407777	-1.832115922
8.2	0.1624725078	-1.945854975
8.3	-0.03749467527	-2.051452056
8.4	-0.2472409796	-2.139651873
8.5	-0.4644502221	-2.198542318
8.6	-0.6855210761	-2.214598767
8.7	-0.9055088539	-2.174955613
8.8	-1.118350705	-2.070719723
8.9	-1.317437775	-1.900353419
9	-1.496463836	-1.671549371
9.1	-1.65032797	-1.40031287
9.2	-1.775801212	-1.107310014
9.3	-1.871752916	-0.8130503556
9.4	-1.938922932	-0.5339323134
9.5	-1.979397617	-0.2803622728
9.6	-1.996004115	-0.05690325207
9.7	-1.991787426	0.1363737708
9.8	-1.969645211	0.3022195737
9.9	-1.932120166	0.4447778135
10	-1.881314103	0.5685957146
10.1	-1.81887927	0.6780510391
10.2	-1.746050758	0.7770835298
10.3	-1.663695392	0.8691150742
10.4	-1.572363055	0.9570708598
10.5	-1.4723337	1.04343935
10.6	-1.363657142	1.130337457
10.7	-1.246188343	1.219555691
10.8	-1.11961855	1.312572903
10.9	-0.9835095357	1.410505713
11	-0.8373310062	1.514012901
11.1	-0.680520499	1.623081412
11.2	-0.5125608772	1.736728147
11.3	-0.3331000119	1.852554863
11.4	-0.1421188466	1.966219672
11.5	0.0598471146	2.070889884
11.6	0.271439693	2.156895773
11.7	0.4901961255	2.211939786
11.8	0.7123367365	2.222281338
11.9	0.9327328897	2.175184799
12	1.145173918	2.062359593
12.1	1.342986351	1.883305454
12.2	1.519914856	1.646929022
12.3	1.671023535	1.370236581
12.4	1.793324008	1.074369465
12.5	1.885943171	0.7797135847
12.6	1.94984236	0.502111226
12.7	1.9872633	0.2512482389
12.8	2.00111807	0.03102407154
12.9	1.994478202	-0.1589834295
13	1.970228038	-0.3218306488
13.1	1.930874507	-0.4618133945
13.2	1.878474022	-0.5835276085
13.3	1.814631853	-0.6913397584
13.4	1.740538892	-0.7891494984
13.5	1.657022431	-0.8803292173
13.6	1.564597702	-0.9677547901
13.7	1.463514631	-1.053871041
13.8	1.353797543	-1.140755928
13.9	1.235278697	-1.230165167
14	1.107631835	-1.323540474
14.1	0.970402232	-1.421957512
14.2	0.823051579	-1.526015006
14.3	0.6650132134	-1.635621044
14.4	0.4957775786	-1.749666869
14.5	0.3150152269	-1.865584519
14.6	0.1227481768	-1.97879911
14.7	-0.08042061115	-2.082191221
14.8	-0.2930334843	-2.165788806
14.9	-0.5125017414	-2.21704735
15	-0.7349034083	-2.22216604
15.1	-0.9549754262	-2.168662186
15.2	-1.16641713	-2.048875348
15.3	-1.362544189	-1.863226145
15.4	-1.537186819	-1.621578452
15.5	-1.685578597	-1.341613061
15.6	-1.804944822	-1.044660617
15.7	-1.894620259	-0.7508240069
15.8	-1.955729738	-0.4753770795
15.9	-1.990617084	-0.2273795689
16	-2.002237807	-0.01020767425
16.1	-1.993662928	0.1769160999
16.2	-1.967748973	0.3372437101
16.3	-1.926961823	0.4751484481
16.4	-1.873313066	0.5952301333
16.5	-1.808364948	0.7018210107
16.6	-1.733269612	0.7987717336
16.7	-1.648820605	0.8894045806
16.8	-1.555504473	0.9765499154
16.9	-1.453546328	1.062612858
17	-1.342949323	1.149638253
17.1	-1.223528719	1.239351242
17.2	-1.094942212	1.333158387
17.3	-0.9567254495	1.432097364
17.4	-0.8083328018	1.536709547
17.5	-0.6491990496	1.646818353
17.6	-0.4788252996	1.761197513
17.7	-0.296906312	1.877105531
17.8	-0.1035099984	1.989741071
17.9	0.1006895507	2.091712565
18	0.3141377642	2.172766116
18.1	0.5341220501	2.220155154
18.2	0.7565846702	2.220066845
18.3	0.9761411104	2.160320352
18.4	1.186417296	2.033914145
18.5	1.380735271	1.842173948
18.6	1.553023978	1.59585193
18.7	1.69869121	1.313205647
18.8	1.815170639	1.015663444
18.9	1.901992203	0.7229899516
19	1.960428073	0.4498806812
19.1	1.992908702	0.2047938926
19.2	2.002421727	-0.009376295702
19.3	1.992030091	-0.1937225389
19.4	1.964558532	-0.3516614524
19.5	1.922430522	-0.4876226825
19.6	1.867613171	-0.6061979145
19.7	1.801626835	-0.7116795367
19.8	1.725586446	-0.8078677019
19.9	1.640253493	-0.8980345402
20	1.546086927	-0.9849659816
20.1	1.44328872	-1.071030081
20.2	1.331842429	-1.158238724
20.3	1.211545692	-1.248285946
20.4	1.082044134	-1.342548969
20.5	0.9428618907	-1.442019586
20.6	0.793449633	-1.54718562
20.7	0.6332426217	-1.657782568
20.8	0.4617553584	-1.772459364
20.9	0.2787098098	-1.888301697
21	0.0842206392	-2.000277361
21.1	-0.1209647504	-2.100722675
21.2	-0.3351911671	-2.179112705
21.3	-0.5556218445	-2.222511389
21.4	-0.7780653168	-2.217127621
21.5	-0.9970204162	-2.151119632
21.6	-1.20604823	-2.018173645
21.7	-1.398487618	-1.820525161
21.8	-1.568375426	-1.569787847
21.9	-1.71129857	-1.284741463
22	-1.824898361	-0.9868559445
22.1	-1.908894362	-0.6955210873
22.2	-1.964698443	-0.4248450492
22.3	-1.994820394	-0.1826963972
22.4	-2.002273863	0.0284928184
22.5	-1.990109938	0.2101099218
22.6	-1.961119733	0.36571994
22.7	-1.917683724	0.4997988678
22.8	-1.861724682	0.6169246905
22.9	-1.794721655	0.7213474953
23	-1.717753043	0.8168162251
23.1	-1.631548908	0.9065536778
23.2	-1.536541528	0.9933020465
23.3	-1.432909945	1.079392552
23.4	-1.320618562	1.16680509
23.5	-1.199448717	1.25720504
23.6	-1.069032872	1.351933343
23.7	-0.9288856946	1.451943917
23.8	-0.7784529408	1.557658872
23.9	-0.6171741627	1.668730975
24	-0.4445758803	1.783677875
24.1	-0.2604098924	1.899404695
24.2	-0.06484149109	2.010647039
24.3	0.1413083075	2.109465097
24.4	0.3562805517	2.18506774
24.5	0.5771122024	2.224349273
24.6	0.7994789813	2.213562929
24.7	1.017767009	2.141242203
24.8	1.225479697	2.001791307
24.9	1.415981885	1.798362287
25	1.583426719	1.543404844
25.1	1.723584776	1.256177197
25.2	1.83430491	0.9581425562
25.3	1.915492274	0.6682856976
25.4	1.968692223	0.4001190273
25.5	1.996487992	0.1609297578
25.6	2.001914355	-0.0472948558
25.7	1.98800784	-0.2262200717
25.8	1.957524455	-0.3795471861
25.9	1.912801207	-0.5117904745
26	1.855716733	-0.6275099606
26.1	1.787709226	-0.7309118825
26.2	1.709821125	-0.8256938316
26.3	1.62275149	-0.9150292289
26.4	1.526906308	-1.001618114
26.5	1.422442573	-1.087754703
26.6	1.309304969	-1.175388231
26.7	1.187260179	-1.266152893
26.8	1.055926076	-1.361357133
26.9	0.914809755	-1.461909657
27	0.7633529678	-1.568173579
27.1	0.6009980701	-1.679706038
27.2	0.4272879766	-1.7948932
27.3	0.2420046573	-1.910456555
27.4	0.04536440277	-2.020890532
27.5	-0.1617321423	-2.117981303
27.6	-0.3774209376	-2.190674357
27.7	-0.5986120522	-2.225706785
27.8	-0.820848398	-2.209408907
27.9	-1.038407203	-2.130722828
28	-1.244741404	-1.984797856
28.1	-1.433250729	-1.775708661
28.2	-1.598212491	-1.516718606
28.3	-1.735585613	-1.227517059
28.4	-1.843426081	-0.9295156842
28.5	-1.921820344	-0.641264858
28.6	-1.97244152	-0.3756750317
28.7	-1.997940395	-0.1394625282
28.8	-2.001369031	0.06581455188
28.9	-1.985746453	0.2420841396
29	-1.953792342	0.3931717434
29.1	-1.907799944	0.523622906
29.2	-1.849603925	0.637976111
29.3	-1.780602049	0.7403922171
29.4	-1.701801248	0.8345172934
29.5	-1.613870234	0.9234765851
29.6	-1.517189144	1.009927294
29.7	-1.411892619	1.096128657
29.8	-1.297907413	1.183997852
29.9	-1.174983233	1.275140301
30	-1.042727412	1.370828584
30.1	-0.9006365286	1.471928405
30.2	-0.7481506105	1.578735278
30.3	-0.5847161128	1.690714526
30.4	-0.4098916555	1.806112388
30.5	-0.2234927161	1.921460207
30.6	-0.02579008133	2.031009533
30.7	0.1822361162	2.126268286
30.8	0.3986129118	2.195925733
30.9	0.6201214577	2.226580566
31	0.8421733153	2.204665424
31.1	1.058940949	2.119566948
31.2	1.26383414	1.967207043
31.3	1.450296484	1.752585183
31.4	1.612737275	1.489750344
31.5	1.747307449	1.198778657
31.6	1.852269483	0.900985725
31.7	1.92788693	0.6144619816
31.8	1.975954654	0.3515110618
31.9	1.999185729	0.1182883261
32	2.00064511	-0.08406073281
32.1	1.983332086	-0.2577113167
32.2	1.949928802	-0.4066025792
32.3	1.902684452	-0.5353044252
32.4	1.843389981	-0.6483303716
32.5	1.773403186	-0.7497948403
32.6	1.693696013	-0.8432923312
32.7	1.604907147	-0.9319000457
32.8	1.507391338	-1.018234029
32.9	1.401261661	-1.104517844
33	1.286426029	-1.192638245
33.1	1.162619828	-1.284170259
33.2	1.029436642	-1.38035104
33.3	0.8863667795	-1.482000222
33.4	0.7328456991	-1.589346667
33.5	0.5683271898	-1.70175493
33.6	0.392387289	-1.817332009
33.7	0.2048748418	-1.932411517
33.8	0.006117985996	-2.040997093
33.9	-0.2028189629	-2.134318809
34	-0.4198534932	-2.200813055
34.1	-0.6416366659	-2.22696008
34.2	-0.8634492783	-2.199325985
34.3	-1.079363613	-2.107775213
34.4	-1.282753863	-1.949026751
34.5	-1.467116331	-1.729006081
34.6	-1.62699974	-1.462517851
34.7	-1.758750828	-1.169978746
34.8	-1.860837355	-0.8725656619
34.9	-1.933695268	-0.5878841932
35	-1.979235338	-0.3276286715
35.1	-2.000227485	-0.09740507362
35.2	-1.999745859	0.1020372988
35.3	-1.98076755	0.2731066604
35.4	-1.94593612	0.4198447881
35.5	-1.897456547	0.5468397051
35.6	-1.83707629	0.6585769164
35.7	-1.766113601	0.7591232246
35.8	-1.685505982	0.8520219853
35.9	-1.595862672	0.9403025588
36	-1.4975131	1.026540248
36.1	-1.390549299	1.112924287
36.2	-1.274861081	1.201311023
36.3	-1.150168506	1.29324324
36.4	-1.016053733	1.3899251
36.5	-0.8719987279	1.492125682
36.6	-0.7174382859	1.600005205
36.7	-0.5518317044	1.712827368
36.8	-0.3747739421	1.828548803
36.9	-0.1861513778	1.943304124
37	0.01364923934	2.050843834
37.1	0.2234783651	2.142118421
37.2	0.4411396731	2.205323686
37.3	0.6631530893	2.226835941
37.4	0.8846706306	2.193384958
37.5	1.099669059	2.09534903
37.6	1.301494824	1.930267958
37.7	1.483705993	1.704989026
37.8	1.640997857	1.435042366
37.9	1.769915704	1.141137086
38	1.869131133	0.8442695464
38.1	1.939247823	0.561539583
38.2	1.982286594	0.30403065
38.3	2.001068898	0.07681176381
38.4	1.998674212	-0.1197478133
38.5	1.978055369	-0.2882744069
38.6	1.941816408	-0.4329027198
38.7	1.8921179	-0.5582328395
38.8	1.830664121	-0.6687193694
38.9	1.758734287	-0.7683807183
39	1.677231875	-0.8607087096
39.1	1.586737014	-0.9486862052
39.2	1.487554693	-1.03484826
39.3	1.3797557	-1.121349761
39.4	1.263212034	-1.210016134
39.5	1.137629298	-1.302361654
39.6	1.002577903	-1.399550529
39.7	0.8575331223	-1.502305046
39.8	0.70192741	-1.610711918
39.9	0.5352288206	-1.723927212
40	0.3570528552	-1.839758364
40.1	0.1673230868	-1.954131739
40.2	-0.03351153819	-2.060541523
40.3	-0.2442119659	-2.149659955
40.4	-0.4624674353	-2.209445424
40.5	-0.6846658972	-2.226195415
40.6	-0.9058318152	-2.186835154
40.7	-1.119851644	-2.082289309
40.8	-1.320052107	-1.910939311
40.9	-1.50006181	-1.680550156
41	-1.654729467	-1.407342143
41.1	-1.780801845	-1.112270263
41.2	-1.877152284	-0.816110033
41.3	-1.944547112	-0.5354348022
41.4	-1.985111267	-0.2807188042
41.5	-2.001712712	-0.05650680679
41.6	-1.997432738	0.1371955189
41.7	-1.975197723	0.303218863
41.8	-1.937571394	0.4457807159
41.9	-1.886669839	0.5694878095
42	-1.824154441	0.6787612289
42.1	-1.751265816	0.7775700454
42.2	-1.668873965	0.8693553199
42.3	-1.57753053	0.9570533279
42.4	-1.477515928	1.043159528
42.5	-1.368880501	1.129795548
42.6	-1.251478905	1.218757049
42.7	-1.125001811	1.311524835
42.8	-0.9890089668	1.409228983
42.9	-0.8429683669	1.51253773
43	-0.6863130743	1.621463423
43.1	-0.5185188858	1.735053915
43.2	-0.3392229216	1.850956359
43.3	-0.1483903155	1.964887171
43.4	0.05346617099	2.070079536
43.5	0.2650169622	2.156926381
43.6	0.4838331684	2.21316424
43.7	0.7061698846	2.225028121
43.8	0.9269265667	2.179670829
43.9	1.139904748	2.068598539
44	1.338419643	1.891053767
44.1	1.516179312	1.655708769
44.2	1.668192374	1.379439098
44.3	1.791408939	1.083397366
44.4	1.884901946	0.7881001422
44.5	1.949595279	0.5095774499
44.6	1.98771208	0.2576954561
44.7	2.002161741	0.03648889193
44.8	1.996023909	-0.1543837917
44.9	1.972196742	-0.317943929
45	1.933202803	-0.4584828225
45.1	1.881113674	-0.5806083711
45.2	1.817548199	-0.6887057651
45.3	1.743708897	-0.7866943077
45.4	1.660432771	-0.8779639953
45.5	1.56824318	-0.9654057028
45.6	1.467396876	-1.051476151
45.7	1.357923716	-1.138263455
45.8	1.239660879	-1.22753235
45.9	1.112285502	-1.320735253
46	0.9753460267	-1.418958851
46.1	0.8283049792	-1.522823925
46.2	0.6705944784	-1.632260335
46.3	0.5017012099	-1.746202956
46.4	0.3212854715	-1.862137872
46.5	0.129354072	-1.975563345
46.6	-0.07351249508	-2.079449087
46.7	-0.2858908545	-2.163910609
46.8	-0.5052327431	-2.216468829
46.9	-0.7276600753	-2.223323405
47	-0.9479492613	-2.171887127
47.1	-1.159822737	-2.054279698
47.2	-1.356592638	-1.870621427
47.3	-1.532055113	-1.630481398
47.4	-1.681384864	-1.351351384
47.5	-1.801737228	-1.054534711
47.6	-1.892381923	-0.7602517726
47.7	-1.954394995	-0.4839730456
47.8	-1.990091929	-0.2349616954
47.9	-2.002418795	-0.01675616836
48	-1.994450347	0.1713161805
48.1	-1.969054607	0.3324539712
48.2	-1.928712394	0.471013267
48.3	-1.875450779	0.5915983751
48.4	-1.810846416	0.6985563811
48.5	-1.736064173	0.7957561269
48.6	-1.651908602	0.886537398
48.7	-1.558875357	0.9737456417
48.8	-1.457197449	1.05979961
48.9	-1.346885037	1.146754548
49	-1.227758066	1.236346016
49.1	-1.099480274	1.329992266
49.2	-0.9615891297	1.428744149
49.3	-0.8135416853	1.53316176
49.4	-0.6547716859	1.643100541
49.5	-0.4847754626	1.757372609
49.6	-0.3032395851	1.873297404
49.7	-0.1102156049	1.986152581
49.8	0.09364834495	2.088638238
49.9	0.3068309836	2.17059669
50	0.5266622365	2.219346435
50.1	0.7491310402	2.221071321
50.2	0.9688935257	2.163479459
50.3	1.179599057	2.039336623
50.4	1.374565286	1.849655335
50.5	1.547685145	1.604886736
50.6	1.694305025	1.323099938
50.7	1.811786601	1.025700098
50.8	1.899593419	0.7325766601
50.9	1.958948263	0.4586280851
51	1.992253381	0.2125190715
51.1	2.002486465	-0.002693262569
51.2	1.992714272	-0.1879962673
51.3	1.965773185	-0.3467529686
51.4	1.924101628	-0.4833760598
51.5	1.869682214	-0.6024614873
51.6	1.804049801	-0.708316298
51.7	1.728332129	-0.8047584544
51.8	1.643301639	-0.8950775534
51.9	1.549426825	-0.9820751929
52	1.446917615	-1.068131665
52.1	1.335763896	-1.1552707
52.2	1.215770192	-1.245197349
52.3	1.08658496	-1.339297541
52.4	0.9477372827	-1.438581053
52.5	0.7986783706	-1.543553391
52.6	0.638843429	-1.653981663
52.7	0.4677420617	-1.768558611
52.8	0.2850864301	-1.884430931
52.9	0.09097441722	-1.996647279
53	-0.1138722509	-2.097639072
53.1	-0.3278339509	-2.176975084
53.2	-0.5481174018	-2.221782909
53.3	-0.7705776735	-2.218260697
53.4	-0.9897537401	-2.154443544
53.5	-1.199228331	-2.023773808
53.6	-1.392333182	-1.828168601
53.7	-1.563066346	-1.578943994
53.8	-1.706951569	-1.294703462
53.9	-1.821557674	-0.996908949
54	-1.906538571	-0.705085304
54.1	-1.963258188	-0.4335470311
54.2	-1.994199439	-0.190367622
54.3	-2.002367586	0.02186175914
54.4	-1.990818289	0.2044277671
54.5	-1.962354639	0.3608453419
54.6	-1.919372227	0.4955754573
54.7	-1.86380931	0.6132015337
54.8	-1.797159322	0.7179887336
54.9	-1.720513352	0.8137039652
55	-1.63461239	0.9035872755
55.1	-1.539897966	0.9903959909
55.2	-1.436557049	1.076474196
55.3	-1.324560742	1.163812861
55.4	-1.203695961	1.254087589
55.5	-1.073599839	1.34865158
55.6	-0.9337901345	1.448472934
55.7	-0.7837142496	1.553995463
55.8	-0.6228103917	1.664903354
55.9	-0.4506002089	1.779759163
56	-0.2668253495	1.89553193
56.1	-0.07163317309	2.007039624
56.2	0.1341819497	2.106438549
56.3	0.3488973007	2.183030545
56.4	0.5695940017	2.223767788
56.5	0.7919943745	2.214883773
56.6	1.010523466	2.144777101
56.7	1.218704024	2.007597706
56.8	1.40989078	1.806176184
56.9	1.578195254	1.552672454
57	1.71932318	1.266182913
57.1	1.831050835	0.9681782314
57.2	1.913218955	0.6777884504
57.3	1.967326902	0.4087353528
57.4	1.99593295	0.1685082971
57.5	2.002064903	-0.04075174621
57.6	1.988764743	-0.2206145412
57.7	1.958800945	-0.3747351845
57.8	1.914525751	-0.5076154732
57.9	1.857833226	-0.6238221389
58	1.790175815	-0.7275769724
58.1	1.712608475	-0.8225955218
58.2	1.625841025	-0.9120683957
58.3	1.53028864	-0.9987104987
58.4	1.426116033	-1.084828641
58.5	1.313274527	-1.172383018
58.6	1.191536353	-1.263018548
58.7	1.060523778	-1.358055132
58.8	0.9197471218	-1.458417267
58.9	0.7686491877	-1.564489936
59	0.6066710846	-1.675862645
59.1	0.4333503176	-1.79096904
59.2	0.2484577371	-1.906595568
59.3	0.0521912504	-2.017320978
59.4	-0.1545759665	-2.115028248
59.5	-0.3700172982	-2.188753762
59.6	-0.5910875028	-2.225287527
59.7	-0.8133757419	-2.210930504
59.8	-1.031196891	-2.134477497
59.9	-1.238020723	-1.990813746
60	-1.42723372	-1.783690794
60.1	-1.593068831	-1.526090419
60.2	-1.731418664	-1.237556073
60.3	-1.840266777	-0.9395227353
60.4	-1.919636629	-0.6506956788
60.5	-1.971157333	-0.3841966445
60.6	-1.99745658	-0.1469407712
60.7	-2.001580997	0.05936562276
60.8	-1.986555951	0.2365603847
60.9	-1.955113977	0.388426735
61	-1.909563681	0.5195000852
61.1	-1.851755086	0.6343268886
61.2	-1.783100049	0.7370839944
61.3	-1.704617864	0.8314355287
61.4	-1.616987855	0.9205236253
61.5	-1.520599123	1.007020141
61.6	-1.415594002	1.093196825
61.7	-1.301905771	1.180981737
61.8	-1.179289461	1.271990433
61.9	-1.047356945	1.367508726
62	-0.905607542	1.46841638
62.1	-0.7534824668	1.575033865
62.2	-0.5904262129	1.686858573
62.3	-0.4159919084	1.802186162
62.4	-0.2299831569	1.917615381
62.5	-0.03265133866	2.027483169
62.6	0.1750516678	2.123394947
62.7	0.391191066	2.194129188
62.8	0.6125933747	2.226330769
62.9	0.8347160085	2.206393158
63	1.05176759	2.123543573
63.1	1.257172157	1.973430637
63.2	1.444356944	1.76072995
63.3	1.60768419	1.49921898
63.4	1.743237203	1.208843633
63.5	1.849206299	0.9109580146
63.6	1.925793585	0.6238164146
63.7	1.974751967	0.3599352901
63.8	1.998773375	0.1256650375
63.9	2.000918673	-0.07770637615
64	1.98419433	-0.2522692446
64.1	1.951295764	-0.401924195
64.2	1.904487605	-0.531233372
64.3	1.845576073	-0.6447193814
64.4	1.775932902	-0.7465130327
64.5	1.696542222	-0.8402268398
64.6	1.608053159	-0.9289547845
64.7	1.510829339	-1.015327252
64.8	1.40499131	-1.101580169
64.9	1.29045355	-1.189610922
65	1.16695647	-1.281005402
65.1	1.034098322	-1.377012814
65.2	0.8913718069	-1.478469662
65.3	0.7382133121	-1.585627736
65.4	0.5740747356	-1.697887434
65.5	0.3985254763	-1.813405911
65.6	0.2114021886	-1.928585469
65.7	0.01301322252	-2.037517586
65.8	-0.1956070193	-2.131529541
65.9	-0.4124148563	-2.199144478
66	-0.6341069352	-2.226883758
66.1	-0.8560095767	-2.20126246
66.2	-1.072229639	-2.111973943
66.3	-1.27615289	-1.955455535
66.4	-1.461256141	-1.737308771
66.5	-1.622038493	-1.472076836
66.6	-1.754777832	-1.180063057
66.7	-1.857870245	-0.882497913
66.8	-1.931691865	-0.5971590429
66.9	-1.978113523	-0.3359541828
67	-1.999885874	-0.1046801902
67.1	-2.00008031	0.09577675515
67.2	-1.981681943	0.267745091
67.3	-1.947347931	0.4152318081
67.4	-1.899298754	0.5428192618
67.5	-1.839297058	0.6550031158
67.6	-1.768674873	0.7558669312
67.7	-1.68838172	0.8489720404
67.8	-1.599037086	0.9373643027
67.9	-1.500979149	1.023633339
68	-1.394307392	1.109980321
68.1	-1.278917823	1.198272364
68.2	-1.154535897	1.290062939
68.3	-1.020747707	1.386568836
68.4	-0.8770379459	1.488575995
68.5	-0.7228419715	1.596269695
68.6	-0.557616563	1.708949359
68.7	-0.3809500481	1.824623971
68.8	-0.1927157475	1.93949924
68.9	0.006720672203	2.04741435
69	0.2162399736	2.139417603
69.1	0.4336855591	2.203788924
69.2	0.6556234703	2.226937743
69.3	0.877250656	2.195533105
69.4	1.092576717	2.099769832
69.5	1.294956923	1.936898024
69.6	1.477926739	1.713442661
69.7	1.636129348	1.444684109
69.8	1.766040198	1.1512342
69.9	1.86625976	0.8541570805
70	1.937333594	0.570732106
70.1	1.981244699	0.3122564542
70.2	2.00079706	0.08398565366
70.3	1.999068691	-0.1135799989
70.4	1.979021167	-0.2829919838
70.5	1.943272467	-0.4283537005
70.6	1.893998704	-0.5542616604
70.7	1.832919237	-0.6651815817
70.8	1.761326897	-0.7651489231
70.9	1.680136994	-0.8576734125
71	1.589939778	-0.9457543038
71.1	1.491048843	-1.031940553
71.2	1.38354223	-1.118398995
71.3	1.267298246	-1.206965615
71.4	1.142027409	-1.299165624
71.5	1.007304415	-1.396175982
71.6	0.8626067267	-1.498736793
71.7	0.7073672153	-1.606959889
71.8	0.5410512746	-1.72003947
71.9	0.3632668755	-1.835836685
72	0.1739239843	-1.950350451
72.1	-0.02655006802	-2.057165553
72.2	-0.2369478532	-2.147051615
72.3	-0.4549991457	-2.208047905
72.4	-0.6771381284	-2.226478704
72.5	-0.8984336161	-2.189196757
72.6	-1.112803088	-2.086931498
72.7	-1.313579233	-1.917767503
72.8	-1.494364944	-1.689149556
72.9	-1.649954493	-1.417060084
73	-1.777023925	-1.122373848
73.1	-1.874376213	-0.8259481489
73.2	-1.942721322	-0.5445424445
73.3	-1.984148384	-0.288844139
73.4	-2.001509705	-0.0635798641
73.5	-1.997886366	0.13111929
73.6	-1.976214187	0.2980141558
73.7	-1.939071101	0.4412942326
73.8	-1.888588777	0.5655645716
73.9	-1.826443567	0.6752582749
74	-1.753889532	0.7743617388
74.1	-1.671808353	0.866333863
74.2	-1.580761599	0.9541269832
74.3	-1.481038157	1.040250438
74.4	-1.372695616	1.126837445
74.5	-1.255594584	1.215694328
74.6	-1.12943096	1.308312741
74.7	-0.9937681519	1.405836113
74.8	-0.8480765252	1.508950585
74.9	-0.6917892673	1.617695591
75	-0.5243788773	1.731157492
75.1	-0.3454747814	1.84703918
75.2	-0.1550277575	1.961131905
75.3	0.04647236748	2.066760233
75.4	0.2577281775	2.15441472
75.5	0.4763520749	2.211909285
75.6	0.6986457498	2.225497303
75.7	0.9195522207	2.182248263
75.8	1.132902086	2.073461347
75.9	1.332013648	1.898075741
76	1.510566189	1.664447061
76.1	1.663511626	1.389226037
76.2	1.787728649	1.093501387
76.3	1.88222066	0.7978846073
76.4	1.947857024	0.5185979493
76.5	1.986827192	0.265719743
76.6	2.002026587	0.04346174193
76.7	1.996535804	-0.1483979611
76.8	1.973263119	-0.3128154748
76.9	1.934745562	-0.4540573861
77	1.883070293	-0.5767317136
77.1	1.819871007	-0.6852364725
77.2	1.746363509	-0.7835084889
77.3	1.663396277	-0.8749554567
77.4	1.571502488	-0.9624842563
77.5	1.470947246	-1.048565027
77.6	1.361767403	-1.135297514
77.7	1.243806285	-1.224456876
77.8	1.116745643	-1.317506831
77.9	0.9801381525	-1.415547489
78	0.833447803	-1.519218323
78.1	0.6761071608	-1.628476882
78.2	0.5075989385	-1.742298897
78.3	0.3275750976	-1.8582271
78.4	0.1360276084	-1.971836679
78.5	-0.06648686688	-2.07619016
78.6	-0.2785782334	-2.161499486
78.7	-0.4977402258	-2.215360347
78.8	-0.7201413731	-2.223981758
78.9	-0.9406008635	-2.174681874
79	-1.152868132	-2.059361928
79.1	-1.350255425	-1.877833301
79.2	-1.526527071	-1.639352623
79.3	-1.676798982	-1.361200597
79.4	-1.798154528	-1.064633061
79.5	-1.889794891	-0.7699783473
79.6	-1.952743473	-0.4929042505
79.7	-1.989284091	-0.2428844557
79.8	-2.002350534	-0.02362941414
79.9	-1.995019646	0.1654194801
80	-1.970170176	0.3274003199
80.1	-1.930297625	0.4666474481
80.2	-1.877444637	0.5877669863
80.3	-1.813202587	0.6951195893
80.4	-1.738749463	0.7925918049
80.5	-1.654901131	0.8835409862
80.6	-1.562162876	0.9708283262
80.7	-1.460775958	1.056885879
80.8	-1.350757454	1.143780314
80.9	-1.231933207	1.233257429
81	-1.103971803	1.326747319
81.1	-0.9664142187	1.425314011
81.2	-0.8187195804	1.529537719
81.3	-0.6603209615	1.639302296
81.4	-0.4907108872	1.753461632
81.5	-0.309567101	1.869394648
81.6	-0.1169250213	1.982457084
81.7	0.08659165241	2.085443266
81.8	0.2994956109	2.168291439
81.9	0.5191597277	2.21838925
82	0.741619653	2.221922678
82.1	0.961573216	2.166493177
82.2	1.172694636	2.044636765
82.3	1.368298682	1.85705217
82.4	1.542243447	1.613884005
82.5	1.689814582	1.333004096
82.6	1.808301437	1.035786856
82.7	1.897100085	0.7422414047
82.8	1.9573826	0.4674679215
82.9	1.991521586	0.2203399137
83	2.002484129	0.004081129547
83.1	1.993340123	-0.1821874432
83.2	1.966937225	-0.3417726639
83.3	1.925728759	-0.4790684104
83.4	1.871712878	-0.5986740572
83.5	1.806439029	-0.7049108732
83.6	1.731047887	-0.8016146237
83.7	1.646323051	-0.8920924476
83.8	1.55274253	-0.9791613344
83.9	1.450524281	-1.065214698
84	1.339665097	-1.152287522
84.1	1.219975246	-1.24209545
84.2	1.091107909	-1.336035563
84.3	0.9525956466	-1.435132317
84.4	0.8038912791	-1.539911108
84.5	0.6444294884	-1.650168925
84.6	0.4737153639	-1.7646422
84.7	0.2914515042	-1.880538168
84.8	0.09771933809	-1.99298584
84.9	-0.1067849082	-2.094511623
85	-0.3204767895	-2.17477885
85.1	-0.5406063821	-2.22098077
85.2	-0.7630754324	-2.219308086
85.3	-0.9824635772	-2.157677194
85.4	-1.192376134	-2.029290187
85.5	-1.386138891	-1.83574643
85.6	-1.557712149	-1.588061324
85.7	-1.702557047	-1.30465608
85.8	-1.818169867	-1.006978447
85.9	-1.904138294	-0.7146844215
86	-1.961777494	-0.4422938649
86.1	-1.993542729	-0.1980863948
86.2	-2.002430226	0.01518545995
86.3	-1.991499839	0.1987054944
86.4	-1.963566448	0.3559368963
86.5	-1.921040697	0.4913245573
86.6	-1.865876354	0.6094567714
86.7	-1.7995813	0.7146135468
86.8	-1.72325939	0.810579718
86.9	-1.637662602	0.900612635
87	-1.543241798	0.9874848769
87.1	-1.440191918	1.073553426
87.2	-1.328490805	1.160820422
87.3	-1.207931041	1.250971686
87.4	-1.078154397	1.345372563
87.5	-0.9386818698	1.445005292
87.6	-0.7889625114	1.550335115
87.7	-0.628433341	1.661076993
87.8	-0.4566113096	1.775838229
87.9	-0.2732280624	1.891650969
88	-0.07841333126	2.003414903
88.1	0.1270648031	2.103382361
88.2	0.3415195136	2.180948699
88.3	0.5620760146	2.223125753
88.4	0.7845032359	2.21613087
88.5	1.003265636	2.148231957
88.6	1.211906176	2.013328104
88.7	1.403770573	1.813929209
88.8	1.572929706	1.561902477
88.9	1.715025038	1.276176921
89	1.827760229	0.978224982
89.1	1.910911096	0.687318424
89.2	1.965930252	0.4173874932
89.3	1.995350313	0.1761249128
89.4	2.002191586	-0.03417263922
89.5	1.989501172	-0.214977517
89.6	1.960059839	-0.3698971273
89.7	1.91623503	-0.5034198846
89.8	1.859936258	-0.6201187654
89.9	1.79263027	-0.7242309275
90	1.715384608	-0.8194898616
90.1	1.628919915	-0.9091034356
90.2	1.533660603	-0.9958014739
90.3	1.42977914	-1.081903482
90.4	1.317233552	-1.169380641
90.5	1.195801618	-1.259888589
90.6	1.065110083	-1.354758603
90.7	0.9246725038	-1.454930886
90.8	0.7739328203	-1.560811819
90.9	0.6123310716	-1.672023003
91	0.4393993985	-1.787045033
91.1	0.2548978248	-1.902728518
91.2	0.05900618115	-2.013736074
91.3	-0.1474295834	-2.112047221
91.4	-0.3626199185	-2.186789862
91.5	-0.5835640873	-2.224809113
91.6	-0.8058976098	-2.212379875
91.7	-1.023973505	-2.138153956
91.8	-1.231279275	-1.996755906
91.9	-1.421189251	-1.791614552
92	-1.58789298	-1.53542685
92.1	-1.727217244	-1.247584806
92.2	-1.837073103	-0.9495412589
92.3	-1.917420512	-0.6601530896
92.4	-1.969843853	-0.3927526829
92.5	-1.996947047	-0.1544552147
92.6	-2.001770773	0.05288280168
92.7	-1.987346437	0.2310072098
92.8	-1.956419278	0.3836576069
92.9	-1.911313229	0.5153584225
93	-1.853893696	0.6306636477
93.1	-1.785586688	0.7337659815
93.2	-1.707423913	0.8283475878
93.3	-1.620095367	0.9175675482
93.4	-1.523999169	1.004112496
93.5	-1.419285396	1.090266707
93.6	-1.305893856	1.177969219
93.7	-1.183585011	1.26884558
93.8	-1.051975209	1.364194766
93.9	-0.9105666986	1.464910833
94	-0.7588017836	1.571338399
94.1	-0.5961232856	1.6830066
94.2	-0.42207892	1.798260151
94.3	-0.2364605896	1.913764329
94.4	-0.03950061524	2.023941003
94.5	0.167876907	2.120492938
94.6	0.383775296	2.192288434
94.7	0.6050661559	2.226020873
94.8	0.8272528897	2.208048164
94.9	1.04458082	2.12744229
95	1.250489153	1.979581715
95.1	1.438389854	1.76881835
95.2	1.602599032	1.508654542
95.3	1.739132826	1.218900378
95.4	1.84610928	0.920943226
95.5	1.92366847	0.6331981552
95.6	1.973520657	0.3683939787
95.7	1.998335948	0.1330774683
95.8	2.001170628	-0.07131882609
95.9	1.98503807	-0.2467985583
96	1.95264682	-0.3972224936
96.1	1.906276921	-0.5271442099
96.2	1.847749896	-0.6410950215
96.3	1.778451472	-0.7432219844
96.4	1.699378026	-0.8371556539
96.5	1.61118919	-0.9260068329
96.6	1.51425749	-1.012420329
96.7	1.408711016	-1.098644529
96.8	1.294470831	-1.186587483
96.9	1.171282406	-1.277845787
97	1.038748725	-1.373680908
97.1	0.8963648927	-1.474945531
97.2	0.7435683906	-1.581914674
97.3	0.5798092149	-1.694023895
97.4	0.4046503798	-1.80947954
97.5	0.2179166181	-1.924752477
97.6	0.01989670583	-2.034021249
97.7	-0.1884045483	-2.128710089
97.8	-0.4049819352	-2.19743054
97.9	-0.6265775512	-2.226746229
98	-0.84856343	-2.203125589
98.1	-1.065081581	-2.11609493
98.2	-1.269530275	-1.961812901
98.3	-1.455367944	-1.745556916
98.4	-1.617044955	-1.481605183
98.5	-1.750770729	-1.19014149
98.6	-1.854869499	-0.8924447839
98.7	-1.929657019	-0.6064621366
98.8	-1.976963474	-0.3443144356
98.9	-1.999519593	-0.1119908695
99	-2.000393526	0.08948347344
99.1	-1.982578152	0.2623554638
99.2	-1.948744099	0.410596074
99.3	-1.901127333	0.5387812372
99.4	-1.841505716	0.6514164126
99.5	-1.771225118	0.7526018096
99.6	-1.691247136	0.8459167404
99.7	-1.602201559	0.9344236448
99.8	-1.50443537	1.020726551
99.9	-1.398055538	1.107038601
100	-1.282964291	1.195237724
100.1	-1.158892552	1.286888084
100.2	-1.025430328	1.383218919
100.3	-0.882065189	1.485032856
100.4	-0.7282330376	1.592540054
100.5	-0.5633883015	1.705074923
100.6	-0.3871129037	1.820698421
100.7	-0.1992672516	1.935686673
100.8	-0.0001962230176	2.043966968
100.9	0.2090107645	2.136685432
101	0.4262367014	2.202207076
101.1	0.6480936089	2.226976843
101.2	0.8698235435	2.197606987
101.3	1.085469562	2.104112993
101.4	1.288396728	1.943457919
101.5	1.472118993	1.721843934
101.6	1.63122828	1.454297554
101.7	1.762130552	1.161327541
101.8	1.863354921	0.86406082
101.9	1.935388233	0.5799537383
102	1.980174929	0.3205172416
102.1	2.000500899	0.09119493863
102.2	1.999442258	-0.1073798467
102.3	1.979969054	-0.2776820235
102.4	1.944713105	-0.4237824506
102.5	1.895866052	-0.5502733828
102.6	1.835162371	-0.6616313203
102.7	1.763908566	-0.7619086609
102.8	1.683031841	-0.8546330812
102.9	1.593132628	-0.942820281
103	1.494533166	-1.029033173
103.1	1.387318774	-1.115450671
103.2	1.271374171	-1.203919266
103.3	1.146414669	-1.295975087
103.4	1.012019518	-1.392807241
103.5	0.8676680229	-1.495175127
103.6	0.7127945187	-1.603213029
103.7	0.5468607968	-1.71615561
103.8	0.3694674646	-1.831913871
103.9	0.1805121037	-1.946560581
104	-0.01959972139	-2.053770462
104.1	-0.2296924765	-2.144409149
104.2	-0.4475356746	-2.20660175
104.3	-0.6696094428	-2.226698298
104.4	-0.8910274644	-2.191483585
104.5	-1.105738857	-2.09149647
104.6	-1.307083271	-1.924527247
104.7	-1.488638998	-1.697699099
104.8	-1.645146708	-1.426752731
104.9	-1.773211856	-1.13247633
105	-1.871566831	-0.8358042148
105.1	-1.940864672	-0.5536803007
105.2	-1.983158007	-0.2970048708
105.3	-2.0012828	-0.07068820028
105.4	-1.998319447	0.1250111346
105.5	-1.977213069	0.292782357
105.6	-1.940555671	0.4367860028
105.7	-1.890494489	0.5616246914
105.8	-1.828720894	0.6717432434
105.9	-1.756502465	0.7711453557
106	-1.674732612	0.8633076217
106.1	-1.58398281	0.9511986987
106.2	-1.48455064	1.037341972
106.3	-1.376500853	1.123882056
106.4	-1.259699886	1.212635576
106.5	-1.133849422	1.305106639
106.6	-0.9985158303	1.402449496
106.7	-0.8531728543	1.505369726
106.8	-0.6972528046	1.613933746
106.9	-0.530225577	1.727263708
107	-0.3517137071	1.843119941
107.1	-0.1616527424	1.95736714
107.2	0.03948998992	2.063420786
107.3	0.2504479429	2.151869561
107.4	0.4688751836	2.210604843
107.5	0.691120086	2.225901464
107.6	0.9121692696	2.184750342
107.7	1.125883109	2.07824719
107.8	1.325584043	1.905029841
107.9	1.50492361	1.673136814
108	1.658797792	1.398989305
108.1	1.784014188	1.103605958
108.2	1.879506258	0.8076885093
108.3	1.946088203	0.5276491651
108.4	1.985915109	0.2737795161
108.5	2.001867795	0.05046969719
108.6	1.997027437	-0.1423805669
108.7	1.974312132	-0.3076604891
108.8	1.936273353	-0.4496106958
108.9	1.885013818	-0.5728388576
109	1.822182114	-0.6817555133
109.1	1.749007368	-0.7803148009
109.2	1.66634961	-0.8719424972
109.3	1.574752019	-0.9595612509
109.4	1.47448782	-1.045654568
109.5	1.365601064	-1.132334285
109.6	1.247941513	-1.221386796
109.7	1.121195165	-1.314283792
109.8	0.9849188323	-1.412143305
109.9	0.838578517	-1.515618952
110	0.6816070685	-1.624698701
110.1	0.5134834542	-1.738397302
110.2	0.3338514947	-1.854313745
110.3	0.1426885891	-1.96809956
110.4	-0.05947225972	-2.072909488
110.5	-0.2712737793	-2.159052445
110.6	-0.4902514814	-2.214199913
110.7	-0.7126204672	-2.224573355
110.8	-0.9332430292	-2.177400258
110.9	-1.145896347	-2.064367425
111	-1.343893807	-1.884979128
111.1	-1.520968977	-1.648178077
111.2	-1.672179718	-1.371028857
111.3	-1.794537573	-1.074734169
111.4	-1.88717483	-0.779725735
111.5	-1.951061596	-0.5018670562
111.6	-1.988449314	-0.2508429019
111.7	-2.002258903	-0.03053752579
111.8	-1.995568888	0.1594916481
111.9	-1.971268556	0.3223205781
112	-1.931868008	0.4622608642
112.1	-1.879425468	0.5839198474
112.2	-1.815547079	0.6916715019
112.3	-1.741424009	0.7894200317
112.4	-1.657883487	0.8805403776
112.5	-1.565440494	0.9679096061
112.6	-1.464344598	1.0539731
112.7	-1.354619793	1.140809018
112.8	-1.236097913	1.230173395
112.9	-1.108452336	1.323508133
113	-0.9712277253	1.421890342
113.1	-0.8238852267	1.525920191
113.2	-0.6658573468	1.635509192
113.3	-0.4966331162	1.749552795
113.4	-0.3158814289	1.86548888
113.5	-0.123621905	1.978750326
113.6	0.07954580626	2.082225533
113.7	0.2921680699	2.16594898
113.8	0.5116605383	2.217378585
113.9	0.7341054975	2.222706023
114	0.9542428483	2.169430075
114.1	1.165772436	2.049860769
114.2	1.362007187	1.864384645
114.3	1.536771396	1.622837804
114.4	1.685290666	1.342889653
114.5	1.804782152	1.045878268
114.6	1.894574022	0.7519282235
114.7	1.955786986	0.4763399068
114.8	1.990763276	0.2281964193
114.9	2.002458816	0.01089004267
115	1.993946271	-0.1763480055
115.1	1.968084372	-0.3367668601
115.2	1.92734128	-0.4747405615
115.3	1.873730702	-0.5948713862
115.4	1.808816715	-0.7014945936
115.5	1.733752995	-0.798463716
115.6	1.649334357	-0.8891034905
115.7	1.556048379	-0.9762463387
115.8	1.454121071	-1.062298919
115.9	1.343556224	-1.149307477
116	1.224169808	-1.238998286
116.1	1.09561984	-1.332779486
116.2	0.9574423631	-1.431690238
116.3	0.8090918533	-1.536275161
116.4	0.6500026825	-1.646361123
116.5	0.4796754222	-1.760727677
116.6	0.2978033628	-1.87664172
116.7	0.1044518892	-1.989312197
116.8	-0.0997081737	-2.09136007
116.9	-0.3131271235	-2.172543631
117	-0.533098179	-2.220123838
117.1	-0.7555697704	-2.22028647
117.2	-0.9751626164	-2.160833719
117.3	-1.18550541	-2.034731144
117.4	-1.37991908	-1.843261647
117.5	-1.552327193	-1.597137531
117.6	-1.6981289	-1.314592622
117.7	-1.814747998	-1.017054633
117.8	-1.901705512	-0.7243069112
117.9	-1.96026716	-0.4510734803
118	-1.992859857	-0.205840916
118.1	-2.002470232	0.008474936576
118.2	-1.992161986	0.1929530795
118.3	-1.964761615	0.3510034701
118.4	-1.922694757	0.4870539615
118.5	-1.867930708	0.6056972245
118.6	-1.801991843	0.7112279047
118.7	-1.725994851	0.8074487462
118.8	-1.640702748	0.8976344085
118.9	-1.546575769	0.9845728765
119	-1.44381692	1.070634059
119.1	-1.332410746	1.157831349
119.2	-1.212155598	1.247860524
119.3	-1.08269785	1.34209956
119.4	-0.9435616986	1.441543331
119.5	-0.7941985713	1.546681759
119.6	-0.6340431573	1.657255257
119.7	-0.4626093709	1.771918346
119.8	-0.2796179094	1.887765955
119.9	-0.08518093939	1.999777063
120	0.1199580869	2.100301318
120.1	0.3341486399	2.178827363
120.2	0.554560239	2.222427109
120.3	0.7770079978	2.21730763
120.4	0.9959963121	2.151609386
120.5	1.205089199	2.018983729
120.6	1.397624373	1.821621073
120.7	1.567633055	1.571093646
120.8	1.710693145	1.286156917
120.9	1.824435701	0.9882802222
121	1.908571056	0.696873001
121.1	1.964504405	0.4260728458
121.2	1.994741897	0.1837772012
121.3	2.002296007	-0.02755955613
121.4	1.990218549	-0.2093107906
121.5	1.961302386	-0.3650346159
121.6	1.917930147	-0.4992050842
121.7	1.862026806	-0.616401044
121.8	1.795073448	-0.7208747726
121.9	1.718150272	-0.8163777523
122	1.631988855	-0.9061352614
122.1	1.537022833	-0.9928916828
122.2	1.433432332	-1.078979921
122.3	1.321182653	-1.166381534
122.4	1.200056102	-1.256763559
122.5	1.069685462	-1.351467995
122.6	0.929586212	-1.451451673
122.7	0.77920398	-1.557139397
122.8	0.6179783977	-1.668187897
122.9	0.4454352694	-1.78312233
123	0.261324595	-1.898856291
123.1	0.06580936752	-2.010137065
123.2	-0.1402931025	-2.109038907
123.3	-0.3552291978	-2.184783144
123.4	-0.576042305	-2.224272783
123.5	-0.7984145675	-2.213758057
123.6	-1.016737671	-2.141752762
123.7	-1.224517706	-2.002624643
123.8	-1.415117953	-1.799480048
123.9	-1.582685563	-1.544727508
124	-1.722981896	-1.257602696
124.1	-1.833845481	-0.9595704088
124.2	-1.915172337	-0.6696363808
124.3	-1.968501302	-0.4013427729
124.4	-1.99641211	-0.1620055182
124.5	-2.001938601	0.04636637836
124.6	-1.988118123	0.2254247641
124.7	-1.957708454	0.3788644629
124.8	-1.913048781	0.5111980214
124.9	-1.856019935	0.6269864682
125	-1.788062133	0.7304382679
125.1	-1.710219599	0.8252536061
125.2	-1.623192922	0.914608294
125.3	-1.527389365	1.0012045
125.4	-1.422967054	1.087338273
125.5	-1.309871613	1.17496039
125.6	-1.187870461	1.26570643
125.7	-1.056582193	1.360886785
125.8	-0.9155142007	1.461412147
125.9	-0.7641085732	1.567648805
126	-0.6018073623	1.679158719
126.1	-0.428152652	1.794334544
126.2	-0.242924974	1.909907282
126.3	-0.046337939	2.020383374
126.4	0.1607119476	2.117562684
126.5	0.3763657689	2.190403941
126.6	0.5975400104	2.225651362
126.7	0.8197842051	2.209630744
126.8	1.037380896	2.131263088
126.9	1.243785365	1.985659921
127	1.432395395	1.776849744
127.1	1.597481913	1.518056199
127.2	1.734994346	1.228948106
127.3	1.842978368	0.9309407384
127.4	1.921511497	0.6426068138
127.5	1.972260617	0.376886949
127.6	1.997873318	0.1405256542
127.7	2.001400855	-0.06489796499
127.8	1.9858632	-0.2412990822
127.9	1.953981881	-0.3924972959
128	1.908052328	-0.523036772
128.1	1.849911395	-0.6374571425
128.2	1.780958856	-0.739921572
128.3	1.702203398	-0.8340786646
128.4	1.614315219	-0.9230560902
128.5	1.517675775	-1.009513195
128.6	1.412420783	-1.095710857
128.7	1.298477859	-1.183567886
128.8	1.175597679	-1.27469139
128.9	1.043387841	-1.370355287
129	0.9013460339	-1.471427956
129.1	0.748910936	-1.578207608
129.2	0.5855306011	-1.690164375
129.3	0.4107619583	-1.805553145
129.4	0.2244181199	-1.920912843
129.5	0.02676832397	-2.03050845
129.6	-0.1812116796	-2.125861072
129.7	-0.3975549114	-2.1956717
129.8	-0.6190487271	-2.226547912
129.9	-0.8411110886	-2.204915571
130	-1.057919695	-2.120138107
130.1	-1.262886257	-1.96809836
130.2	-1.449451914	-1.75374976
130.3	-1.612019235	-1.491101803
130.4	-1.746729549	-1.200213168
130.5	-1.851835079	-0.9024056689
130.6	-1.927590638	-0.6157931081
130.7	-1.975785071	-0.352709285
130.8	-1.999128514	-0.1193371481
130.9	-2.000685394	0.08315732404
131	-1.983456074	0.2569376174
131.1	-1.950124541	0.4059374115
131.2	-1.902942216	0.5347254684
131.3	-1.843702213	0.6478166637
131.4	-1.773764298	0.7493277363
131.5	-1.694102199	0.8428559761
131.6	-1.605356074	0.9314805135
131.7	-1.507881757	1.017819804
131.8	-1.401793725	1.104099074
131.9	-1.287000504	1.192207051
132	-1.163238468	1.283718647
132.1	-1.030101616	1.379875321
132.2	-0.8870804635	1.481496332
132.3	-0.7336114827	1.588816273
132.4	-0.5691469433	1.701204158
132.5	-0.3932624891	1.816772384
132.6	-0.2058058262	1.931866707
132.7	-0.007101404281	2.040502079
132.8	0.2017908372	2.133922386
132.9	0.4187932795	2.200578581
133	0.6405637303	2.226953657
133.1	0.8623895549	2.199606831
133.2	1.07834787	2.108378429
133.3	1.28181449	1.949947236
133.4	1.466282938	1.730192174
133.5	1.626294761	1.463881873
133.6	1.758186788	1.171416314
133.7	1.860416573	0.8739801717
133.8	1.933411649	0.5892041563
133.9	1.97907717	0.3288129159
134	2.000180303	0.0984396488
134.1	1.999794805	-0.1011472293
134.2	1.980898939	-0.2723443602
134.3	1.946138245	-0.4191888068
134.4	1.897719881	-0.546267854
134.5	1.837393474	-0.6580684468
134.6	1.766479256	-0.7586598111
134.7	1.68591639	-0.8515876119
134.8	1.596315553	-0.9398840391
134.9	1.498007648	-1.026126061
135	1.391085356	-1.112504728
135.1	1.275439789	-1.200877116
135.2	1.150791169	-1.292789996
135.3	1.016723287	-1.389445819
135.4	0.8727174558	-1.491619751
135.5	0.7182090757	-1.599472503
135.6	0.5526569344	-1.712274616
135.7	0.3756548906	-1.827989779
135.8	0.1870875194	-1.94276251
135.9	-0.01266121148	-2.050356497
136	-0.222446294	-2.141735611
136.1	-0.4400771806	-2.205107812
136.2	-0.662080189	-2.226854273
136.3	-0.8836137926	-2.193695639
136.4	-1.098659401	-2.095983799
136.5	-1.300564645	-1.931217139
136.6	-1.482884289	-1.706197045
136.7	-1.640306183	-1.436418084
136.8	-1.769365624	-1.142576109
136.9	-1.868724097	-0.8456774375
137	-1.938977043	-0.5628476601
137.1	-1.982139911	-0.3052006332
137.2	-2.001031721	-0.07783180029
137.3	-1.998731767	0.118870929
137.4	-1.97819415	0.2875233955
137.5	-1.942024893	0.4322558938
137.6	-1.892386787	0.5576680343
137.7	-1.830986253	0.6682160299
137.8	-1.759104442	0.7679207238
137.9	-1.677646527	0.8602765398
138	-1.587194063	0.9482685448
138.1	-1.488053231	1.034433919
138.2	-1.380295954	1.120929142
138.3	-1.263794947	1.209581344
138.4	-1.138256828	1.301905855
138.5	-1.003252125	1.399069367
138.6	-0.8582568506	1.501795923
138.7	-0.7027034571	1.610176965
138.8	-0.5360592948	1.723373132
138.9	-0.3579391494	1.83919948
139	-0.1682646349	1.953593401
139.1	0.03251881441	2.060061528
139.2	0.2431763088	2.149290063
139.3	0.4614028984	2.209249667
139.4	0.6835932259	2.226240038
139.5	0.9047780322	2.187176485
139.6	1.118848143	2.082955647
139.7	1.31913109	1.911916448
139.8	1.499251756	1.68177842
139.9	1.654051027	1.408728525
140	1.780265573	1.113710224
140.1	1.876758705	0.8175109567
140.2	1.944288778	0.5367308836
140.3	1.984975729	0.2818745512
140.4	2.00168525	0.05751261125
140.5	1.997498643	-0.1363315852
140.6	1.975343653	-0.3024788186
140.7	1.937786041	-0.4451426886
140.8	1.886944112	-0.5689297387
140.9	1.824481382	-0.6782627806
141	1.751640378	-0.7771133425
141.1	1.66929275	-0.8689250163
141.2	1.577991575	-0.9566364494
141.3	1.478018485	-1.042744928
141.4	1.369424758	-1.129373875
141.5	1.25206609	-1.218320321
141.6	1.125633628	-1.311066802
141.7	0.9896878702	-1.408744961
141.8	0.8436970668	-1.512026258
141.9	0.6870941971	-1.62092611
142	0.5193547779	-1.73449847
142.1	0.3401146898	-1.850398314
142.2	0.1493368916	-1.964352599
142.3	-0.05246884336	-2.069607907
142.4	-0.2639777242	-2.156570583
142.5	-0.4827668131	-2.212988405
142.6	-0.7050977646	-2.225098905
142.7	-0.9258762372	-2.180042712
142.8	-1.13890787	-2.0692962
142.9	-1.337508245	-1.892058535
143	-1.515381238	-1.656956963
143.1	-1.667527373	-1.380835183
143.2	-1.790886571	-1.08483713
143.3	-1.884521882	-0.7894932582
143.4	-1.949349453	-0.5108609858
143.5	-1.987587647	-0.2588367757
143.6	-2.002143924	-0.03748041221
143.7	-1.996098098	0.1535326952
143.8	-1.972349769	0.3172147222
143.9	-1.933423571	0.4578534708
144	-1.881393306	0.5800569131
144.1	-1.81787993	0.6882120816
144.2	-1.744087848	0.7862407666
144.3	-1.660855713	0.8775355652
144.4	-1.568708269	0.9649894678
144.5	-1.467903407	1.05106126
144.6	-1.358472103	1.13784062
144.7	-1.240252221	1.227094039
144.8	-1.112921909	1.320274782
144.9	-0.9760296862	1.418473257
145	-0.8290386266	1.52230914
145.1	-0.6713809219	1.631721321
145.2	-0.5025421563	1.745646386
145.3	-0.3221825056	1.86158035
145.4	-0.1303062149	1.97503276
145.5	0.07251084205	2.0789855
145.6	0.2848485095	2.1635696
145.7	0.504164867	2.216314961
145.8	0.7265888108	2.223421826
145.9	0.9469026824	2.172290338
146	1.158832706	2.055008509
146.1	1.355691012	1.871652398
146.2	1.531269155	1.631747492
146.3	1.680733373	1.352755891
146.4	1.801228748	1.055973649
146.5	1.892015193	0.7616366212
146.6	1.954161336	0.4852438496
146.7	1.989978362	0.2360885673
146.8	2.002410434	0.01773353793
146.9	1.994532632	-0.1704778169
147	1.969214558	-0.3317353912
147.1	1.92893914	-0.4703923575
147.2	1.875735647	-0.5910533315
147.3	1.811182835	-0.6980673348
147.4	1.736447445	-0.7953056414
147.5	1.652335559	-0.8861105806
147.6	1.559344367	-0.9733301304
147.7	1.457708003	-1.059384272
147.8	1.34743728	-1.146330549
147.9	1.22835389	-1.235905832
148	1.100120781	-1.329529351
148.1	0.9622774355	-1.428254685
148.2	0.81428017	-1.532645585
148.3	0.6555630048	-1.642558421
148.4	0.4856222313	-1.756815082
148.5	0.3041420611	-1.872741795
148.6	0.1111720124	-1.985626685
148.7	-0.09264215233	-2.088184878
148.8	-0.3057850906	-2.170270294
148.9	-0.5255929709	-2.219212571
149	-0.7480609148	-2.221196213
149.1	-0.9678511138	-2.163913258
149.2	-1.17861643	-2.040096379
149.3	-1.373673978	-1.850713442
149.4	-1.546911626	-1.60617167
149.5	-1.693667192	-1.324512189
149.6	-1.811292057	-1.027136826
149.7	-1.899240158	-0.7339523367
149.8	-1.95872708	-0.4598856461
149.9	-1.992150704	-0.2136311669
150	-2.002487496	0.001730080379
150.1	-1.992804635	0.1871703672
150.2	-1.965940063	0.3460448813
150.3	-1.924334349	0.4827634961
150.4	-1.869972329	0.601922737
150.5	-1.804390924	0.7078316724
150.6	-1.728719719	0.8043109168
150.7	-1.643732814	0.894652508
150.8	-1.549899895	0.9816599124
150.9	-1.447432054	1.067716014
151	-1.336320584	1.154845452
151.1	-1.216369667	1.244754313
151.2	-1.087230195	1.33883255
151.3	-0.948430108	1.43808878
151.4	-0.7994220604	1.543034062
151.5	-0.6396402494	1.653438284
151.6	-0.4685940554	1.768000451
151.7	-0.2859942994	1.883876552
151.8	-0.09193638732	1.996126387
151.9	0.1128617058	2.097194947
152	0.32678515	2.176664962
152.1	0.5470469614	2.221672346
152.2	0.7695088807	2.218414454
152.3	0.9887156329	2.154909262
152.4	1.198253111	2.024564552
152.5	1.391452148	1.829252071
152.6	1.562305348	1.580245587
152.7	1.7063275	1.296122635
152.8	1.821077088	0.9983434225
152.9	1.906198597	0.7064517127
153	1.963049058	0.4347913943
153.1	1.994107522	0.191465313
153.2	2.002377964	-0.02091252035
153.3	1.990916658	-0.2036142374
153.4	1.962528396	-0.3601474565
153.5	1.91961092	-0.4949709377
153.6	1.864104692	-0.6126688383
153.7	1.7975052	-0.7175084379
153.8	1.720905357	-0.8132591863
153.9	1.635047694	-0.9031636223
154	1.540375107	-0.9899812424
154.1	1.437075663	-1.0760579
154.2	1.325121416	-1.163386173
154.3	1.204300185	-1.253643445
154.4	1.074249555	-1.348183812
154.5	0.9344879924	-1.447978431
154.6	0.7844628595	-1.553473564
154.7	0.6236124718	-1.664357642
154.8	0.4514577085	-1.779200379
154.9	0.2677385214	-1.894979238
155	0.07260006636	-2.006523996
155.1	-0.1331670765	-2.106004636
155.2	-0.3478454503	-2.182736179
155.3	-0.5685225216	-2.223679503
155.4	-0.7909271096	-2.215065622
155.5	-1.009489918	-2.145274084
155.6	-1.217736516	-2.008418878
155.7	-1.40902025	-1.807284904
155.8	-1.577446808	-1.553990244
155.9	-1.718712743	-1.267607922
156	-1.830583987	-0.9696093194
156.1	-1.912892062	-0.6791449605
156.2	-1.967129685	-0.409966269
156.3	-1.995851513	-0.1695914881
156.4	-2.002084318	0.03981626974
156.5	-1.988870858	0.2198130423
156.6	-1.958981347	0.3740472368
156.7	-1.914770201	0.507018759
156.8	-1.858133686	0.6232952671
156.9	-1.790526277	0.7271007509
157	-1.713004733	0.822153361
157.1	-1.62628041	0.9116460742
157.2	-1.530769755	0.9982959678
157.3	-1.42663865	1.084411682
157.4	-1.313839335	1.171954991
157.5	-1.192144814	1.26257211
157.6	-1.061178058	1.357585031
157.7	-0.9204496918	1.45792002
157.8	-0.7694029226	1.563965385
157.9	-0.6074784651	1.675315321
158	-0.4342131076	1.790409771
158.1	-0.249376284	1.906044805
158.2	-0.05316321264	2.016810967
158.3	0.1535569712	2.114604953
158.4	0.3689627469	2.188476589
158.5	0.5900152824	2.225223099
158.6	0.81231037	2.21114154
158.7	1.030168273	2.135006221
158.8	1.237061244	1.991665051
158.9	1.426373978	1.784823451
159	1.592333174	1.527423075
159.1	1.730822016	1.238985932
159.2	1.839813731	0.9409498052
159.3	1.919322765	0.652041846
159.4	1.970971894	0.38541389
159.5	1.997385525	0.1480094544
159.6	2.001609386	-0.05844383475
159.7	1.986669749	-0.2357708042
159.8	1.95530098	-0.3877485547
159.9	1.909813862	-0.5189110064
160	1.852060612	-0.6338056975
160.1	1.783455102	-0.7366117587
160.2	1.705018391	-0.8309958406
160.3	1.617431295	-0.9201025339
160.4	1.521084254	-1.006605832
160.5	1.416120665	-1.09277914
160.6	1.302474694	-1.180552102
160.7	1.179902336	-1.271542237
160.8	1.048015728	-1.367035941
160.9	0.9063153023	-1.467916994
161	0.7542409783	-1.574506629
161.1	0.5912389359	-1.686308975
161.2	0.4168602536	-1.801626954
161.3	0.230906661	-1.917066907
161.4	0.0336280247	-2.026979641
161.5	-0.1740285055	-2.122983132
161.6	-0.3901339212	-2.193868437
161.7	-0.6115206835	-2.226289382
161.8	-0.8336528326	-2.206632799
161.9	-1.050744276	-2.124103527
162	-1.256221107	-1.974311696
162.1	-1.443508284	-1.761886766
162.2	-1.60696147	-1.500565965
162.3	-1.742654346	-1.210277248
162.4	-1.848766978	-0.912379947
162.5	-1.925492675	-0.6251515799
162.6	-1.974578235	-0.361138577
162.7	-1.998712545	-0.1267190435
162.8	-2.00095583	0.07679818769
162.9	-1.984315641	0.251491398
163	-1.951489204	0.4012556569
163.1	-1.904743365	0.5306517999
163.2	-1.845886526	0.6442037324
163.3	-1.776292403	0.7460445928
163.4	-1.696946911	0.8397896471
163.5	-1.60850064	0.9285348185
163.6	-1.511318328	1.014913023
163.7	-1.405521978	1.101161677
163.8	-1.291026494	1.189180295
163.9	-1.167573679	1.280554581
164	-1.034761615	1.376538012
164.1	-0.8920838047	1.477966436
164.2	-0.7389773469	1.585098361
164.3	-0.5748925229	1.69733717
164.4	-0.3993988142	1.812846052
164.5	-0.2123314621	1.928039624
164.6	-0.01399484357	2.037020078
164.7	0.1945802851	2.131128965
164.8	0.4113554343	2.198903996
164.9	0.6330340285	2.226868689
165	0.8549489244	2.20153294
165.1	1.071211886	2.112566114
165.2	1.275210433	1.956365574
165.3	1.460418748	1.738486679
165.4	1.621328886	1.473436242
165.5	1.754208919	1.181499762
165.6	1.857444667	0.8839145858
165.7	1.93140374	0.5984830674
165.8	1.977951309	0.3371433961
165.9	1.999835154	0.1057198473
166	2.000126224	-0.09488199834
166.1	1.981810732	-0.266978807
166.2	1.947547818	-0.4145725819
166.3	1.89956014	-0.5422449007
166.4	1.839612512	-0.654492808
166.5	1.769038949	-0.7554022427
166.6	1.688790636	-0.8485368921
166.7	1.599488554	-0.9369454809
166.8	1.501472302	-1.023219136
166.9	1.394841993	-1.109561092
167	1.279495125	-1.197839096
167.1	1.155156935	-1.289610309
167.2	1.021415683	-1.386090794
167.3	0.8777549221	-1.488070894
167.4	0.7236109912	-1.595737838
167.5	0.5584399173	-1.708397133
167.6	0.3818290873	-1.824064806
167.7	0.1936500913	-1.938956519
167.8	-0.005734285416	-2.046924324
167.9	-0.2152092174	-2.139030269
168	-0.4326238046	-2.20356634
168.1	-0.6545505143	-2.226947163
168.2	-0.8761927736	-2.19583322
168.3	-1.091564914	-2.10039356
168.4	-1.294023531	-1.937837251
168.5	-1.477100949	-1.71464324
168.6	-1.635433023	-1.44605586
168.7	-1.765485247	-1.152672755
168.8	-1.865847955	-0.855567345
168.9	-1.937058375	-0.5720443786
169	-1.981094047	-0.3134314451
169.1	-2.000756426	-0.0850107474
169.2	-1.999123275	0.1126985101
169.3	-1.979157404	0.2822370505
169.4	-1.943478763	0.4277037106
169.5	-1.894265681	0.5536944237
169.6	-1.833239668	0.6646764697
169.7	-1.761695501	0.7646877329
169.8	-1.680550186	0.857240513
169.9	-1.590395413	0.9453363443
170	-1.491545992	1.031526263
170.1	-1.384081061	1.117978722
170.2	-1.267879703	1.206531356
170.3	-1.142653382	1.298710643
170.4	-1.007977023	1.395695673
170.5	-0.86332876	1.498228711
170.6	-0.708141426	1.606425757
170.7	-0.5418798936	1.719485773
170.8	-0.3641513149	1.835277654
170.9	-0.1748636909	1.9498109
171	0.02555898183	2.056682844
171.1	0.2359134349	2.146677175
171.2	0.453935272	2.207845114
171.3	0.6760653157	2.226514053
171.4	0.8973786987	2.189527333
171.5	1.111797365	2.087586781
171.6	1.312654944	1.918734812
171.7	1.493550755	1.690370707
171.8	1.64927137	1.418442777
171.9	1.776482785	1.123813586
172	1.873977904	0.8273516287
172.1	1.942458613	0.5458428015
172.2	1.984008925	0.2900049209
172.3	2.001478835	0.06459068167
172.4	1.997949344	-0.1302508091
172.5	1.97635761	-0.2972702666
172.6	1.939283588	-0.4406531212
172.7	1.888861163	-0.5650041402
172.8	1.826768822	-0.6747581129
172.9	1.754262551	-0.7739038842
173	1.672225685	-0.8659028926
173.1	1.581221242	-0.9537098397
173.2	1.481539311	-1.039835917
173.3	1.373238457	-1.126416138
173.4	1.256180295	-1.215258224
173.5	1.130061235	-1.307855489
173.6	0.9944454293	-1.405353088
173.7	0.848803489	-1.508440035
173.8	0.6925685906	-1.61715903
173.9	0.5252129194	-1.730602446
174	0.3463646507	-1.846480867
174.1	0.155972535	-1.960595972
174.2	-0.04547662527	-2.066285642
174.3	-0.256690142	-2.154053986
174.4	-0.4752863212	-2.211726242
174.5	-0.6975733932	-2.225558746
174.6	-0.9185006352	-2.182609348
174.7	-1.131902849	-2.074148037
174.8	-1.331098848	-1.899070956
174.9	-1.509763891	-1.665688486
175	-1.662841903	-1.39061886
175.1	-1.787201406	-1.094941308
175.2	-1.881835873	-0.7992805169
175.3	-1.947606842	-0.5198859117
175.4	-1.986698887	-0.2668661336
175.5	-2.002005408	-0.04445825373
175.6	-1.996607106	0.1475423799
175.7	-1.973413674	0.3120824904
175.8	-1.934964197	0.4534250187
175.9	-1.883348057	0.5761779594
176	-1.820201067	0.6847411329
176.1	-1.746740927	0.7830538523
176.2	-1.663817772	0.8745263882
176.3	-1.571966166	0.9620677892
176.4	-1.471452381	1.048150251
176.5	-1.362314367	1.134875077
176.6	-1.244396146	1.224019137
176.7	-1.117380497	1.317047226
176.8	-0.980820017	1.415061772
176.9	-0.8341798078	1.518705007
177	-0.6768916597	1.627938278
177.1	-0.5084382956	1.74174258
177.2	-0.3284704167	1.85766955
177.3	-0.1369776001	1.971304751
177.4	0.06548663076	2.075724023
177.5	0.2775368274	2.161153418
177.6	0.4966728019	2.215198168
177.7	0.7190697507	2.224070145
177.8	0.9395529228	2.175073924
177.9	1.151875674	2.06007991
178	1.349350364	1.878855576
178.1	1.525736863	1.640613067
178.2	1.67614276	1.362602331
178.3	1.797641201	1.066072306
178.4	1.889423556	0.7713661206
178.5	1.952505668	0.4941795061
178.6	1.989166783	0.2440163635
178.7	2.002338906	0.02461171734
178.8	1.995099147	-0.1645766502
178.9	1.970327753	-0.3266780417
179	1.930522321	-0.4660236166
179.1	1.877727712	-0.5872197216
179.2	1.813537405	-0.6946289196
179.3	1.739131252	-0.7921402581
179.4	1.655326744	-0.8831136593
179.5	1.562630566	-0.9704124915
179.6	1.461285099	-1.056470725
179.7	1.351308463	-1.143356636
179.8	1.232527353	-1.232817845
179.9	1.104610956	-1.326285235
180	0.9671008983	-1.424825808
180.1	0.8194563841	-1.529021801
180.2	0.6611107089	-1.638761381
180.3	0.491555688	-1.752904578
180.4	0.3104676441	-1.868838275
180.5	0.1178800898	-1.981929616
180.6	-0.08558683393	-2.08498607
180.7	-0.2984508914	-2.167959528
180.8	-0.5180908494	-2.218248196
180.9	-0.7405489916	-2.222038294
181	-0.9605291833	-2.166916276
181.1	-1.171709242	-2.045385881
181.2	-1.367403595	-1.858101287
181.3	-1.541465483	-1.615162883
181.4	-1.689171934	-1.334414107
181.5	-1.80780199	-1.037224675
181.6	-1.8967421	-0.743620472
181.7	-1.957157049	-0.4687303149
181.8	-1.991415151	-0.2214573674
181.9	-2.002481926	-0.005049319272
182	-1.993427703	0.1813571658
182.1	-1.96710173	0.341060869
182.2	-1.925959441	0.4784529085
182.3	-1.872001209	0.5981330915
182.4	-1.806778562	0.7044247002
182.5	-1.731434028	0.8011660497
182.6	-1.646752796	0.8916667366
182.7	-1.553214221	0.9787460009
182.8	-1.451037443	1.064799115
182.9	-1.340220205	1.151862683
183	-1.220573628	1.24165377
183.1	-1.091751555	1.335571236
183.2	-0.9532870157	1.434641328
183.3	-0.8046331697	1.539392577
183.4	-0.6452244639	1.649626053
183.5	-0.474565492	1.764084182
183.6	-0.2923575133	1.879983109
183.7	-0.09867952488	1.992463053
183.8	0.1057758126	2.094063951
183.9	0.319428978	2.174462916
184	0.5395362538	2.220862061
184.1	0.762006047	2.219451749
184.2	0.9814238161	2.158131758
184.3	1.191398157	2.030070129
184.4	1.3852541	1.836821072
184.5	1.556946647	1.589357177
184.6	1.701928071	1.306073048
184.7	1.817684323	1.008413964
184.8	1.903793602	0.7160542614
184.9	1.961564075	0.4435429899
185	1.993447017	0.1991892669
185.1	2.002437316	-0.01423126708
185.2	1.991595389	-0.1978875976
185.3	1.963737786	-0.3552353904
185.4	1.921277293	-0.4907171822
185.5	1.866169889	-0.6089219248
185.6	1.799925517	-0.7141317198
185.7	1.723649855	-0.8101339451
185.8	1.63809645	-0.9001884477
185.9	1.543717511	-0.9870699621
186	1.4407091	-1.073137312
186.1	1.32905003	-1.160394201
186.2	1.208533721	-1.250528177
186.3	1.078802534	-1.344905704
186.4	0.9393780266	-1.444511714
186.5	0.7897093684	-1.549814012
186.6	0.6292335821	-1.660532049
186.7	0.4574668779	-1.775279629
186.8	0.2741393693	-1.891097573
186.9	0.07937851644	-2.002897339
187	-0.1260513784	-2.102944752
187.1	-0.3404686891	-2.180648511
187.2	-0.5610048351	-2.223029465
187.3	-0.7834353546	-2.216302742
187.4	-1.002230397	-2.14871791
187.5	-1.210935865	-2.01413866
187.6	-1.402896266	-1.815029285
187.7	-1.572176788	-1.563214797
187.8	-1.714409768	-1.277600055
187.9	-1.827288525	-0.9796573984
188	-1.910579583	-0.6886785001
188.1	-1.96572884	-0.4186232029
188.2	-1.995265188	-0.1772132281
188.3	-2.002207819	0.03323232484
188.4	-1.989604558	0.2141717881
188.5	-1.960237901	0.3692056899
188.6	-1.91647745	0.5028204336
188.7	-1.860234925	0.6195898498
188.8	-1.792979114	0.7237532739
188.9	-1.715779365	0.819046787
189	-1.629357863	0.9086806406
189.1	-1.534140311	0.9953868598
189.2	-1.430300345	1.081486755
189.3	-1.3177969	1.168953112
189.4	-1.196408573	1.259442895
189.5	-1.065762758	1.354289379
189.6	-0.9253734014	1.454434532
189.7	-0.7746847928	1.560288148
189.8	-0.6131365843	1.671476296
189.9	-0.4402603087	1.786485863
190	-0.2558145156	1.902177017
190.1	-0.05997637469	2.013224015
190.2	0.1464120287	2.111620136
190.3	0.3615663091	2.186506722
190.4	0.5824920998	2.224736369
190.5	0.8048315444	2.212580714
190.6	1.022943124	2.138671596
190.7	1.230316944	1.997596679
190.8	1.420325699	1.792738812
190.9	1.587152824	1.536754345
191	1.726615761	1.249013064
191.1	1.836615229	0.9509698456
191.2	1.91710209	0.6615029447
191.3	1.969654294	0.3939747345
191.4	1.996872365	0.1555289758
191.5	2.001796032	-0.05195623115
191.6	1.987457554	-0.2302134805
191.7	1.956603977	-0.3829760271
191.8	1.91156141	-0.5147666872
191.9	1.854197453	-0.6301404853
192	1.785940135	-0.7332923647
192.1	1.707822944	-0.8279070359
192.2	1.620537382	-0.9171460431
192.3	1.524482895	-1.003698117
192.4	1.419810633	-1.089849289
192.5	1.30646134	-1.1775401
192.6	1.184196325	-1.26839812
192.7	1.052632407	-1.363722848
192.8	0.9112723946	-1.464412078
192.9	0.7595587738	-1.570812033
193	0.5969341553	-1.682458055
193.1	0.4229452186	-1.797700795
193.2	0.2373825466	-1.913214986
193.3	0.0404758303	-2.023434919
193.4	-0.1668552501	-2.120076938
193.5	-0.382719051	-2.192022376
193.6	-0.6039935788	-2.225971854
193.7	-0.826188896	-2.208278108
193.8	-1.04355558	-2.127991528
193.9	-1.249535074	-1.980452431
194	-1.437537264	-1.769966516
194.1	-1.601871772	-1.509996503
194.2	-1.738545162	-1.22033287
194.3	-1.845665177	-0.9223671944
194.4	-1.923363043	-0.6345372926
194.5	-1.973342854	-0.3696021786
194.6	-1.998271572	-0.1341366954
194.7	-2.00120477	0.07040587916
194.8	-1.985156797	0.2460166218
194.9	-1.952838054	0.3965505756
195	-1.906530776	0.5265600098
195.1	-1.848058673	0.6405774397
195.2	-1.778809471	0.7427522472
195.3	-1.699781298	0.8367175347
195.4	-1.611635269	0.9255864882
195.5	-1.514745203	1.012006097
195.6	-1.40924031	1.098226341
195.7	-1.295042429	1.186157001
195.8	-1.171898115	1.277395997
195.9	-1.039410457	1.373206596
196	-0.8970754533	1.474443807
196.1	-0.7443305018	1.581386208
196.2	-0.5806252633	1.693473582
196.3	-0.4055221198	1.808919962
196.4	-0.2188439871	1.924205739
196.5	-0.02087657443	2.033521581
196.6	0.1873789877	2.128306098
196.7	0.4039231771	2.197182794
196.8	0.6255046153	2.226721679
196.9	0.8475018152	2.203385128
197	1.06406182	2.116675851
197.1	1.268584779	1.962712862
197.2	1.45452658	1.746727628
197.3	1.616330722	1.482960215
197.4	1.75019692	1.191577069
197.5	1.854439143	0.8938634207
197.6	1.929364473	0.6077901412
197.7	1.976797273	0.3455086054
197.8	1.999465369	0.1130355724
197.9	2.00043642	-0.08858396943
198	1.982704373	-0.2615851264
198.1	1.948941774	-0.4099335961
198.2	1.901386794	-0.5382043562
198.3	1.841819466	-0.6509042307
198.4	1.771587634	-0.7521357829
198.5	1.691654617	-0.8454808959
198.6	1.602651698	-0.9340044056
198.7	1.504927098	-1.020312306
198.8	1.398588835	-1.10661958
198.9	1.283540126	-1.194805604
199	1.159512496	-1.286436077
199.1	1.026096717	-1.382742043
199.2	0.8827805986	-1.484528583
199.3	0.7290002442	-1.592008909
199.4	0.5642097787	-1.704523099
199.5	0.3879900378	-1.820139035
199.6	0.2001997745	-1.935142733
199.7	0.001181014189	-2.043474251
199.8	-0.2079812908	-2.136293478
199.9	-0.4251756556	-2.201977667
200	-0.6470205611	-2.226977248
200.1	-0.8687645733	-2.19789643
200.2	-1.084455564	-2.104725563
200.3	-1.287460062	-1.944387072
200.4	-1.471289041	-1.723036979
200.5	-1.630527213	-1.455665239
200.6	-1.761570631	-1.162765559
200.7	-1.862938244	-0.8654734286
200.8	-1.935108475	-0.5812702287
200.9	-1.98002021	-0.321697305
201	-2.000456716	-0.0922251714
201.1	-1.999493786	0.10649366
201.2	-1.980102673	0.2769230751
201.3	-1.944917145	0.4231292141
201.4	-1.896131059	0.5497036405
201.5	-1.83548105	0.6611243686
201.6	-1.764275573	0.7614462145
201.7	-1.683443536	0.8541994096
201.8	-1.593586818	0.9424019694
201.9	-1.495028888	1.028618904
202	-1.38785617	1.11503071
202.1	-1.271954128	1.203485567
202.2	-1.147039123	1.295520916
202.3	-1.012690508	1.392328406
202.4	-0.8683885861	1.494667962
202.5	-0.7135667342	1.602680172
202.6	-0.5476873438	1.715601759
202.7	-0.3703501819	1.831354577
202.8	-0.1814499412	1.946019868
202.9	0.01861058166	2.053285092
203	0.2286594566	2.144031316
203.1	0.4464724779	2.206391888
203.2	0.6685365823	2.226724135
203.3	0.8899715265	2.191803201
203.4	1.104731028	2.092140487
203.5	1.306155825	1.925484363
203.6	1.487820761	1.698912778
203.7	1.644458894	1.428131189
203.8	1.772665818	1.133915323
203.9	1.871163769	0.8372100126
204	1.940597561	0.5549846726
204.1	1.983014564	0.2981705159
204.2	2.001248413	0.07170399511
204.3	1.998379416	-0.1241380911
204.4	1.977353898	-0.2920346481
204.5	1.940765907	-0.4361418049
204.6	1.8907649	-0.5610618921
204.7	1.829044381	-0.6712413659
204.8	1.756873847	-0.7706863019
204.9	1.675148384	-0.862876014
205	1.584440995	-0.950781337
205.1	1.485050295	-1.03692746
205.2	1.377042149	-1.12346102
205.3	1.260284139	-1.212200447
205.4	1.134477989	-1.30464984
205.5	0.9991915168	-1.401967587
205.6	0.8538978005	-1.504860321
205.7	0.6980302408	-1.613397532
205.8	0.5310578502	-1.726709406
205.9	0.3526013707	-1.842561618
206	0.1625954588	-1.95682999
206.1	-0.03849569369	-2.062943196
206.2	-0.2494111476	-2.151503165
206.3	-0.4678101893	-2.210413943
206.4	-0.6900475939	-2.225953289
206.5	-0.9111165032	-2.185100354
206.6	-1.124881573	-2.078922775
206.7	-1.324665875	-1.906015847
206.8	-1.504117117	-1.67437185
206.9	-1.658123398	-1.400378997
207	-1.78348208	-1.105045906
207.1	-1.879116745	-0.80908697
207.2	-1.94583367	-0.5289415325
207.3	-1.985782918	-0.2749308904
207.4	-2.001843236	-0.05147111119
207.5	-1.997095804	0.1415205573
207.6	-1.974460177	0.3069237197
207.7	-1.936489811	0.448975341
207.8	-1.885289661	0.5722828325
207.9	-1.822510445	0.6812585219
208	-1.749383212	0.7798591652
208.1	-1.666769642	0.8715127676
208.2	-1.575214181	0.9591444878
208.3	-1.474991506	1.045240005
208.4	-1.366146593	1.131912337
208.5	-1.248529683	1.220948753
208.6	-1.121828156	1.313825379
208.7	-0.9855989931	1.411657841
208.8	-0.8393086935	1.515106819
208.9	-0.6823897421	1.624160922
209	-0.5143209477	1.737841528
209.1	-0.334744911	1.85375605
209.2	-0.1436367129	1.967566334
209.3	0.05847363337	2.07244055
209.4	0.2702335999	2.158701353
209.5	0.4891846885	2.214030528
209.6	0.7115486533	2.224652381
209.7	0.9321938936	2.177781561
209.8	1.144901607	2.065074562
209.9	1.342985439	1.885992063
210	1.520174649	1.649431952
210.1	1.671518878	1.372427553
210.2	1.794019486	1.07617365
210.3	1.886798902	0.7811163228
210.4	1.950819572	0.5031466752
210.5	1.988328259	0.2519797737
210.6	2.002244018	0.03152469629
210.7	1.995645598	-0.1586444617
210.8	1.971423742	-0.3215946572
210.9	1.93209064	-0.4616341375
211	1.879706733	-0.5833703927
211.1	1.815880273	-0.6911792702
211.2	1.741804301	-0.788967463
211.3	1.658307688	-0.8801125024
211.4	1.565906809	-0.9674936019
211.5	1.464852352	-1.05355812
211.6	1.355169396	-1.140385812
211.7	1.236690567	-1.229734522
211.8	1.109089963	-1.323046994
211.9	0.9719127429	-1.42140313
212	0.8246202995	-1.5254051
212.1	0.6666453209	-1.634969062
212.2	0.4974759985	-1.748996138
212.3	0.3167800825	-1.864932061
212.4	0.1245752081	-1.978221302
212.5	-0.07854255044	-2.081765128
212.6	-0.2911245148	-2.165611721
212.7	-0.5105921595	-2.217230127
212.8	-0.7330344712	-2.222812143
212.9	-0.9531974077	-2.169842334
213	-1.16478452	-2.05059908
213.1	-1.361108563	-1.865424569
213.2	-1.535989129	-1.624110403
213.3	-1.684643273	-1.344297005
213.4	-1.804277854	-1.047316732
213.5	-1.894211383	-0.7533104024
213.6	-1.955557166	-0.4776068599
213.7	-1.990653065	-0.2293189591
213.8	-2.002453344	-0.01186314565
213.9	-1.994031046	0.175513367
214	-1.968246473	0.3360514234
214.1	-1.927569885	0.4741221756
214.2	-1.874017207	0.5943282436
214.3	-1.809154609	0.701006872
214.4	-1.734137624	0.7980141327
214.5	-1.649762667	0.8886772185
214.6	-1.556518665	0.9758308483
214.7	-1.454632841	1.061883508
214.8	-1.344109889	1.148883108
214.9	-1.224766707	1.238557302
215	-1.096261915	1.332316042
215.1	-0.9581320686	1.431200102
215.2	-0.8098320165	1.535757564
215.3	-0.6507958062	1.645818992
215.4	-0.4805236636	1.760169879
215.5	-0.2987075305	1.876086152
215.6	-0.1054102767	1.988787695
215.7	0.09870060693	2.090909046
215.8	0.3120803896	2.172222333
215.9	0.5320284596	2.219997303
216	0.7544999185	2.220420313
216.1	0.9741213355	2.161277284
216.2	1.184524818	2.035500305
216.3	1.379030675	1.844327288
216.4	1.551557322	1.598427442
216.5	1.69749514	1.316007189
216.6	1.814257603	1.018491036
216.7	1.901356189	0.7256800444
216.8	1.960049516	0.4523272353
216.9	1.992760409	0.2069488737
217	2.00247409	-0.007515858812
217.1	1.992254766	-0.192130877
217.2	1.964930577	-0.3502983905
217.3	1.922929297	-0.4864437671
217.4	1.868222433	-0.605160259
217.5	1.802334432	-0.7107445774
217.6	1.726383808	-0.807001993
217.7	1.64113516	-0.8972097161
217.8	1.547050092	-0.9841578315
217.9	1.444332689	-1.070218137
218	1.332968537	-1.157405554
218.1	1.212756775	-1.247417871
218.2	1.083344435	-1.341633569
218.3	0.9442563794	-1.441051596
218.4	0.7949434991	-1.54616086
218.5	0.6348417565	-1.6567111
218.6	0.4634628359	-1.771360311
218.7	0.2805270758	-1.887211639
218.8	0.08614463585	-1.999257565
218.9	-0.1189461022	-2.099859621
219	-0.3330990347	-2.178520587
219.1	-0.553489457	-2.222323023
219.2	-0.775939558	-2.217469687
219.3	-0.9949593975	-2.152084276
219.4	-1.204116052	-2.019783725
219.5	-1.396746247	-1.822712715
219.6	-1.566875672	-1.572400446
219.7	-1.710073049	-1.287578277
219.8	-1.823959089	-0.9897138968
219.9	-1.908234856	-0.6982365355
220	-1.964298693	-0.4273133636
