0	-2	0
0.1	-1.990487863	0.1855010351
0.2	-1.96378416	0.3445048775
0.3	-1.922324467	0.4813864744
0.4	-1.868091497	0.6007191358
0.5	-1.802621893	0.7067979493
0.6	-1.727045997	0.8034359943
0.7	-1.642139222	0.8939221285
0.8	-1.548372798	0.9810586649
0.9	-1.445959204	1.067228844
1	-1.334891368	1.15445783
1.1	-1.21497481	1.244453144
1.2	-1.085861873	1.338602248
1.3	-0.9470819194	1.43791613
1.4	-0.7980887754	1.542898224
1.5	-0.6383198558	1.653320057
1.6	-0.4672853938	1.767871305
1.7	-0.2847004609	1.883699669
1.8	-0.09066504351	1.995857913
1.9	0.1140996398	2.096780754
2	0.3279723348	2.176047702
2.1	0.548160029	2.220800841
2.2	0.7705203765	2.217252745
2.3	0.9895961548	2.15345613
2.4	1.198975326	2.022864039
2.5	1.391995398	1.827391623
2.6	1.562659321	1.578339364
2.7	1.706493487	1.294287074
2.8	1.821066959	0.9966703452
2.9	1.906031682	0.7049955173
3	1.962748144	0.4335683291
3.1	1.993695578	0.190461817
3.2	2.001875391	-0.02172720546
3.3	1.990340496	-0.2042773914
3.4	1.961891943	-0.3606962696
3.5	1.918923887	-0.4954387182
3.6	1.863373741	-0.6130835226
3.7	1.796734473	-0.7178928261
3.8	1.720096956	-0.8136315527
3.9	1.634202001	-0.9035384355
4	1.539491241	-0.9903707796
4.1	1.436151875	-1.076471504
4.2	1.324154431	-1.163832178
4.3	1.203287249	-1.25412756
4.4	1.07318566	-1.348710454
4.5	0.9333693499	-1.448547896
4.6	0.783285324	-1.554085086
4.7	0.6223717226	-1.665000134
4.8	0.4501521535	-1.77985579
4.9	0.266368214	-1.895617737
5	0.07116799481	-2.007097748
5.1	-0.1346504814	-2.106449466
5.2	-0.349363182	-2.182969614
5.3	-0.5700491582	-2.223608718
5.4	-0.7924279573	-2.214607212
5.5	-1.010923127	-2.144373879
5.6	-1.219057309	-2.007075017
5.7	-1.410186877	-1.805560163
5.8	-1.578426697	-1.552003944
5.9	-1.71948704	-1.265506843
6	-1.831148494	-0.9675348225
6.1	-1.913255138	-0.6772052876
6.2	-1.967308448	-0.4082259213
6.3	-1.995867258	-0.168074584
6.4	-2.001959411	0.04111601521
6.5	-1.988625869	0.2209200631
6.6	-1.958633957	0.3749937424
6.7	-1.914334785	0.5078384356
6.8	-1.857621318	0.6240196969
6.9	-1.789945049	0.727757729
7	-1.712360131	0.822766676
7.1	-1.625575829	0.9122361418
7.2	-1.530006702	0.9988793778
7.3	-1.425816776	1.085003201
7.4	-1.312957713	1.172566276
7.5	-1.191200028	1.263213521
7.6	-1.060167819	1.35826395
7.7	-0.9193691159	1.458640976
7.8	-0.7682484792	1.564727174
7.9	-0.6062461396	1.676111544
8	-0.4328999358	1.791222527
8.1	-0.2479823067	1.906842709
8.2	-0.05169246476	2.017545224
8.3	0.1550954395	2.115205797
8.4	0.3705511184	2.18885574
8.5	0.5916262878	2.225281159
8.6	0.8139070994	2.210785003
8.7	1.031705822	2.134173645
8.8	1.238491218	1.990351623
8.9	1.427650943	1.78309304
9	1.593421261	1.525399522
9.1	1.731699511	1.236824111
9.2	1.840474425	0.9387990099
9.3	1.919773941	0.6500181228
9.4	1.971230156	0.383587906
9.5	1.997472438	0.1464091261
9.6	2.001547483	-0.05982233615
9.7	1.986480182	-0.2369503279
9.8	1.955002101	-0.3887609673
9.9	1.909420678	-0.5197902219
10	1.851584816	-0.6345837725
10.1	1.782905356	-0.7373172783
10.2	1.704400693	-0.8316533931
10.3	1.616749318	-0.9207330396
10.4	1.520339823	-1.007227255
10.5	1.415313982	-1.093406382
10.6	1.301604307	-1.181198084
10.7	1.178966274	-1.272217549
10.8	1.04701004	-1.367748038
10.9	0.905236468	-1.468670736
11	0.7530846069	-1.575302005
11.1	0.5900011836	-1.687137206
11.2	0.4155388907	-1.80247075
11.3	0.2295014489	-1.917893708
11.4	0.03214273066	-2.02773799
11.5	-0.1755831775	-2.123601913
11.6	-0.3917394967	-2.194255085
11.7	-0.613149173	-2.226342604
11.8	-0.8352660493	-2.206259617
11.9	-1.05229619	-2.123244775
12	-1.257662584	-1.972966836
12.1	-1.444793604	-1.760125503
12.2	-1.608054987	-1.498516954
12.3	-1.743535129	-1.208097764
12.4	-1.849429692	-0.9102196717
12.5	-1.925945263	-0.623124379
12.6	-1.974837781	-0.3593125193
12.7	-1.998800754	-0.1251199895
12.8	-2.000895364	0.07817548828
12.9	-1.984127589	0.2526707688
13	-1.951191783	0.4022692497
13.1	-1.904351459	0.5315335182
13.2	-1.845411699	0.64498554
13.3	-1.775743185	0.7467548711
13.4	-1.696329196	0.8404529233
13.5	-1.607818085	0.9291719466
13.6	-1.510572615	1.015541635
13.7	-1.404713156	1.101796947
13.8	-1.290153363	1.189834944
13.9	-1.166633569	1.281238831
14	-1.033751357	1.377259893
14.1	-0.8909991548	1.478730262
14.2	-0.737814309	1.585902569
14.3	-0.5736474214	1.698174183
14.4	-0.3980689687	1.813696269
14.5	-0.210917307	1.928868655
14.6	-0.01250119904	2.037775047
14.7	0.196142855	2.131735486
14.8	0.4129675259	2.199269142
14.9	0.6346663041	2.226890735
15	0.8565622988	2.201120043
15.1	1.072759706	2.111663406
15.2	1.276643432	1.954979081
15.3	1.461691778	1.736692301
15.4	1.622407479	1.471366964
15.5	1.755073416	1.179313911
15.6	1.858091004	0.8817594835
15.7	1.931840903	0.5964691388
15.8	1.978196989	0.3353346666
15.9	1.999911314	0.1041388036
16	2.000055436	-0.09624275116
16.1	1.981613897	-0.2681440893
16.2	1.94724288	-0.4155750018
16.3	1.899161685	-0.5431182987
16.4	1.839131833	-0.6552688609
16.5	1.768484351	-0.7561090519
16.6	1.688167813	-0.8491985942
16.7	1.598800918	-0.9375825996
16.8	1.500721431	-1.023849318
16.9	1.394027905	-1.110199014
17	1.27861617	-1.198497422
17.1	1.154211047	-1.290299481
17.2	1.020398695	-1.386817696
17.3	0.8766636142	-1.488839976
17.4	0.7224401064	-1.596547467
17.5	0.5571865378	-1.709236895
17.6	0.3804912946	-1.824915875
17.7	0.1922276975	-1.939782394
17.8	-0.007235988894	-2.047670212
17.9	-0.2167780773	-2.139620455
18	-0.4342397902	-2.203904024
18.1	-0.6561835833	-2.226931457
18.2	-0.8778028647	-2.195375228
18.3	-1.093104842	-2.099443227
18.4	-1.295444077	-1.936406892
18.5	-1.478357614	-1.712815618
18.6	-1.636492507	-1.443967511
18.7	-1.766329524	-1.150482778
18.8	-1.866474401	-0.853420808
18.9	-1.93747699	-0.5700471127
19	-1.981323047	-0.3116432851
19.1	-2.000817961	-0.08345075998
19.2	-1.999039929	0.1140398414
19.3	-1.978949808	0.2833858648
19.4	-1.943164549	0.4286928383
19.5	-1.89385913	0.5545576304
19.6	-1.832751774	0.6654451512
19.7	-1.761134275	0.7653895265
19.8	-1.679921109	0.8578994466
19.9	-1.589701817	0.9459724769
20	-1.490789097	1.032156758
20.1	-1.383260792	1.118618321
20.2	-1.266994565	1.207193029
20.3	-1.141700613	1.299402765
20.4	-1.006953164	1.396427141
20.5	-0.8622293469	1.49900171
20.6	-0.7069630548	1.607238397
20.7	-0.5406185866	1.720329132
20.8	-0.3628046594	1.836128397
20.9	-0.1734333222	1.950631984
21	0.02706734469	2.057416973
21.1	0.2374880165	2.147245413
21.2	0.4555546842	2.208153532
21.3	0.6776981854	2.226460132
21.4	0.8989842181	2.18902373
21.5	1.113327885	2.086588831
21.6	1.314061416	1.917262137
21.7	1.494789642	1.688511617
21.8	1.650310817	1.416338339
21.9	1.777306106	1.121622534
22	1.874583793	0.8252156914
22.1	1.942858104	0.5438640305
22.2	1.984220906	0.2882385215
22.3	2.001525604	0.06305248832
22.4	1.997853273	-0.1315724509
22.5	1.976139129	-0.2984022411
22.6	1.938960014	-0.4416287246
22.7	1.888446431	-0.5658569972
22.8	1.826273631	-0.6755192794
22.9	1.75369469	-0.7746007709
23	1.671590383	-0.8665587218
23.1	1.580521462	-0.954344716
23.2	1.480776459	-1.040466916
23.3	1.372412097	-1.127057538
23.4	1.255288645	-1.215921251
23.5	1.129101611	-1.308551948
23.6	0.9934143424	-1.406087236
23.7	0.8476969789	-1.509217672
23.8	0.6913821956	-1.617975726
23.9	0.5239434295	-1.731447205
24	0.3450102936	-1.847330895
24.1	0.1545342304	-1.961411677
24.2	-0.04699234167	-2.067008395
24.3	-0.2582700851	-2.154603093
24.4	-0.4769084959	-2.212004278
24.5	-0.6992056316	-2.225464522
24.6	-0.9201012431	-2.182059099
24.7	-1.133423767	-2.073102263
24.8	-1.332491216	-1.897555708
24.9	-1.510984931	-1.663798746
25	-1.663861085	-1.388498723
25.1	-1.788003711	-1.092749481
25.2	-1.882421384	-0.7971559091
25.3	-1.947987524	-0.5179256236
25.4	-1.986894054	-0.2651214469
25.5	-2.002037518	-0.04294170954
25.6	-1.996498486	0.1488443994
25.7	-1.973184443	0.3131979917
25.8	-1.934631356	0.4543874033
25.9	-1.88292523	0.5770207201
26	-1.819698652	0.6854950078
26.1	-1.746166415	0.7837457511
26.2	-1.663176201	0.8751795387
26.3	-1.571260429	0.9627016543
26.4	-1.470683441	1.048781601
26.5	-1.361481878	1.135518049
26.6	-1.243498199	1.224686117
26.7	-1.116414504	1.317746715
26.8	-0.9797820521	1.415802097
26.9	-0.8330656611	1.519485541
27	-0.6756976398	1.628758674
27.1	-0.5071603126	1.742589283
27.2	-0.3271075301	1.858517665
27.3	-0.1355319444	1.972114174
27.4	0.06700929847	2.076432794
27.5	0.2791222142	2.161680191
27.6	0.4982975472	2.215445495
27.7	0.7207008121	2.223935689
27.8	0.9411478374	2.174476901
27.9	1.153386013	2.058986459
28	1.350727602	1.877298492
28.1	1.526939296	1.63869352
28.2	1.677141257	1.360468394
28.3	1.7984222	1.063881852
28.4	1.889988395	0.7692541154
28.5	1.95286722	0.4922387621
28.6	1.989345028	0.2422939238
28.7	2.00235636	0.02311693208
28.8	1.994977921	-0.1658592728
28.9	1.970087708	-0.3277771671
29	1.930180146	-0.4669729194
29.1	1.877296698	-0.5880525413
29.2	1.813027652	-0.6953756773
29.3	1.738550016	-0.7928274516
29.4	1.654678743	-0.8837639591
29.5	1.561918563	-0.9710455516
29.6	1.460510094	-1.05710254
29.7	1.350469481	-1.144001503
29.8	1.231623207	-1.233487356
29.9	1.1036378	-1.326988396
30	0.9660556583	-1.425568546
30.1	0.8183346863	-1.529807809
30.2	0.6599082715	-1.639584173
30.3	0.4902699497	-1.753752375
30.4	0.3090968352	-1.86968547
30.5	0.116425783	-1.982732447
30.6	-0.08711628967	-2.085682289
30.7	-0.3000409273	-2.168464153
30.8	-0.5197178045	-2.218461391
30.9	-0.7421786369	-2.221860987
31	-0.9621182705	-2.166271184
31.1	-1.17320906	-2.044244904
31.2	-1.368765897	-1.856504329
31.3	-1.542649395	-1.613216481
31.4	-1.690149814	-1.332267711
31.5	-1.808561903	-1.035035932
31.6	-1.897286754	-0.7415214228
31.7	-1.957500216	-0.4668090019
31.8	-1.991576941	-0.2197566532
31.9	-2.002485061	-0.003575882233
32	-1.993294221	0.1826206455
32.1	-1.966851181	0.3421441095
32.2	-1.925608175	0.4793896272
32.3	-1.871562211	0.5989563848
32.4	-1.806261635	0.7051645864
32.5	-1.730846157	0.801848773
32.6	-1.646098626	0.8923147806
32.7	-1.552496188	0.9793780307
32.8	-1.450256171	1.065431757
32.9	-1.339375357	1.152509347
33	-1.219662383	1.242325707
33.1	-1.090771931	1.336278186
33.2	-0.9522345125	1.435389214
33.3	-0.803503843	1.540181222
33.4	-0.6440145543	1.650452894
33.5	-0.4732711487	1.764933802
33.6	-0.2909782134	1.880827645
33.7	-0.09721837345	1.993258657
33.8	0.1073118766	2.094744555
33.9	0.3210241437	2.174943427
34	0.5411651899	2.221043193
34.1	0.7636337597	2.219233158
34.2	0.9830063367	2.157439567
34.3	1.192886514	2.028882485
34.4	1.386600565	1.83518465
34.5	1.558111583	1.587384143
34.6	1.702885213	1.303916354
34.7	1.818423116	1.006229221
34.8	1.904317965	0.7139694735
34.9	1.961888579	0.4416420405
35	1.993592505	0.1975109559
35.1	2.00242637	-0.01568340895
35.2	1.991449799	-0.1991323428
35.3	1.963476866	-0.3563029556
35.4	1.920917061	-0.491641519
35.5	1.865722999	-0.6097359121
35.6	1.799401496	-0.7148650808
35.7	1.723055462	-0.8108124358
35.8	1.637435961	-0.9008339841
35.9	1.542993297	-0.9877016533
36	1.439921904	-1.073770647
36.1	1.328198541	-1.161043033
36.2	1.207616657	-1.251203714
36.3	1.077815714	-1.345616229
36.4	0.938318331	-1.44526252
36.5	0.7885724534	-1.550607925
36.6	0.6280151347	-1.661361124
36.7	0.4561646937	-1.776129582
36.8	0.2727523192	-1.891940129
36.9	0.07790881658	-2.003685042
37	-0.1275940855	-2.103611306
37.1	-0.3420680451	-2.181105445
37.2	-0.5626352884	-2.223174879
37.3	-0.7850607801	-2.216040048
37.4	-1.003806125	-2.147977369
37.5	-1.212412761	-2.012904056
37.6	-1.404226959	-1.813354202
37.7	-1.57332257	-1.561216906
37.8	-1.715345975	-1.275433383
37.9	-1.82800624	-0.9774769317
38	-1.911083957	-0.6866084116
38.1	-1.966035273	-0.4167424171
38.2	-1.995394514	-0.1755568699
38.3	-2.002182894	0.03466327853
38.4	-1.989447021	0.2153979377
38.5	-1.959966712	0.370257958
38.6	-1.916108321	0.5037327108
38.7	-1.859780199	0.6203948025
38.8	-1.792448018	0.7244801919
38.9	-1.715178367	0.8197211177
39	-1.628691195	0.9093242659
39.1	-1.53341009	0.9960178037
39.2	-1.42950681	1.082121124
39.3	-1.316939528	1.169603852
39.4	-1.1954842	1.260120794
39.5	-1.064769403	1.35500379
39.6	-0.9243061682	1.455189924
39.7	-0.7735402698	1.561085202
39.8	-0.6119105102	1.672308936
39.9	-0.4389497108	1.787337009
40	-0.2544191633	1.903016445
40.1	-0.05849983031	2.014003304
40.2	0.1479609606	2.112269654
40.3	0.3631701221	2.186937804
40.4	0.5841237975	2.224847375
40.5	0.8064541767	2.21227499
40.6	1.024511365	2.137883397
40.7	1.231781528	1.996316522
40.8	1.421639903	1.791026896
40.9	1.588279216	1.534733443
41	1.727531083	1.246839223
41.1	1.837311953	0.9487956374
41.2	1.917586538	0.6594486213
41.3	1.969942562	0.3921150213
41.4	1.996985911	0.1538949327
41.5	2.00175749	-0.05336631601
41.6	1.987288341	-0.2314214034
41.7	1.956322792	-0.3840132582
41.8	1.911183616	-0.5156672175
41.9	1.853735079	-0.6309366858
42	1.78540214	-0.7340132222
42.1	1.707215584	-0.8285775402
42.2	1.61986454	-0.9177875509
42.3	1.523746601	-1.004328914
42.4	1.419011188	-1.090484611
42.5	1.305597469	-1.17819302
42.6	1.183266067	-1.269079979
42.7	1.051631954	-1.364440716
42.8	0.9101985425	-1.465172143
42.9	0.7584061711	-1.571612934
43	0.5956999746	-1.683292421
43.1	0.4216267058	-1.798552527
43.2	0.235978805	-1.914051037
43.3	0.03899136569	-2.024205298
43.4	-0.1684102046	-2.120710109
43.5	-0.3843267199	-2.192425612
43.6	-0.6056261207	-2.226044969
43.7	-0.8278083033	-2.207926815
43.8	-1.045115963	-2.127154511
43.9	-1.250987107	-1.979126717
44	-1.438834745	-1.768219423
44.1	-1.60297842	-1.507954157
44.2	-1.739439284	-1.218152372
44.3	-1.846340796	-0.9201996852
44.4	-1.923827669	-0.6324991224
44.5	-1.973613249	-0.3677634657
44.6	-1.998369335	-0.1325246751
44.7	-2.001152562	0.07179520551
44.8	-1.984975885	0.2472065245
44.9	-1.952546795	0.3975731273
45	-1.906144213	0.5274490903
45.1	-1.847588525	0.6413651334
45.2	-1.778264402	0.7434671159
45.3	-1.699167357	0.8373844512
45.4	-1.61095621	0.9262261854
45.5	-1.51400265	1.012636589
45.6	-1.408434631	1.098862816
45.7	-1.294172169	1.186812789
45.8	-1.17096109	1.278080354
45.9	-1.038403072	1.373928949
46	-0.8959935355	1.47520693
46.1	-0.7431705937	1.582190768
46.2	-0.5793828701	1.694311757
46.3	-0.4041948376	1.809771327
46.4	-0.2174326143	1.925037794
46.5	-0.01938505236	2.034281558
46.6	0.1889402736	2.128920246
46.7	0.4055348593	2.197560584
46.8	0.6271377457	2.226759377
46.9	0.8491176423	2.20299001
47	1.065613826	2.115791209
47.1	1.270023643	1.961342134
47.2	1.455806912	1.744944304
47.3	1.617417563	1.48089699
47.4	1.751070035	1.189392037
47.5	1.855093879	0.8917044318
47.6	1.929809407	0.6057691174
47.7	1.97704994	0.3436912626
47.8	1.999547657	0.1114458333
47.9	2.000370941	-0.08995282973
48	1.982512074	-0.262757419
48.1	1.948640747	-0.4109417138
48.2	1.900991743	-0.539082241
48.3	1.841341798	-0.6516836994
48.4	1.771035765	-0.7528450867
48.5	1.691034287	-0.8461441306
48.6	1.601966393	-0.9346425596
48.7	1.504178618	-1.020942849
48.8	1.397776941	-1.107257464
48.9	1.282663622	-1.19546279
49	1.158568544	-1.287124472
49.1	1.025082301	-1.383467589
49.2	0.8816918017	-1.485296768
49.3	0.7278321235	-1.592817432
49.4	0.5629593627	-1.705362506
49.5	0.3866551016	-1.820990798
49.6	0.1987799998	-1.93597069
49.7	-0.00031820705	-2.044224508
49.8	-0.2095482247	-2.136890694
49.9	-0.4267906895	-2.202325601
50	-0.648653909	-2.226975359
50.1	-0.8703764708	-2.197454773
50.2	-1.085998994	-2.103792313
50.3	-1.288885762	-1.942972367
50.4	-1.472552218	-1.721221202
50.5	-1.63159411	-1.453583304
50.6	-1.762422649	-1.160576357
50.7	-1.86357227	-0.8633231446
50.8	-1.935534159	-0.5792664097
50.9	-1.980255551	-0.3199012907
51	-2.000523791	-0.0906571786
51.1	-1.999415196	0.1078422983
51.2	-1.979899159	0.2780781205
51.3	-1.944606446	0.4241234122
51.4	-1.895727573	0.5505707736
51.5	-1.834995878	0.6618959408
51.6	-1.763716825	0.7621500081
51.7	-1.682816791	0.8548596009
51.8	-1.592895455	0.9430386519
51.9	-1.494274176	1.029249463
52	-1.387038163	1.11566988
52.1	-1.271071207	1.204146479
52.2	-1.146088837	1.296211933
52.3	-1.011669108	1.393058616
52.4	-0.8672918109	1.495439369
52.5	-0.7123911826	1.603491853
52.6	-0.5464287924	1.716444532
52.7	-0.3690063977	1.832205481
52.8	-0.1800224889	1.946842834
52.9	0.02011651928	2.054023329
53	0.2302322039	2.144606759
53.1	0.4480908744	2.20671144
53.2	0.670169666	2.226684471
53.3	0.8915787868	2.191316152
53.4	1.106264955	2.091159454
53.5	1.307567312	1.92402643
53.6	1.489065982	1.697064233
53.7	1.645505511	1.426032254
53.8	1.773496619	1.131724703
53.9	1.871776942	0.8350703066
54	1.941003773	0.5529993971
54.1	1.983232557	0.296396433
54.2	2.001300434	0.0701581326
54.3	1.998287864	-0.1254667254
54.4	1.977139283	-0.29317255
54.5	1.940445668	-0.4371221617
54.6	1.890353086	-0.5619183945
54.7	1.828551794	-0.6720051946
54.8	1.756308371	-0.7713849841
54.9	1.674515309	-0.8635328797
55	1.583743376	-0.9514166949
55.1	1.484289613	-1.037558339
55.2	1.376217917	-1.124101891
55.3	1.259394825	-1.212862521
55.4	1.133520608	-1.305345062
55.5	0.9981629812	-1.402700495
55.6	0.8527938473	-1.505636619
55.7	0.6968466263	-1.614212906
55.8	0.5297912661	-1.727553609
55.9	0.3512498433	-1.843412092
56	0.1611598907	-1.957647705
56.1	-0.04000892892	-2.063670295
56.2	-0.2509891778	-2.152059468
56.3	-0.4694314148	-2.210702705
56.4	-0.6916801194	-2.225873134
56.5	-0.9127189326	-2.184566453
56.6	-1.126405994	-2.077893733
56.7	-1.326063339	-1.904515348
56.8	-1.505344519	-1.672492726
56.9	-1.659149749	-1.398264081
57	-1.784291803	-1.102854099
57.1	-1.879709449	-0.8069582421
57.2	-1.946220998	-0.5269746366
57.3	-1.98598401	-0.2731785499
57.4	-2.001880503	-0.0499469511
57.5	-1.996991609	0.142829427
57.6	-1.974234739	0.3080449945
57.7	-1.936160241	0.449942353
57.8	-1.8848697	0.5731291216
57.9	-1.82201059	0.68201494
58	-1.748811052	0.7805527663
58.1	-1.666130296	0.8721668976
58.2	-1.574510592	0.9597786984
58.3	-1.474224707	1.045871213
58.4	-1.365316316	1.132554739
58.5	-1.247633964	1.221614757
58.6	-1.120864654	1.314523649
58.7	-0.9845634398	1.412396587
58.8	-0.8381973496	1.515886018
58.9	-0.6811984104	1.62498031
59	-0.513045802	1.738687364
59.1	-0.3333850554	1.854604642
59.2	-0.1421938021	1.96837792
59.3	0.05999401323	2.073154046
59.4	0.2718171991	2.159236601
59.5	0.4908085635	2.214289147
59.6	0.713180171	2.224532339
59.7	0.9337908413	2.177201085
59.8	1.146415661	2.063997711
59.9	1.344367967	1.884449095
60	1.521383586	1.647522215
60.1	1.672524589	1.37029795
60.2	1.794807916	1.073982582
60.3	1.887370914	0.7789998699
60.4	1.951187718	0.5011990329
60.5	1.988512338	0.2502495406
60.6	2.002266533	0.03002236244
60.7	1.995528725	-0.1599338384
60.8	1.971187423	-0.3226994633
60.9	1.931751682	-0.4625879536
61	1.879278542	-0.5842066372
61.1	1.815373052	-0.6919284837
61.2	1.741225389	-0.7896562598
61.3	1.657661881	-0.880763737
61.4	1.565196965	-0.9681269717
61.5	1.464079467	-1.054189711
61.6	1.354332604	-1.141029949
61.7	1.235788688	-1.230403175
61.8	1.108119176	-1.323748725
61.9	0.9708700569	-1.422144622
62	0.823501161	-1.526189694
62.1	0.6654456928	-1.635790614
62.2	0.4961931864	-1.749843616
62.3	0.3154120159	-1.865779945
62.4	0.1231236113	-1.979026608
62.5	-0.0800695296	-2.082466144
62.6	-0.2927127944	-2.166123819
62.7	-0.5122183743	-2.217454536
62.8	-0.7346646575	-2.222649341
62.9	-0.9547886078	-2.16921375
63	-1.166288136	-2.049474652
63.1	-1.362476205	-1.863841924
63.2	-1.537179584	-1.622173794
63.3	-1.685628392	-1.342154948
63.4	-1.805045145	-1.045127094
63.5	-1.894763123	-0.751206609
63.6	-1.955906832	-0.475678687
63.7	-1.990820627	-0.2276105592
63.8	-2.002461474	-0.01038220192
63.9	-1.993901842	0.1767834937
64	-1.967999596	0.3371402018
64.1	-1.927221792	0.4750632946
64.2	-1.873580996	0.5951548582
64.3	-1.808640183	0.7017491234
64.4	-1.733552068	0.7986984267
64.5	-1.649110697	0.8893260894
64.6	-1.555802752	0.9764631238
64.7	-1.453853717	1.062515906
64.8	-1.343267214	1.149529156
64.9	-1.22385774	1.239228077
65	-1.095284679	1.333021763
65.1	-0.9570820635	1.431946426
65.2	-0.8087054308	1.536544877
65.3	-0.6495886451	1.646644853
65.4	-0.4792321591	1.761018928
65.5	-0.2973311853	1.876931433
65.6	-0.1039518335	1.989585843
65.7	0.1002344422	2.091594844
65.8	0.3136739352	2.17271175
65.9	0.5336567719	2.220190492
66	0.7561283657	2.220216751
66.1	0.9757062019	2.160601919
66.2	1.186017203	2.034328967
66.3	1.38038269	1.842704128
66.4	1.55272893	1.596463121
66.5	1.698459578	1.313853915
66.6	1.81500381	1.016304916
66.7	1.901887622	0.7235902484
66.8	1.960380461	0.4504191433
66.9	1.992911576	0.2052627939
67	2.002468069	-0.008975415831
67.1	1.992113401	-0.1933821894
67.2	1.964673278	-0.3513714014
67.3	1.922572203	-0.4873723897
67.4	1.867778308	-0.605977471
67.5	1.801812901	-0.7114802245
67.6	1.725791711	-0.8076819335
67.7	1.640476848	-0.8978560541
67.8	1.54632803	-0.9847897293
67.9	1.443547625	-1.070851166
68	1.332119255	-1.158053576
68.1	1.211841999	-1.248092464
68.2	1.082360012	-1.342342665
68.3	0.9431992646	-1.441801131
68.4	0.7938091816	-1.546953407
68.5	0.6336261371	-1.657539003
68.6	0.4621635876	-1.772210084
68.7	0.2791427753	-1.888055175
68.8	0.08467759391	-2.000048177
68.9	-0.1204864693	-2.100531615
69	-0.3346967931	-2.178985723
69.1	-0.5551193847	-2.222480295
69.2	-0.7775658242	-2.217221969
69.3	-0.9965375773	-2.151360387
69.4	-1.205597077	-2.01856544
69.5	-1.398082562	-1.821051316
69.6	-1.568028186	-1.570411368
69.7	-1.711016564	-1.285414777
69.8	-1.824684166	-0.9875316101
69.9	-1.908746237	-0.6961611403
70	-1.964611512	-0.4254254182
70.1	-1.994788001	-0.1832065612
70.2	-2.002288931	0.02805280277
70.3	-1.990165763	0.2097334354
70.4	-1.961210428	0.3653972671
70.5	-1.917804435	0.4995193707
70.6	-1.861871613	0.616678164
70.7	-1.794891977	0.7211248243
70.8	-1.717944772	0.816609566
70.9	-1.631760816	0.906356247
71	-1.536772925	0.993108166
71.1	-1.433160773	1.079197447
71.2	-1.320889153	1.166604838
71.3	-1.199739676	1.256995216
71.4	-1.069345379	1.351713011
71.5	-0.9292206681	1.451709403
71.6	-0.7788124496	1.557412908
71.7	-0.6175584448	1.668473483
71.8	-0.4449865291	1.783413807
71.9	-0.2608471664	1.899144721
72	-0.06530343469	2.010405228
72.1	0.1408239588	2.109263938
72.2	0.355778936	2.184935302
72.3	0.576601963	2.224315427
72.4	0.7989716181	2.213658466
72.5	1.017276597	2.141487997
72.6	1.225021606	2.002190322
72.7	1.415570737	1.798895877
72.8	1.583074199	1.544036154
72.9	1.723298293	1.256857399
73	1.834086916	0.9588238569
73.1	1.915340791	0.6689298889
73.2	1.96860226	0.4007023167
73.3	1.996452809	0.1614424304
73.4	2.001926931	-0.04685240283
73.5	1.988061408	-0.225841213
73.6	1.957613136	-0.3792219662
73.7	1.91292018	-0.5115082383
73.8	1.85586221	-0.6272605816
73.9	1.787878382	-0.7306862357
74	1.710011959	-0.8254839578
74.1	1.622962799	-0.9148286969
74.2	1.527137555	-1.001420868
74.3	1.422693399	-1.087556163
74.4	1.309576158	-1.175183785
74.5	1.187551737	-1.265940046
74.6	1.056239881	-1.361132421
74.7	0.9151466804	-1.46167297
74.8	0.7637139326	-1.567922745
74.9	0.6013851132	-1.67944456
75	0.4277013332	-1.794627099
75.1	0.2424441043	-1.910194471
75.2	0.04582974307	-2.020648923
75.3	-0.1612445179	-2.117781625
75.4	-0.3769168389	-2.190544368
75.5	-0.5980999539	-2.225680146
75.6	-0.8203400729	-2.209514985
75.7	-1.037917045	-2.130981228
75.8	-1.244284883	-1.985210509
75.9	-1.432842352	-1.776255214
76	-1.597863775	-1.517358471
76.1	-1.735303449	-1.228201007
76.2	-1.843212487	-0.9301963183
76.3	-1.921673135	-0.6419057547
76.4	-1.972355406	-0.3762538792
76.5	-1.997908668	-0.1399701663
76.6	-2.001384482	0.06537691829
76.7	-1.985802464	0.2417092611
76.8	-1.953883107	0.3928497365
76.9	-1.907920707	0.5233430733
77	-1.849750986	0.6377283119
77.1	-1.780772665	0.7401674642
77.2	-1.701993554	0.8343079338
77.3	-1.614083006	0.9232756629
77.4	-1.517421696	1.009729544
77.5	-1.412145191	1.095929022
77.6	-1.29817993	1.183792899
77.7	-1.175277258	1.274925702
77.8	-1.043042989	1.37060283
77.9	-0.9009756293	1.471688784
78	-0.7485140799	1.578483525
78.1	-0.5851051573	1.69045181
78.2	-0.41030749	1.805844856
78.3	-0.2239351488	1.921198725
78.4	-0.02625739843	2.030770005
78.5	0.1817467255	2.126073852
78.6	0.3981073467	2.195805282
78.7	0.6196088787	2.226565574
78.8	0.841665788	2.204785446
78.9	1.058453008	2.119840205
79	1.263381269	1.967632866
79.1	1.449893004	1.753141125
79.2	1.612394244	1.49039581
79.3	1.747031399	1.199464046
79.4	1.852061997	0.90166426
79.5	1.927745399	0.6150979886
79.6	1.975873664	0.3520834971
79.7	1.999158421	0.118789438
79.8	2.000664409	-0.08362911406
79.9	1.983391366	-0.2573417006
80	1.950022365	-0.4062847699
80.1	1.902807653	-0.5350277971
80.2	1.843539209	-0.6480849306
80.3	1.773575771	-0.7495716688
80.4	1.693890112	-0.8430837732
80.5	1.605121663	-0.9316996515
80.6	1.507625749	-1.018036058
80.7	1.401515838	-1.104317781
80.8	1.286700671	-1.192431853
80.9	1.162915157	-1.2839545
81	1.029754487	-1.380123134
81.1	0.8867076121	-1.481759793
81.2	0.7332117315	-1.589092682
81.3	0.5687192006	-1.701492081
81.4	0.3928054332	-1.817064879
81.5	0.20531965	-1.932151169
81.6	0.006588235076	-2.040760642
81.7	-0.202327515	-2.134128884
81.8	-0.4193469126	-2.200700785
81.9	-0.6411239521	-2.226957293
82	-0.8629428744	-2.19946047
82.1	-1.078878236	-2.108063775
82.2	-1.282304991	-1.949467221
82.3	-1.466718136	-1.729573529
82.4	-1.626663001	-1.46317018
82.5	-1.758481445	-1.170665997
82.6	-1.860636418	-0.8732416163
82.7	-1.933559872	-0.5885149653
82.8	-1.979159897	-0.3281945669
82.9	-2.000205093	-0.09789936073
83	-1.99976937	0.1016120982
83.1	-1.980830451	0.2727424594
83.2	-1.946032817	0.4195314001
83.3	-1.897582482	0.5465665097
83.4	-1.837227948	0.6583339852
83.5	-1.766288426	0.7589018421
83.6	-1.685702204	0.8518144341
83.7	-1.596079147	0.9401025174
83.8	-1.497749497	1.026342414
83.9	-1.390805615	1.112723814
84	-1.275137578	1.201103614
84.1	-1.150466355	1.29302687
84.2	-1.016373643	1.38969615
84.3	-0.8723425206	1.491883644
84.4	-0.7178066167	1.599751218
84.5	-0.5522258747	1.712562766
84.6	-0.3751952122	1.828281421
84.7	-0.1865989587	1.943045331
84.8	0.01317738446	2.050611089
84.9	0.2229852333	2.141936547
85	0.4406318458	2.205221269
85.1	0.6626403905	2.226844904
85.2	0.8841656657	2.193533695
85.3	1.099186684	2.095652538
85.4	1.30105047	1.930721155
85.5	1.483313471	1.705565792
85.6	1.640667391	1.43569932
85.7	1.769652917	1.141824482
85.8	1.868936715	0.8449422763
85.9	1.93911849	0.5621644946
86	1.982216536	0.3045895947
86.1	2.00105115	0.07729909828
86.2	1.998701754	-0.1193288197
86.3	1.978121712	-0.2879156209
86.4	1.941916051	-0.4325936821
86.5	1.892246409	-0.5579629732
86.6	1.830818074	-0.668478872
86.7	1.758911172	-0.7681608544
86.8	1.67743	-0.8605022365
86.9	1.586955483	-0.9484867008
87	1.48779293	-1.03465015
87.1	1.380013812	-1.121148693
87.2	1.263490759	-1.209808867
87.3	1.137929155	-1.302143465
87.4	1.002900209	-1.399320769
87.5	0.85787875	-1.502061846
87.6	0.7022983396	-1.610455612
87.7	0.5356259273	-1.723662849
87.8	0.3574761601	-1.839491468
87.9	0.1677728643	-1.953874467
88	-0.03303680835	-2.060312078
88.1	-0.2437169014	-2.149482021
88.2	-0.4619587434	-2.20935131
88.3	-0.6841532476	-2.226216718
88.4	-0.9053281692	-2.186998264
88.5	-1.119372029	-2.082607934
88.6	-1.31961191	-1.911407037
88.7	-1.499674671	-1.681137918
88.8	-1.654405309	-1.408005282
88.9	-1.780545613	-1.112958662
89	-1.876964231	-0.8167794785
89.1	-1.944423718	-0.5360542604
89.2	-1.985046567	-0.2812711229
89.3	-2.001699658	-0.05698738358
89.4	-1.997464269	0.1367827339
89.5	-1.975267503	0.3028652256
89.6	-1.937674006	0.4454758568
89.7	-1.886800935	0.5692211521
89.8	-1.824310701	0.6785230368
89.9	-1.751444844	0.7773518655
90	-1.669074161	0.8691496695
90.1	-1.577750839	0.9568540094
90.2	-1.477756113	1.04296149
90.3	-1.369140707	1.129594108
90.4	-1.251759352	1.218547771
90.5	-1.125303837	1.311306291
90.6	-0.9893333317	1.408997511
90.7	-0.8433168634	1.512293078
90.8	-0.6866863769	1.621207307
90.9	-0.5189181327	1.734788102
91	-0.3396493439	1.850689443
91.1	-0.1488429667	1.964631691
91.2	0.05298982283	2.069854197
91.3	0.2645204771	2.156757706
91.4	0.4833235642	2.213081246
91.5	0.7056576072	2.22506254
91.6	0.9264247459	2.179849065
91.7	1.139428486	2.068932126
91.8	1.337984256	1.891533363
91.9	1.515798086	1.656304562
92	1.667874702	1.380105783
92.1	1.791159453	1.084085258
92.2	1.884720447	0.7887658597
92.3	1.949477864	0.5101905963
92.4	1.987652678	0.2582406994
92.5	2.002153285	0.03696264674
92.6	1.996059429	-0.15397719
92.7	1.972269914	-0.3175955716
92.8	1.933308346	-0.4581821227
92.9	1.881247346	-0.5803448869
93	1.817706767	-0.688469906
93.1	1.743890017	-0.786477542
93.2	1.660634863	-0.8777592808
93.3	1.568465493	-0.9652069224
93.4	1.467638975	-1.051277798
93.5	1.358185693	-1.1380613
93.6	1.239943715	-1.227323575
93.7	1.112589614	-1.320514841
93.8	0.9756728861	-1.418727304
93.9	0.8286553968	-1.522577972
94	0.6709703142	-1.632002295
94.1	0.5021032025	-1.745937223
94.2	0.3217139586	-1.861871565
94.3	0.1298089292	-1.975309837
94.4	-0.07303368113	-2.079227562
94.5	-0.285392646	-2.163746709
94.6	-0.5047224455	-2.216394841
94.7	-0.7271481231	-2.223370234
94.8	-0.9474491108	-2.172079722
94.9	-1.159349637	-2.05462811
95	-1.356161792	-1.871114628
95.1	-1.531679546	-1.631086895
95.2	-1.681073571	-1.352022875
95.3	-1.801494258	-1.055222328
95.4	-1.8922067	-0.7609134484
95.5	-1.954283389	-0.4845803413
95.6	-1.990037689	-0.2355001301
95.7	-2.002414816	-0.01722311944
95.8	-1.994489669	0.1709155958
95.9	-1.969131045	0.3321106253
96	-1.928820743	0.4707166048
96.1	-1.875586896	0.5913379489
96.2	-1.811007161	0.6983226851
96.3	-1.736247316	0.7955409106
96.4	-1.65211265	0.8863334296
96.5	-1.559099444	0.9735470153
96.6	-1.457441412	1.059601179
96.7	-1.34714899	1.146552039
96.8	-1.228042648	1.236135028
96.9	-1.099786335	1.329771304
97	-0.9619178588	1.428509242
97.1	-0.8138948108	1.532915532
97.2	-0.6551497163	1.642841548
97.3	-0.4851802263	1.757105863
97.4	-0.3036711443	1.873032101
97.5	-0.1106725004	1.985901346
97.6	0.09316758806	2.088422052
97.7	0.3063311091	2.170441912
97.8	0.5261512535	2.219282559
97.9	0.748619717	2.221131096
98	0.9683955047	2.163687007
98.1	1.179129667	2.039699821
98.2	1.374139564	1.850160819
98.3	1.547315674	1.605500756
98.4	1.694000379	1.323774567
98.5	1.811550454	1.026386513
98.6	1.899424799	0.7332339498
98.7	1.958842761	0.4592287873
98.8	1.992204438	0.2130502958
98.9	2.002487072	-0.002233098317
99	1.99275757	-0.1876016977
99.1	1.965853029	-0.3464147058
99.2	1.924212929	-0.4830834165
99.3	1.869820938	-0.6022041001
99.4	1.804212893	-0.708084745
99.5	1.728517408	-0.8045445812
99.6	1.64350776	-0.8948745336
99.7	1.549653	-0.981876701
99.8	1.447163459	-1.06793305
99.9	1.336030077	-1.155067285
100	1.216056603	-1.244985925
100.1	1.086893473	-1.339075102
100.2	0.9480685384	-1.438346685
100.3	0.799033633	-1.543304571
100.4	0.6392245079	-1.653722068
100.5	0.4681491665	-1.768292309
100.6	0.2855200086	-1.884165802
100.7	0.09143451027	-1.996398473
100.8	-0.1133891448	-2.097426276
100.9	-0.3273328138	-2.176825885
101	-0.5476058562	-2.221730268
101.1	-0.7700668622	-2.218334462
101.2	-0.9892575659	-2.154666275
101.3	-1.198762187	-2.02415209
101.4	-1.391912061	-1.828687126
101.5	-1.562702696	-1.579566445
101.6	-1.706653396	-1.29538213
101.7	-1.82132804	-0.9975946164
101.8	-1.906376111	-0.7057382805
101.9	-1.963158219	-0.4341418059
102	-1.994155592	-0.1908922322
102.1	-2.002372596	0.02140824374
102.2	-1.990865322	0.2040390677
102.3	-1.962437704	0.3605118613
102.4	-1.919486315	0.4952866096
102.5	-1.86395048	0.6129469945
102.6	-1.797324625	0.717759253
102.7	-1.720700726	0.8134914906
102.8	-1.634820414	0.9033847051
102.9	-1.540125931	0.9901978957
103	-1.436805	1.076275198
103.1	-1.324828499	1.163609164
103.2	-1.203985054	1.25387539
103.3	-1.073910202	1.348428138
103.4	-0.9341235856	1.448235877
103.5	-0.7840721714	1.553746627
103.6	-0.623193434	1.664642466
103.7	-0.4510100721	1.779491622
103.8	-0.2672620656	1.895267972
103.9	-0.07209490802	2.006793089
104	0.1336971168	2.106231782
104.1	0.3483945378	2.182891094
104.2	0.5690819507	2.223725823
104.3	0.7914844098	2.214970851
104.4	1.010029667	2.145014844
104.5	1.218241833	2.007989987
104.6	1.409474944	1.806705347
104.7	1.577837675	1.55330178
104.8	1.719031537	1.266863498
104.9	1.830827843	0.9688619952
105	1.91306284	0.6784366157
105.1	1.967232775	0.4093233386
105.2	1.995894045	0.1690257811
105.3	2.002074216	-0.04030472105
105.4	1.988815491	-0.2202315964
105.5	1.958887179	-0.37440649
105.6	1.914642596	-0.507330336
105.7	1.85797684	-0.6235703825
105.8	1.790343317	-0.7273493922
105.9	1.712797829	-0.8223841507
106	1.626051015	-0.9118666925
106.1	1.530518642	-0.9985123067
106.2	1.426365693	-1.084629424
106.3	1.313544644	-1.172178167
106.4	1.1918268	-1.262805167
106.5	1.060836602	-1.357830308
106.6	0.9200829726	-1.458180359
106.7	0.7690092301	-1.564238709
106.8	0.6070572143	-1.67560105
106.9	0.4337626583	-1.790702286
107	0.2488963854	-1.906332292
107.1	0.05265604836	-2.017077529
107.2	-0.1540887976	-2.114825549
107.3	-0.3695134034	-2.188620202
107.4	-0.5905751209	-2.225256507
107.5	-0.8128666001	-2.211031296
107.6	-1.030705316	-2.134730203
107.7	-1.237562193	-1.991221118
107.8	-1.426822871	-1.784233176
107.9	-1.592717369	-1.526727968
108	-1.73113364	-1.238239748
108.1	-1.840050349	-0.9402046476
108.2	-1.919486734	-0.6513388866
108.3	-1.971068777	-0.3847783648
108.4	-1.997422747	-0.1474513715
108.5	-2.001594632	0.05892528073
108.6	-1.986610394	0.236183133
108.7	-1.955203395	0.3881027376
108.8	-1.909683275	0.5192186715
108.9	-1.851901116	0.6340778783
109	-1.783269744	0.7368583734
109.1	-1.704809325	0.8312255364
109.2	-1.617199804	0.920322303
109.3	-1.520830905	1.006822242
109.4	-1.415845819	1.092997167
109.5	-1.302177481	1.180776765
109.6	-1.179582755	1.271776315
109.7	-1.047671655	1.367282932
109.8	-0.9059458386	1.46817727
109.9	-0.7538450264	1.574782257
110	-0.5908143974	1.686595905
110.1	-0.4164068668	1.801918583
110.2	-0.2304246675	1.917353311
110.3	-0.03311784163	2.027242423
110.4	0.1745628473	2.123198449
110.5	0.3906858552	2.194005376
110.6	0.6120807786	2.226311344
110.7	0.8342079942	2.206507969
110.8	1.051278641	2.123811371
110.9	1.256717758	1.973851495
111	1.443951482	1.761282234
111.1	1.607338869	1.499862309
111.2	1.742958723	1.209528513
111.3	1.84899642	0.9116374816
111.4	1.925649809	0.6244543808
111.5	1.974668974	0.3605101583
111.6	1.998744297	0.1261686335
111.7	2.000936437	-0.07727242664
111.8	1.984252296	-0.251897612
111.9	1.951388195	-0.4016047543
112	1.904609819	-0.5309554703
112.1	1.845724423	-0.6444729908
112.2	1.776104686	-0.7462891849
112.3	1.696735572	-0.8400178703
112.4	1.608266976	-0.9287541769
112.5	1.511063042	-1.01512924
112.6	1.405244798	-1.101380229
112.7	1.290727464	-1.189404905
112.8	1.167251064	-1.28078981
112.9	1.03441539	-1.37678576
113	0.8917117585	-1.478229246
113.1	0.7385785754	-1.58537438
113.2	0.5744657219	-1.697624913
113.3	0.3989426853	-1.813138506
113.4	0.2118463058	-1.928324618
113.5	0.01348262305	-2.037279771
113.6	-0.195116322	-2.131337619
113.7	-0.4119086592	-2.199029753
113.8	-0.6335942314	-2.226877092
113.9	-0.8555027257	-2.201392175
114	-1.071743288	-2.112257301
114.1	-1.27570252	-1.955890864
114.2	-1.460856016	-1.737871932
114.3	-1.621699527	-1.472726784
114.4	-1.754506116	-1.18074992
114.5	-1.857667005	-0.8831749791
114.6	-1.931554288	-0.5977917828
114.7	-1.978036122	-0.3365224498
114.8	-1.999861774	-0.1051769528
114.9	-2.000102369	0.09534930559
115	-1.981743595	0.2673789798
115.1	-1.947443554	0.4149168501
115.2	-1.899423756	0.5425448524
115.3	-1.839447889	0.6547592983
115.4	-1.768848948	0.7556449443
115.5	-1.688577223	0.8487640815
115.6	-1.599252873	0.9371641323
115.7	-1.501214899	1.023435488
115.8	-1.394562984	1.109779999
115.9	-1.279193686	1.198065122
116	-1.154832912	1.289846974
116.1	-1.021066874	1.386340212
116.2	-0.8773809439	1.488334735
116.3	-0.7232093509	1.596015957
116.4	-0.5580099367	1.708684858
116.5	-0.381370451	1.824356734
116.6	-0.1931622975	1.939239954
116.7	0.006249591885	2.047180473
116.8	0.2157473765	2.139233673
116.9	0.4331780693	2.203682705
117	0.6551107369	2.226941968
117.1	0.8767451881	2.195676479
117.2	1.092093336	2.100067953
117.3	1.294511066	1.937346645
117.4	1.477532279	1.7140163
117.5	1.635796667	1.445339294
117.6	1.765775079	1.151921286
117.7	1.866063077	0.8548308467
117.8	1.937202187	0.5713589778
117.9	1.981172771	0.3128177766
118	2.000777665	0.08447537156
118.1	1.999094811	-0.1131588051
118.2	1.979086298	-0.2826313261
118.3	1.943371063	-0.4280431672
118.4	1.894126298	-0.553990646
118.5	1.833072374	-0.6649402392
118.6	1.761503034	-0.7649284868
118.7	1.68033443	-0.8574666273
118.8	1.590157577	-0.9455546239
118.9	1.491286391	-1.031742483
119	1.383799703	-1.118198084
119.1	1.267576209	-1.206758679
119.2	1.142326611	-1.298947786
119.3	1.007625925	-1.395946753
119.4	0.8629515178	-1.498493836
119.5	0.7077373407	-1.606704083
119.6	0.5414474227	-1.719775384
119.7	0.3636892494	-1.835569567
119.8	0.1743730191	-1.950092563
119.9	-0.02607612788	-2.056934629
120	-0.2364534566	-2.146871417
120.1	-0.4544907868	-2.207950871
120.2	-0.6766254142	-2.22649593
120.3	-0.8979294213	-2.189354952
120.4	-1.11232238	-2.0872449
120.5	-1.313137431	-1.918230365
120.6	-1.493975805	-1.689733607
120.7	-1.649628088	-1.417721396
120.8	-1.776765366	-1.123062231
120.9	-1.874185881	-0.8266188932
121	-1.942595788	-0.5451639944
121.1	-1.984081786	-0.2893988843
121.2	-2.001495017	-0.06406287414
121.3	-1.997916493	0.1307043409
121.4	-1.976282762	0.2976586726
121.5	-1.939172678	0.4409878823
121.6	-1.88871897	0.565296775
121.7	-1.826599021	0.6750192648
121.8	-1.754067827	0.7741430133
121.9	-1.672007841	0.8661278557
122	-1.580981224	0.9539275686
122.1	-1.481277695	1.040052427
122.2	-1.372955102	1.126636192
122.3	-1.255874387	1.215485276
122.4	-1.129732166	1.308094622
122.5	-0.9940917505	1.405604983
122.6	-0.8484242167	1.508706618
122.7	-0.6921616285	1.61743976
122.8	-0.5247772871	1.730891778
122.9	-0.3459003482	1.846772262
123	-0.1554794159	1.960875808
123.1	0.04599679604	2.066533675
123.2	0.2572322095	2.154243831
123.3	0.4758427488	2.211822524
123.4	0.6981333674	2.225526954
123.5	0.9190498244	2.182421167
123.6	1.132424748	2.073789639
123.7	1.331576696	1.898550848
123.8	1.510182977	1.66503978
123.9	1.663191707	1.389891129
124	1.787476838	1.094189215
124.1	1.882036932	0.7985515891
124.2	1.94773758	0.5192131416
124.3	1.986765953	0.2662673753
124.4	2.002016525	0.04393784602
124.5	1.996569949	-0.1479892067
124.6	1.973335113	-0.3124653287
124.7	1.934850085	-0.4537552658
124.8	1.883203072	-0.576467145
124.9	1.820028774	-0.6849998226
125	1.746543887	-0.7832911922
125.1	1.663597685	-0.8747504841
125.2	1.571724141	-0.9622853396
125.3	1.471188646	-1.048366741
125.4	1.362028744	-1.135095536
125.5	1.24408834	-1.224248501
125.6	1.11704913	-1.317286779
125.7	0.9804641596	-1.415316425
125.8	0.8337974563	-1.518972719
125.9	0.6764821205	-1.628219323
126	0.5080000084	-1.742033228
126.1	0.3280027126	-1.857960562
126.2	0.1364816555	-1.971582459
126.3	-0.0660088382	-2.07596708
126.4	-0.2780806129	-2.16133351
126.5	-0.497230189	-2.21528288
126.6	-0.7196292756	-2.224024104
126.7	-0.9401000644	-2.174869295
126.8	-1.152393845	-2.059705107
126.9	-1.349822898	-1.878321921
127	-1.526149453	-1.639954972
127.1	-1.676485424	-1.361870558
127.2	-1.797909241	-1.065320888
127.3	-1.88961743	-0.7706414541
127.4	-1.952629801	-0.4935136851
127.5	-1.989228018	-0.2434253083
127.6	-2.002344971	-0.02409873024
127.7	-1.995057608	0.1650167988
127.8	-1.970245447	0.3270552088
127.9	-1.930404965	0.4663493828
128	-1.877579868	0.5875054986
128.1	-1.813362538	0.6948851356
128.2	-1.738931876	0.7923760893
128.3	-1.655104476	0.8833367267
128.4	-1.562386283	0.9706296226
128.5	-1.461019251	1.056687504
128.6	-1.351020695	1.143577944
128.7	-1.232217113	1.233046757
128.8	-1.104277008	1.326526691
128.9	-0.9667422469	1.425079591
129	-0.8190717404	1.529291978
129.1	-0.660698132	1.639043486
129.2	-0.4911148248	1.753195219
129.3	-0.3099976479	1.869129205
129.4	-0.1173810005	1.982205158
129.5	0.08611151431	2.085225522
129.6	0.2989962236	2.168133496
129.7	0.5186489609	2.218321328
129.8	0.7411081157	2.221977615
129.9	0.9610744719	2.166695322
130	1.172223997	2.04499485
130.1	1.367871227	1.857553754
130.2	1.541871891	1.614495508
130.3	1.689507648	1.333677692
130.4	1.808062948	1.036473609
130.5	1.896929232	0.7429001833
130.6	1.957275075	0.4680708788
130.7	1.991470862	0.2208735868
130.8	2.002483177	0.00454361627
130.9	1.99338208	-0.1817907843
131	1.967015924	-0.3414326663
131.1	1.925839065	-0.4787744068
131.2	1.871850726	-0.5984156408
131.3	1.806601334	-0.7046785839
131.4	1.731232443	-0.8014002981
131.5	1.646528499	-0.8918891631
131.6	1.552968023	-0.9789627531
131.7	1.450769455	-1.065016183
131.8	1.339930593	-1.15208441
131.9	1.220260915	-1.241884207
132	1.091415692	-1.335813689
132.1	0.9529260526	-1.434898302
132.2	0.8042457877	-1.53966264
132.3	0.644809682	-1.649909896
132.4	0.4741214787	-1.764375918
132.5	0.2918842704	-1.880272691
132.6	0.09817864974	-1.992736122
132.7	-0.1063025875	-2.094297167
132.8	-0.3199762189	-2.174627424
132.9	-0.5400950317	-2.220924771
133	-0.7625643965	-2.219377395
133.1	-0.9819666729	-2.15789484
133.2	-1.191908721	-2.029663292
133.3	-1.385716027	-1.836260332
133.4	-1.557346403	-1.588680704
133.5	-1.702256594	-1.305333599
133.6	-1.817937931	-1.00766466
133.7	-1.903973622	-0.7153390417
133.8	-1.961675493	-0.4428908557
133.9	-1.993497089	-0.1986134526
134	-2.002433704	0.0147295985
134.1	-1.991545558	0.1983147656
134.2	-1.963648385	0.3556017197
134.3	-1.921153812	0.4910343642
134.4	-1.866016668	0.6092012284
134.5	-1.799745833	0.7143833636
134.6	-1.723446045	0.8103667649
134.7	-1.63786993	0.900409829
134.8	-1.543469104	0.9872867395
134.9	-1.440439194	1.073354522
135	-1.328757871	1.160616867
135.1	-1.20821943	1.250759984
135.2	-1.078463988	1.345149432
135.3	-0.939014566	1.444768752
135.4	-0.7893195255	1.550086737
135.5	-0.6288155025	1.660816282
135.6	-0.4570203416	1.775570858
135.7	-0.2736638353	1.891386745
135.8	-0.07887416708	2.003167548
135.9	0.1265806091	2.103173907
136	0.3410171846	2.180806119
136.1	0.5615640975	2.223079524
136.2	0.7839929634	2.216212877
136.3	1.002771028	2.148464271
136.4	1.211442667	2.013715359
136.5	1.403352947	1.814454591
136.6	1.572569997	1.562529433
136.7	1.71473108	1.276856621
136.8	1.827534912	0.9789092894
136.9	1.910752793	0.6879682487
137	1.965834157	0.4179777564
137.1	1.995309661	0.1766448118
137.2	2.002199375	-0.03372331837
137.3	1.989550619	-0.2145925385
137.4	1.960144956	-0.3695667811
137.5	1.916350902	-0.5031334562
137.6	1.860079011	-0.6198660394
137.7	1.792796992	-0.7240026543
137.8	1.715573243	-0.8192780838
137.9	1.629129238	-0.9089015112
138	1.533889919	-0.9956032156
138.1	1.430028124	-1.081704376
138.2	1.317502981	-1.169176129
138.3	1.196091319	-1.259675391
138.4	1.065422171	-1.354534332
138.5	0.9250074923	-1.454694351
138.6	0.7742920898	-1.560560929
138.7	0.6127163185	-1.67176194
138.8	0.4398107423	-1.786778282
138.9	0.2553356194	-1.902464833
139	0.05947022523	-2.013491563
139.1	-0.1469431288	-2.11184255
139.2	-0.362116531	-2.186653705
139.3	-0.5830518271	-2.224774529
139.4	-0.8053881417	-2.212476081
139.5	-1.023481072	-2.1384015
139.6	-1.230819343	-1.997158231
139.7	-1.420776553	-1.79215268
139.8	-1.587539364	-1.536061817
139.9	-1.72692992	-1.248267775
140	-1.836854373	-0.9502240049
140.1	-1.917268416	-0.6607981101
140.2	-1.969753286	-0.3933367453
140.3	-1.99691148	-0.1549682839
140.4	-2.001782924	0.05244017838
140.5	-1.9873996	0.2306279842
140.6	-1.956507603	0.3833319667
140.7	-1.911431875	0.5150757279
140.8	-1.854038889	0.630413692
140.9	-1.785755628	0.7335397179
141	-1.707614669	0.8281371587
141.1	-1.620306618	0.9173660181
141.2	-1.524230294	1.003914597
141.3	-1.41953654	1.090067178
141.4	-1.30616486	1.177764343
141.5	-1.183877611	1.268632115
141.6	-1.052289124	1.363969233
141.7	-0.9109041881	1.464672411
141.8	-0.7591634605	1.571087008
141.9	-0.5965106339	1.682744166
142	-0.4224929689	1.797992689
142.1	-0.2369011672	1.913501815
142.2	-0.03996636267	2.023699187
142.3	0.167388723	2.120294489
142.4	0.3832705194	2.192161409
142.5	0.6045536302	2.225997227
142.6	0.8267444874	2.208157932
142.7	1.044090966	2.127704733
142.8	1.250033331	1.979997682
142.9	1.43798252	1.769366964
143	1.60225154	1.50929568
143.1	1.738852028	1.219584683
143.2	1.845897096	0.9216235241
143.3	1.923522545	0.6338379457
143.4	1.973435743	0.3689711527
143.5	1.998305165	0.1335834805
143.6	2.001186918	-0.0708826267
143.7	1.985094776	-0.2464249707
143.8	1.952738164	-0.3969014743
143.9	1.906398188	-0.5268650827
144	1.847897406	-0.6408477218
144.1	1.778622492	-0.7429975042
144.2	1.699570665	-0.8369463064
144.3	1.611402329	-0.92580603
144.4	1.514490508	-1.012222318
144.5	1.408963844	-1.09844473
144.6	1.294744021	-1.186381858
144.7	1.171576323	-1.277630412
144.8	1.039064999	-1.373454546
144.9	0.8967040266	-1.474705302
145	0.7439328404	-1.581662062
145.1	0.5801991765	-1.693761609
145.2	0.4050667	-1.809211988
145.3	0.2183599959	-1.92449122
145.4	0.02036517339	-2.033782265
145.5	-0.187914589	-2.128516457
145.6	-0.4044761205	-2.19731316
145.7	-0.6260648818	-2.226735563
145.8	-0.84805617	-2.203250421
145.9	-1.0645943	-2.116373044
146	-1.269078464	-1.962243125
146.1	-1.454965939	-1.746115906
146.2	-1.616703792	-1.482252626
146.3	-1.7504967	-1.190827772
146.4	-1.854663979	-0.8931228446
146.5	-1.929517298	-0.6070967576
146.6	-1.976884136	-0.3448850109
146.7	-1.999493789	-0.1124900713
146.8	-2.000414137	0.089053771
146.9	-1.982638558	0.2619874522
147	-1.948838651	0.4102795517
147.1	-1.901251404	0.5385056145
147.2	-1.841655724	0.6511717096
147.3	-1.771398441	0.7523792086
147.4	-1.691441925	0.8457083948
147.5	-1.602416669	0.9342233516
147.6	-1.504670469	1.020528668
147.7	-1.398310405	1.106838435
147.8	-1.283239533	1.195030699
147.9	-1.159188723	1.286672472
148	-1.02574878	1.382990669
148.1	-0.882407365	1.48479233
148.2	-0.7285995004	1.592286462
148.3	-0.5637809035	1.704810631
148.4	-0.3875323965	1.820431344
148.5	-0.1997127664	1.935426881
148.6	-0.0006666122745	2.043731952
148.7	0.2085187085	2.136499255
148.8	0.4257295725	2.202097028
148.9	0.6475808588	2.226976525
149	0.8693175798	2.19774508
149.1	1.084985165	2.10440575
149.2	1.287949349	1.943902071
149.3	1.471722587	1.722414526
149.4	1.630893392	1.454951079
149.5	1.761863102	1.162014363
149.6	1.86315596	0.8647356083
149.7	1.935254731	0.5805825832
149.8	1.980101126	0.3210809579
149.9	2.000479863	0.09168704409
150	1.999466953	-0.1069564523
150.1	1.980032972	-0.2773194753
150.2	1.944810655	-0.4234704094
150.3	1.895992729	-0.5500012111
150.4	1.835314692	-0.6613891248
150.5	1.764083956	-0.7616876501
150.6	1.683228592	-0.8544259706
150.7	1.593349756	-0.9426204044
150.8	1.494770025	-1.028835157
150.9	1.387575625	-1.115249911
151	1.271651352	-1.203712666
151.1	1.146713279	-1.295757657
151.2	1.012340246	-1.392579083
151.3	0.8680122473	-1.494932363
151.4	0.7131636699	-1.602958275
151.5	0.5472557651	-1.715891209
151.6	0.3698890944	-1.831646423
151.7	0.1809603839	-1.946302155
151.8	-0.01912689806	-2.053538171
151.9	-0.229198898	-2.144228027
152	-0.447027638	-2.20650183
152.1	-0.6690967427	-2.226711142
152.2	-0.8905228334	-2.191636669
152.3	-1.105257187	-2.091804459
152.4	-1.306640002	-1.924984811
152.5	-1.488247964	-1.698279017
152.6	-1.644818055	-1.427411602
152.7	-1.772950957	-1.133164165
152.8	-1.871374232	-0.8364760585
152.9	-1.940737007	-0.5543036753
153	-1.983089464	-0.2975618689
153.1	-2.00126639	-0.07117359387
153.2	-1.998348112	0.1245940118
153.3	-1.97728037	0.2924250738
153.4	-1.94065614	0.4364781763
153.5	-1.890623709	0.5613557609
153.6	-1.828875476	0.6715034242
153.7	-1.756679948	0.7709260443
153.8	-1.674931297	0.863101295
153.9	-1.584201714	0.9509992542
154	-1.484789446	1.037143909
154.1	-1.376759491	1.123680896
154.2	-1.259979093	1.212427088
154.3	-1.134149605	1.30488858
154.4	-0.9988386606	1.402218117
154.5	-0.8535193088	1.505126896
154.6	-0.6976242348	1.613677188
154.7	-0.5306235349	1.726998836
154.8	-0.3521380252	1.84285351
154.9	-0.1621029964	1.957110561
155	0.03901471679	2.063193114
155.1	0.2499523104	2.15169447
155.2	0.468366239	2.210513119
155.3	0.6906075974	2.225925989
155.4	0.9116662513	2.184917576
155.5	1.125404642	2.078570238
155.6	1.325145458	1.905501589
155.7	1.504538373	1.673727704
155.8	1.658475675	1.399653722
155.9	1.783760056	1.104293967
156	1.879320296	0.8083566283
156.1	1.945966784	0.5282665894
156.2	1.985852109	0.274329573
156.3	2.001856189	0.05094807756
156.4	1.997060221	-0.1419696874
156.5	1.974382987	-0.3073085094
156.6	1.936376885	-0.4493071803
156.7	1.885145719	-0.5725732287
156.8	1.822339091	-0.6815180605
156.9	1.749187036	-0.7800970965
157	1.666550432	-0.8717372426
157.1	1.574972964	-0.9593620294
157.2	1.474728533	-1.045456519
157.3	1.365861922	-1.132132631
157.4	1.248222476	-1.221177624
157.5	1.12149793	-1.314064761
157.6	0.9852438761	-1.411911931
157.7	0.8389275768	-1.515373475
157.8	0.681981307	-1.624442267
157.9	0.5138834446	-1.7381317
158	0.3342784624	-1.854046805
158.1	0.1431421083	-1.967844718
158.2	-0.05899512381	-2.072685009
158.3	-0.2707768796	-2.158885067
158.4	-0.4897416738	-2.214120054
158.5	-0.7121082634	-2.224611964
158.6	-0.9327416527	-2.17758307
158.7	-1.145420927	-2.06470563
158.8	-1.343459665	-1.88546292
158.9	-1.520589409	-1.648776768
159	-1.671863974	-1.371697128
159.1	-1.794290061	-1.075422233
159.2	-1.886995211	-0.7803903554
159.3	-1.950945901	-0.5024785194
159.4	-1.98839148	-0.2513862178
159.5	-2.002251826	-0.03100926124
159.6	-1.995605578	0.1590868984
159.7	-1.971342734	0.3219737313
159.8	-1.931974421	0.4619613761
159.9	-1.879559901	0.5836572879
160	-1.81570633	0.6914363181
160.1	-1.741605765	0.7892037413
160.2	-1.658086163	0.8803358369
160.3	-1.56566334	0.9677109469
160.4	-1.464587322	1.053774697
160.5	-1.354882283	1.140606749
160.6	-1.236381444	1.229964033
160.7	-1.108756895	1.323287572
160.8	-0.9715551731	1.421657134
160.9	-0.8242364382	1.525674642
161	-0.6662337327	1.635250475
161.1	-0.4970361909	1.749286722
161.2	-0.3163109194	1.865223149
161.3	-0.1240770485	1.978497601
161.4	0.0790662406	2.082006031
161.5	0.2916691536	2.165787507
161.6	0.5111499476	2.217306754
161.7	0.7335936761	2.222756185
161.8	0.9537433015	2.169626843
161.9	1.165300441	2.050213702
162	1.361577884	1.864882271
162.1	1.536397653	1.623446668
162.2	1.684981351	1.343562318
162.3	1.804541218	1.046565457
162.4	1.894400834	0.7525885619
162.5	1.955677331	0.476945235
162.6	1.990710687	0.2287326697
162.7	2.002456239	0.01135494921
162.8	1.993986825	-0.1759491757
162.9	1.968161873	-0.3364250399
163	1.927450549	-0.4744451198
163.1	1.873867636	-0.5946118754
163.2	1.8089782	-0.7012615154
163.3	1.733936805	-0.7982488976
163.4	1.649539107	-0.8888998778
163.5	1.556273159	-0.9760476428
163.6	1.454365576	-1.062100473
163.7	1.343821003	-1.14910468
163.8	1.224454748	-1.238787158
163.9	1.095926874	-1.332558174
164	0.9577719169	-1.431456405
164.1	0.8094456465	-1.536027137
164.2	0.6503819565	-1.64610257
164.3	0.4800805644	-1.760461268
164.4	0.2982353941	-1.876375907
164.5	0.1049103674	-1.989061522
164.6	-0.09922669655	-2.091144029
164.7	-0.3126271032	-2.17239032
164.8	-0.5325870167	-2.220064427
164.9	-0.7550585239	-2.220351267
165	-0.9746650044	-2.161046254
165.1	-1.185036766	-2.035099
165.2	-1.37949451	-1.843770731
165.3	-1.551959359	-1.597753665
165.4	-1.697826157	-1.315268801
165.5	-1.814513751	-1.017741284
165.6	-1.901538626	-0.7249631426
165.7	-1.960163122	-0.451672621
165.8	-1.992812404	-0.2063704046
165.9	-2.002472159	0.00801670291
166	-1.992206378	0.1925602953
166.1	-1.96484241	0.3506665789
166.2	-1.922806888	0.4867624029
166.3	-1.868070159	0.605440659
166.4	-1.802155601	0.7109970026
166.5	-1.726180778	0.8072352785
166.6	-1.640909372	0.897431375
166.7	-1.546802433	0.9843746869
166.8	-1.44406351	1.070435236
166.9	-1.332677137	1.157627868
167	-1.212443274	1.247649479
167.1	-1.083006694	1.341876714
167.2	-0.9438938441	1.441308285
167.3	-0.7945544794	1.546433137
167.4	-0.6344246567	1.656994798
167.5	-0.4630173616	1.771651571
167.6	-0.2800524276	1.887501183
167.7	-0.08564116039	1.99952883
167.8	0.11947447	2.100090684
167.9	0.3336469469	2.178680623
168	0.5540485253	2.222376815
168.1	0.7764974346	2.217384738
168.2	0.9955008504	2.151836218
168.3	1.204624258	2.019366077
168.4	1.397204842	1.822143045
168.5	1.567271181	1.571718335
168.6	1.710396855	1.286835984
168.7	1.824207988	0.9889651291
168.8	1.908410468	0.6975244438
168.9	1.964406217	0.4266654773
169	1.994699458	0.1842995954
169.1	2.002302221	-0.02710800125
169.2	1.990266626	-0.2089237942
169.3	1.961386324	-0.3647025906
169.4	1.918044981	-0.4989173706
169.5	1.862168628	-0.6161473468
169.6	1.795239332	-0.7206458405
169.7	1.718338142	-0.8161656116
169.8	1.63219743	-0.9059330232
169.9	1.537251354	-0.9926934742
170	1.43368067	-1.078780931
170.1	1.32145117	-1.166177655
170.2	1.200345253	-1.256550475
170.3	1.069996607	-1.351244504
170.4	0.9299199797	-1.451214158
170.5	0.7795627404	-1.55688997
170.6	0.6183622838	-1.667927384
170.7	0.4458456626	-1.782854841
170.8	0.2617621045	-1.898592517
170.9	0.06627212425	-2.009891294
171	-0.1398077502	-2.108833304
171.1	-0.3547262453	-2.184646543
171.2	-0.5755302222	-2.22423508
171.3	-0.7979049407	-2.213849933
171.4	-1.016244609	-2.141995387
171.5	-1.224056649	-2.003021376
171.6	-1.414703669	-1.800012418
171.7	-1.582329898	-1.545358807
171.8	-1.722692346	-1.258284124
171.9	-1.833624566	-0.9602537802
172	-1.915018132	-0.6702831053
172.1	-1.968408858	-0.4019288246
172.2	-1.996374757	-0.1625209202
172.3	-2.001949281	0.04592140738
172.4	-1.98817003	0.225043628
172.5	-1.957795692	0.3785372198
172.6	-1.913166498	0.5109140316
172.7	-1.856164319	0.6267355794
172.8	-1.78823034	0.7302113419
172.9	-1.710409608	0.8250426096
173	-1.623403486	0.9144067746
173.1	-1.527619973	1.001006454
173.2	-1.423217341	1.087138975
173.3	-1.310142268	1.174755252
173.4	-1.188161688	1.265493096
173.5	-1.056895572	1.360661396
173.6	-0.9158508742	1.461174832
173.7	-0.7644692696	1.567397559
173.8	-0.6021941519	1.678896412
173.9	-0.4285659691	1.794067713
174	-0.2433644043	1.9096445
174.1	-0.04680315746	2.020140871
174.2	0.160224213	2.117362362
174.3	0.3758613689	2.190272784
174.4	0.5970275463	2.225623265
174.5	0.8192754045	2.209735382
174.6	1.03689015	2.131520195
174.7	1.243328158	1.986071488
174.8	1.431986242	1.777395615
174.9	1.597132327	1.518695779
175	1.734711299	1.229632033
175.1	1.84276394	0.9316217949
175.2	1.921363524	0.64324837
175.3	1.972173828	0.3774665309
175.4	1.997840967	0.1410340672
175.5	2.001415755	-0.06445956917
175.6	1.985918734	-0.2409235316
175.7	1.954072229	-0.3921747182
175.8	1.908172727	-0.5227564558
175.9	1.850058138	-0.6372089449
176	1.781129186	-0.739696478
176.1	1.702395442	-0.8338690431
176.2	1.614527772	-0.922854974
176.3	1.517908118	-1.00931524
176.4	1.41267314	-1.095511103
176.5	1.298750237	-1.183362873
176.6	1.175891441	-1.274476536
176.7	1.043703301	-1.370129351
176.8	0.9016846012	-1.471188035
176.9	0.7492745211	-1.577955623
177	0.5859195732	-1.68990212
177.1	0.4111774547	-1.805285369
177.2	0.224860706	-1.920651097
177.3	0.02723584465	-2.030268257
177.4	-0.180722391	-2.125665743
177.5	-0.3970493991	-2.195551404
177.6	-0.6185360419	-2.226533045
177.7	-0.8406033721	-2.205035369
177.8	-1.057431439	-2.120410873
177.9	-1.262432958	-1.968523524
178	-1.44904798	-1.754304746
178.1	-1.611675789	-1.491746877
178.2	-1.746453107	-1.200898802
178.3	-1.851627196	-0.9030846948
178.4	-1.927448703	-0.6164296439
178.5	-1.975703728	-0.353282237
178.6	-1.999100936	-0.1198388393
178.7	-2.00070449	0.08272528436
178.8	-1.983515179	0.2565676287
178.9	-1.950217972	0.4056192621
179	-1.903065313	0.5344485729
179.1	-1.843851359	0.6475710218
179.2	-1.773936834	0.7491044666
179.3	-1.694296245	0.8426472144
179.4	-1.605570489	0.9312800488
179.5	-1.508116176	1.017621851
179.6	-1.40204786	1.103899029
179.7	-1.287275099	1.192000267
179.8	-1.163533791	1.283503296
179.9	-1.030419352	1.379647486
180	-0.8874217916	1.481256362
180.1	-0.733977062	1.588562784
180.2	-0.5695387598	1.700940169
180.3	-0.3936810462	1.816505372
180.4	-0.2062503477	1.931606372
180.5	-0.007571140171	2.040265896
180.6	0.2012993488	2.133733785
180.7	0.4182865281	2.200464993
180.8	0.640050973	2.226949011
180.9	0.8618831023	2.199739808
181	1.077862452	2.10866585
181.1	1.281365572	1.95038682
181.2	1.465884575	1.730759505
181.3	1.625957654	1.464533728
181.4	1.757916993	1.172102925
181.5	1.860215304	0.874655996
181.6	1.933276006	0.5898349964
181.7	1.97900146	0.32937905
181.8	2.000157608	0.09893416835
181.9	1.999818055	-0.1007216225
182	1.980961625	-0.271979891
182.1	1.946234736	-0.4188752313
182.2	1.897845632	-0.5459945005
182.3	1.837544969	-0.6578253801
182.4	1.766653896	-0.7584382192
182.5	1.686112454	-0.8513801575
182.6	1.596531997	-0.9396839543
182.7	1.49824382	-1.025928097
182.8	1.391341574	-1.112304112
182.9	1.275716186	-1.200670773
183	1.151089164	-1.292573055
183.1	1.01704316	-1.389217798
183.2	0.8730609499	-1.491377439
183.3	0.7185773272	-1.599218258
183.4	0.5530509496	-1.712010426
183.5	0.3760756799	-1.827722234
183.6	0.1875349125	-1.942503543
183.7	-0.01218923096	-2.05012313
183.8	-0.22195334	-2.141552379
183.9	-0.4395694787	-2.205004698
184	-0.6615674674	-2.226862783
184.1	-0.8831086776	-2.193843635
184.2	-1.098176734	-2.096286498
184.3	-1.300119877	-1.93166989
184.4	-1.482491334	-1.706773393
184.5	-1.639975311	-1.437075024
184.6	-1.769102404	-1.143263687
184.7	-1.86852923	-0.8463503979
184.8	-1.93884728	-0.5634729826
184.9	-1.982069485	-0.3057599748
185	-2.001013658	-0.07831958376
185.1	-1.998759016	0.1184516199
185.2	-1.978260234	0.2871642679
185.3	-1.942124313	0.4319465738
185.4	-1.892515091	0.5573979566
185.5	-1.831140018	0.6679753799
185.6	-1.759281172	0.7677008382
185.7	-1.677844508	0.8600699055
185.8	-1.587412298	0.9480689822
185.9	-1.488291356	1.034235868
186	-1.38055388	1.120728165
186.1	-1.264073466	1.209373217
186.2	-1.138556187	1.301688091
186.3	-1.003574246	1.39883877
186.4	-0.8586023233	1.501553294
186.5	-0.7030741505	1.609920717
186.6	-0.5364563335	1.723108771
186.7	-0.3583624091	1.838932858
186.8	-0.1687141035	1.953336185
186.9	0.03204423377	2.059832284
187	0.2426813041	2.149112176
187.1	0.460894298	2.209154753
187.2	0.6830806455	2.226260441
187.3	0.904274413	2.187338731
187.4	1.118368517	2.083273498
187.5	1.318690828	1.912383627
187.6	1.498864467	1.68236596
187.7	1.653726658	1.409391391
187.8	1.780009106	1.114398414
187.9	1.876570443	0.8181804141
188	1.944165222	0.5373504586
188.1	1.984910851	0.2824270967
188.2	2.001672029	0.05799341392
188.3	1.997530032	-0.1359185607
188.4	1.975413313	-0.3021249991
188.5	1.937888547	-0.4448376957
188.6	1.887075115	-0.5686629847
188.7	1.824637556	-0.6780245193
188.8	1.751819318	-0.7768951131
188.9	1.669492876	-0.8687194054
189	1.578211825	-0.9564371193
189.1	1.478258557	-1.042546934
189.2	1.369684915	-1.129172461
189.3	1.252346383	-1.218111296
189.4	1.125935642	-1.310848247
189.5	0.9900121157	-1.408513808
189.6	0.8440453846	-1.511781389
189.7	0.6874674846	-1.620670092
189.8	0.5197538602	-1.73423286
189.9	0.3405408793	-1.850131273
190	0.1497895105	-1.964097047
190.1	-0.05199257095	-2.069382188
190.2	-0.2634813855	-2.15640122
190.3	-0.4822572707	-2.212905147
190.4	-0.7045854677	-2.225132952
190.5	-0.9253743073	-2.180220349
190.6	-1.138431395	-2.06962913
190.7	-1.337072564	-1.892537574
190.8	-1.514999701	-1.657552267
190.9	-1.667209383	-1.38150175
191	-1.790636754	-1.085525157
191.1	-1.88434004	-0.7901592081
191.2	-1.949231716	-0.5114744791
191.3	-1.987527979	-0.2593824141
191.4	-2.002135245	-0.03795451181
191.5	-1.996133422	0.1531258081
191.6	-1.972422774	0.3168661063
191.7	-1.933528971	0.4575525646
191.8	-1.881526851	0.5797932741
191.9	-1.818038386	0.6879761182
192	-1.744268869	0.7860239494
192.1	-1.661057699	0.8773307654
192.2	-1.568930462	0.9647906997
192.3	-1.468145441	1.050862912
192.4	-1.358733933	1.137638531
192.5	-1.240535014	1.226885078
192.6	-1.113225768	1.320054543
192.7	-0.9763563565	1.418240676
192.8	-0.8293889456	1.522063888
192.9	-0.6717565122	1.631462898
193	-0.5029443281	1.74538066
193.1	-0.3226109995	1.861314405
193.2	-0.13076054	1.974779296
193.3	0.07203195651	2.078764364
193.4	0.2843501467	2.163405147
193.5	0.5036545293	2.216239555
193.6	0.7260768019	2.223467473
193.7	0.9464024376	2.172481909
193.8	1.158359481	2.055356276
193.9	1.35525999	1.872145692
194	1.530893333	1.632353399
194.1	1.680421779	1.353427419
194.2	1.80098547	1.056661189
194.3	1.89183974	0.7622984387
194.4	1.954049608	0.485851402
194.5	1.989923952	0.2366273094
194.6	2.002406283	0.01820080346
194.7	1.994571827	-0.170076883
194.8	1.9692909	-0.3313917966
194.9	1.929047407	-0.4700955163
195	1.8758717	-0.5907927621
195.1	1.811343528	-0.6978335029
195.2	1.736630529	-0.7950903399
195.3	1.65253962	-0.8859066646
195.4	1.559568456	-0.973131353
195.5	1.457951859	-1.059185906
195.6	1.347701351	-1.146128023
195.7	1.228638149	-1.235694912
195.8	1.10042705	-1.329308506
195.9	0.962606181	-1.428021102
196	0.8146331983	-1.532398102
196.1	0.6559413394	-1.642300286
196.2	0.4860264555	-1.756548634
196.3	0.3045733046	-1.87247575
196.4	0.1116296077	-1.985375158
196.5	-0.09216148751	-2.087967358
196.6	-0.3052856029	-2.170114891
196.7	-0.5250820166	-2.219149612
196.8	-0.747549486	-2.221256407
196.9	-0.9673528287	-2.164120604
197	-1.178146589	-2.040459025
197.1	-1.373247732	-1.851217966
197.2	-1.546541729	-1.606784716
197.3	-1.693362172	-1.325186968
197.4	-1.811055511	-1.02782381
197.5	-1.899071066	-0.7346101101
197.6	-1.958621027	-0.460486911
197.7	-1.992101452	-0.2141630479
197.8	-2.002487869	0.001269494214
197.9	-1.9928477	0.1867755226
198	-1.966019715	0.3457062816
198.1	-1.924445493	0.4824705768
198.2	-1.870110915	0.6016651491
198.3	-1.804553904	0.707600046
198.4	-1.728904917	0.804096951
198.5	-1.643938746	0.8944492511
198.6	-1.550125912	0.9814616559
198.7	-1.447677953	1.067517275
198.8	-1.336586306	1.15464215
198.9	-1.216656605	1.244543765
199	-1.087538357	1.338610012
199.1	-0.9487614146	1.437854409
199.2	-0.7997771044	1.542785834
199.3	-0.6400209017	1.653178198
199.4	-0.4690011101	1.767733848
199.5	-0.2864278639	1.883611508
199.6	-0.09239586038	1.995877277
199.7	0.1123788119	2.096982522
199.8	0.3262839762	2.176515405
199.9	0.5465354346	2.22161845
200	0.7689980737	2.218486965
200.1	0.9882194089	2.155130865
200.2	1.197786871	2.024941826
200.3	1.391030849	1.829769876
200.4	1.561941368	1.580867544
200.5	1.70602892	1.296800739
200.6	1.820847056	0.9990288728
200.7	1.90603579	0.7071047943
200.8	1.962948835	0.4353863142
200.9	1.994063314	0.1919901395
201	2.002382647	-0.02045865314
201.1	1.990963419	-0.2032252065
201.2	1.962611208	-0.3598137443
201.3	1.919724776	-0.494681899
201.4	1.864245651	-0.6124141495
201.5	1.797670306	-0.717278816
201.6	1.721092512	-0.8130466091
201.7	1.635255575	-0.9029611298
201.8	1.540602945	-0.9897830032
201.9	1.43732334	-1.075859006
202	1.325389215	-1.163182558
202.1	1.204588666	-1.253430613
202.2	1.07455989	-1.34796067
202.3	0.9348210413	-1.447741181
202.4	0.7848207431	-1.553224794
202.5	0.6239954113	-1.664097186
202.6	0.45186732	-1.778932924
202.7	0.268175134	-1.894715271
202.8	0.07306180468	-2.006277364
202.9	-0.1326824222	-2.105797594
203	-0.3473428908	-2.182596755
203.1	-0.5680105717	-2.223637568
203.2	-0.7904171951	-2.215152431
203.3	-1.008996087	-2.145511316
203.4	-1.217274199	-2.008810506
203.5	-1.408604236	-1.807813233
203.6	-1.577089028	-1.554619012
203.7	-1.718420883	-1.268288357
203.8	-1.830360767	-0.9702932032
203.9	-1.912735701	-0.6797933371
204	-1.967035308	-0.4105545286
204.1	-1.995812419	-0.1701092602
204.2	-2.002093483	0.03936899522
204.3	-1.988921475	0.219429895
204.4	-1.959067473	0.3737183624
204.5	-1.914886953	0.5067334865
204.6	-1.858277217	0.6230434206
204.7	-1.790693707	0.7268731354
204.8	-1.713194018	0.8219419486
204.9	-1.626490306	0.9114443614
205	-1.53099969	0.998097844
205.1	-1.426888242	1.084212506
205.2	-1.314109336	1.17175013
205.3	-1.192435246	1.262359013
205.4	-1.061490728	1.357360129
205.5	-0.9207855103	1.457683202
205.6	-0.7697627835	1.563714396
205.7	-0.6078644286	1.675053506
205.8	-0.4346254358	1.790143042
205.9	-0.2498147913	1.90578158
206	-0.05362775409	2.016567444
206.1	0.1530699054	2.114402379
206.2	0.3684588493	2.188342502
206.3	0.5895029229	2.225191197
206.4	0.8118012026	2.211241428
206.5	1.029676626	2.135258079
206.6	1.236602598	1.992071667
206.7	1.425962938	1.78536538
206.8	1.591981429	1.528060296
206.9	1.730536668	1.23966937
207	1.839596989	0.9416317084
207.1	1.919172595	0.6526852313
207.2	1.970883109	0.3859958567
207.3	1.997351455	0.1485203455
207.4	2.001622806	-0.05800317573
207.5	1.986724012	-0.2353932813
207.6	1.95539024	-0.3874243509
207.7	1.909933317	-0.5186294297
207.8	1.852206518	-0.6335565661
207.9	1.783624679	-0.7363860329
208	1.705209738	-0.8307858118
208.1	1.617643162	-0.9199012064
208.2	1.521315931	-1.00640789
208.3	1.416372365	-1.092579511
208.4	1.302746344	-1.180347289
208.5	1.180195426	-1.271327851
208.6	1.048330386	-1.366810355
208.7	0.9066531104	-1.467677456
208.8	0.7546036938	-1.574255241
208.9	0.5916269666	-1.686046846
209	0.4172749299	-1.801359126
209.1	0.2313483835	-1.916804799
209.2	0.03409460608	-2.026738413
209.3	-0.1735399004	-2.122786203
209.4	-0.389628772	-2.19374524
209.5	-0.6110080587	-2.226270321
209.6	-0.8331447427	-2.206747583
209.7	-1.050255151	-2.124370978
209.8	-1.255766441	-1.97473186
209.9	-1.443102529	-1.762437831
210	-1.606615849	-1.501208704
210.1	-1.74237558	-1.21096216
210.2	-1.84855681	-0.9130598036
210.3	-1.925348598	-0.625789946
210.4	-1.97449496	-0.3617138309
210.5	-1.998683256	-0.12722313
210.6	-2.000973456	0.07636388116
210.7	-1.984373488	0.2511194792
210.8	-1.951581549	0.4009359331
210.9	-1.90486552	0.5303736762
211	-1.846034837	0.643957187
211.1	-1.776464174	0.7458206826
211.2	-1.697140237	0.8395805056
211.3	-1.608714382	0.928334192
211.4	-1.511552076	1.014715028
211.5	-1.405775413	1.100961766
211.6	-1.291300432	1.188973818
211.7	-1.167868207	1.280339477
211.8	-1.035078631	1.376310654
211.9	-0.8924242698	1.477726996
212	-0.7393420722	1.584845077
212.1	-0.5752835203	1.697073571
212.2	-0.3998164021	1.812579095
212.3	-0.2127750474	1.927778781
212.4	-0.01446390625	2.036782731
212.5	0.1940894088	2.130937946
212.6	0.4108491	2.198787143
212.7	0.6325212861	2.226859854
212.8	0.8544420024	2.201660894
212.9	1.070725475	2.112848233
213	1.274760002	1.956800403
213.1	1.460018444	1.739050469
213.2	1.62098958	1.474086242
213.3	1.753936801	1.182186142
213.4	1.857241093	0.8845914343
213.5	1.931265951	0.5991158726
213.6	1.977873681	0.3377119255
213.7	1.999810799	0.1062167933
213.8	2.000148034	-0.09445418636
213.9	1.981872187	-0.2666124147
214	1.947643251	-0.4142574623
214.1	1.899684967	-0.5419703598
214.2	1.839763183	-0.6542488663
214.3	1.769212845	-0.7551800734
214.4	1.688986015	-0.8483290809
214.5	1.599704313	-0.9367452029
214.6	1.501707801	-1.02302122
214.7	1.395097564	-1.10936063
214.8	1.279770765	-1.197632948
214.9	1.155454291	-1.28939394
215	1.021734722	-1.385862869
215.1	0.878097658	-1.487829134
215.2	0.7239783423	-1.595484
215.3	0.558833039	-1.708133127
215.4	0.3822490145	-1.823797232
215.5	0.1940965656	-1.938697013
215.6	-0.005263159527	-2.046689864
215.7	-0.2147168601	-2.138844956
215.8	-0.4321164542	-2.20345996
215.9	-0.6540377813	-2.226951298
216	-0.8756871839	-2.195976095
216.1	-1.091081261	-2.100690942
216.2	-1.293577275	-1.938285196
216.3	-1.476706071	-1.715216063
216.4	-1.635099938	-1.446710862
216.5	-1.765219708	-1.153360053
216.6	-1.865650812	-0.856241379
216.7	-1.936926507	-0.5726716472
216.8	-1.981021732	-0.3139931478
216.9	-2.000736706	-0.08550091589
217	-1.999149099	0.1122770045
217.1	-1.979222267	0.2818760653
217.2	-1.943577129	0.4273928892
217.3	-1.894393065	0.5534231905
217.4	-1.833392614	0.6644349782
217.5	-1.761871477	0.7644672627
217.6	-1.680747461	0.8570335652
217.7	-1.59061298	0.9451366462
217.8	-1.491783433	1.03132823
217.9	-1.384338305	1.117777923
218	-1.268157514	1.206323638
218.1	-1.142952	1.298493124
218.2	-1.008298385	1.395465877
218.3	-0.8636733174	1.497986183
218.4	-0.7085113699	1.606169966
218.5	-0.5422759803	1.719221777
218.6	-0.3645735804	1.835010775
218.7	-0.1753124537	1.949553052
218.8	0.02508516566	2.056452031
218.9	0.2354191055	2.146496861
219	0.4534270197	2.207747329
219.1	0.6755526721	2.226530508
219.2	0.8968745208	2.18968472
219.3	1.111316623	2.087899445
219.4	1.312213048	1.919197202
219.5	1.493161446	1.690954567
219.6	1.648944755	1.419103899
219.7	1.776223993	1.124501854
219.8	1.873787349	0.8280224103
219.9	1.942332897	0.5464645097
220	1.983942154	0.2905599037
