0	3.5	0
0.1	3.485371733	-0.2675803375
0.2	3.450253724	-0.4208861067
0.3	3.40326783	-0.5112553566
0.4	3.349128678	-0.5674263711
0.5	3.290390739	-0.6051244957
0.6	3.228429494	-0.6329287881
0.7	3.16397521	-0.6555607207
0.8	3.097400445	-0.6756648173
0.9	3.028875123	-0.6947636
1	2.958450461	-0.7137699763
1.1	2.886104635	-0.7332650675
1.2	2.811767634	-0.753651244
1.3	2.73533431	-0.7752374457
1.4	2.656671186	-0.7982894708
1.5	2.57561912	-0.8230596386
1.6	2.491993422	-0.8498052362
1.7	2.405582942	-0.8788036092
1.8	2.316147397	-0.9103617134
1.9	2.223413808	-0.9448247391
2	2.127072513	-0.9825857091
2.1	2.026771875	-1.024092172
2.2	1.92211232	-1.069852877
2.3	1.812640312	-1.120444573
2.4	1.697840982	-1.176510939
2.5	1.577132041	-1.238760587
2.6	1.449857605	-1.307947326
2.7	1.315285805	-1.384835698
2.8	1.172610073	-1.470130037
2.9	1.020961729	-1.564353624
3	0.8594361234	-1.667655318
3.1	0.6871447172	-1.779496825
3.2	0.5033055853	-1.898212175
3.3	0.3073839229	-2.020401021
3.4	0.09930163566	-2.140199215
3.5	-0.120279519	-2.248578167
3.6	-0.3496189109	-2.332992274
3.7	-0.5855622782	-2.37790162
3.8	-0.8233283102	-2.366775787
3.9	-1.056579729	-2.28576927
4	-1.27792218	-2.128345341
4.1	-1.479835765	-1.898929705
4.2	-1.655827854	-1.613374751
4.3	-1.801427648	-1.295380779
4.4	-1.914675364	-0.9703820697
4.5	-1.99599227	-0.6597751421
4.6	-2.047590044	-0.3776975563
4.7	-2.072708824	-0.1307307035
4.8	-2.074931627	0.08049576567
4.9	-2.057698893	0.2591032531
5	-2.024033918	0.4100369144
5.1	-1.976432255	0.5387382121
5.2	-1.916853846	0.650392101
5.3	-1.846768269	0.7495902732
5.4	-1.767219801	0.8402465465
5.5	-1.678893761	0.925641041
5.6	-1.58217517	1.008514884
5.7	-1.477197523	1.091172352
5.8	-1.363882579	1.175562157
5.9	-1.241971998	1.263329167
6	-1.111059026	1.355816404
6.1	-0.9706180501	1.454014471
6.2	-0.8200480425	1.558427016
6.3	-0.6587312792	1.668845949
6.4	-0.4861195789	1.78399652
6.5	-0.3018656452	1.901058585
6.6	-0.1060057574	2.015091675
6.7	0.1008006656	2.118472118
6.8	0.3169834334	2.200605129
6.9	0.5397753379	2.248300339
7	0.7650175813	2.247271136
7.1	0.9871811695	2.184973463
7.2	1.19972407	2.054328552
7.3	1.395812471	1.856991021
7.4	1.569272031	1.604412321
7.5	1.715487353	1.315709423
7.6	1.831951078	1.013048807
7.7	1.918311092	0.7166158223
7.8	1.975981525	0.4411739478
7.9	2.007527598	0.1949917805
8	2.016045752	-0.01934418903
8.1	2.004675813	-0.203242244
8.2	1.976290258	-0.3603811618
8.3	1.933337622	-0.4953806157
8.4	1.877794519	-0.6129559868
8.5	1.811181127	-0.7174722985
8.6	1.734606831	-0.8127671958
8.7	1.648824965	-0.9021280959
8.8	1.554285539	-0.9883440818
8.9	1.451181693	-1.07377993
9	1.339488308	-1.160442904
9.1	1.218995396	-1.25002412
9.2	1.089339971	-1.343899102
9.3	0.9500384137	-1.443067793
9.4	0.8005325709	-1.548027753
9.5	0.6402468098	-1.658539375
9.6	0.4686818091	-1.773280926
9.7	0.2855431542	-1.889380272
9.8	0.09092385632	-2.001852221
9.9	-0.1144558262	-2.103074855
10	-0.3289690031	-2.182544292
10.1	-0.5498083582	-2.227295473
10.2	-0.772805634	-2.223436698
10.3	-0.9924684249	-2.158945042
10.4	-1.202345355	-2.02726991
10.5	-1.395738984	-1.830419402
10.6	-1.566630944	-1.579869507
10.7	-1.710545915	-1.294402288
10.8	-1.825070084	-0.9956196987
10.9	-1.909885299	-0.7031148383
11	-1.966386513	-0.4311978773
11.1	-1.997084693	-0.1878893547
11.2	-2.005006294	0.02429097809
11.3	-1.993221356	0.2066977738
11.4	-1.964541202	0.3628997398
11.5	-1.921365035	0.4973953174
11.6	-1.865631748	0.6147910802
11.7	-1.798833651	0.7193649314
11.8	-1.72205981	0.814889496
11.9	-1.636048751	0.9046065414
12	-1.541239731	0.9912730948
12.1	-1.437817356	1.077231183
12.2	-1.325750302	1.164470595
12.3	-1.204824284	1.254665705
12.4	-1.074673199	1.349167755
12.5	-0.9348143623	1.448946488
12.6	-0.7846922745	1.554446539
12.7	-0.6237435551	1.665351844
12.8	-0.4514878922	1.780231073
12.9	-0.267663398	1.896054881
13	-0.07241477845	2.007643535
13.1	0.1334658181	2.107155366
13.2	0.348259348	2.183885929
13.3	0.5690494532	2.224778142
13.4	0.7915586834	2.216046142
13.5	1.010210561	2.146061747
13.6	1.218523482	2.008947738
13.7	1.409845406	1.807516354
13.8	1.578280017	1.553924879
13.9	1.719526071	1.26728518
14	1.831354929	0.9690957575
14.1	1.913605265	0.6785152694
14.2	1.967777073	0.4092880971
14.3	1.996430757	0.1689166682
14.4	2.002597751	-0.04045374404
14.5	1.989323238	-0.220394927
14.6	1.959378633	-0.3745666846
14.7	1.915118666	-0.5074762824
14.8	1.858439311	-0.6236956445
14.9	1.790794438	-0.7274507138
15	1.713240092	-0.8224603343
15.1	1.626486959	-0.9119173642
15.2	1.530950686	-0.9985380897
15.3	1.426796469	-1.084631089
15.4	1.313976348	-1.17215704
15.5	1.192262015	-1.26276174
15.6	1.061276917	-1.357767057
15.7	0.9205303265	-1.458099028
15.8	0.7694657975	-1.564144068
15.9	0.6075234592	-1.675498741
16	0.4342391392	-1.790600313
16.1	0.2493828661	-1.906244105
16.2	0.05314981303	-2.017019959
16.3	-0.1535920099	-2.114821473
16.4	-0.369019814	-2.188696091
16.5	-0.5900940478	-2.225437398
16.6	-0.8124097454	-2.211338085
16.7	-1.030285806	-2.135171294
16.8	-1.237193145	-1.991786356
16.9	-1.426515446	-1.784892891
17	-1.592478945	-1.5274393
17.1	-1.730966966	-1.238954921
17.2	-1.839953606	-0.9408821991
17.3	-1.919454581	-0.6519504832
17.4	-1.971093865	-0.385310792
17.5	-1.997497053	-0.147903976
17.6	-2.001710514	0.05854535459
17.7	-1.986761092	0.2358644865
17.8	-1.955383426	0.3878326979
17.9	-1.909888386	0.5189852726
18	-1.852128185	0.6338705147
18.1	-1.783516638	0.7366680339
18.2	-1.7050747	0.83104457
18.3	-1.617483027	0.9201447212
18.4	-1.521132038	1.006642729
18.5	-1.416165095	1.092811423
18.6	-1.302515888	1.180580878
18.7	-1.179941215	1.271568254
18.8	-1.048051718	1.367059647
18.9	-0.9063491405	1.46793925
19	-0.7542725759	1.574529067
19.1	-0.591268143	1.68633099
19.2	-0.4168874376	1.801650225
19.3	-0.2309315098	1.917092585
19.4	-0.03364972935	2.027008114
19.5	0.1740096904	2.123016267
19.6	0.3901183854	2.193905655
19.7	0.6115091106	2.22633037
19.8	0.833645592	2.20667728
19.9	1.05074161	2.124149804
20	1.256223081	1.97435706
20.1	1.443514669	1.761928691
20.2	1.606971758	1.500602345
20.3	1.742667968	1.210306731
20.4	1.848783249	0.9124024817
20.5	1.925510856	0.6251674367
20.6	1.97459785	0.3611488513
20.7	1.9987328	0.1267252768
20.8	2.000976583	-0.07679476915
20.9	1.984336638	-0.2514897804
21	1.951510307	-0.4012549355
21.1	1.904764526	-0.5306513522
21.2	1.84590774	-0.6442031304
21.3	1.776313694	-0.7460435069
21.4	1.696968318	-0.8397878938
21.5	1.608522296	-0.9285323384
21.6	1.511340294	-1.014909489
21.7	1.405544254	-1.101157271
21.8	1.291049461	-1.189174867
21.9	1.167597025	-1.280547982
22	1.034785834	-1.376530445
22.1	0.8921086654	-1.477958369
22.2	0.7390031194	-1.585088586
22.3	0.5749194987	-1.697327507
22.4	0.3994264817	-1.812836619
22.5	0.2123600016	-1.928030608
22.6	0.0140245791	-2.037012978
22.7	-0.1945501148	-2.131124822
22.8	-0.411325279	-2.198904524
22.9	-0.6330042463	-2.226876258
23	-0.8549202872	-2.201548564
23.1	-1.071185246	-2.112590407
23.2	-1.275186628	-1.956398213
23.3	-1.460398507	-1.73852573
23.4	-1.621312758	-1.473478643
23.5	-1.754197048	-1.18154258
23.6	-1.857436984	-0.8839553191
23.7	-1.931399967	-0.5985201693
23.8	-1.977951019	-0.3371759864
23.9	-1.999837901	-0.1057477295
24	-2.000131522	0.09485839739
24.1	-1.981818211	0.2669587975
24.2	-1.947557142	0.4145555252
24.3	-1.899571048	0.5422300749
24.4	-1.839624816	0.6544795707
24.5	-1.769052523	0.7553900998
24.6	-1.688805412	0.8485253858
24.7	-1.599504441	0.9369341234
24.8	-1.501489291	1.023207876
24.9	-1.394860263	1.109549398
25	-1.279514342	1.197827058
25.1	-1.15517796	1.289597659
25.2	-1.021437481	1.386077046
25.3	-0.8777786342	1.488056185
25.4	-0.7236356678	1.595722816
25.5	-0.5584661348	1.708380415
25.6	-0.3818573827	1.824048372
25.7	-0.1936797878	1.938940826
25.8	0.005703503721	2.046910531
25.9	0.2151768854	2.139020624
26	0.4325905224	2.203561118
26.1	0.6545171281	2.226948679
26.2	0.8761600534	2.195843942
26.3	1.091533819	2.100414311
26.4	1.293995044	1.9378673
26.5	1.477075896	1.714681279
26.6	1.635411989	1.446098866
26.7	1.76546868	1.152717678
26.8	1.865835908	0.8556114022
26.9	1.937050595	0.5720851436
27	1.981090109	0.313467852
27.1	2.000755873	0.08504243681
27.2	1.99912569	-0.1126712456
27.3	1.979162336	-0.2822138084
27.4	1.943485847	-0.427683711
27.5	1.894274639	-0.5536769639
27.6	1.833250275	-0.6646609122
27.7	1.761707576	-0.7646734377
27.8	1.680563628	-0.8572271929
27.9	1.590410251	-0.9453234478
28	1.491562038	-1.031513291
28.1	1.384098387	-1.117965568
28.2	1.267898515	-1.206518344
28.3	1.142673483	-1.298696017
28.4	1.007998665	-1.395680907
28.5	0.8633516049	-1.498212723
28.6	0.708166278	-1.606408398
28.7	0.5419065266	-1.719468886
28.8	0.3641792313	-1.835260192
28.9	0.174893531	-1.949793923
29	-0.02552711234	-2.056667513
29.1	-0.2358804484	-2.146664237
29.2	-0.4539015041	-2.207838519
29.3	-0.6760311959	-2.226515523
29.4	-0.8973451261	-2.189538072
29.5	-1.111765346	-2.087607903
29.6	-1.312625511	-1.918766292
29.7	-1.49352487	-1.690410194
29.8	-1.649249756	-1.418487381
29.9	-1.776465684	-1.123859762
30	-1.873965325	-0.8273963398
30.1	-1.94245036	-0.5458843232
30.2	-1.984004628	-0.2900419027
30.3	-2.001478005	-0.06462281173
30.4	-1.997951467	0.1302232512
30.5	-1.976362298	0.2972466103
30.6	-1.93929047	0.440632763
30.7	-1.888869939	0.5649863524
30.8	-1.826779274	0.6747422278
30.9	-1.754274535	0.7738894134
31	-1.672239099	0.8658891626
31.1	-1.581235916	0.953696509
31.2	-1.481555367	1.03982284
31.3	-1.373255889	1.126402827
31.4	-1.256198876	1.215243757
31.5	-1.130081396	1.307841336
31.6	-0.9944669787	1.405337475
31.7	-0.848826964	1.50842373
31.8	-0.6925934106	1.617142595
31.9	-0.52523933	1.730584348
32	-0.3463933239	1.846462935
32.1	-0.1560028738	1.960578912
32.2	0.04544515403	2.066270676
32.3	0.2566571543	2.154043888
32.4	0.4752523094	2.211721138
32.5	0.6975392563	2.225560955
32.6	0.9184672031	2.18262111
32.7	1.131871105	2.074169934
32.8	1.331069815	1.899102047
32.9	1.509738421	1.665727393
33	1.662820596	1.390662737
33.1	1.787184665	1.094987005
33.2	1.881823681	0.7993250314
33.3	1.947598903	0.519926808
33.4	1.986694817	0.2669025986
33.5	2.002004752	0.04449003397
33.6	1.996609421	-0.1475151186
33.7	1.9734185	-0.3120591705
33.8	1.934971197	-0.4534048648
33.9	1.883356946	-0.5761603121
34	1.820211626	-0.6847253677
34.1	1.74675298	-0.7830393021
34.2	1.663831193	-0.8745127456
34.3	1.571981018	-0.9620546173
34.4	1.471468507	-1.048136942
34.5	1.362331747	-1.134861513
34.6	1.244415157	-1.224005907
34.7	1.117400768	-1.317032176
34.8	0.9808419687	-1.415047367
34.9	0.8342029407	-1.518688379
35	0.6769167546	-1.627920866
35.1	0.5084650327	-1.741725104
35.2	0.3284986933	-1.857651684
35.3	0.1370079468	-1.971287727
35.4	-0.06545466327	-2.07570877
35.5	-0.2775036337	-2.161141459
35.6	-0.4966387987	-2.215192869
35.7	-0.7190355365	-2.224072881
35.8	-0.939519428	-2.175086299
35.9	-1.151843933	-2.060102705
36	-1.349321387	-1.878888176
36.1	-1.525711557	-1.640653219
36.2	-1.676121755	-1.3626472
36.3	-1.797624738	-1.06611833
36.4	-1.889411601	-0.7714104117
36.5	-1.952497965	-0.4942203478
36.6	-1.989162955	-0.2440525505
36.7	-2.00233847	-0.02464307113
36.8	-1.995101606	0.1645497398
36.9	-1.970332711	0.3266549569
37	-1.930529423	0.466003692
37.1	-1.877736676	0.5872022432
37.2	-1.813548017	0.6946132482
37.3	-1.739143382	0.7921258933
37.4	-1.655340269	0.8830999563
37.5	-1.562645383	0.9703992205
37.6	-1.461301319	1.056457501
37.7	-1.351325969	1.143343252
37.8	-1.232546257	1.232803189
37.9	-1.104631151	1.32627075
38	-0.9671226322	1.424809076
38.1	-0.8194799998	1.529006134
38.2	-0.6611356526	1.638743878
38.3	-0.4915828168	1.7528865
38.4	-0.3104966192	1.868820905
38.5	-0.1179101535	1.981912836
38.6	0.0855548794	2.084972156
38.7	0.298417437	2.167949779
38.8	0.5180567563	2.218243192
38.9	0.7405149157	2.222041561
39	0.9604960097	2.166929591
39.1	1.171678001	2.045409665
39.2	1.36737525	1.858134656
39.3	1.541440784	1.615203785
39.4	1.689151499	1.334458776
39.5	1.807786142	1.037270242
39.6	1.896730803	0.7436643302
39.7	1.95715002	0.4687703689
39.8	1.991411812	0.2214927944
39.9	2.002481893	0.005080144219
40	1.993430551	-0.1813306838
40.1	1.967107021	-0.3410382251
40.2	1.925966836	-0.478433329
40.3	1.872010442	-0.598115875
40.4	1.806789423	-0.7044091902
40.5	1.731446356	-0.8011517368
40.6	1.646766568	-0.89165329
40.7	1.553229341	-0.9787326378
40.8	1.451053746	-1.064785927
40.9	1.340238124	-1.151849004
41	1.220592434	-1.241639571
41.1	1.091772267	-1.335556381
41.2	0.9533090943	-1.43462633
41.3	0.8046567659	-1.539375385
41.4	0.6452501072	-1.649609057
41.5	0.474592485	-1.764066794
41.6	0.2923861776	-1.879965174
41.7	0.09871058652	-1.992446462
41.8	-0.1057434987	-2.094049074
41.9	-0.3193956778	-2.174452091
42	-0.5395021292	-2.220858717
42.1	-0.7619718839	-2.219456719
42.2	-0.9813905519	-2.158146418
42.3	-1.191366813	-2.030095218
42.4	-1.385225727	-1.836855689
42.5	-1.556922181	-1.589398645
42.6	-1.701908006	-1.306118655
42.7	-1.81766881	-1.00846002
42.8	-1.903782548	-0.7160980623
42.9	-1.961557166	-0.4435830432
43	-1.993443986	-0.1992246101
43.1	-2.002437565	0.01420082862
43.2	-1.991598439	0.1978615174
43.3	-1.963743265	0.3552129753
43.4	-1.921284854	0.4906977904
43.5	-1.866179263	0.6089048521
43.6	-1.799936511	0.7141163738
43.7	-1.723662351	0.8101197695
43.8	-1.638110277	0.9001747945
43.9	-1.543732642	0.9870568483
44	-1.440725711	1.073123979
44.1	-1.329067683	1.160380758
44.2	-1.208553305	1.250514198
44.3	-1.078823063	1.344890829
44.4	-0.9394002263	1.444495274
44.5	-0.7897333123	1.549798032
44.6	-0.6292588409	1.660514409
44.7	-0.4574943104	1.77526134
44.8	-0.2741687305	1.891080112
44.9	-0.07940891361	2.002880721
45	0.1260191716	2.102931364
45.1	0.3404350108	2.180639826
45.2	0.5609706207	2.223026137
45.3	0.7834013	2.216307981
45.4	1.002197428	2.148733338
45.5	1.210905014	2.014164223
45.6	1.402868469	1.815063803
45.7	1.572152759	1.563256339
45.8	1.714390099	1.277645053
45.9	1.827273473	0.9797029551
46	1.910569028	0.688721877
46.1	1.965722477	0.41866249
46.2	1.995262422	0.1772478979
46.3	2.00220831	-0.03320223796
46.4	1.989607849	-0.2141460445
46.5	1.960243567	-0.3691836198
46.6	1.916485178	-0.5028012735
46.7	1.860244456	-0.6195729527
46.8	1.792990242	-0.7237379855
46.9	1.715791931	-0.8190325701
47	1.629371851	-0.9086672538
47.1	1.534155681	-0.9953735046
47.2	1.430316872	-1.081473494
47.3	1.317815077	-1.168939233
47.4	1.196427586	-1.259428535
47.5	1.065783746	-1.354274323
47.6	0.9253958152	-1.454419401
47.7	0.7747086563	-1.56027083
47.8	0.6131625786	-1.671458971
47.9	0.4402877235	-1.786468504
48	0.2558434627	-1.90215927
48.1	0.06000770996	-2.013207839
48.2	-0.1463793689	-2.111605885
48.3	-0.3615327785	-2.186496599
48.4	-0.5824578913	-2.224733934
48.5	-0.8047974683	-2.21258707
48.6	-1.022910153	-2.138688035
48.7	-1.230286111	-1.997623856
48.8	-1.420298027	-1.792775502
48.9	-1.587129187	-1.536797259
49	-1.726596566	-1.249059064
49.1	-1.836600587	-0.9510155213
49.2	-1.917091906	-0.66154606
49.3	-1.969648189	-0.3940139136
49.4	-1.996870029	-0.1555632999
49.5	-2.001796852	0.05192671369
49.6	-1.98746111	0.2301881301
49.7	-1.956609887	0.3829542712
49.8	-1.911569337	0.5147478257
49.9	-1.854207148	0.6301237939
50	-1.78595142	0.7332772769
50.1	-1.70783572	0.8278930624
50.2	-1.620551494	0.9171324753
50.3	-1.52449827	1.003684998
50.4	-1.419827518	1.089835912
50.5	-1.306479252	1.177526667
50.6	-1.184216256	1.268384049
50.7	-1.052653229	1.363707877
50.8	-0.911295156	1.46439596
50.9	-0.7595828548	1.570795499
51	-0.5969598314	1.682440268
51.1	-0.4229729171	1.797682732
51.2	-0.237411966	1.913197464
51.3	-0.04050659705	2.023418763
51.4	0.1668227109	2.120063956
51.5	0.3826853109	2.192013979
51.6	0.6039593684	2.225969939
51.7	0.8261549662	2.208285156
51.8	1.043522897	2.128008836
51.9	1.249504669	1.980479868
52	1.43751007	1.770002855
52.1	1.601848509	1.510039059
52.2	1.738526335	1.220378312
52.3	1.845650947	0.9224125152
52.4	1.92335323	0.6345799822
52.5	1.973337143	0.3696406657
52.6	1.998269425	0.1341704499
52.7	2.001205774	-0.07037670432
52.8	1.985160505	-0.2459916542
52.9	1.952844074	-0.396529125
53	1.9065388	-0.5265413482
53.1	1.848068453	-0.6405609138
53.2	1.778820814	-0.7427372172
53.3	1.699794071	-0.8367035427
53.4	1.611649454	-0.9255731366
53.5	1.514760708	-1.0119928
53.6	1.409257064	-1.098213038
53.7	1.295060707	-1.186143294
53.8	1.171917397	-1.277381291
53.9	1.039431621	-1.373191659
54	0.8970976798	-1.474427461
54.1	0.7443550382	-1.581369111
54.2	0.5806513387	-1.693456744
54.3	0.4055496456	-1.80890201
54.4	0.2188737046	-1.924188244
54.5	0.02090811718	-2.033505401
54.6	-0.1873463647	-2.128292405
54.7	-0.4038895397	-2.197175599
54.8	-0.6254704216	-2.226721745
54.9	-0.8474679554	-2.203393985
55	-1.064029254	-2.116694671
55.1	-1.26855454	-1.962741648
55.2	-1.454499693	-1.746764561
55.3	-1.61630798	-1.483003455
55.4	-1.750178682	-1.191623209
55.5	-1.854425439	-0.8939088787
55.6	-1.929355124	-0.6078326302
55.7	-1.976791973	-0.3455467654
55.8	-1.999463681	-0.1130689925
55.9	-2.000437843	0.08855531124
56	-1.982708441	0.261560561
56.1	-1.948948131	0.4099124415
56.2	-1.901395121	0.5381859452
56.3	-1.841829523	0.6508878974
56.4	-1.771599263	0.752120983
56.5	-1.691667666	0.8454669044
56.6	-1.602666041	0.933991047
56.7	-1.504942877	1.020299173
56.8	-1.398605872	1.106606275
56.9	-1.283558514	1.19479133
57	-1.159532229	1.286422061
57.1	-1.026117935	1.382726493
57.2	-0.8828037088	1.484512844
57.3	-0.7290245578	1.591992308
57.4	-0.5642359579	1.704504905
57.5	-0.3880183406	1.820121338
57.6	-0.2002294591	1.935125496
57.7	-0.001212153329	2.043458878
57.8	0.2079483864	2.136282051
57.9	0.4251417089	2.201970033
58	0.6469863317	2.226976637
58.1	0.8687308376	2.197905298
58.2	1.084423319	2.104744944
58.3	1.287430328	1.944416536
58.4	1.471262673	1.72307518
58.5	1.630504866	1.455708649
58.6	1.761552777	1.162811069
58.7	1.862925	0.8655183307
58.8	1.935099628	0.5813120741
58.9	1.980015313	0.3217348685
59	2.000455304	0.09225795639
59.1	1.999495439	-0.1064653607
59.2	1.980106947	-0.2768988993
59.3	1.944923655	-0.4231084126
59.4	1.896139516	-0.5496854895
59.5	1.835491219	-0.6611082093
59.6	1.764287264	-0.7614314033
59.7	1.683456656	-0.8541856704
59.8	1.59360137	-0.9423886502
59.9	1.495044659	-1.028605614
60	1.387873317	-1.115017247
60.1	1.271972682	-1.203472344
60.2	1.147059156	-1.29550602
60.3	1.01271198	-1.392313456
60.4	0.8684113009	-1.494651498
60.5	0.7135915531	-1.602662718
60.6	0.5477138226	-1.715584668
60.7	0.3703780374	-1.831336657
60.8	0.1814799169	-1.946002519
60.9	-0.01857871101	-2.053269216
61	-0.2286264748	-2.144017918
61.1	-0.4464385979	-2.206385276
61.2	-0.6685022877	-2.226725359
61.3	-0.8899377202	-2.191813595
61.4	-1.104698705	-2.092161143
61.5	-1.306126032	-1.925515187
61.6	-1.487794493	-1.698951617
61.7	-1.644436886	-1.428175589
61.8	-1.772648337	-1.133961673
61.9	-1.871150819	-0.8372550607
62	-1.940588935	-0.5550265637
62.1	-1.983009943	-0.2982078805
62.2	-2.001247317	-0.0717365154
62.3	-1.99838131	0.1241102069
62.4	-1.977358384	0.2920106995
62.5	-1.940772618	0.4361211866
62.6	-1.890773531	0.5610438885
62.7	-1.829054707	0.6712253133
62.8	-1.756885724	0.7706716966
62.9	-1.675161685	0.8628621391
63	-1.58445557	0.950767957
63.1	-1.485066291	1.036914298
63.2	-1.377059459	1.123447668
63.3	-1.260302718	1.212185884
63.4	-1.134497995	1.304635686
63.5	-0.9992130169	1.401951863
63.6	-0.8539212274	1.504844238
63.7	-0.6980549295	1.613380934
63.8	-0.5310842787	1.726691177
63.9	-0.3526300301	1.842543763
64	-0.1626256101	1.956812851
64.1	0.03846424925	2.062928247
64.2	0.249378098	2.151492911
64.3	0.4677761504	2.210408144
64.4	0.6900134077	2.225954814
64.5	0.9110829948	2.185111524
64.6	1.124849738	2.078944241
64.7	1.324636724	1.906046775
64.8	1.504091483	1.674410806
64.9	1.658101897	1.400422826
65	1.783465135	1.10509154
65.1	1.879104376	0.8091315454
65.2	1.945825599	0.5289825649
65.3	1.985778708	0.2749675466
65.4	2.001842444	0.05150305688
65.5	1.997098005	-0.1414930994
65.6	1.974464907	-0.306900254
65.7	1.936496723	-0.448955078
65.8	1.885298475	-0.5722650954
65.9	1.822520935	-0.681242677
66	1.749395198	-0.7798445508
66.1	1.666783019	-0.8714991293
66.2	1.575228994	-0.9591312556
66.3	1.475007553	-1.045226701
66.4	1.366163977	-1.131898757
66.5	1.248548564	-1.220935644
66.6	1.121848517	-1.313810312
66.7	0.9856208065	-1.411643454
66.8	0.8393318675	-1.515090097
66.9	0.6824147694	-1.624143689
67	0.5143475914	-1.737823896
67.1	0.3347731877	-1.853738078
67.2	0.1436670632	-1.967549254
67.3	-0.05844175591	-2.072425112
67.4	-0.2702004813	-2.158689674
67.5	-0.4891506914	-2.21402509
67.6	-0.7115144274	-2.2246549
67.7	-0.9321603468	-2.17779363
67.8	-1.144869758	-2.065096998
67.9	-1.342956317	-1.886024278
68	-1.520149189	-1.649471825
68.1	-1.67149771	-1.37247217
68.2	-1.794002866	-1.076219689
68.3	-1.886786792	-0.7811607268
68.4	-1.950811715	-0.503187647
68.5	-1.988324293	-0.2520161212
68.6	-2.002243466	-0.03155622805
68.7	-1.995647958	0.1586174125
68.8	-1.971428614	0.3215714456
68.9	-1.932097668	0.4616141079
69	-1.879715632	0.5833528354
69.1	-1.81589083	0.6911635446
69.2	-1.74181638	0.7889530556
69.3	-1.658321152	0.8800987644
69.4	-1.565921577	0.967480337
69.5	-1.464868529	1.053544876
69.6	-1.355186824	1.140372365
69.7	-1.236709469	1.229719912
69.8	-1.10910999	1.323032422
69.9	-0.9719345232	1.421386531
70	-0.824643711	1.5253895
70.1	-0.6666702369	1.634951403
70.2	-0.4975031463	1.748978291
70.3	-0.3168088583	1.864914761
70.4	-0.1246051743	1.978204552
70.5	0.07851050799	2.081751065
70.6	0.2910910463	2.165601116
70.7	0.5105580779	2.217224567
70.8	0.7330003557	2.222814933
70.9	0.9531641537	2.169855161
71	1.164753158	2.050622575
71.1	1.361080063	1.865458101
71.2	1.535964268	1.624151509
71.3	1.684622674	1.344341849
71.4	1.804261824	1.047362354
71.5	1.89419992	0.7533543462
71.6	1.955550002	0.4776471519
71.7	1.990649621	0.2293545975
71.8	2.002453207	0.01189411969
71.9	1.9940338	-0.1754867303
72	1.96825169	-0.3360286492
72.1	1.927577213	-0.4741025028
72.2	1.874026381	-0.5943109546
72.3	1.809165415	-0.7009913071
72.4	1.734149909	-0.7979998115
72.5	1.649776408	-0.8886637376
72.6	1.55653373	-0.9758174679
72.7	1.454649109	-1.061870338
72.8	1.344127762	-1.148869535
72.9	1.224785453	-1.238542961
73	1.096282597	-1.33230137
73.1	0.958154049	-1.431185001
73.2	0.8098556552	-1.535740367
73.3	0.6508213816	-1.645802186
73.4	0.4805505271	-1.760152352
73.5	0.2987362476	-1.876068122
73.6	0.1054413305	-1.988770962
73.7	-0.09866843243	-2.090894073
73.8	-0.3120471675	-2.172211873
73.9	-0.5319943495	-2.219994072
74	-0.7544657542	-2.220425184
74.1	-0.9740880435	-2.161291765
74.2	-1.184493406	-2.035524995
74.3	-1.379002204	-1.844361191
74.4	-1.551532724	-1.598468378
74.5	-1.697474931	-1.316052587
74.6	-1.81424195	-1.01853715
74.7	-1.901344994	-0.7257239866
74.8	-1.960042462	-0.4523673941
74.9	-1.992757245	-0.2069843815
75	-2.00247424	0.007485238181
75.1	-1.992257733	0.1921046685
75.2	-1.964935983	0.3502758599
75.3	-1.9229368	0.4864242739
75.4	-1.868231758	0.6051431142
75.5	-1.802345383	0.7107291853
75.6	-1.726396257	0.8069877574
75.7	-1.641148934	0.8971960532
75.8	-1.547065196	0.9841447243
75.9	-1.444349254	1.070204804
76	-1.332986152	1.157392037
76.1	-1.212776325	1.247404067
76.2	-1.083364903	1.341618612
76.3	-0.9442785758	1.441035282
76.4	-0.7949673169	1.54614493
76.5	-0.6348669713	1.656693339
76.6	-0.4634902814	1.771342135
76.7	-0.2805563137	1.887194206
76.8	-0.08617493089	1.999240972
76.9	0.1189138596	2.099846156
77	0.3330653387	2.178511267
77.1	0.5534552321	2.222319033
77.2	0.7759054552	2.217474338
77.3	0.9949263489	2.152099195
77.4	1.204085097	2.019809022
77.5	1.396718313	1.822747364
77.6	1.566851489	1.572442112
77.7	1.71005321	1.287623285
77.8	1.823943866	0.9897594529
77.9	1.908224153	0.6982800045
78	1.964292216	0.4273528309
78.1	1.994650175	0.184905511
78.2	2.002309392	-0.02658423076
78.3	1.990322345	-0.2084749481
78.4	1.961483639	-0.3643174863
78.5	1.918178135	-0.498583659
78.6	1.862333085	-0.6158531178
78.7	1.79543169	-0.7203803681
78.8	1.718556003	-0.8159195785
78.9	1.632439252	-0.9056985022
79	1.537516345	-0.9924637058
79.1	1.433968639	-1.078550167
79.2	1.321762469	-1.165940984
79.3	1.200680697	-1.25630412
79.4	1.070357305	-1.35098496
79.5	0.9303076302	-1.450940483
79.6	0.7799781299	-1.556599765
79.7	0.6188076851	-1.66762474
79.8	0.4463214877	-1.782545527
79.9	0.2622686042	-1.898286349
80	0.06680878061	-2.00960652
80.1	-0.1392446621	-2.108594173
80.2	-0.3541431678	-2.184485071
80.3	-0.5749364732	-2.224189642
80.4	-0.7973138896	-2.213955104
80.5	-1.01567268	-2.142275581
80.6	-1.223521759	-2.003481291
80.7	-1.414222948	-1.800631141
80.8	-1.581917208	-1.546091668
80.9	-1.722356291	-1.259074688
81	-1.833368044	-0.9610460851
81.1	-1.914839034	-0.6710330213
81.2	-1.968301409	-0.4026087072
81.3	-1.996331267	-0.1631187748
81.4	-2.001961422	0.04540535759
81.5	-1.988229995	0.2246014721
81.6	-1.957896645	0.3781576393
81.7	-1.91330279	0.5105846755
81.8	-1.85633153	0.6264445914
81.9	-1.788425181	0.7299481526
82	-1.710629785	0.8247980944
82.1	-1.623647514	0.9141729256
82.2	-1.527887059	1.0007769
82.3	-1.423507553	1.086907861
82.4	-1.310455658	1.174518161
82.5	-1.188499653	1.265245431
82.6	-1.057258621	1.360400817
82.7	-0.916240751	1.460898283
82.8	-0.7648877868	1.567106861
82.9	-0.6026420387	1.678593076
83	-0.429044716	1.793757442
83.1	-0.2438744001	1.909339708
83.2	-0.04734216354	2.019859078
83.3	0.1596592193	2.117129791
83.4	0.3752767791	2.190123053
83.5	0.596433477	2.225591715
83.6	0.8186855758	2.209857159
83.7	1.036321168	2.131818247
83.8	1.242797964	1.986547464
83.9	1.431511725	1.778026001
84	1.596726831	1.519435732
84.1	1.734382968	1.230424601
84.2	1.842515165	0.9324116821
84.3	1.921191687	0.643992447
84.4	1.972072993	0.3781385438
84.5	1.997803174	0.1416237917
84.6	2.001432877	-0.0639510378
84.7	1.985982964	-0.2404880205
84.8	1.954176839	-0.3918005466
84.9	1.90831221	-0.5224312877
85	1.850228181	-0.6369210978
85.1	1.781326592	-0.7394354676
85.2	1.702617947	-0.8336257519
85.3	1.614774051	-0.9226220113
85.4	1.518177567	-1.00908567
85.5	1.412965409	-1.095279685
85.6	1.299066242	-1.183124437
85.7	1.176231133	-1.274227404
85.8	1.044069091	-1.369867159
85.9	0.9020771575	-1.470910531
86	0.7496957725	-1.577663379
86.1	0.5863706811	-1.689597712
86.2	0.4116593739	-1.804975498
86.3	0.2253734081	-1.920347794
86.4	0.02777776992	-2.029990296
86.5	-0.1801549888	-2.125439618
86.6	-0.3964633366	-2.195410592
86.7	-0.6179417124	-2.226514639
86.8	-0.8400147773	-2.205173335
86.9	-1.056865427	-2.120726478
87	-1.261907481	-1.969016387
87.1	-1.448579675	-1.754948946
87.2	-1.61127756	-1.492495101
87.3	-1.746132514	-1.201693586
87.4	-1.851386106	-0.9038717286
87.5	-1.927284136	-0.6171676044
87.6	-1.975609413	-0.3539466117
87.7	-1.999068943	-0.1204204785
87.8	-2.000726577	0.0822243049
87.9	-1.983583678	0.2561385828
88	-1.950326263	0.4052504009
88.1	-1.903207997	0.5341275528
88.2	-1.844024242	0.6472862262
88.3	-1.774136821	0.7488455724
88.4	-1.694521201	0.8424053259
88.5	-1.605819107	0.9310475927
88.6	-1.508387842	1.017392374
88.7	-1.402342549	1.103667072
88.8	-1.287593317	1.191761193
88.9	-1.163876406	1.283253317
89	-1.030787657	1.37938383
89.1	-0.887817207	1.48097749
89.2	-0.7344011249	1.588269036
89.3	-0.5699928301	1.700634781
89.4	-0.3941659499	1.81619541
89.5	-0.2067659692	1.931304442
89.6	-0.00811579919	2.039991537
89.7	0.2007297421	2.133514129
89.8	0.4176991098	2.200334215
89.9	0.6394564663	2.226944238
90	0.8612958384	2.19989419
90.1	1.077299484	2.108998924
90.2	1.280844838	1.950895817
90.3	1.465422455	1.7314161
90.4	1.625566595	1.465289087
90.5	1.757603997	1.172899267
90.6	1.859981714	0.875439903
90.7	1.933118461	0.5905667306
90.8	1.978913458	0.3300357007
90.9	2.000131138	0.09950786294
91	1.999844894	-0.1002279789
91.1	1.981034192	-0.2715571293
91.2	1.946346525	-0.4185114701
91.3	1.897991363	-0.5456774203
91.4	1.837720558	-0.6575434709
91.5	1.766856348	-0.7581812991
91.6	1.686339722	-0.8511394597
91.7	1.596782837	-0.9394520118
91.8	1.498517684	-1.025698587
91.9	1.391638501	-1.112071629
92	1.27603669	-1.200430775
92.1	1.151434216	-1.292321859
92.2	1.017413997	-1.388952683
92.3	0.8734590709	-1.491097024
92.4	0.7190042334	-1.598923239
92.5	0.5535079472	-1.711704166
92.6	0.3765635884	-1.827412351
92.7	0.1880534716	-1.942203289
92.8	-0.01164196456	-2.049852721
92.9	-0.2213816519	-2.141339783
93	-0.4389808298	-2.204884493
93.1	-0.6609729695	-2.226872084
93.2	-0.882522975	-2.194014728
93.3	-1.097617052	-2.096637086
93.4	-1.29960412	-1.93219474
93.5	-1.482035598	-1.707441861
93.6	-1.639591561	-1.437836832
93.7	-1.768797089	-1.144060975
93.8	-1.868303182	-0.8471307506
93.9	-1.938696757	-0.5641982023
94	-1.981987773	-0.3064087513
94.1	-2.000992675	-0.07888530465
94.2	-1.998790576	0.117965274
94.3	-1.978336844	0.2867477351
94.4	-1.942239583	0.4315878401
94.5	-1.892663858	0.5570847454
94.6	-1.831318311	0.6676962976
94.7	-1.759486091	0.7674458354
94.8	-1.678074087	0.8598303505
94.9	-1.587665373	0.9478375389
95	-1.488567437	1.034006276
95.1	-1.38085304	1.120495139
95.2	-1.264396311	1.209132269
95.3	-1.138903626	1.301435603
95.4	-1.003947678	1.398572304
95.5	-0.859003128	1.501271384
95.6	-0.7035039293	1.60962437
95.7	-0.5369163099	1.72280177
95.8	-0.3588532859	1.838623226
95.9	-0.1692355647	1.953037804
96	0.03149435142	2.059566052
96.1	0.2421075914	2.148906886
96.2	0.4603045403	2.20904543
96.3	0.6824862981	2.226284128
96.4	0.9036904318	2.187526708
96.5	1.11781229	2.083641566
96.6	1.318180198	1.912924101
96.7	1.498415229	1.68304589
96.8	1.653350291	1.410159184
96.9	1.779711492	1.115196209
97	1.87635191	0.8189568563
97.1	1.944021665	0.538068989
97.2	1.984835365	0.2830679565
97.3	2.001656474	0.05855118866
97.4	1.997566255	-0.1354394352
97.5	1.975493918	-0.3017145834
97.6	1.93800726	-0.4444838838
97.7	1.887226891	-0.5683535452
97.8	1.824818532	-0.6777481751
97.9	1.752026695	-0.7766419602
98	1.669724767	-0.8684809237
98.1	1.578467131	-0.9562061048
98.2	1.478536862	-1.042317231
98.3	1.369986339	-1.128938848
98.4	1.252671557	-1.217869335
98.5	1.126285552	-1.310594534
98.6	0.9903881147	-1.408245751
98.7	0.8444489641	-1.5114981
98.8	0.6879000918	-1.620372495
98.9	0.5202168136	-1.733925104
99	0.3410347914	-1.849822052
99.1	0.1503138242	-1.963800734
99.2	-0.05144016044	-2.069120548
99.3	-0.2629057113	-2.156203713
99.4	-0.481666504	-2.212807031
99.5	-0.7039914246	-2.225171241
99.6	-0.9247922374	-2.180425328
99.7	-1.137878832	-2.070014581
99.8	-1.336567258	-1.893093289
99.9	-1.514557103	-1.658243134
100	-1.666840465	-1.3822749
100.1	-1.790346851	-1.086322881
100.2	-1.884128998	-0.7909313575
100.3	-1.949095077	-0.5121860907
100.4	-1.98745865	-0.2600152623
100.5	-2.00212504	-0.03850436815
100.6	-1.996174241	0.1526538076
100.7	-1.972507315	0.3164617069
100.8	-1.933651078	0.4572035677
100.9	-1.881681599	0.5794875063
101	-1.818222019	0.6877024241
101.1	-1.744478681	0.78577256
101.2	-1.66129189	0.8770933148
101.3	-1.569188004	0.9645600607
101.4	-1.468425956	1.050633045
101.5	-1.359037623	1.137404288
101.6	-1.240862518	1.22664217
101.7	-1.113578151	1.319799511
101.8	-0.976734952	1.417971228
101.9	-0.8297952444	1.521779061
102	-0.6721920326	1.631164065
102.1	-0.5034102523	1.745072369
102.2	-0.3231078605	1.86100567
102.3	-0.1312877153	1.97448526
102.4	0.07147701777	2.078507461
102.5	0.2837726078	2.163215466
102.6	0.5030628738	2.216153061
102.7	0.7254831932	2.223520779
102.8	0.945822416	2.172704079
102.9	1.157810705	2.055759061
103	1.354760102	1.872716407
103.1	1.530457447	1.633054734
103.2	1.68006035	1.354205489
103.3	1.800703266	1.057458467
103.4	1.891636124	0.7630660037
103.5	1.953919803	0.4865559622
103.6	1.989860695	0.2372521632
103.7	2.002401352	0.01874280499
103.8	1.994617169	-0.1696119119
103.9	1.969379318	-0.3309932887
104	1.929172862	-0.4697512134
104.1	1.876029382	-0.5904905573
104.2	1.811529791	-0.6975623663
104.3	1.736842762	-0.7948406439
104.4	1.652776099	-0.8856701553
104.5	1.559828218	-0.9729010384
104.6	1.458234602	-1.058955828
104.7	1.3480073	-1.14589313
104.8	1.228968012	-1.235450922
104.9	1.100781891	-1.329052183
105	0.9629873848	-1.427750122
105.1	0.8150422755	-1.53211187
105.2	0.6563797293	-1.642000296
105.3	0.4864953599	-1.756239771
105.4	0.3050731751	-1.872167677
105.5	0.1121596037	-1.985083596
105.6	-0.09160411308	-2.087715563
105.7	-0.3047062724	-2.169933703
105.8	-0.5244895838	-2.219075094
105.9	-0.7469564765	-2.221324958
106	-0.9667750535	-2.16436007
106.1	-1.177601807	-2.040878989
106.2	-1.372753451	-1.85180322
106.3	-1.54611268	-1.607495932
106.4	-1.693008287	-1.32596929
106.5	-1.810781014	-1.028620108
106.6	-1.89887485	-0.7353727593
106.7	-1.958498002	-0.4611842254
106.8	-1.992044195	-0.2147798357
106.9	-2.002488138	0.000735294136
107	-1.992897505	0.1863174838
107.1	-1.966111957	0.3453135608
107.2	-1.924574254	0.4821308594
107.3	-1.870271503	0.6013664087
107.4	-1.804742777	0.70733138
107.5	-1.729119553	0.8038488628
107.6	-1.644177505	0.8942136398
107.7	-1.550387906	0.9812316081
107.8	-1.447962912	1.067286937
107.9	-1.336894538	1.154406532
108	-1.216988821	1.244298757
108.1	-1.087895694	1.338352317
108.2	-0.9491452504	1.437582035
108.3	-0.8001889238	1.542498117
108.4	-0.6404622229	1.65287704
108.5	-0.4694730053	1.767424625
108.6	-0.2869306638	1.883304231
108.7	-0.09292867255	1.995588435
108.8	0.1118190048	2.09673606
108.9	0.3257029337	2.176342682
109	0.5459423408	2.221556213
109.1	0.7684057942	2.218571033
109.2	0.98764402	2.155387703
109.3	1.197246212	2.025378881
109.4	1.390542275	1.830369471
109.5	1.561519229	1.581588247
109.6	1.705682609	1.297586891
109.7	1.820580238	0.9998237856
109.8	1.905846913	0.7078622378
109.9	1.96283251	0.4360762945
110	1.994011979	0.1925988808
110.1	2.002388038	-0.01993219447
110.2	1.991017613	-0.2027739892
110.3	1.962707216	-0.3594266836
110.4	1.919856796	-0.4943466515
110.5	1.864409107	-0.6121187677
110.6	1.79786176	-0.717012529
110.7	1.721309538	-0.8128000681
110.8	1.635496608	-0.9027263278
110.9	1.540867151	-0.9895531687
111	1.437610534	-1.075628365
111.1	1.325699716	-1.162946238
111.2	1.204923263	-1.253184395
111.3	1.074919685	-1.347701675
111.4	0.9352075428	-1.447467195
111.5	0.7852353682	-1.552935675
111.6	0.6244396267	-1.663794919
111.7	0.4523422266	-1.778623327
111.8	0.2686809266	-1.894408956
111.9	0.07359733093	-2.005991459
112	-0.1321202562	-2.105556854
112.1	-0.3467602117	-2.182433126
112.2	-0.5674169313	-2.223587887
112.3	-0.7898258021	-2.215252216
112.4	-1.008423268	-2.145785597
112.5	-1.216737855	-2.009264427
112.6	-1.40812153	-1.808426631
112.7	-1.576673895	-1.555348585
112.8	-1.718082182	-1.2690777
112.9	-1.830101623	-0.9710862628
113	-1.912554125	-0.6805452903
113.1	-1.966925628	-0.4112369984
113.2	-1.995766926	-0.1707099272
113.3	-2.002103924	0.03885020082
113.4	-1.988979999	0.2189853972
113.5	-1.959167194	0.3733368515
113.6	-1.915022192	0.5064025975
113.7	-1.858443513	0.6227512979
113.8	-1.790887725	0.7266091356
113.9	-1.713413417	0.8216968645
114	-1.626733609	0.9112103297
114.1	-1.531266123	0.9978681559
114.2	-1.427177659	1.08398152
114.3	-1.314422142	1.171513021
114.4	-1.192772194	1.262111727
114.5	-1.061853085	1.357099783
114.6	-0.9211746151	1.457407802
114.7	-0.7701802279	1.563423791
114.8	-0.6083115958	1.674750349
114.9	-0.4351032745	1.789833211
115	-0.2503235385	1.90547632
115.1	-0.0541661202	2.016284672
115.2	0.1525054475	2.114167401
115.3	0.3678746758	2.188188297
115.4	0.5889088693	2.225154662
115.5	0.8112108465	2.211357339
115.6	1.029106524	2.135549923
115.7	1.236070688	1.992542307
115.8	1.425486194	1.78599216
115.9	1.591573382	1.52879818
116	1.730205613	1.240461481
116.1	1.839345497	0.9424225605
116.2	1.918998243	0.6534314646
116.3	1.970779964	0.3866707647
116.4	1.997311726	0.1491129672
116.5	2.001638228	-0.05749197892
116.6	1.986786799	-0.234955398
116.7	1.955493624	-0.3870482654
116.8	1.910071735	-0.5183027848
116.9	1.852375623	-0.6332676019
117	1.783821241	-0.7361242484
117.1	1.705431504	-0.8305421139
117.2	1.617888716	-0.9196678622
117.3	1.521584585	-1.006178331
117.4	1.416664026	-1.092348125
117.5	1.303061423	-1.180109338
117.6	1.180534809	-1.27107949
117.7	1.048695237	-1.36654856
117.8	0.9070449168	-1.467400533
117.9	0.7550239363	-1.573963358
118	0.5920770371	-1.685742597
118.1	0.4177558174	-1.801049125
118.2	0.231860081	-1.916500857
118.3	0.03463560506	-2.026459052
118.4	-0.1729732112	-2.122557684
118.5	-0.3890431174	-2.193600777
118.6	-0.6104137138	-2.226246993
118.7	-0.8325555926	-2.206879662
118.8	-1.049687973	-2.124680331
118.9	-1.255239192	-1.975218938
119	-1.442631934	-1.763077582
119.1	-1.606214972	-1.501954352
119.2	-1.742052182	-1.211756355
119.3	-1.848312947	-0.9138479441
119.4	-1.925181433	-0.6265301606
119.5	-1.974398312	-0.3623810126
119.6	-1.99864921	-0.1278076785
119.7	-2.000993774	0.07586019367
119.8	-1.98444047	0.250688098
119.9	-1.951688536	0.4005651654
120	-1.905007069	0.5300511679
120.1	-1.846206715	0.6436712851
120.2	-1.776663249	0.7455610101
120.3	-1.697364342	0.8393381273
120.4	-1.608962192	0.9281014944
120.5	-1.511822944	1.014485499
120.6	-1.406069294	1.100729944
120.7	-1.291617839	1.188735035
120.8	-1.168209934	1.280089831
120.9	-1.035446041	1.376047144
121	-0.8928184026	1.477448462
121.1	-0.7397653821	1.584551578
121.2	-0.5757366472	1.696768966
121.3	-0.4003000639	1.812269029
121.4	-0.2132898906	1.927476213
121.5	-0.01500787672	2.036506679
121.6	0.1935205462	2.130715354
121.7	0.410262151	2.198653297
121.8	0.6319267308	2.226850894
121.9	0.853854139	2.201809941
122	1.070161261	2.113175442
122.1	1.274237397	1.957303862
122.2	1.459553989	1.73970255
122.3	1.620595942	1.474839161
122.4	1.75362112	1.182982341
122.5	1.857004849	0.885376795
122.6	1.931105887	0.5998500601
122.7	1.97778344	0.3383714663
122.8	1.999782414	0.1067934455
122.9	2.000173245	-0.09395792039
123	1.981943364	-0.266187388
123.1	1.947753863	-0.4138918438
123.2	1.899829682	-0.5416518467
123.3	1.839937879	-0.6539659059
123.4	1.769414507	-0.7549224745
123.5	1.689212533	-0.8480878494
123.6	1.59995439	-0.9365130582
123.7	1.501981004	-1.022791747
123.8	1.395393771	-1.109128366
123.9	1.280090532	-1.197392872
124	1.155798559	-1.289143456
124.1	1.022104677	-1.385597945
124.2	0.8784951103	-1.487549459
124.3	0.7244041954	-1.595189576
124.4	0.5592890555	-1.707826628
124.5	0.382736198	-1.823487346
124.6	0.1946141748	-1.938396127
124.7	-0.004716946474	-2.046418206
124.8	-0.2141457526	-2.138630695
124.9	-0.4315280666	-2.203335928
125	-0.6534431775	-2.226955219
125.1	-0.8751008696	-2.196141129
125.2	-1.090520415	-2.101035349
125.3	-1.293059803	-1.938804345
125.4	-1.4762481	-1.715880459
125.5	-1.634713578	-1.447470309
125.6	-1.764911669	-1.154156903
125.7	-1.86542214	-0.8570230376
125.8	-1.93677356	-0.5733991835
125.9	-1.980937833	-0.314644752
126	-2.000713809	-0.08606942701
126.1	-1.99917903	0.1117880156
126.2	-1.979297493	0.2814573388
126.3	-1.943691205	0.4270324003
126.4	-1.894540799	0.5531086185
126.5	-1.833569991	0.6641548856
126.6	-1.76207555	0.7642115005
126.7	-1.680976253	0.8567936698
126.8	-1.590865373	0.9449050084
126.9	-1.492058732	1.031098591
127	-1.384636767	1.117544981
127.1	-1.268479601	1.206083744
127.2	-1.143299003	1.298240834
127.3	-1.008670942	1.395200371
127.4	-0.8640733103	1.4977046
127.5	-0.7089401356	1.605873994
127.6	-0.542734894	1.71891489
127.7	-0.3650634208	1.834700876
127.8	-0.1758329377	1.949253848
127.9	0.02453615621	2.056184115
128	0.2348460613	2.14628881
128.1	0.4528375714	2.207634051
128.2	0.6749581735	2.226549025
128.3	0.8962898212	2.189866675
128.4	1.110759055	2.088261324
128.5	1.311700485	1.919732184
128.6	1.492709806	1.691630498
128.7	1.648565681	1.41986968
128.8	1.77592357	1.125299581
128.9	1.873566086	0.8288003474
129	1.942186811	0.5471854975
129.1	1.983864409	0.291203634
129.2	2.00144646	0.06563457362
129.3	1.998013862	-0.1293538999
129.4	1.97650522	-0.296501975
129.5	1.939502523	-0.439991042
129.6	1.889141945	-0.564425437
129.7	1.827104192	-0.6742416895
129.8	1.754647246	-0.7734312809
129.9	1.672656157	-0.8654580153
130	1.581695296	-0.9532792199
130.1	1.482056252	-1.039408265
130.2	1.373798501	-1.125981485
130.3	1.256784294	-1.214807705
130.4	1.130711447	-1.307384111
130.5	0.995143991	-1.404854578
130.6	0.8495536479	-1.507913138
130.7	0.6933724895	-1.616606157
130.8	0.5260730593	-1.730029331
130.9	0.3472828953	-1.845904456
131	0.1569474587	-1.960042726
131.1	-0.04444963345	-2.065795506
131.2	-0.2556193087	-2.153682332
131.3	-0.4741866188	-2.211537094
131.4	-0.6964668306	-2.225621063
131.5	-0.9174153889	-2.182980613
131.6	-1.130871462	-2.074854992
131.7	-1.33015445	-1.900095805
131.8	-1.508935448	-1.66696774
131.9	-1.662150126	-1.392055073
132	-1.786656656	-1.09642699
132.1	-1.881438146	-0.8007213987
132.2	-1.947348022	-0.5212154811
132.3	-1.986565898	-0.2680497766
132.4	-2.001983041	-0.04548732883
132.5	-1.996680265	0.1466588431
132.6	-1.973568661	0.3113255912
132.7	-1.935189492	0.4527720172
132.8	-1.883634413	0.575606189
132.9	-1.82054142	0.684229761
133	-1.74713016	0.7825844919
133.1	-1.664252455	0.8740835418
133.2	-1.572444466	0.9616381151
133.3	-1.471973439	1.047722157
133.4	-1.36287846	1.13443913
133.5	-1.245004831	1.223568091
133.6	-1.118035253	1.316572692
133.7	-0.9815236787	1.414561853
133.8	-0.8349345877	1.518175222
133.9	-0.6777010222	1.627382247
134	-0.5093041378	1.741168983
134.1	-0.3293936631	1.857094113
134.2	-0.1379576654	1.970755577
134.3	0.0644546053	2.075242146
134.4	0.2764623768	2.160794225
134.5	0.495571454	2.215029573
134.6	0.7179638522	2.224159853
134.7	0.9384712739	2.175476745
134.8	1.150851104	2.060819098
134.9	1.348415803	1.879909152
135	1.524920705	1.641912747
135.1	1.675464824	1.364048625
135.2	1.797110679	1.067557687
135.3	1.889039559	0.7727986402
135.4	1.952259513	0.495496321
135.5	1.989045081	0.2451852369
135.6	2.002326353	0.02562611413
135.7	1.995180684	-0.1637062439
135.8	1.970489929	-0.3259321183
135.9	1.930753809	-0.4653794171
136	1.87801948	-0.5866546405
136.1	1.813882591	-0.6941223333
136.2	1.739524951	-0.7916741952
136.3	1.65576568	-0.8826725301
136.4	1.563112864	-0.9699833443
136.5	1.461810263	-1.056042377
136.6	1.351876782	-1.142919701
136.7	1.233140165	-1.232363578
136.8	1.105270117	-1.325808902
136.9	0.9678090315	-1.424320938
137	0.8202166326	-1.528490332
137.1	0.6619251357	-1.63820315
137.2	0.4924272925	-1.752329375
137.3	0.3113969739	-1.86826442
137.4	0.1188650075	-1.981385054
137.5	-0.08455036818	-2.0845145
137.6	-0.2973729077	-2.16761746
137.7	-0.5169879437	-2.218101293
137.8	-0.7394442106	-2.222155905
137.9	-0.9594517866	-2.167351191
138	-1.170692253	-2.046157174
138.1	-1.366479666	-1.859182174
138.2	-1.540662199	-1.616481518
138.3	-1.688508158	-1.335868292
138.4	-1.807285992	-1.038708154
138.5	-1.896372139	-0.7450438786
138.6	-1.956923838	-0.4700333928
138.7	-1.991304814	-0.2226109639
138.8	-2.002479209	-0.00604906349
138.9	-1.993517722	0.1804997645
139	-1.967271175	0.3403258965
139.1	-1.926197216	0.4778174009
139.2	-1.872298508	0.5975745884
139.3	-1.807128719	0.7039227904
139.4	-1.731832276	0.8007030021
139.5	-1.647196099	0.8912275016
139.6	-1.553700836	0.9783172842
139.7	-1.451566705	1.064370364
139.8	-1.340793029	1.151424201
139.9	-1.22119061	1.241198044
140	-1.092415678	1.335092116
140.1	-0.9540002469	1.434135534
140.2	-0.8053983665	1.538857004
140.3	-0.6460448261	1.649066206
140.4	-0.4754423666	1.763508865
140.5	-0.293291882	1.87941006
140.6	-0.09967049596	1.991923438
140.7	0.1047345961	2.093600919
140.8	0.3183480001	2.174135127
140.9	0.5384320522	2.220738745
141	0.7609024173	2.219598876
141.1	0.9803505531	2.158599318
141.2	1.190388438	2.030873604
141.3	1.384340391	1.837929169
141.4	1.556156025	1.590693726
141.5	1.701278318	1.307535319
141.6	1.817182542	1.00989567
141.7	1.90343717	0.7174683868
141.8	1.961343129	0.444832872
141.9	1.993347726	0.2003282406
142	2.002444176	-0.01324591626
142.1	1.991693579	-0.1970429809
142.2	1.963914251	-0.354510941
142.3	1.921521146	-0.4900900003
142.4	1.866472529	-0.6083696923
142.5	1.800280486	-0.7136343231
142.6	1.724052593	-0.8096738596
142.7	1.638543918	-0.899750528
142.8	1.544208147	-0.9866419093
142.9	1.441242688	-1.072707896
143	1.329626701	-1.159954654
143.1	1.209155748	-1.250070677
143.2	1.079470978	-1.344424162
143.3	0.9400961247	-1.444001793
143.4	0.7904799479	-1.549277056
143.5	0.6300588162	-1.659969613
143.6	0.458349571	-1.774702729
143.7	0.2750798009	-1.890526607
143.8	0.08037386673	-2.002362828
143.9	-0.1250059961	-2.102493223
144	-0.3393843591	-2.180338994
144.1	-0.5598994949	-2.22292884
144.2	-0.7823333468	-2.216478493
144.3	-1.001161959	-2.149217734
144.4	-1.209934309	-2.014973202
144.5	-1.401993629	-1.816162448
144.6	-1.571399199	-1.564567734
144.7	-1.713774133	-1.279067868
144.8	-1.826801065	-0.9811355606
144.9	-1.910236845	-0.6900824749
145	-1.965520449	-0.4198988814
145.1	-1.995176755	-0.1783369646
145.2	-2.002224082	0.03226121132
145.3	-1.98971084	0.2133397024
145.4	-1.960421289	0.3684916705
145.5	-1.916727305	0.5022014186
145.6	-1.860542866	0.6190437374
145.7	-1.793338855	0.7232601274
145.8	-1.71618647	0.8185893459
145.9	-1.629809584	0.9082443946
146	-1.534635196	0.9949588875
146.1	-1.430837873	1.081056807
146.2	-1.318378219	1.16851174
146.3	-1.197034331	1.258983019
146.4	-1.066436179	1.353805171
146.5	-0.9260965001	1.453923241
146.6	-0.7754603318	1.559747315
146.7	-0.6139678268	1.670912264
146.8	-0.4411483916	1.785909401
146.9	-0.2567598697	1.90160767
147	-0.06097763273	2.012695504
147.1	0.1453620087	2.111178316
147.2	0.3604792933	2.18621244
147.3	0.5813859351	2.224659833
147.4	0.8037312986	2.212786323
147.5	1.021879515	2.139204001
147.6	1.229323368	1.998463093
147.7	1.41943392	1.793898641
147.8	1.586388371	1.53812404
147.9	1.725994369	1.25048707
148	1.836142	0.9524443012
148.1	1.916772818	0.6628964381
148.2	1.969458042	0.3952366603
148.3	1.996794813	0.1566378085
148.4	2.001821649	-0.05099943982
148.5	1.987571832	-0.2293937867
148.6	1.956794246	-0.3822721942
148.7	1.911817222	-0.5141557029
148.8	1.854510642	-0.6296003413
148.9	1.78630463	-0.7328034521
149	1.708234528	-0.8274523925
149.1	1.620993307	-0.9167109099
149.2	1.524981788	-1.003270602
149.3	1.420352548	-1.089418537
149.4	1.307046533	-1.177097728
149.5	1.184827309	-1.267936442
149.6	1.053310211	-1.363236238
149.7	0.9120006417	-1.46389711
149.8	0.7603396065	-1.570269467
149.9	0.5977703726	-1.681891787
150	0.4238389806	-1.797123313
150.1	0.2383336948	-1.912648058
150.2	0.04148144811	-2.022912403
150.3	-0.1658012731	-2.119647489
150.4	-0.3816291692	-2.191747174
150.5	-0.6028868118	-2.225919692
150.6	-0.8250908635	-2.208513603
150.7	-1.042497398	-2.128556461
150.8	-1.248550178	-1.981348998
150.9	-1.436656928	-1.771149686
151	-1.601120583	-1.511380235
151.1	-1.737937958	-1.221810554
151.2	-1.845206145	-0.9238367317
151.3	-1.923047139	-0.6359196876
151.4	-1.973158741	-0.3708495831
151.5	-1.99820452	-0.1352304161
151.6	-2.001239464	0.06946304626
151.7	-1.985278846	0.2452091151
151.8	-1.953034977	0.3958567114
151.9	-1.90679237	0.525956759
152	-1.848376978	0.6400430468
152.1	-1.779178584	0.7422672759
152.2	-1.700197126	0.8362652941
152.3	-1.612095334	0.9251527529
152.4	-1.51524823	1.011578537
152.5	-1.409786131	1.097794896
152.6	-1.295632136	1.185712826
152.7	-1.172532797	1.276931607
152.8	-1.040093166	1.372717434
152.9	-0.8978080007	1.473925956
153	-0.7451168775	1.580840585
153.1	-0.5814671958	1.692906565
153.2	-0.4064211151	1.808342485
153.3	-0.2198007211	1.923641335
153.4	-0.02188783514	2.033005456
153.5	0.1863209542	2.127887612
153.6	0.4028309094	2.196926734
153.7	0.624397498	2.226695904
153.8	0.8464062027	2.203651991
153.9	1.063009199	2.117273967
154	1.267608589	1.963640255
154.1	1.453657743	1.747934331
154.2	1.615593078	1.484358057
154.3	1.74960416	1.19305875
154.4	1.853994373	0.8953278042
154.5	1.929061924	0.6091612281
154.6	1.976625186	0.346741688
154.7	1.999408948	0.1141144443
154.8	2.000480295	-0.0876551236
154.9	1.982834286	-0.2607896272
155	1.949145484	-0.4092494831
155.1	1.901654302	-0.5376086936
155.2	1.842143024	-0.6503754415
155.3	1.771961554	-0.7516547716
155.4	1.692074942	-0.845030952
155.5	1.603115977	-0.9335717358
155.6	1.505434398	-1.019884947
155.7	1.399138985	-1.106187289
155.8	1.284134105	-1.194359305
155.9	1.160151989	-1.285970176
156	1.026784069	-1.382249766
156.1	0.8835188858	-1.484008589
156.2	0.7297915253	-1.591461409
156.3	0.5650571174	-1.703953159
156.4	0.3888952148	-1.819561864
156.5	0.2011617699	-1.934581417
156.6	0.00219665057	-2.04296579
156.7	-0.2069191363	-2.135889508
156.8	-0.4240807621	-2.201739858
156.9	-0.6459132791	-2.226975831
157	-0.8676717237	-2.198193261
157.1	-1.083409016	-2.105355914
157.2	-1.286493201	-1.945344122
157.3	-1.470432134	-1.724266965
157.4	-1.629803112	-1.457075643
157.5	-1.760992138	-1.164248978
157.6	-1.862507614	-0.8669312818
157.7	-1.934819205	-0.5826291675
157.8	-1.97986	-0.3229156523
157.9	-2.000410601	-0.09328894283
158	-1.999546523	0.1055784855
158.1	-1.980240185	0.2761393676
158.2	-1.945127369	0.4224546968
158.3	-1.896404239	0.5491153766
158.4	-1.835809646	0.6606009897
158.5	-1.764654042	0.7609687729
158.6	-1.683868134	0.8537518829
158.7	-1.594055351	0.941970309
158.8	-1.495540185	1.028191328
158.9	-1.388410477	1.114597341
159	-1.272552464	1.203038654
159.1	-1.147683275	1.295051924
159.2	-1.013382739	1.391834135
159.3	-0.8691313648	1.4941446
159.4	-0.714363654	1.602129431
159.5	-0.5485403324	1.715031461
159.6	-0.3712603185	1.830777502
159.7	-0.182417451	1.945461595
159.8	0.01758947557	2.052783476
159.9	0.2275934845	2.143638211
160	0.4453755197	2.206174274
160.1	0.6674293514	2.226750102
160.2	0.8888815351	2.192131803
160.3	1.103690458	2.092803717
160.4	1.305198007	1.926471327
160.5	1.486975573	1.700164697
160.6	1.643748398	1.429554044
160.7	1.7721016	1.135401046
160.8	1.870747056	0.8386613589
160.9	1.940321186	0.5563317685
161	1.982865973	0.2993744081
161.1	2.001212507	0.07275309453
161.2	1.998440902	-0.1232364851
161.3	1.977498907	-0.2912623672
161.4	1.940982605	-0.4354765063
161.5	1.89104373	-0.5604807223
161.6	1.829378011	-0.67072316
161.7	1.757256956	-0.7702125004
161.8	1.675577346	-0.8624303963
161.9	1.584913591	-0.9503504735
162	1.48556582	-1.036499868
162.1	1.377600685	-1.123026761
162.2	1.260886694	-1.211750502
162.3	1.135126524	-1.304179327
162.4	0.9998884174	-1.401469938
162.5	0.8546462011	-1.504334647
162.6	0.6988321995	-1.612845351
162.7	0.531916134	-1.726136648
162.8	0.3535177097	-1.841985116
162.9	0.1635683651	-1.956275427
163	-0.03747036067	-2.062450303
163.1	-0.2483415079	-2.151126604
163.2	-0.4667111268	-2.210217056
163.3	-0.6889408342	-2.226005703
163.4	-0.9100300293	-2.185460311
163.5	-1.123847849	-2.079618333
163.6	-1.32371807	-1.907030884
163.7	-1.503284381	-1.675644231
163.8	-1.657426777	-1.401811717
163.9	-1.782932307	-1.106531493
164	-1.878714163	-0.8105305644
164.1	-1.945570397	-0.5302755474
164.2	-1.985645937	-0.2761197229
164.3	-2.001817385	-0.05250530518
164.4	-1.997165974	0.1406323605
164.5	-1.974612606	0.3061629124
164.6	-1.936712895	0.448319222
164.7	-1.885574082	0.5717086812
164.8	-1.822849066	0.68074542
164.9	-1.749770851	0.7793886441
165	-1.66720284	0.8710693012
165.1	-1.575691043	0.9587145311
165.2	-1.47551109	1.044812033
165.3	-1.366709269	1.131476781
165.4	-1.249136765	1.220498476
165.5	-1.122481453	1.313351656
165.6	-0.9863008791	1.411158883
165.7	-0.8400617804	1.514577882
165.8	-0.6831972168	1.623605846
165.9	-0.5151848184	1.73726817
166	-0.3356662674	1.853180202
166.1	-0.1446149746	1.967015682
166.2	0.05744328631	2.071955484
166.3	0.2691604126	2.158337406
166.4	0.4880839203	2.213854475
166.5	0.710442475	2.224732427
166.6	0.9311109019	2.178173235
166.7	1.143874537	2.065802457
166.8	1.342047308	1.887035807
166.9	1.519354102	1.65072475
167	1.670836058	1.373870516
167.1	1.79348395	1.077659341
167.2	1.886410061	0.7825518455
167.3	1.95056895	0.5044680707
167.4	1.988202587	0.2531538623
167.5	2.002228023	0.03254422461
167.6	1.995724183	-0.1577694845
167.7	1.971583386	-0.3208448904
167.8	1.932319942	-0.460986873
167.9	1.879996584	-0.5828029867
168	1.816223743	-0.6906710186
168.1	1.742196421	-0.7885002949
168.2	1.658745119	-0.8796707413
168.3	1.566387652	-0.9670642597
168.4	1.46537607	-1.05312989
168.5	1.355736207	-1.139949236
168.6	1.23730189	-1.229280956
168.7	1.1097474	-1.322571414
168.8	0.9726192719	-1.420899303
168.9	0.8253786038	-1.524874626
169	0.6674578871	-1.634411417
169.1	0.4983457388	-1.748421492
169.2	0.3177073341	-1.864357869
169.3	0.1255582314	-1.977675203
169.4	-0.07750755282	-2.081290227
169.5	-0.290047652	-2.165263548
169.6	-0.5094897601	-2.217075107
169.7	-0.731929285	-2.222919646
169.8	-0.9521185266	-2.170265834
169.9	-1.163764905	-2.051359218
170	-1.360180957	-1.866496396
170.1	-1.535181378	-1.625422974
170.2	-1.683974574	-1.345748628
170.3	-1.803756815	-1.048800855
170.4	-1.893836589	-0.7547369862
170.5	-1.955319545	-0.4789147254
170.6	-1.990538836	-0.2304778424
170.7	-2.00244724	-0.01286796224
170.8	-1.994118155	0.1746514368
170.9	-1.968413429	0.3353126719
171	-1.927805506	0.4734836818
171.1	-1.874312612	0.593767483
171.2	-1.809503064	0.7005033493
171.3	-1.73453431	0.7975500577
171.4	-1.650204498	0.888237393
171.5	-1.55700382	0.975401946
171.6	-1.45516066	1.06145494
171.7	-1.344681231	1.148445171
171.8	-1.225382133	1.238102123
171.9	-1.096924439	1.331837952
172	-0.9588435397	1.430695152
172.1	-0.8105954989	1.535222881
172.2	-0.6516142645	1.645260076
172.3	-0.4813985172	1.759594712
172.4	-0.2996400647	1.875512501
172.5	-0.1063994696	1.988246244
172.6	0.09766104505	2.090442534
172.7	0.3110005759	2.171889392
172.8	0.5309246935	2.219866325
172.9	0.7533958235	2.22055754
173	0.9730465301	2.161733681
173.1	1.183512414	2.036292612
173.2	1.37811325	1.845425707
173.3	1.550762199	1.599757531
173.4	1.696840457	1.317466879
173.5	1.813750826	1.019973686
173.6	1.900994976	0.7270975955
173.7	1.959824189	0.4536218741
173.8	1.992657244	0.208093103
173.9	2.002477614	-0.006525441037
174	1.992350097	-0.1912818215
174.1	1.965104589	-0.3495702483
174.2	1.923171031	-0.4858136611
174.3	1.86852321	-0.6046058326
174.4	1.802687724	-0.7102456313
174.5	1.726784989	-0.8065408791
174.6	1.641581138	-0.8967712671
174.7	1.547539295	-0.9837296508
174.8	1.444864823	-1.069788914
174.9	1.333543727	-1.156966407
175	1.213377268	-1.246961233
175.1	1.08401124	-1.34115281
175.2	0.9449728011	-1.440542727
175.3	0.7957121968	-1.545624853
175.4	0.6356651007	-1.656149241
175.5	0.4643436477	-1.77078373
175.6	0.2814655152	-1.886640099
175.7	0.08713813024	-1.998721232
175.8	-0.1179021787	-2.099404443
175.9	-0.3320157187	-2.178204783
176	-0.5523844524	-2.222213775
176.1	-0.7748369462	-2.217634902
176.2	-0.9938892653	-2.152572571
176.3	-1.203111678	-2.020607321
176.4	-1.395839776	-1.823837236
176.5	-1.566093507	-1.573747878
176.6	-1.709432438	-1.289044048
176.7	-1.823466615	-0.9911932143
176.8	-1.907887365	-0.6996440634
176.9	-1.964085999	-0.4285939442
177	-1.994560817	-0.1859996713
177.1	-2.002321975	0.02563836101
177.2	-1.990422603	0.2076643638
177.3	-1.961659016	0.3636220337
177.4	-1.91841823	0.4979810506
177.5	-1.862629702	0.6153218441
177.6	-1.795778684	0.7199010625
177.7	-1.718949041	0.8154754278
177.8	-1.632875552	0.905275165
177.9	-1.537994457	0.9920489896
178	-1.43448823	1.0781337
178.1	-1.322324163	1.165513961
178.2	-1.201285942	1.255859365
178.3	-1.071008149	1.350516652
178.4	-0.9310066417	1.450445282
178.5	-0.7807280204	1.556077136
178.6	-0.6196110829	1.667078666
178.7	-0.4471802764	1.781986594
178.8	-0.2631831263	1.897734058
178.9	-0.06777695789	2.009092221
179	0.1382287416	2.108162842
179.1	0.3530906449	2.184194908
179.2	0.5738647794	2.22410727
179.3	0.7962470582	2.214144196
179.4	1.014640312	2.142780457
179.5	1.222556194	2.004309985
179.6	1.413355052	1.80174587
179.7	1.58117191	1.547413227
179.8	1.721749264	1.260500995
179.9	1.83290462	0.9624762795
180	1.914515372	0.6723870252
180.1	1.96810712	0.4038362572
180.2	1.996252409	0.1641983719
180.3	2.001983072	-0.04447328682
180.4	1.988338022	-0.223802947
180.5	1.958078689	-0.3774721319
180.6	1.913548665	-0.5099898709
180.7	1.856633248	-0.6259191422
180.8	1.788776783	-0.7294729299
180.9	1.711027101	-0.8243565554
181	1.624087903	-0.9137509174
181.1	1.528369168	-1.000362431
181.2	1.42403117	-1.086490731
181.3	1.311021483	-1.174089761
181.4	1.18910919	-1.264798521
181.5	1.057914013	-1.359930085
181.6	0.9169445324	-1.460400339
181.7	0.765642781	-1.56658169
181.8	0.6034507207	-1.678045262
181.9	0.4299088685	-1.793198085
182	0.24479427	-1.908789499
182.1	0.04831530735	-2.019350563
182.2	-0.1586392077	-2.116709322
182.3	-0.3742215576	-2.189850177
182.4	-0.5953611075	-2.225533138
182.5	-0.8176207199	-2.2100754
182.6	-1.035293834	-2.132354813
182.7	-1.241840546	-1.987406174
182.8	-1.430654716	-1.77916457
182.9	-1.595994378	-1.52077196
183	-1.733789752	-1.231855482
183.1	-1.842065545	-0.9338375935
183.2	-1.920881054	-0.6453359469
183.3	-1.971890481	-0.3793523321
183.4	-1.997734676	-0.1426888481
183.5	-2.001463471	0.06303263199
183.6	-1.986098651	0.2397013736
183.7	-1.954365463	0.391124771
183.8	-1.908563799	0.5218440816
183.9	-1.850534953	0.6364012953
184	-1.781682772	0.7389641886
184.1	-1.70301952	0.8331866648
184.2	-1.615218504	0.9222012243
184.3	-1.518663689	1.008671374
184.4	-1.413493063	1.094861819
184.5	-1.299636213	1.182694441
184.6	-1.176845031	1.27377863
184.7	-1.044729028	1.369393818
184.8	-0.9027857445	1.47041007
184.9	-0.7504558191	1.577135608
185	-0.5871847052	1.689048136
185.1	-0.4125289242	1.804416022
185.2	-0.2262985548	1.919799944
185.3	-0.02875586636	2.029488026
185.4	0.1791309392	2.125030573
185.5	0.3954055705	2.195155253
185.6	0.6168688866	2.226480177
185.7	0.838952159	2.205420942
185.8	1.055843415	2.121294682
185.9	1.260958487	1.969904786
186	1.447733762	1.756110841
186.1	1.610558081	1.493845172
186.2	1.745553137	1.203128123
186.3	1.850950232	0.9052926009
186.4	1.926986435	0.6185001483
186.5	1.975438576	0.355146457
186.6	1.999010669	0.1214710177
186.7	2.000765979	-0.08131942142
186.8	1.983706911	-0.2553636039
186.9	1.95052137	-0.4045841552
187	1.903465223	-0.5335477554
187.1	1.844336008	-0.6467718939
187.2	1.774497536	-0.748378075
187.3	1.694927009	-0.8419685857
187.4	1.606267623	-0.9306279037
187.5	1.508877962	-1.016978159
187.6	1.402874263	-1.103248383
187.7	1.288167429	-1.191329744
187.8	1.164494703	-1.282802237
187.9	1.031452159	-1.378907963
188	0.8885306902	-1.480474185
188.1	0.7351662972	-1.587739072
188.2	0.5708120939	-1.700083507
188.3	0.3950409408	-1.815635882
188.4	0.2076964796	-1.930759354
188.5	0.009098580378	-2.039495952
188.6	-0.1997018408	-2.133117386
188.7	-0.4166389334	-2.200097443
188.8	-0.6383834196	-2.2269346
188.9	-0.8602357631	-2.20017162
189	-1.076283122	-2.109598805
189.1	-1.279904583	-1.95181325
189.2	-1.464587889	-1.732600211
189.3	-1.624860214	-1.466651719
189.4	-1.757038488	-1.174336386
189.5	-1.859559546	-0.8768550329
189.6	-1.932833574	-0.5918878926
189.7	-1.978754136	-0.331221441
189.8	-2.000082928	-0.1005439196
189.9	-1.999892968	0.09933644686
190	-1.98116485	0.270793626
190.1	-1.946548018	0.4178545348
190.2	-1.898254152	0.545104823
190.3	-1.838037266	0.6570344323
190.4	-1.767221559	0.7577174226
190.5	-1.686749725	0.8507049169
190.6	-1.597235405	0.9390333574
190.7	-1.499011815	1.02528431
190.8	-1.392174228	1.111652056
190.9	-1.276615039	1.199997673
191	-1.152056782	1.291868518
191.1	-1.01808316	1.388474253
191.2	-0.8741774086	1.490591152
191.3	-0.7197745229	1.59839065
191.4	-0.5543326359	1.711151451
191.5	-0.3774439682	1.826853124
191.6	-0.1889891375	1.941661201
191.7	0.01065433367	2.049364344
191.8	0.2203499232	2.140955455
191.9	0.4379184747	2.204666553
192	0.6598999541	2.226887742
192.1	0.8814657181	2.19432226
192.2	1.096606639	2.097268591
192.3	1.298672867	1.933141016
192.4	1.481212574	1.708647703
192.5	1.638898413	1.439211457
192.6	1.768245478	1.14549996
192.7	1.867894655	0.8485394526
192.8	1.938424587	0.5655076262
192.9	1.981839851	0.3075803051
193	2.000954422	0.07990692014
193.1	1.998847205	-0.1170869611
193.2	1.978474832	-0.2859954985
193.3	1.942447386	-0.4309400215
193.4	1.892932151	-0.5565191699
193.5	1.831639914	-0.6671923857
193.6	1.759855769	-0.7669854509
193.7	1.678488291	-0.8593979064
193.8	1.588121984	-0.9474197446
193.9	1.48906556	-1.033591923
194	1.381392873	-1.120074579
194.1	1.264978782	-1.208697549
194.2	1.139530735	-1.300980117
194.3	1.004621375	-1.398090998
194.4	0.8597264781	-1.500762832
194.5	0.7042793251	-1.609089594
194.6	0.5377462928	-1.722247578
194.7	0.3597391518	-1.838064404
194.8	0.1701764367	-1.952499105
194.9	-0.0305021092	-2.059085481
195	-0.2410722353	-2.148535916
195.1	-0.4592401664	-2.20884721
195.2	-0.6814135782	-2.226325701
195.3	-0.9026363239	-2.187864701
195.4	-1.116808171	-2.084304612
195.5	-1.31725827	-1.913898475
195.6	-1.497603998	-1.684272331
195.7	-1.652670487	-1.411544521
195.8	-1.779173795	-1.116635973
195.9	-1.875956971	-0.8203584481
196	-1.943762105	-0.5393662261
196.1	-1.984698698	-0.2842251329
196.2	-2.001628014	-0.05955842474
196.3	-1.997631305	0.1345741703
196.4	-1.975639114	0.3009734309
196.5	-1.938221272	0.4438449717
196.6	-1.887500608	0.5677947956
196.7	-1.825144975	0.6772492279
196.8	-1.752400793	0.7761849066
196.9	-1.670143128	0.8680504703
197	-1.578927781	0.9557891258
197.1	-1.479038974	1.041902654
197.2	-1.370530204	1.128517232
197.3	-1.253258257	1.217432966
197.4	-1.126916951	1.310136652
197.5	-0.9910665435	1.407762228
197.6	-0.8451770816	1.510986651
197.7	-0.6886807829	1.619835402
197.8	-0.5210521473	1.733369934
197.9	-0.3419258974	1.849263829
198	-0.1512599308	1.963265804
198.1	0.0504432274	2.068647878
198.2	0.2618668648	2.155846097
198.3	0.4806003321	2.212629155
198.4	0.7029192148	2.225239457
198.5	0.9237415005	2.180794137
198.6	1.1368812	2.070709124
198.7	1.335654792	1.894095453
198.8	1.513757762	1.659489448
198.9	1.66617408	1.383670186
199	1.789823052	1.087762811
199.1	1.883747536	0.7923253228
199.2	1.948847964	0.5134709695
199.3	1.987333082	0.2611581183
199.4	2.002106244	0.0394973465
199.5	1.996247585	-0.1518014195
199.6	1.972659619	-0.3157313978
199.7	1.933871222	-0.4565733368
199.8	1.881960683	-0.5789353799
199.9	1.81855326	-0.6872082622
200	1.744857186	-0.785318717
200.1	1.661714402	-0.8766646637
200.2	1.56965266	-0.9641437749
200.3	1.468932099	-1.050218181
200.4	1.359585555	-1.136981589
200.5	1.241453467	-1.226203817
200.6	1.114213966	-1.319339366
200.7	0.9774180596	-1.417484869
200.8	0.8305283946	-1.521265142
200.9	0.6729778424	-1.630624833
201	0.5042509601	-1.744515903
201.1	0.3240044623	-1.860448413
201.2	0.1322389583	-1.973954389
201.3	-0.07047563507	-2.078043524
201.4	-0.2827303672	-2.162872767
201.5	-0.5019950758	-2.215996135
201.6	-0.7244117951	-2.223615916
201.7	-0.9447754339	-2.173103856
201.8	-1.156819992	-2.056484814
201.9	-1.353857515	-1.873745409
202	-1.529670279	-1.634319815
202.1	-1.679407504	-1.355609406
202.2	-1.800193397	-1.058897445
202.3	-1.891268121	-0.7644516653
202.4	-1.953685061	-0.4878280421
202.5	-1.989746109	-0.2383804744
202.6	-2.002392086	-0.01972158568
202.7	-1.994698696	0.1687722215
202.8	-1.969538632	0.3302736389
202.9	-1.929399059	0.4691294743
203	-1.876313775	0.5899448779
203.1	-1.81186579	0.6970728314
203.2	-1.737225639	0.7943898507
203.3	-1.653202748	0.8852432461
203.4	-1.56029691	0.9724853363
203.5	-1.458744745	1.058540584
203.6	-1.348559338	1.145469198
203.7	-1.229563196	1.235010816
203.8	-1.101422188	1.328589613
203.9	-0.9636752129	1.427261245
204	-0.8157803576	1.531595225
204.1	-0.657170811	1.641458896
204.2	-0.4873414554	1.755682473
204.3	-0.3059750893	1.871611562
204.4	-0.1131159707	1.984557233
204.5	0.09059824097	2.08726068
204.6	0.3036607859	2.169605656
204.7	0.5234203689	2.218939662
204.8	0.7458861042	2.2214476
204.9	0.9657320475	2.164791031
205	1.176618214	2.04163583
205.1	1.371860886	1.852858737
205.2	1.545337793	1.608779071
205.3	1.692369029	1.327381141
205.4	1.81028502	1.030057457
205.5	1.898520176	0.7367495974
205.6	1.958275472	0.4624433447
205.7	1.991940435	0.2158936707
205.8	2.002488256	0.0002294069846
205.9	1.992987075	-0.1854902976
206	1.966278169	-0.3446043375
206.1	1.924806414	-0.4815173941
206.2	1.870561132	-0.6008269782
206.3	1.805083479	-0.7068463007
206.4	1.729506772	-0.8034009986
206.5	1.644608272	-0.8937883089
206.6	1.550860594	-0.9808163909
206.7	1.448477083	-1.066871231
206.8	1.33745066	-1.153981386
206.9	1.217588276	-1.243856614
207	1.088540451	-1.337887408
207.1	0.9498378001	-1.43709032
207.2	0.8009320743	-1.541978961
207.3	0.6412584928	-1.652333673
207.4	0.4703244777	-1.766866392
207.5	0.2878380313	-1.882749548
207.6	0.09389008111	-1.995066887
207.7	-0.110808835	-2.096290862
207.8	-0.3246543608	-2.17603071
207.9	-0.544871926	-2.221443016
208	-0.7673367571	-2.218721674
208.1	-0.986605354	-2.155850067
208.2	-1.196270114	-2.026166445
208.3	-1.389660069	-1.831450445
208.4	-1.56075684	-1.582888241
208.5	-1.705057036	-1.299005462
208.6	-1.820098138	-1.001258608
208.7	-1.905505507	-0.7092297018
208.8	-1.962622086	-0.4373220907
208.9	-1.993918909	-0.1936981356
209	-2.002397414	0.01898145928
209.1	-1.991115122	0.201959137
209.2	-1.962880234	0.3587276983
209.3	-1.920094848	0.493741263
209.4	-1.864703924	0.6115854113
209.5	-1.798207134	0.7165317546
209.6	-1.721701071	0.8123549653
209.7	-1.635931474	0.9023025067
209.8	-1.541343869	0.9891383402
209.9	-1.43812871	1.075212108
210	-1.326259971	1.162519666
210.1	-1.205526996	1.252740515
210.2	-1.075569006	1.347234212
210.3	-0.9359048025	1.446973074
210.4	-0.7859835063	1.552413877
210.5	-0.6252412014	1.663249645
210.6	-0.4531990507	1.778064548
210.7	-0.2695935896	1.893855944
210.8	-0.07456388602	2.005475151
210.9	0.1311058442	2.105121707
211	0.3457087288	2.182137286
211.1	0.566345545	2.223497647
211.2	0.7887583628	2.215431411
211.3	1.007389215	2.1462795
211.4	1.215769497	2.010082533
211.5	1.407249875	1.809532662
211.6	1.575924146	1.556664631
211.7	1.717470347	1.270502196
211.8	1.829633367	0.9725178268
211.9	1.912225868	0.6819028809
212	1.966727146	0.4124693389
212.1	1.995684407	0.1717946338
212.2	2.002122417	-0.0379133232
212.3	1.989085317	-0.2181826846
212.4	1.959346914	-0.3726478853
212.5	1.91526605	-0.5058050847
212.6	1.858743449	-0.6222238327
212.7	1.791237719	-0.7261325177
212.8	1.71380924	-0.8212544236
212.9	1.627172551	-0.910787857
213	1.531746831	-0.9974536461
213.1	1.427699875	-1.083564625
213.2	1.314986486	-1.171085092
213.3	1.193380294	-1.261665676
213.4	1.062506835	-1.356629805
213.5	0.9218767613	-1.456910817
213.6	0.7709333878	-1.562899672
213.7	0.6091183796	-1.674202941
213.8	0.4359656157	-1.789273958
213.9	0.2512415476	-1.904925416
214	0.05513743245	-2.015774078
214.1	-0.1514868791	-2.113743381
214.2	-0.3668203336	-2.18790928
214.3	-0.5878367171	-2.225087542
214.4	-0.8101452906	-2.211565225
214.5	-1.028077433	-2.136075343
214.6	-1.235110443	-1.993390511
214.7	-1.424625403	-1.787122453
214.8	-1.590836429	-1.530129348
214.9	-1.729607555	-1.241890718
215	-1.838891056	-0.9438499789
215.1	-1.918683079	-0.6547786414
215.2	-1.970593368	-0.3878893306
215.3	-1.99723962	-0.1501830824
215.4	-2.0016657	0.05656881014
215.5	-1.986899814	0.2341646225
215.6	-1.955679949	0.3863691182
215.7	-1.910321325	0.517712949
215.8	-1.852680624	0.6327458486
215.9	-1.784175813	0.7356516036
216	-1.705831579	0.8301021909
216.1	-1.618331746	0.9192466684
216.2	-1.522069295	1.005763972
216.3	-1.417190251	1.091930532
216.4	-1.303629952	1.179679964
216.5	-1.181147141	1.270631222
216.6	-1.049353596	1.366076169
216.7	-0.9077518206	1.466900923
216.8	-0.7557822012	1.57343653
216.9	-0.59288918	1.685193639
217	-0.4186234691	1.800489678
217.1	-0.2327833794	1.915952158
217.2	-0.03561197415	2.025954557
217.3	0.171950578	2.122144575
217.4	0.3879862349	2.193339247
217.5	0.6093410338	2.226204053
217.6	0.8314921718	2.207116965
217.7	1.048664076	2.125237467
217.8	1.254287229	1.976096994
217.9	1.441782124	1.764231387
218	1.605490948	1.503299677
218.1	1.741467968	1.213189709
218.2	1.847872275	0.9152706488
218.3	1.924879224	0.627866567
218.4	1.974223404	0.3635857481
218.5	1.998587378	0.1288632867
218.6	2.00103011	-0.07495060757
218.7	1.984561077	-0.2499090691
218.8	1.951881385	-0.3998956161
218.9	1.90526233	-0.5294688079
219	1.846516739	-0.6431550645
219.1	1.77702238	-0.7450922156
219.2	1.69776867	-0.8389005876
219.3	1.609409282	-0.9276814342
219.4	1.512311662	-1.014071278
219.5	1.406599586	-1.100311553
219.6	1.292190488	-1.188304108
219.7	1.168826702	-1.279639571
219.8	1.036108938	-1.375572494
219.9	0.8935305199	-1.47694626
220	0.7405285057	-1.584022617
