0	1	-1
0.1	0.8949960626	-1.10015283
0.2	0.7799423397	-1.201100939
0.3	0.6547358181	-1.303226785
0.4	0.5192643576	-1.406305714
0.5	0.3734771979	-1.509269159
0.6	0.2174855878	-1.609929104
0.7	0.05168688183	-1.704674695
0.8	-0.12307821	-1.788223785
0.9	-0.3053525257	-1.853560574
1	-0.4929022211	-1.892240773
1.1	-0.6826112429	-1.895269239
1.2	-0.8704961792	-1.854595561
1.3	-1.05189617	-1.765055171
1.4	-1.221856616	-1.626191621
1.5	-1.375657532	-1.443198797
1.6	-1.50936613	-1.226408371
1.7	-1.620263023	-0.9893473021
1.8	-1.707030375	-0.7460623081
1.9	-1.769676392	-0.508687658
2	-1.809260663	-0.2859663592
2.1	-1.827528188	-0.08288985771
2.2	-1.826553295	0.09882591381
2.3	-1.808453844	0.2598657819
2.4	-1.775197579	0.4024067686
2.5	-1.728491771	0.5293765298
2.6	-1.669735752	0.6439389164
2.7	-1.600014285	0.7491843544
2.8	-1.520113841	0.847971173
2.9	-1.430549409	0.9428626069
3	-1.33159566	1.036113574
3.1	-1.223315762	1.129673156
3.2	-1.105595619	1.225179113
3.3	-0.9781719563	1.32391361
3.4	-0.8406763131	1.42672445
3.5	-0.6926824773	1.533847714
3.6	-0.5337822511	1.644669122
3.7	-0.36368481	1.757354751
3.8	-0.1823631121	1.868403976
3.9	0.00975593339	1.972170031
4	0.2115588585	2.060501155
4.1	0.420990067	2.122784022
4.2	0.6348378862	2.146730492
4.3	0.8486507677	2.120214986
4.4	1.056887094	2.034093091
4.5	1.253370793	1.885295595
4.6	1.432017222	1.678905222
4.7	1.587661161	1.427972913
4.8	1.716736002	1.15079808
4.9	1.817594907	0.8667464788
5	1.890413359	0.5923598443
5.1	1.936776668	0.3390790729
5.2	1.959136121	0.1128523654
5.3	1.960298555	-0.08493519881
5.4	1.94304147	-0.2560067843
5.5	1.909873494	-0.4038109338
5.6	1.86291698	-0.5324844958
5.7	1.803874809	-0.6462008944
5.8	1.73404596	-0.7488277265
5.9	1.6543642	-0.8437905872
6	1.565443917	-0.9340557325
6.1	1.467624474	-1.022166815
6.2	1.36100937	-1.110298373
6.3	1.245502258	-1.200295043
6.4	1.120836953	-1.293682982
6.5	0.9866130859	-1.391630772
6.6	0.84233433	-1.494851775
6.7	0.6874637926	-1.603406967
6.8	0.5215029773	-1.716418729
6.9	0.3441042305	-1.831647124
7	0.155233798	-1.944976293
7.1	-0.04461332119	-2.049880774
7.2	-0.2541542696	-2.137064237
7.3	-0.4710402322	-2.194612396
7.4	-0.6916397526	-2.20906668
7.5	-0.9109888992	-2.167713274
7.6	-1.123025098	-2.061890553
7.7	-1.321164923	-1.890321399
7.8	-1.499151641	-1.660905302
7.9	-1.651948647	-1.38972543
8	-1.776391466	-1.097375373
8.1	-1.871400518	-0.8041816725
8.2	-1.937745934	-0.5263227691
8.3	-1.977523362	-0.2740148849
8.4	-1.993553335	-0.05169255982
8.5	-1.988864629	0.1406377546
8.6	-1.966334715	0.3057435972
8.7	-1.928486069	0.4477562588
8.8	-1.877402282	0.5711976017
8.9	-1.814720116	0.6804169024
9	-1.741661943	0.7793276189
9.1	-1.659084352	0.871329889
9.2	-1.567528851	0.9593311146
9.3	-1.467268494	1.045806637
9.4	-1.35834786	1.132862036
9.5	-1.240616797	1.222278435
9.6	-1.11376417	1.315522091
9.7	-0.9773476681	1.413697409
9.8	-0.8308383659	1.517439255
9.9	-0.6736745702	1.626708009
10	-0.505345227	1.740470361
10.1	-0.3255104807	1.856266775
10.2	-0.1341690779	1.969670557
10.3	0.06811611961	2.073747408
10.4	0.2799471234	2.158727701
10.5	0.4988141766	2.212239289
10.6	0.7208867699	2.220544663
10.7	0.9409906315	2.171030762
10.8	1.152888771	2.055664066
10.9	1.349912524	1.874295419
11	1.525847076	1.636176968
11.1	1.675826165	1.358536987
11.2	1.796944165	1.062549393
11.3	1.888404783	0.7684602048
11.4	1.951226825	0.491877326
11.5	1.987685082	0.2422444795
11.6	2.000702337	0.02326760991
11.7	1.993345063	-0.1655999991
11.8	1.968483275	-0.3274774076
11.9	1.928605675	-0.4666797696
12	1.87574988	-0.5877966237
12.1	1.811503744	-0.6951757569
12.2	1.737042825	-0.7926943497
12.3	1.653181263	-0.8837034953
12.4	1.560423388	-0.9710604366
12.5	1.45900959	-1.057193741
12.6	1.348956087	-1.144168676
12.7	1.230089307	-1.233729105
12.8	1.102076147	-1.327301434
12.9	0.9644593683	-1.425947372
13	0.8166975809	-1.530241782
13.1	0.6582257558	-1.64005655
13.2	0.4885393084	-1.754236491
13.3	0.3073187573	-1.870140514
13.4	0.1146060817	-1.983100715
13.5	-0.08896534672	-2.085886559
13.6	-0.3018983647	-2.168409832
13.7	-0.5215526617	-2.218046601
13.8	-0.7439500193	-2.220993437
13.9	-0.9637777208	-2.164895355
14	-1.174705492	-2.042367578
14.1	-1.370052621	-1.854207373
14.2	-1.543691344	-1.610646277
14.3	-1.690928493	-1.329602756
14.4	-1.809076513	-1.032445122
14.5	-1.897551517	-0.7391321196
14.6	-1.957539369	-0.4646935583
14.7	-1.991419316	-0.2179365537
14.8	-2.002159674	-0.002035983348
14.9	-1.992827395	0.183916548
15	-1.966265113	0.3432407398
15.1	-1.924920516	0.4803320561
15.2	-1.870786283	0.5997857515
15.3	-1.805406913	0.7059164905
15.4	-1.729918853	0.8025532055
15.5	-1.645102199	0.8929966387
15.6	-1.551431795	0.9800581834
15.7	-1.449123143	1.066127616
15.8	-1.338171324	1.153235534
15.9	-1.21838372	1.243093661
16	-1.089413887	1.337097614
16.1	-0.9507916515	1.43626369
16.2	-0.801970954	1.541112998
16.3	-0.642385725	1.651430607
16.4	-0.4715434373	1.765937264
16.5	-0.2891503528	1.881819969
16.6	-0.09529370483	1.994179149
16.7	0.1093212601	2.095508351
16.8	0.3230972388	2.17543937
16.9	0.5432692398	2.221142355
17	0.7657227998	2.218813311
17.1	0.9850235991	2.156412377
17.2	1.194769549	2.027227393
17.3	1.388289181	1.83296982
17.4	1.559556671	1.584760281
17.5	1.704055617	1.301081508
17.6	1.819307999	1.003383445
17.7	1.904924697	0.7112735813
17.8	1.962237771	0.4391981306
17.9	1.99371189	0.1953637296
18	2.002346023	-0.01753373195
18.1	1.991198193	-0.2007136702
18.2	1.96307887	-0.3576566918
18.3	1.920393196	-0.492812703
18.4	1.86508933	-0.6107677459
18.5	1.798669973	-0.7157961751
18.6	1.722234434	-0.8116762049
18.7	1.636530758	-0.9016589565
18.8	1.54200656	-0.9885115178
18.9	1.438853909	-1.074586159
19	1.327048256	-1.161881061
19.1	1.206380341	-1.252078908
19.2	1.076489986	-1.346539392
19.3	0.9368974496	-1.446241281
19.4	0.7870508051	-1.551641144
19.5	0.6263879823	-1.662442629
19.6	0.4544275203	-1.777238051
19.7	0.2709042982	-1.893035906
19.8	0.07595494612	-2.004706669
19.9	-0.1296429867	-2.104468098
20	-0.3441899462	-2.181681672
20.1	-0.5647952871	-2.223338401
20.2	-0.7872109294	-2.215661508
20.3	-1.005887238	-2.14696584
20.4	-1.214359894	-2.01124107
20.5	-1.405977847	-1.811112978
20.6	-1.574826712	-1.558554049
20.7	-1.71657121	-1.272554038
20.8	-1.828941271	-0.9745849198
20.9	-1.911736193	-0.6838672546
21	-1.966425454	-0.4142556217
21.1	-1.995550915	-0.1733690328
21.2	-2.002135571	0.03655210601
21.3	-1.989224678	0.2170154292
21.4	-1.959594493	0.3716456014
21.5	-1.915606937	0.5049357639
21.6	-1.859165913	0.6214565831
21.7	-1.791732977	0.7254396024
21.8	-1.71437112	0.8206118419
21.9	-1.627797059	0.9101747613
22	-1.532431804	0.9968528517
22.1	-1.428445112	1.082961035
22.2	-1.315792524	1.170466539
22.3	-1.194249802	1.261020785
22.4	-1.063442153	1.355951606
22.5	-0.9228817576	1.4561928
22.6	-0.7720124962	1.562143465
22.7	-0.6102744259	1.673413661
22.8	-0.4372017575	1.78846637
22.9	-0.252558602	1.904129677
23	-0.05653118656	2.015035491
23.1	0.1500248635	2.113128276
23.2	0.3653062831	2.187503334
23.3	0.5862962851	2.224984779
23.4	0.8086135958	2.211856774
23.5	1.026597321	2.136822835
23.6	1.233728458	1.994601859
23.7	1.423385673	1.788739662
23.8	1.589774174	1.53203733
23.9	1.72874459	1.243942064
24	1.83823431	0.9459006053
24.1	1.918226399	0.6567151697
24.2	1.970321546	0.3896417399
24.3	1.997132451	0.1517226456
24.4	2.001701875	-0.05524030176
24.5	1.987059089	-0.2330265211
24.6	1.955944741	-0.385391576
24.7	1.910677186	-0.5168639874
24.8	1.853116236	-0.6319950172
24.9	1.784682756	-0.7349716247
25	1.706403939	-0.829469355
25.1	1.618965861	-0.9186411894
25.2	1.522763443	-1.005168417
25.3	1.417943885	-1.091330599
25.4	1.304444576	-1.179062788
25.5	1.182024247	-1.26998772
25.6	1.050297134	-1.365397649
25.7	0.9087652185	-1.466184259
25.8	0.75686892	-1.572679898
25.9	0.5940536368	-1.684405099
26	0.4198676336	-1.799686721
26.1	0.234106969	-1.915163944
26.2	0.03701212734	-2.025229723
26.3	-0.1704836783	-2.121550072
26.4	-0.3864701435	-2.192960365
26.5	-0.6078020259	-2.226138484
26.6	-0.8299660956	-2.2074533
26.7	-1.04719437	-2.126032813
26.8	-1.252920393	-1.97735357
26.9	-1.440561523	-1.765885063
27	-1.604450595	-1.505228679
27.1	-1.740628066	-1.215245646
27.2	-1.84723831	-0.917311987
27.3	-1.924444033	-0.6297848355
27.4	-1.973970982	-0.3653155343
27.5	-1.998497306	-0.1303791181
27.6	-2.001080981	0.07364427057
27.7	-1.984732992	0.2487901624
27.8	-1.952157053	0.3989340387
27.9	-1.905627625	0.5286325224
28	-1.846960667	0.6424138364
28.1	-1.777536806	0.7444191595
28.2	-1.698348004	0.8382726627
28.3	-1.610050032	0.9270785589
28.4	-1.513012024	1.013476936
28.5	-1.407359732	1.099711295
28.6	-1.293011244	1.187686487
28.7	-1.16971099	1.278993415
28.8	-1.037059193	1.374891699
28.9	-0.8945507052	1.476225149
29	-0.7416231224	1.583263853
29.1	-0.5777257184	1.695428369
29.2	-0.4024249055	1.810906421
29.3	-0.2155500072	1.926146492
29.4	-0.01739557608	2.035293726
29.5	0.191022083	2.12973779
29.6	0.4076835646	2.198059732
29.7	0.6293147773	2.226803894
29.8	0.8512711415	2.202457053
29.9	1.067681743	2.114605778
30	1.271940233	1.959509538
30.1	1.457511652	1.742563687
30.2	1.61886394	1.478144352
30.3	1.752231331	1.186478354
30.4	1.855964155	0.8888271536
30.5	1.930400219	0.6030768985
30.6	1.977384664	0.3412711504
30.7	1.999655468	0.1093291251
30.8	2.000282004	-0.09177511763
30.9	1.982254323	-0.2643180504
31	1.948238233	-0.412283927
31.1	1.900464041	-0.540251211
31.2	1.840704078	-0.6527218015
31.3	1.770299187	-0.7537898676
31.4	1.690206517	-0.847027971
31.5	1.601052139	-0.9354930422
31.6	1.503179996	-1.021783285
31.7	1.396693888	-1.108107876
31.8	1.281494408	-1.196339894
31.9	1.157309484	-1.288041841
32	1.023729242	-1.384435571
32.1	0.8802387483	-1.486320516
32.2	0.7262745393	-1.593895106
32.3	0.5612916047	-1.706483112
32.4	0.3848739226	-1.822125858
32.5	0.1968868352	-1.937073652
32.6	-0.002317036277	-2.045222439
32.7	-0.2116378218	-2.137682314
32.8	-0.4289441686	-2.202787319
32.9	-0.6508311509	-2.226969733
33	-0.8725245298	-2.196861539
33.1	-1.08805513	-2.102543027
33.2	-1.290784323	-1.941081371
33.3	-1.474233744	-1.718796033
33.4	-1.633013902	-1.450806038
33.5	-1.763555923	-1.157658585
33.6	-1.864414922	-0.8604584023
33.7	-1.936099152	-0.5765978208
33.8	-1.980567143	-0.317509965
33.9	-2.000611454	-0.08856982456
34	-1.999308922	0.1096377189
34.1	-1.979626575	0.2796157045
34.2	-1.94419119	0.4254469685
34.3	-1.895188772	0.5517253592
34.4	-1.834348297	0.6629235052
34.5	-1.762971291	0.7630876715
34.6	-1.681980638	0.8557390341
34.7	-1.591973044	0.9438871887
34.8	-1.493267576	1.030090166
34.9	-1.385947033	1.116522268
35	-1.26989351	1.205026482
35.1	-1.144821136	1.297134391
35.2	-1.010306625	1.394031682
35.3	-0.865829533	1.496468906
35.4	-0.710822861	1.604574993
35.5	-0.544750054	1.717566919
35.6	-0.367214859	1.833339907
35.7	-0.1781186338	1.947939353
35.8	0.02212543682	2.055006812
35.9	0.2323292775	2.145374234
36	0.4502484455	2.207133667
36.1	0.6723466171	2.226625991
36.2	0.8937209169	2.190660981
36.3	1.108308893	2.089845789
36.4	1.309447571	1.922077222
36.5	1.490724049	1.69459612
36.6	1.646898355	1.42323155
36.7	1.774601678	1.1288036
36.8	1.872592029	0.8322190061
36.9	1.941543188	0.5503547048
37	1.983521198	0.294033905
37.1	2.001368022	0.06809987945
37.2	1.998164357	-0.1272354555
37.3	1.976851932	-0.2946875436
37.4	1.940017678	-0.4384274955
37.5	1.889803172	-0.5630589663
37.6	1.827894311	-0.6730225472
37.7	1.755553752	-0.7723155929
37.8	1.673670613	-0.8644083618
37.9	1.582812861	-0.9522635782
38	1.483274789	-1.038399222
38.1	1.375118504	-1.124956165
38.2	1.258208701	-1.213747303
38.3	1.132244208	-1.306271394
38.4	0.996791169	-1.403679971
38.5	0.8513213245	-1.506671124
38.6	0.6952679137	-1.615300295
38.7	0.5281016702	-1.728679097
38.8	0.349446929	-1.844545228
38.9	0.1592454431	-1.958736914
39	-0.04202700949	-2.064637238
39.1	-0.2530935978	-2.15279826
39.2	-0.4715929568	-2.211084168
39.3	-0.6938562212	-2.225761673
39.4	-0.9148543296	-2.183849157
39.5	-1.128436749	-2.076516124
39.6	-1.32792426	-1.902509843
39.7	-1.506978364	-1.669983722
39.8	-1.660515342	-1.395442847
39.9	-1.785368531	-1.099932405
40	-1.880496919	-0.8041219931
40.1	-1.94673483	-0.5243550589
40.2	-1.986249863	-0.2708452647
40.3	-2.00192827	-0.04791783794
40.4	-1.996851044	0.1445718665
40.5	-1.973932773	0.3095376689
40.6	-1.93571965	0.4512297864
40.7	-1.884308753	0.5742560111
40.8	-1.821343249	0.6830223773
40.9	-1.748047421	0.7814768172
41	-1.665277116	0.873038409
41.1	-1.573571757	0.9606240327
41.2	-1.473201736	1.046712665
41.3	-1.364208561	1.133411295
41.4	-1.246439156	1.222502136
41.5	-1.119578885	1.315455067
41.6	-0.9831820629	1.413380479
41.7	-0.83671479	1.51692642
41.8	-0.6796090385	1.626072301
41.9	-0.5113453554	1.739815146
42	-0.3315713143	1.855736436
42.1	-0.1402687332	1.969459314
42.2	0.06202144705	2.074104402
42.3	0.2739286136	2.159947343
42.4	0.4929736454	2.214628671
42.5	0.7153550364	2.224366437
42.6	0.9359191451	2.176421097
42.7	1.148432983	2.062556456
42.8	1.346209446	1.882388083
42.9	1.522993151	1.644974013
43	1.673862948	1.367457684
43.1	1.795856531	1.071061524
43.2	1.888131188	0.7761796712
43.3	1.95167649	0.4986048444
43.4	1.988755878	0.2479453857
43.5	2.002294901	0.02802202052
43.6	1.995371514	-0.1616504114
43.7	1.970871194	-0.3241704091
43.8	1.931298782	-0.4638580401
43.9	1.878706811	-0.5853203322
44	1.814696056	-0.6929264221
44.1	1.740452883	-0.7905739948
44.2	1.656800328	-0.8816317315
44.3	1.564250017	-0.9689710241
44.4	1.46304834	-1.055031878
44.5	1.353216622	-1.141888834
44.6	1.234585233	-1.231294533
44.7	1.106824498	-1.324684799
44.8	0.9694791496	-1.423134254
44.9	0.8220084323	-1.527235143
45	0.6638458834	-1.636886968
45.1	0.494481803	-1.750973761
45.2	0.3135871985	-1.866909545
45.3	0.1211882459	-1.980099341
45.4	-0.08210600309	-2.083398312
45.5	-0.2948309656	-2.166804077
45.6	-0.5143865514	-2.217751123
45.7	-0.7368376393	-2.22242835
45.8	-0.9569090333	-2.168370762
45.9	-1.168291169	-2.047970271
46	-1.364297443	-1.861726878
46.1	-1.53876432	-1.619588241
46.2	-1.686939228	-1.339298026
46.3	-1.806065539	-1.042208756
46.4	-1.8954962	-0.7484038271
46.5	-1.956370636	-0.4731107249
46.6	-1.991042044	-0.225335899
46.7	-2.00247066	-0.008410545955
46.8	-1.993728167	0.1784745017
46.9	-1.96766926	0.3385897425
47	-1.926756703	0.4763163717
47.1	-1.872998565	0.5962556726
47.2	-1.807953588	0.702737851
47.3	-1.732770731	0.7996101341
47.4	-1.648240771	0.8901906565
47.5	-1.554847619	0.9773061125
47.6	-1.452814492	1.063358927
47.7	-1.342142875	1.150390613
47.8	-1.222645719	1.240122885
47.9	-1.093980762	1.333962874
48	-0.9556814726	1.432940229
48.1	-0.8072027088	1.537596413
48.2	-0.6479780047	1.647745155
48.3	-0.4775101424	1.762150546
48.4	-0.2954957549	1.878058785
48.5	-0.1020057043	1.990649256
48.6	0.102279778	2.092508686
48.7	0.315798295	2.173361429
48.8	0.5358275157	2.220441983
48.9	0.7582989207	2.219938941
49	0.9778182172	2.159695266
49.1	1.188005506	2.032761827
49.2	1.382183354	1.840536461
49.3	1.554288559	1.5938425
49.4	1.699742754	1.310981974
49.5	1.815996078	1.013390655
49.6	1.902593819	0.7208059194
49.7	1.96081976	0.4478777511
49.8	1.993111226	0.2030175376
49.9	2.002458391	-0.01091858371
50	1.991923583	-0.195047952
50.1	1.964329102	-0.3527999866
50.2	1.922095151	-0.4886088808
50.3	1.86718537	-0.6070657795
50.4	1.801116862	-0.7124600209
50.5	1.725001639	-0.8085878153
50.6	1.639598692	-0.8987176076
50.7	1.545364885	-0.9856316817
50.8	1.442500213	-1.071695248
50.9	1.330986838	-1.15891753
51	1.210621036	-1.248991393
51.1	1.081047376	-1.343288627
51.2	0.9417891639	-1.442801841
51.3	0.7922962588	-1.548008807
51.4	0.6320053354	-1.658644051
51.5	0.4604302628	-1.773343573
51.6	0.2772961536	-1.889178716
51.7	0.08272212415	-2.001101193
51.8	-0.1225404153	-2.101424015
51.9	-0.3368275501	-2.179602259
52	-0.5572923451	-2.22268735
52.1	-0.7797333231	-2.216887781
52.2	-0.9986403376	-2.150390329
52.3	-1.207569641	-2.0169364
52.4	-1.399861741	-1.818832319
52.5	-1.569562211	-1.567757063
52.6	-1.712271885	-1.282530576
52.7	-1.82564822	-0.9846237207
52.8	-1.909425466	-0.6933965946
52.9	-1.965026116	-0.4229115331
53	-1.994966078	-0.1809911195
53.1	-2.002260607	0.02996771677
53.2	-1.98995993	0.2113743724
53.3	-1.960852532	0.3668052179
53.4	-1.917315503	0.5007396211
53.5	-1.861268204	0.6177542952
53.6	-1.794186508	0.7220960879
53.7	-1.717146014	0.8175099688
53.8	-1.630874276	0.9072146666
53.9	-1.535801552	0.9939496678
54	-1.432105383	1.080042585
54.1	-1.31974799	1.167471675
54.2	-1.198510736	1.257899005
54.3	-1.068023271	1.352663803
54.4	-0.9278010705	1.452715303
54.5	-0.7772892009	1.558474059
54.6	-0.6159266128	1.669581792
54.7	-0.4432423702	1.784547992
54.8	-0.258989833	1.900264655
54.9	-0.06333727803	2.011446976
55	0.1428865592	2.110135829
55.1	0.3579153542	2.185518359
55.2	0.5787766835	2.224474757
55.3	0.8011356391	2.213265421
55.4	1.019369741	2.140453497
55.5	1.226978239	2.000499373
55.6	1.417328316	1.796626711
55.7	1.584582383	1.541350051
55.8	1.724525596	1.253961774
55.9	1.835022838	0.9559231074
56	1.915993376	0.6661857483
56.1	1.968992754	0.3982158272
56.2	1.9966095	0.1592564154
56.3	2.001880125	-0.04873931222
56.4	1.987839747	-0.2274576902
56.5	1.957241631	-0.3806098102
56.6	1.912419434	-0.5127127089
56.7	1.855248368	-0.6283249363
56.8	1.787163472	-0.7316491966
56.9	1.709204399	-0.8263790804
57	1.622067928	-0.9156845694
57.1	1.526158022	-1.002261728
57.2	1.421629639	-1.088402751
57.3	1.308426758	-1.176053587
57.4	1.186313477	-1.266847227
57.5	1.054908648	-1.362088568
57.6	0.9137170431	-1.462684084
57.7	0.762180491	-1.568988943
57.8	0.5997425937	-1.680557003
57.9	0.4259460605	-1.795762119
58	0.2405759682	-1.911310094
58.1	0.04385373041	-2.021678772
58.2	-0.1633154883	-2.118630877
58.3	-0.3790588913	-2.191092856
58.4	-0.6002760719	-2.225791955
58.5	-0.8225000978	-2.209063319
58.6	-1.039999947	-2.129882761
58.7	-1.246224914	-1.983458865
58.8	-1.434577819	-1.773937439
58.9	-1.599345965	-1.514642667
59	-1.73650285	-1.22529648
59.1	-1.844120526	-0.9273045953
59.2	-1.922299372	-0.6391830866
59.3	-1.972722044	-0.373795368
59.4	-1.998044455	-0.1378136277
59.5	-2.001319654	0.06723623798
59.6	-1.985565362	0.2433017911
59.7	-1.953498346	0.3942179436
59.8	-1.90740845	0.5245322315
59.9	-1.849126959	0.638781312
60	-1.780048536	0.7411225607
60.1	-1.701177413	0.8351981083
60.2	-1.613179881	0.9241291086
60.3	-1.516434074	1.010570199
60.4	-1.411073285	1.096777169
60.5	-1.297022074	1.184665668
60.6	-1.17403033	1.275837509
60.7	-1.041702422	1.371563923
60.8	-0.8995363154	1.472705327
60.9	-0.7469702564	1.579554988
61	-0.583451799	1.691567381
61.1	-0.4085414169	1.806980166
61.2	-0.2220562518	1.922309512
61.3	-0.02427129751	2.031787114
61.4	0.1838258092	2.12690017
61.5	0.4002544321	2.196317541
61.6	0.6217858448	2.226627731
61.7	0.8438211891	2.204273721
61.8	1.060525052	2.118677371
61.9	1.265304192	1.965821126
62	1.451605938	1.750776577
62.1	1.61385008	1.487652335
62.2	1.748202702	1.196552277
62.3	1.852942162	0.8987828507
62.4	1.92834547	0.6123976103
62.5	1.97621674	0.3496532196
62.6	1.999273517	0.1166622845
62.7	2.000581744	-0.0854610398
62.8	1.98313899	-0.2589106164
62.9	1.949624472	-0.4076337355
63	1.902283973	-0.5362020044
63.1	1.842905058	-0.6491268962
63.2	1.772842435	-0.7505191054
63.3	1.69306537	-0.8439692682
63.4	1.604210327	-0.9325509153
63.5	1.506629993	-1.018876535
63.6	1.40043569	-1.105167614
63.7	1.285534438	-1.193307985
63.8	1.161659207	-1.284870112
63.9	1.028404728	-1.381090182
64	0.8852583632	-1.482781398
64.1	0.7316576257	-1.59016935
64.2	0.5670549671	-1.702611102
64.3	0.3910283226	-1.81819995
64.4	0.2034301758	-1.933256422
64.5	0.00459242488	-2.041763879
64.6	-0.2044145752	-2.134930498
64.7	-0.4214987645	-2.201175981
64.8	-0.6433012752	-2.226969351
64.9	-0.8650930385	-2.198888424
65	-1.080938714	-2.106836814
65.1	-1.284210092	-1.947596383
65.2	-1.468407997	-1.727163498
65.3	-1.628092203	-1.460400984
65.4	-1.759624599	-1.167749106
65.5	-1.861488794	-0.870372154
65.6	-1.934133953	-0.5858377921
65.7	-1.979479596	-0.3257929263
65.8	-2.000299776	-0.09580164486
65.9	-1.999669148	0.1034169468
66	-1.980563035	0.2742881517
66.1	-1.945621992	0.4208614987
66.2	-1.89704754	0.5477261333
66.3	-1.836583796	0.6593652475
66.4	-1.765545995	0.75984198
66.5	-1.684868948	0.8526954372
66.6	-1.595159581	0.9409517822
66.7	-1.49674566	1.027182971
66.8	-1.389717226	1.113575472
66.9	-1.273962905	1.20198269
67	-1.149201491	1.293947421
67.1	-1.015014538	1.390667566
67.2	-0.8708834427	1.492911565
67.3	-0.7162418946	1.600832195
67.4	-0.5505510761	1.713684576
67.5	-0.3734071941	1.829416429
67.6	-0.1846984685	1.944144296
67.7	0.015182689	2.051599931
67.8	0.2250797049	2.142712462
67.9	0.4427881062	2.205656376
68	0.6648175781	2.226804554
68.1	0.8863099959	2.192899842
68.2	1.101235009	2.094361218
68.3	1.302937241	1.928792749
68.4	1.484979844	1.703113327
68.5	1.642069745	1.432906941
68.6	1.77076787	1.138904201
68.7	1.869761457	0.8420858798
68.8	1.939666905	0.5595112089
68.9	1.982513226	0.3022168361
69	2.001125733	0.07523058693
69.1	1.998584229	-0.1211069306
69.2	1.977839486	-0.2894385138
69.3	1.941492472	-0.4339053959
69.4	1.891700334	-0.559108456
69.5	1.830164008	-0.6694997954
69.6	1.758159683	-0.7690939666
69.7	1.676588275	-0.8613791223
69.8	1.586027736	-0.9493340977
69.9	1.486780915	-1.035491028
70	1.378917292	-1.122002305
70.1	1.262307411	-1.210691652
70.2	1.13665564	-1.303068508
70.3	1.00153161	-1.400297695
70.4	0.8564096671	-1.503094544
70.5	0.7007233171	-1.611541639
70.6	0.5339400729	-1.724787589
70.7	0.3556770989	-1.840625123
70.8	0.1658621316	-1.954966447
70.9	-0.03505166377	-2.061284909
71	-0.2458189107	-2.150230741
71.1	-0.4641190351	-2.209747422
71.2	-0.6863297876	-2.226124234
71.3	-0.9074660643	-2.186302955
71.4	-1.121407519	-2.081252767
71.5	-1.321479701	-1.909421191
71.6	-1.501317106	-1.678642968
71.7	-1.655780546	-1.405191042
71.8	-1.78163233	-1.110036968
71.9	-1.877761406	-0.8139377643
72	-1.944946513	-0.5334257737
72.1	-1.985320408	-0.2789274936
72.2	-2.001754372	-0.05494803338
72.3	-1.997329674	0.1385344238
72.4	-1.974970651	0.3043657148
72.5	-1.937237826	0.4467695506
72.6	-1.886243848	0.5703528296
72.7	-1.823646809	0.6795339507
72.8	-1.750684375	0.7782782541
72.9	-1.66822395	0.8700225291
73	-1.576814884	0.9576999069
73.1	-1.476736018	1.043802755
73.2	-1.368035814	1.130449915
73.3	-1.250567609	1.219433792
73.4	-1.124021037	1.312236041
73.5	-0.9879553144	1.409978944
73.6	-0.8418376011	1.513331872
73.7	-0.6851008061	1.622297125
73.8	-0.5172217965	1.735915629
73.9	-0.33783929	1.851822164
74	-0.1469213158	1.965716072
74.1	0.05501368953	2.070810864
74.2	0.2666292691	2.157477165
74.3	0.4854874368	2.213434865
74.4	0.7078329279	2.224915563
74.5	0.9285555693	2.179090932
74.6	1.141450578	2.067513318
74.7	1.339832617	1.889492575
74.8	1.517416216	1.653770854
74.9	1.669222677	1.377272642
75	1.79221795	1.081163924
75.1	1.885490289	0.7859398836
75.2	1.949975525	0.5075875253
75.3	1.987904122	0.255926396
75.4	2.002188513	0.0349522054
75.5	1.995908104	-0.1557027635
75.6	1.971958752	-0.3190740701
75.7	1.932859824	-0.459458266
75.8	1.880679458	-0.5814631802
75.9	1.81703322	-0.6894711263
76	1.743120688	-0.7873974953
76.1	1.659776371	-0.8786285161
76.2	1.567521455	-0.9660512879
76.3	1.466610759	-1.052119783
76.4	1.357072786	-1.138919459
76.5	1.238743141	-1.22821318
76.6	1.111298318	-1.321449584
76.7	0.9742852821	-1.419714887
76.8	0.8271664998	-1.523621076
76.9	0.6693743749	-1.633097781
77	0.5003954591	-1.747066407
77.1	0.3198932344	-1.863001583
77.2	0.1278776045	-1.976385557
77.3	-0.07506708164	-2.08016593
77.4	-0.2875086047	-2.164438539
77.5	-0.5068894935	-2.216707734
77.6	-0.7293217607	-2.223169449
77.7	-0.9495722875	-2.171259377
77.8	-1.161357616	-2.053145963
77.9	-1.357990057	-1.869017917
78	-1.533272962	-1.628513665
78.1	-1.682394035	-1.349171453
78.2	-1.80252453	-1.052303133
78.3	-1.892949248	-0.758104689
78.4	-1.954755827	-0.4820031753
78.5	-1.990266815	-0.2332153093
78.6	-2.002430712	-0.01524158253
78.7	-1.994321764	0.17261549
78.8	-1.968805657	0.3335675524
78.9	-1.928359949	0.4719755096
79	-1.875008253	0.592443172
79.1	-1.810323983	0.6993145931
79.2	-1.735469124	0.7964546007
79.3	-1.651245655	0.887199099
79.4	-1.558147253	0.9743904681
79.5	-1.456405139	1.060443765
79.6	-1.346027477	1.14741249
79.7	-1.226834006	1.237029538
79.8	-1.09848574	1.330710315
79.9	-0.9605209829	1.42950277
80	-0.8123954331	1.533964407
80.1	-0.6535430175	1.643940353
80.2	-0.4834618051	1.758237167
80.3	-0.301839228	1.874159985
80.4	-0.1087303316	1.986967884
80.5	0.09520976728	2.089341958
80.6	0.3084533837	2.171101394
80.7	0.5283211088	2.219550133
80.8	0.7507911036	2.220873405
80.9	0.9705104034	2.162802605
81	1.181123005	2.038154614
81.1	1.37594729	1.848011651
81.2	1.54888398	1.602892209
81.3	1.695293118	1.320907906
81.4	1.812552408	1.023470805
81.5	1.900140214	0.7304431409
81.6	1.959290427	0.4566782158
81.7	1.992411565	0.210794898
81.8	2.002483861	-0.004186133406
81.9	1.992573268	-0.1892761787
82	1.965513583	-0.3478504892
82.1	1.923739961	-0.484325594
82.2	1.869231583	-0.6032966818
82.3	1.803520077	-0.7090675999
82.4	1.727730327	-0.8054524508
82.5	1.642632407	-0.8957370201
82.6	1.548692573	-0.9827190337
82.7	1.446118912	-1.068776711
82.8	1.334900344	-1.155930548
82.9	1.214838864	-1.245883266
83	1.085583817	-1.340019512
83.1	0.9466617163	-1.439344874
83.2	0.797524347	-1.544358767
83.3	0.6376071221	-1.654825528
83.4	0.4664196321	-1.769424907
83.5	0.2836774429	-1.885290674
83.6	0.08948219623	-1.997454934
83.7	-0.1154403556	-2.098326552
83.8	-0.3294614882	-2.177454963
83.9	-0.5497781659	-2.221953518
84	-0.7722356154	-2.218020371
84.1	-0.9913637568	-2.153718564
84.2	-1.200740434	-2.022544415
84.3	-1.393698925	-1.826485138
84.4	-1.564245769	-1.576922988
84.5	-1.707918504	-1.292501568
84.6	-1.822301986	-0.9946841936
84.7	-1.907064759	-0.7029666178
84.8	-1.963581427	-0.4316180381
84.9	-1.994341116	-0.1886662501
85	-2.002350726	0.02333303044
85.1	-1.990665028	0.205688705
85.2	-1.96208454	0.3619270264
85.3	-1.919001477	0.4965125138
85.4	-1.863350678	0.6140273681
85.5	-1.796622402	0.7187334934
85.6	-1.719904927	0.814393734
85.7	-1.633936734	0.9042442726
85.8	-1.539157427	0.9910395443
85.9	-1.435752306	1.077120008
86	-1.32369043	1.164474932
86.1	-1.202758706	1.254777291
86.2	-1.072591353	1.349377183
86.3	-0.9327072299	1.449239841
86.4	-0.7825524462	1.55480612
86.5	-0.6215653965	1.665749447
86.6	-0.4492697772	1.780625747
86.7	-0.2654084454	1.896389441
86.8	-0.07013230573	2.007838991
86.9	0.1357567617	2.107111397
87	0.350529015	2.183485846
87.1	0.5712561721	2.223901673
87.2	0.7936498031	2.21459829
87.3	1.012126356	2.144002813
87.4	1.220204243	2.00632065
87.5	1.411240269	1.80445378
87.6	1.579355036	1.550626641
87.7	1.720268733	1.263971461
87.8	1.831773675	0.965958368
87.9	1.913724816	0.6756850702
88	1.967631795	0.4068270661
88.1	1.996058231	0.1668293385
88.2	2.002033874	-0.0422014853
88.3	1.988599371	-0.2218566516
88.4	1.958520432	-0.3758013995
88.5	1.914145975	-0.5085403547
88.6	1.857366638	-0.6246388714
88.7	1.789631703	-0.7283152565
88.8	1.711993329	-0.8232811414
88.9	1.625159075	-0.9127235002
89	1.529541967	-0.9993533545
89.1	1.425304828	-1.085475553
89.2	1.312398194	-1.173047162
89.3	1.190591609	-1.263710419
89.4	1.059508572	-1.358784799
89.5	0.9186565894	-1.459188628
89.6	0.7674796387	-1.56530391
89.7	0.6054182583	-1.676712229
89.8	0.4320113684	-1.791836673
89.9	0.2470324174	-1.907449779
90	0.05068327698	-2.018111566
90.1	-0.1561570412	-2.115683533
90.2	-0.371653414	-2.189182377
90.3	-0.5927507945	-2.22538575
90.4	-0.8150281521	-2.210600741
90.5	-1.032791976	-2.133654518
90.6	-1.239508244	-1.989490456
90.7	-1.428566288	-1.781931363
90.8	-1.594208771	-1.524021825
90.9	-1.732342901	-1.235337847
91	-1.840968253	-0.9373096494
91.1	-1.920122264	-0.6486086296
91.2	-1.971443829	-0.3823099115
91.3	-1.99756587	-0.145284507
91.4	-2.001536172	0.06079418047
91.5	-1.986378755	0.237784034
91.6	-1.954823337	0.3894777667
91.7	-1.909175122	0.5204131236
91.8	-1.851280739	0.6351348152
91.9	-1.782548928	0.737816188
92	-1.703996245	0.832117326
92.1	-1.616299633	0.9211766649
92.2	-1.519846269	1.007662873
92.3	-1.414776749	1.093844771
92.4	-1.301022844	1.181648074
92.5	-1.178338645	1.272686556
92.6	-1.046334573	1.368241966
92.7	-0.9045101233	1.469192658
92.8	-0.7523046978	1.575851462
92.9	-0.5891651877	1.687710113
93	-0.414644781	1.803054303
93.1	-0.2285492652	1.918465844
93.2	-0.03113555532	2.028264394
93.3	0.1766388188	2.124032809
93.4	0.3928311009	2.194529144
93.5	0.6142574002	2.226390312
93.6	0.8363649558	2.206016914
93.7	1.053354459	2.122670918
93.8	1.258646669	1.972061227
93.9	1.445672291	1.758935084
94	1.608803935	1.497129084
94.1	1.744139833	1.206619367
94.2	1.849886302	0.9087522819
94.3	1.926259068	0.6217461413
94.4	1.975020294	0.3580701213
94.5	1.998866672	0.1240312249
94.6	2.000860014	-0.07911387964
94.7	1.984005289	-0.2534746698
94.8	1.950994924	-0.4029603973
94.9	1.904090163	-0.5321348678
95	1.845093844	-0.6455187518
95.1	1.775374605	-0.7472392375
95.2	1.695913925	-0.8409050652
95.3	1.607358599	-0.9296060315
95.4	1.510070109	-1.015969787
95.5	1.40416773	-1.102229323
95.6	1.289564046	-1.19028023
95.7	1.165998857	-1.281704236
95.8	1.033068798	-1.377750565
95.9	0.8902662217	-1.479248979
96	0.7370280531	-1.586449296
96.1	0.5728052522	-1.698742583
96.2	0.3971694899	-1.814273503
96.3	0.2099605727	-1.929431758
96.4	0.01149012932	-2.038287906
96.5	-0.197200573	-2.132147961
96.6	-0.414058797	-2.199518063
96.7	-0.635771403	-2.226906702
96.8	-0.8576547022	-2.200841224
96.9	-1.073807793	-2.111052692
97	-1.277613831	-1.954040462
97.1	-1.462553904	-1.735477515
97.2	-1.623137959	-1.46996631
97.3	-1.755659013	-1.177834624
97.4	-1.858528985	-0.8803012466
97.5	-1.932137344	-0.5951064644
97.6	-1.978363874	-0.3341108486
97.7	-1.999963485	-0.1030690383
97.8	-2.000008191	0.09716349516
97.9	-1.981481354	0.2689326801
98	-1.94703718	0.4162534261
98.1	-1.898892693	0.5437094654
98.2	-1.838807186	0.6557942109
98.3	-1.768109655	0.756587546
98.4	-1.687746908	0.8496465904
98.5	-1.598336165	0.9380140561
98.6	-1.500213872	1.024275933
98.7	-1.393477433	1.11063098
98.8	-1.278021996	1.19894308
98.9	-1.153571044	1.290765715
99	-1.019711073	1.387309642
99.1	-0.8759249579	1.489360385
99.2	-0.7216485807	1.597094845
99.3	-0.556339063	1.709806356
99.4	-0.3795860088	1.825491839
99.5	-0.1912657446	1.940341066
99.6	0.008251210937	2.048174199
99.7	0.2178391644	2.140017428
99.8	0.4353328628	2.204132137
99.9	0.6572879476	2.226920611
100	0.8788915043	2.195064672
100.1	1.094145826	2.098799363
100.2	1.296404131	1.935438637
100.3	1.479206773	1.711578727
100.4	1.63720842	1.44255533
100.5	1.766899899	1.149002546
100.6	1.866897439	0.8519699826
100.7	1.937759504	0.5686975479
100.8	1.981477491	0.3104351029
100.9	2.000859319	0.08239675581
101	1.998983357	-0.114946216
101.1	1.978809283	-0.2841620708
101.2	1.942951992	-0.4293612157
101.3	1.893584166	-0.5551409959
101.4	1.832421827	-0.6659647079
101.5	1.760754789	-0.7658640528
101.6	1.679495755	-0.8583448423
101.7	1.589232717	-0.9464025779
101.8	1.490277337	-1.032583298
101.9	1.382706155	-1.119051057
102	1.266395877	-1.207639733
102.1	1.141056307	-1.299871603
102.2	1.006260602	-1.39692146
102.3	0.8614862638	-1.499524722
102.4	0.7061659506	-1.607788867
102.5	0.5397653258	-1.720898672
102.6	0.3618944162	-1.83670353
102.7	0.1724661348	-1.951187003
102.8	-0.02808790087	-2.057913344
102.9	-0.2385528309	-2.14763084
103	-0.4566495656	-2.208361524
103.1	-0.6788021794	-2.226421963
103.2	-0.900069629	-2.188681435
103.3	-1.114362465	-2.085912112
103.4	-1.315011992	-1.916263905
103.5	-1.495626697	-1.687252684
103.6	-1.6510128	-1.414914118
103.7	-1.777861961	-1.120140709
103.8	-1.874992702	-0.8237720165
103.9	-1.943127515	-0.5425267214
104	-1.984363578	-0.2870450696
104.1	-2.001556643	-0.06201339838
104.2	-1.99778787	0.13246515
104.3	-1.975991023	0.2991669445
104.4	-1.938740913	0.4422877963
104.5	-1.888165758	0.5664331975
104.6	-1.825938598	0.6760336172
104.7	-1.75331052	0.7750716088
104.8	-1.671160601	0.8670021167
104.9	-1.580048245	0.9547740237
105	-1.480260464	1.040893411
105.1	-1.371853142	1.12749112
105.2	-1.254685795	1.216370937
105.3	-1.128452835	1.309022315
105.4	-0.9927171526	1.406585413
105.5	-0.8469484661	1.509743079
105.6	-0.6905798463	1.618527889
105.7	-0.5230847322	1.732018498
105.8	-0.3440940311	1.847905281
105.9	-0.1535616092	1.961962779
106	0.04801733467	2.067495848
106.1	0.2593385298	2.15497288
106.2	0.4780053435	2.212190893
106.3	0.7003090441	2.225399115
106.4	0.9211830277	2.181684994
106.5	1.134451416	2.072393065
106.6	1.333431724	1.896529388
106.7	1.511809485	1.662519702
106.8	1.664549124	1.387064699
106.9	1.788545094	1.091267848
107	1.882816198	0.7957201213
107.1	1.948243902	0.516601338
107.2	1.987025139	0.2639429719
107.3	2.002058496	0.04191742173
107.4	1.996424402	-0.1497237832
107.5	1.973028902	-0.3139513681
107.6	1.934405839	-0.4550374227
107.7	1.882638929	-0.5775900098
107.8	1.819358581	-0.6860043322
107.9	1.745777651	-0.7842133366
108	1.662742101	-0.8756208899
108.1	1.570782912	-0.96313014
108.2	1.470163292	-1.049208454
108.3	1.36091869	-1.135952867
108.4	1.24289082	-1.225136566
108.5	1.115760897	-1.318219913
108.6	0.9790798929	-1.416301852
108.7	0.8323121578	-1.520014222
108.8	0.6748897592	-1.629313265
108.9	0.5062961032	-1.743161452
109	0.3261859443	-1.859091386
109.1	0.1345538995	-1.97266118
109.2	-0.06803912924	-2.076911938
109.3	-0.2801941709	-2.162036244
109.4	-0.4993961341	-2.215610735
109.5	-0.7218035754	-2.223842462
109.6	-0.9422260217	-2.174070947
109.7	-1.154406873	-2.058244996
109.8	-1.351658301	-1.876243979
109.9	-1.527751576	-1.637394707
110	-1.67781551	-1.359024838
110.1	-1.798949391	-1.062400643
110.2	-1.890369508	-0.7678265918
110.3	-1.95311099	-0.4909273098
110.4	-1.98946488	-0.2411301061
110.5	-2.002367568	-0.02210716106
110.6	-1.994895464	0.1667256264
110.7	-1.969924991	0.3285196427
110.8	-1.929948432	0.4676142427
110.9	-1.877004965	0.5886152299
111	-1.812682715	0.6958802617
111.1	-1.738156767	0.7932918786
111.2	-1.654240409	0.884203625
111.3	-1.561436969	0.9714734315
111.4	-1.459985786	1.057529789
111.5	-1.349902143	1.144437469
111.6	-1.23101142	1.23394006
111.7	-1.102979696	1.327463872
111.8	-0.9653486791	1.426071495
111.9	-0.817575911	1.530338872
112	-0.659095187	1.640140854
112.1	-0.4894002016	1.754325962
112.2	-0.3081694864	1.870257975
112.3	-0.1154425495	1.983275003
112.4	0.08815057694	2.086151933
112.5	0.301116265	2.168803796
112.6	0.5208179019	2.218604541
112.7	0.7432803287	2.221739666
112.8	0.9631923156	2.165833195
112.9	1.174222522	2.043471575
113	1.369686186	1.855422922
113.1	1.543448993	1.611899233
113.2	1.690810071	1.33081629
113.3	1.80907476	1.03355647
113.4	1.897654078	0.7401029281
113.5	1.957731353	0.4655110224
113.6	1.99168562	0.218607888
113.7	2.002486585	0.002580623533
113.8	1.993203448	-0.1834740913
113.9	1.96668134	-0.3428757876
114	1.925370303	-0.4800223906
114.1	1.871265068	-0.5995126008
114.2	1.805911838	-0.7056645529
114.3	1.730448438	-0.8023102107
114.4	1.645656053	-0.8927527148
114.5	1.552010417	-0.9798054067
114.6	1.449727776	-1.065859475
114.7	1.338803754	-1.152946734
114.8	1.219046256	-1.242779921
114.9	1.090109084	-1.336756346
115	0.9515225219	-1.435893592
115.1	0.8027401383	-1.540715775
115.2	0.6431958219	-1.651011539
115.3	0.4723961091	-1.765507776
115.4	0.2900457145	-1.881399076
115.5	0.09622950434	-1.993796361
115.6	-0.1083506902	-2.095205091
115.7	-0.3221024811	-2.17526821
115.8	-0.5422664854	-2.221163175
115.9	-0.7647341478	-2.219082769
116	-0.9840760657	-2.156969254
116.1	-1.193892484	-2.028077334
116.2	-1.387510421	-1.834076522
116.3	-1.558898428	-1.586049346
116.4	-1.703531438	-1.302457384
116.5	-1.818921765	-1.004752005
116.6	-1.904671752	-0.7125605071
116.7	-1.962107413	-0.4403575057
116.8	-1.993690213	-0.1963770473
116.9	-2.002418398	0.01666423007
117	-1.991350918	0.1999730399
117.1	-1.963300072	0.357024091
117.2	-1.920673183	0.4922659364
117.3	-1.865420585	0.6102858469
117.4	-1.799046961	0.7153605543
117.5	-1.722653343	0.8112709185
117.6	-1.63698926	0.9012704994
117.7	-1.542503543	0.988128476
117.8	-1.439389328	1.074198935
117.9	-1.327622969	1.161481528
118	-1.20699587	1.251660235
118.1	-1.077148593	1.346096717
118.2	-0.9376016398	1.445771301
118.3	-0.7878034267	1.551143742
118.4	-0.627191537	1.661922248
118.5	-0.4552838184	1.776704883
118.6	-0.2718138533	1.892509296
118.7	-0.07691562558	2.004217388
118.8	0.1286370657	2.104060126
118.9	0.3431496629	2.181412096
119	0.5637376213	2.223272238
119.1	0.7861594499	2.215861065
119.2	1.004870931	2.14747485
119.3	1.213410475	2.012067886
119.4	1.405125665	1.812220933
119.5	1.574096308	1.559865748
119.6	1.71597802	1.273969003
119.7	1.82849052	0.9760033988
119.8	1.91142402	0.6852097264
119.9	1.966241514	0.4154721304
120	1.995481339	0.1744382123
120.1	2.002165503	-0.03562983196
120.2	1.989340036	-0.2162260827
120.3	1.959782983	-0.3709686542
120.4	1.91585843	-0.5043489473
120.5	1.859472478	-0.6209386045
120.6	1.792088703	-0.7249714031
120.7	1.714771873	-0.8201769233
120.8	1.628240229	-0.9097590969
120.9	1.53291609	-0.9964445277
121	1.428970291	-1.082549916
121.1	1.316359313	-1.170044048
121.2	1.194859717	-1.260579899
121.3	1.0640973	-1.355486817
121.4	0.923584748	-1.455700897
121.5	0.7727660354	-1.561624273
121.6	0.6110810916	-1.67287149
121.7	0.4380633833	-1.787912271
121.8	0.2534754266	-1.90358374
121.9	0.05750088514	-2.014529695
122	-0.1490083947	-2.112708327
122.1	-0.3642545013	-2.18722779
122.2	-0.5852269451	-2.22492011
122.3	-0.8075510166	-2.21206581
122.4	-1.025571242	-2.137348071
122.5	-1.232771134	-1.995448777
122.6	-1.42252763	-1.789867957
122.7	-1.589039778	-1.533366144
122.8	-1.72814886	-1.245369023
122.9	-1.837781959	-0.9473258657
123	-1.917913111	-0.6580604005
123.1	-1.970136645	-0.3908585555
123.2	-1.997061867	-0.1527911407
123.3	-2.001730719	0.05431866417
123.4	-1.987173326	0.2322372037
123.5	-1.956132146	0.3847138287
123.6	-1.910927718	0.5162755
123.7	-1.853422047	0.6314745661
123.8	-1.785038009	0.7345002422
123.9	-1.706804569	0.82903066
124	-1.619409326	0.9182212101
124.1	-1.523248468	1.004755262
124.2	-1.418470305	1.090914213
124.3	-1.305013177	1.178634639
124.4	-1.182636512	1.269540655
124.5	-1.050955313	1.36492657
124.6	-0.9094718287	1.465685866
124.7	-0.7576267843	1.572154308
124.8	-0.5948652261	1.683857363
124.9	-0.4207346164	1.799128286
125	-0.2350295402	1.914615983
125.1	-0.03798766503	2.024725553
125.2	0.1694618486	2.121136634
125.3	0.3854140171	2.192697855
125.4	0.6067299391	2.226093684
125.5	0.8289030371	2.207687969
125.6	1.046170538	2.126586823
125.7	1.251968169	1.978228442
125.8	1.439711162	1.767036169
125.9	1.603725801	1.506572179
126	1.740042957	1.216678213
126.1	1.846796709	0.9187347921
126.2	1.924140925	0.6311219584
126.3	1.973795275	0.3665212969
126.4	1.998434777	0.1314358336
126.5	2.001116731	-0.07273366091
126.6	1.984853105	-0.2480102801
126.7	1.952349486	-0.3982638316
126.8	1.905882526	-0.5280497015
126.9	1.847270367	-0.6418973372
127	1.777895633	-0.7439502423
127.1	1.698752029	-0.8378351256
127.2	1.610496815	-0.9266586403
127.3	1.513500424	-1.013062938
127.4	1.40788966	-1.099293239
127.5	1.293583522	-1.187255924
127.6	1.170327262	-1.278543573
127.7	1.037721613	-1.37441724
127.8	0.8952619806	-1.475723284
127.9	0.7423859195	-1.582735144
128	0.5785425125	-1.694878035
128.1	0.403297378	-1.81034706
128.2	0.2164779664	-1.925600289
128.3	0.01837605334	-2.034795216
128.4	-0.1899960457	-2.12933548
128.5	-0.4066245799	-2.197814439
128.6	-0.6282419219	-2.22678266
128.7	-0.8502099739	-2.202720549
128.8	-1.06666285	-2.115190867
128.9	-1.270996012	-1.960413392
129	-1.4566719	-1.743737427
129.1	-1.61815154	-1.47950116
129.2	-1.751659443	-1.187914264
129.3	-1.855535688	-0.8902449402
129.4	-1.930109444	-0.6044033405
129.5	-1.977220069	-0.3424634044
129.6	-1.999602642	-0.1103718477
129.7	-2.000326103	0.09087743446
129.8	-1.982381579	0.2635492833
129.9	-1.948436801	0.4116227345
130	-1.900724281	0.5396753335
130.1	-1.841018519	0.65221037
130.2	-1.770662328	0.7533243604
130.3	-1.690614581	0.8465924721
130.4	-1.601502842	0.9350739798
130.5	-1.503672268	1.021369082
130.6	-1.397227736	1.10768878
130.7	-1.282070799	1.195907658
130.8	-1.157929959	1.28758941
130.9	-1.024396254	1.383958739
131	-0.8809548064	1.485815653
131.1	-0.7270424683	1.593363948
131.2	-0.5621136795	1.705931164
131.3	-0.385751771	1.821566395
131.4	-0.1978201362	1.936530189
131.5	0.001331691677	2.044730654
131.6	0.2106079491	2.137292123
131.7	0.4278828321	2.202560741
131.8	0.6497581195	2.226973628
131.9	0.8714659432	2.197155011
132	1.08704191	2.103159725
132.1	1.289848827	1.942014087
132.2	1.473405303	1.719991573
132.3	1.632314541	1.452175095
132.4	1.7629978	1.159096806
132.5	1.864000005	0.861870216
132.6	1.935821026	0.5779127913
132.7	1.980413889	0.3186881699
132.8	2.000568547	0.08959822693
132.9	1.999361559	-0.1087532261
133	1.97976114	-0.2788582081
133.1	1.944396048	-0.4247948913
133.2	1.895454496	-0.5511565101
133.3	1.834667616	-0.6624172152
133.4	1.763338885	-0.7626256802
133.5	1.682392874	-0.8553056115
133.6	1.592427754	-0.9434690317
133.7	1.493763842	-1.029675855
133.8	1.386484903	-1.116102195
133.9	1.270474083	-1.204592389
134	1.145445952	-1.296679916
134.1	1.010978256	-1.39355184
134.2	0.8665504977	-1.495961734
134.3	0.7115958421	-1.604041229
134.4	0.5455775814	-1.717013404
134.5	0.3680981357	-1.832780952
134.6	0.179057004	-1.947399073
134.7	-0.02113533169	-2.054522534
134.8	-0.231295592	-2.144997009
134.9	-0.4491849965	-2.206925805
135	-0.6712737251	-2.226655132
135.1	-0.8926652865	-2.19098448
135.2	-1.107301772	-2.090493971
135.3	-1.308521219	-1.923038584
135.4	-1.489907242	-1.695813198
135.5	-1.646212262	-1.424612034
135.6	-1.774057433	-1.130243089
135.7	-1.872190712	-0.8336239955
135.8	-1.941277733	-0.5516577089
135.9	-1.983379267	-0.2951978508
136	-2.001334975	-0.06911387427
136.1	-1.998225464	0.1263640689
136.2	-1.976993756	0.2939411958
136.3	-1.940228785	0.4377844185
136.4	-1.890074349	0.5624970303
136.5	-1.828218488	0.672521283
136.6	-1.75592578	0.7718569989
136.7	-1.674087032	0.8639769902
136.8	-1.583271611	0.951846215
136.9	-1.483775026	1.037984767
137	-1.375660485	1.12453505
137.1	-1.258793394	1.213311601
137.2	-1.132873545	1.305814595
137.3	-0.9974674146	1.403197648
137.4	-0.8520471758	1.506160964
137.5	-0.6960461452	1.614764371
137.6	-0.5289344658	1.728124363
137.7	-0.3503355574	1.843986649
137.8	-0.1601891863	1.95820017
137.9	0.0410322859	2.064160643
138	0.2520564102	2.152434439
138.1	0.4705276057	2.210896797
138.2	0.6927837336	2.225817384
138.3	0.9138019598	2.184203494
138.4	1.127436007	2.077195861
138.5	1.327007283	1.903498894
138.6	1.506173385	1.671220653
138.7	1.659842618	1.396833499
138.8	1.784838188	1.101372402
138.9	1.880109116	0.8055196676
139	1.946481847	0.5256458469
139.1	1.986119074	0.2719948737
139.2	2.001904939	0.04891754586
139.3	1.996920497	-0.1437134335
139.4	1.974081743	-0.3088022618
139.5	1.93593692	-0.450595479
139.6	1.884585321	-0.5737007792
139.7	1.82167224	-0.6825259763
139.8	1.748423867	-0.7810214941
139.9	1.665697677	-0.8726088832
140	1.574034517	-0.9602074415
140.1	1.473706005	-1.046297935
140.2	1.364754557	-1.132989114
140.3	1.247028147	-1.222064464
140.4	1.120212481	-1.314996018
140.5	0.983862942	-1.412894566
140.6	0.8374455073	-1.516414188
140.7	0.6803924041	-1.62553354
140.8	0.512183853	-1.739259436
140.9	0.3324653662	-1.855179058
141	0.1412172664	-1.968926593
141.1	-0.0610219044	-2.073636714
141.2	-0.2728877085	-2.159596886
141.3	-0.4919065146	-2.214460972
141.4	-0.7142831563	-2.224448384
141.5	-0.93487031	-2.176806014
141.6	-1.147438965	-2.063267653
141.7	-1.345302182	-1.883405304
141.8	-1.52220023	-1.646231227
141.9	-1.673203722	-1.368858115
142	-1.795340103	-1.072501077
142.1	-1.887756903	-0.7775693019
142.2	-1.951436058	-0.4998830578
142.3	-1.988636219	-0.2490805817
142.4	-2.002281219	-0.02900747029
142.5	-1.995449258	0.1608046981
142.6	-1.971027288	0.3234457329
142.7	-1.931522199	0.4632323302
142.8	-1.878988772	0.5847716347
142.9	-1.815029879	0.6924346936
143	-1.740833762	0.7901217912
143.1	-1.657225148	0.8812040546
143.2	-1.564716882	0.9685549224
143.3	-1.463556625	1.054616883
143.4	-1.353766927	1.141465508
143.5	-1.235178244	1.230854929
143.6	-1.107462899	1.324223582
143.7	-0.9701647456	1.422646686
143.8	-0.8227443857	1.526719184
143.9	-0.6646347129	1.636347163
144	-0.4953252095	1.750416781
144.1	-0.3144867379	1.866352483
144.2	-0.1221426692	1.979570725
144.3	0.08110221975	2.082938688
144.4	0.2937870841	2.166469522
144.5	0.5133178898	2.217606383
144.6	0.7357666565	2.222538643
144.7	0.9558639972	2.168787444
144.8	1.167304019	2.048712658
144.9	1.363399966	1.8627697
145	1.537983541	1.620862649
145.1	1.686293521	1.340706322
145.2	1.805562991	1.043647307
145.3	1.895135209	0.7497851381
145.4	1.956142271	0.4743761158
145.5	1.990933195	0.226456775
145.6	2.002466401	0.00938199669
145.7	1.993813988	-0.1776414183
145.8	1.967832264	-0.3378755581
145.9	1.926986107	-0.4756989524
146	1.873285785	-0.5957132614
146.1	1.808292141	-0.7022506807
146.2	1.733155971	-0.7991608312
146.3	1.648669605	-0.8897645039
146.4	1.555318483	-0.9768907821
146.5	1.453326884	-1.062943337
146.6	1.342696969	-1.149965965
146.7	1.223243535	-1.239682471
146.8	1.094623457	-1.333498775
146.9	0.9563720081	-1.432450389
147	0.8079434114	-1.537078327
147.1	0.648771847	-1.647202459
147.2	0.4783591172	-1.761592689
147.3	0.2964005243	-1.877503289
147.4	0.1029647651	-1.990125247
147.5	-0.1012715457	-2.092058754
147.6	-0.3147510728	-2.173041348
147.7	-0.534757559	-2.220317976
147.8	-0.7572291294	-2.220076141
147.9	-0.9767773624	-2.160142648
148	-1.187025726	-2.033534924
148.1	-1.381296121	-1.841605718
148.2	-1.553520144	-1.595134795
148.3	-1.699110606	-1.312397586
148.4	-1.815507321	-1.014826823
148.5	-1.902246071	-0.7221779461
148.6	-1.960603567	-0.4491299698
148.7	-1.99301306	-0.2041237537
148.8	-2.002463348	0.009961196517
148.9	-1.992017304	0.1942272182
149	-1.964498872	0.3520961288
149.1	-1.922330387	0.4879996489
149.2	-1.867477708	0.6065295261
149.3	-1.801460002	0.7119771849
149.4	-1.725391111	0.8081413946
149.5	-1.64003161	0.8982930483
149.6	-1.54583968	0.9852166384
149.7	-1.443016484	1.071279239
149.8	-1.331545143	1.158491688
149.9	-1.21122271	1.248548055
150	-1.081694519	1.342822453
150.1	-0.9424842195	1.442308755
150.2	-0.7930420724	1.54748822
150.3	-0.6328044135	1.65809965
150.4	-0.4612845528	1.772784998
150.5	-0.2782063599	1.888624846
150.6	-0.08368625546	2.000582297
150.7	0.1215279974	2.100984109
150.8	0.3357774212	2.179298805
150.9	0.5562213758	2.222586329
151	0.7786650899	2.217053535
151.1	0.9976040644	2.150869395
151.2	1.206597582	2.017740139
151.3	1.398985073	1.819926523
151.4	1.568806471	1.569065585
151.5	1.711653555	1.283952382
151.6	1.825173431	0.9860569457
151.7	1.909091014	0.694758925
151.8	1.964822019	0.4241502428
151.9	1.994878586	0.182082703
152	2.002274812	-0.02902430194
152.1	1.990061577	-0.2105659518
152.2	1.961029101	-0.3661115435
152.3	1.917556631	-0.5001384075
152.4	1.861565734	-0.6172240652
152.5	1.794534329	-0.721617521
152.6	1.717539814	-0.8170662697
152.7	1.631311298	-0.9067915726
152.8	1.536280388	-0.9935350091
152.9	1.432625691	-1.079626011
153	1.320310426	-1.167044388
153.1	1.199116743	-1.25745389
153.2	1.068674914	-1.352195041
153.3	0.9285009651	-1.452219642
153.4	0.7780399788	-1.557950991
153.5	0.6167309607	-1.669035315
153.6	0.4441021426	-1.783988999
153.7	0.2599053256	-1.899712705
153.8	0.06430633074	-2.010933675
153.9	-0.1418698881	-2.109706492
154	-0.3568623313	-2.185231163
154.1	-0.5777048486	-2.224396485
154.2	-0.8000691404	-2.213459619
154.3	-1.018338254	-2.140964
154.4	-1.226014116	-2.001333464
154.5	-1.416462356	-1.797745826
154.6	-1.583839373	-1.542674317
154.7	-1.723921034	-1.25538894
154.8	-1.834561884	-0.9573525702
154.9	-1.915672059	-0.6675378943
155	-1.9688006	-0.3994409091
155.1	-1.996532502	-0.1603334141
155.2	-2.001903381	0.0478096946
155.3	-1.987949152	0.2266613042
155.4	-1.957424857	0.3799260644
155.5	-1.912666334	0.5121192821
155.6	-1.85555099	0.6278005116
155.7	-1.787515894	0.731174687
155.8	-1.709602471	0.82593799
155.9	-1.622509049	0.9152627968
156	-1.526640851	1.001847289
156.1	-1.422153973	1.087985511
156.2	-1.30899334	1.175624997
156.3	-1.186923745	1.266399765
156.4	-1.055564864	1.361617475
156.5	-0.9144214095	1.462185028
156.6	-0.7629366285	1.568463752
156.7	-0.6005521161	1.680009069
156.8	-0.4268111867	1.795202383
156.9	-0.2414971511	1.910760398
157	-0.04482774945	2.021171128
157.1	0.1622948837	2.11821274
157.2	0.3780031172	2.190824209
157.3	0.5992035594	2.225738303
157.4	0.8214356213	2.209287267
157.5	1.038973553	2.130425314
157.6	1.245269008	1.98432279
157.7	1.433722823	1.775079511
157.8	1.598615835	1.515981048
157.9	1.735912137	1.226727992
158	1.843673415	0.9287298122
158.1	1.921991087	0.6405247454
158.2	1.972541662	0.3750066523
158.3	1.997977811	0.1388761686
158.4	2.00135189	-0.06632019308
158.5	1.985682459	-0.2425172419
158.6	1.953688194	-0.3935438438
158.7	1.907661119	-0.5239463175
158.8	1.849434701	-0.6382624767
158.9	1.780405608	-0.7406519597
159	1.701579798	-0.834759349
159.1	1.613625105	-0.9237085761
159.2	1.516921046	-1.010155872
159.3	1.411601661	-1.096359167
159.4	1.297592984	-1.184235065
159.5	1.174644854	-1.27538829
159.6	1.042363328	-1.371089811
159.7	0.9002460369	-1.472204913
159.8	0.74773108	-1.579026709
159.9	0.5842669933	-1.691017039
160	0.4094122121	-1.806421022
160.1	0.2229821869	-1.921762187
160.2	0.02525032664	-2.031286288
160.3	-0.1828008194	-2.126493657
160.4	-0.3991960585	-2.19606438
160.5	-0.6207128621	-2.226596954
160.6	-0.8427589165	-2.204526191
160.7	-1.059503973	-2.119251092
160.8	-1.264356722	-1.966715155
160.9	-1.45076202	-1.751943506
161	-1.613132901	-1.489005258
161.1	-1.747625759	-1.197987368
161.2	-1.852508733	-0.9002026916
161.3	-1.928050129	-0.6137281537
161.4	-1.976048002	-0.3508506503
161.5	-1.999217097	-0.1177102275
161.6	-2.000622724	0.08455850508
161.7	-1.983263596	0.25813764
161.8	-1.949820762	0.4069691627
161.9	-1.902542231	0.5356235044
162	-1.843217743	0.6486134955
162.1	-1.773203984	0.7500522188
162.2	-1.693471993	0.8435330093
162.3	-1.604659652	0.9321313058
162.4	-1.507120808	1.018462298
162.5	-1.400968266	1.104748655
162.6	-1.286109247	1.192876635
162.7	-1.162278734	1.284418725
162.8	-1.029070067	1.380613845
162.9	-0.8859728758	1.482277599
163	-0.7324236905	1.589638725
163.1	-0.5678752203	1.702059464
163.2	-0.3919042817	1.817640314
163.3	-0.204361593	1.932711679
163.4	-0.005576154736	2.041269433
163.5	0.2033859132	2.134535657
163.6	0.4204381291	2.200942351
163.7	0.6422281401	2.226964053
163.8	0.8640333504	2.199171091
163.9	1.079923291	2.107442264
164	1.283271314	1.948519011
164.1	1.467575365	1.728351598
164.2	1.627388068	1.461765975
164.3	1.759061463	1.169186741
164.4	1.861068962	0.8717862624
164.5	1.933851254	0.5871569811
164.6	1.979322241	0.326976245
164.7	2.000253287	0.09683520738
164.8	1.999718695	-0.1025277084
164.9	1.980694955	-0.2735265971
165	1.945824571	-0.4202061392
165.1	1.897311275	-0.5471547453
165.2	1.836901345	-0.6588570853
165.3	1.765911974	-0.7593786957
165.4	1.68527968	-0.8522612436
165.5	1.595612847	-0.9405332413
165.6	1.49724048	-1.026768666
165.7	1.390253677	-1.113155694
165.8	1.274541953	-1.201549263
165.9	1.149824856	-1.293493677
166	1.015684496	-1.39018866
166.1	0.8716026636	-1.492405087
166.2	0.717013114	-1.60029929
166.3	0.5513766681	-1.713131578
166.4	0.3742885542	-1.82885717
166.5	0.1856351209	-1.943602778
166.6	-0.01419424996	-2.051112861
166.7	-0.2240473335	-2.142330477
166.8	-0.4417253596	-2.205442017
166.9	-0.6637445813	-2.22682485
167	-0.8852532628	-2.193212823
167.1	-1.100225676	-2.094998368
167.2	-1.302007609	-1.929744024
167.3	-1.484158892	-1.704322821
167.4	-1.64137895	-1.434283513
167.5	-1.770218725	-1.140343404
167.6	-1.869355341	-0.8434933866
167.7	-1.939396971	-0.5608185019
167.8	-1.982367304	-0.303385838
167.9	-2.001089222	-0.0762496532
168	-1.998642358	0.1202309453
168.1	-1.977978757	0.2886882579
168.2	-1.941701381	0.4332591652
168.3	-1.891969592	0.5585440981
168.4	-1.830486473	0.6689967729
168.5	-1.758530149	0.7686341809
168.6	-1.677003215	0.8609470255
168.7	-1.586485061	0.9489164675
168.8	-1.487279757	1.035076618
168.9	-1.379457816	1.121581569
169	-1.262890672	1.210256544
169.1	-1.137283402	1.302612533
169.2	-1.002206219	1.399816205
169.3	-0.8571337998	1.502585427
169.4	-0.7014996979	1.611006424
169.5	-0.5347710217	1.724233265
169.6	-0.3565638598	1.840066376
169.7	-0.1668039884	1.954428389
169.8	0.03405855857	2.060805594
169.9	0.2447829179	2.149862104
170	0.4630543251	2.209552841
170.1	0.6852571273	2.226170585
170.2	0.9064125195	2.186646471
170.3	1.120404514	2.081921465
170.4	1.320559416	1.910400564
170.5	1.500507959	1.679872996
170.6	1.655103123	1.406578228
170.7	1.781097113	1.111476889
170.8	1.877368873	0.8153380792
170.9	1.944689169	0.5347208764
171	1.985185727	0.280082141
171.1	2.001727651	0.0559527362
171.2	1.997396216	-0.1376714672
171.3	1.975117127	-0.3036265004
171.4	1.937452944	-0.4461321943
171.5	1.886518533	-0.5697952691
171.6	1.823974118	-0.679035863
171.7	1.751059272	-0.7778217905
171.8	1.668643062	-0.8695923815
171.9	1.577276246	-0.9572830526
172	1.477238867	-1.043388134
172.1	1.368580415	-1.13002812
172.2	1.251155078	-1.218996947
172.3	1.124653236	-1.311777781
172.4	0.9886345783	-1.409494805
172.5	0.8425666779	-1.512820098
172.6	0.6858823646	-1.621759673
172.7	0.5180581024	-1.735360081
172.8	0.3387314538	-1.851264131
172.9	0.1478683527	-1.965181811
173	-0.05401599822	-2.070339778
173.1	-0.2655897859	-2.157122477
173.2	-0.4844209466	-2.213260698
173.3	-0.7067608476	-2.224988489
173.4	-0.9275054971	-2.179465241
173.5	-1.14045419	-2.068213417
173.6	-1.338921934	-1.890499452
173.7	-1.516619056	-1.655020506
173.8	-1.668558708	-1.378669438
173.9	-1.791696649	-1.082603687
174	-1.885111252	-0.7873323991
174.1	-1.949730638	-0.5088701219
174.2	-1.98778053	-0.257066615
174.3	-2.002171431	-0.03594263903
174.4	-1.995982922	0.1548526517
174.5	-1.972112319	0.3183456803
174.6	-1.933081058	0.4588295672
174.7	-1.880959499	0.5809122187
174.8	-1.817365318	0.6889778005
174.9	-1.74349998	0.786944204
175	-1.660199628	0.8782001912
175.1	-1.567986842	0.9656351072
175.2	-1.467117615	1.051704855
175.3	-1.357621465	1.138496525
175.4	-1.239334842	1.227774528
175.5	-1.111934938	1.320988979
175.6	-0.9749692451	1.419228148
175.7	-0.8279005147	1.52310664
175.8	-0.6701611489	1.632558135
175.9	-0.5012371386	1.746509823
176	-0.3207907655	1.862444504
176.1	-0.1288297849	1.97585547
176.2	0.07406486972	2.079703535
176.3	0.286465765	2.164098291
176.4	0.5058214232	2.216554593
176.5	0.7282505128	2.22326947
176.6	0.9485259768	2.171664714
176.7	1.160368138	2.053877295
176.8	1.357089225	1.870051728
176.9	1.532487962	1.629782057
177	1.681743603	1.350576898
177.1	1.802017134	1.053741908
177.2	1.892583624	0.7594888285
177.3	1.954523269	0.4832729898
177.4	1.990154169	0.2343410545
177.5	2.002423131	0.01621784683
177.6	1.994404735	-0.1717780411
177.7	1.968966211	-0.3328497738
177.8	1.928587217	-0.4713552589
177.9	1.875293585	-0.5918986183
178	1.810660825	-0.6988258616
178.1	1.735852781	-0.7960043437
178.2	1.651673043	-0.8867724693
178.3	1.558616655	-0.9739748559
178.4	1.456916008	-1.060028444
178.5	1.346580246	-1.146988361
178.6	1.227429955	-1.236588982
178.7	1.099126822	-1.330247343
178.8	0.9612096586	-1.429013341
178.9	0.8131344451	-1.533447369
179	0.6543350055	-1.643398611
179.1	0.4843088645	-1.757679634
179.2	0.3027421531	-1.87360412
179.3	0.1096876134	-1.986442325
179.4	-0.09420314384	-2.088888792
179.5	-0.3074073312	-2.170776381
179.6	-0.5272516631	-2.219418675
179.7	-0.7497209593	-2.221001024
179.8	-0.9694681652	-2.163239179
179.9	-1.18014075	-2.03891694
180	-1.375056583	-1.849071669
180.1	-1.548111327	-1.604178362
180.2	-1.694656307	-1.322320968
180.3	-1.81205891	-1.02490774
180.4	-1.899787924	-0.7318183424
180.5	-1.959070077	-0.4579349504
180.6	-1.992309728	-0.2119061077
180.7	-2.002485647	0.003223935121
180.8	-1.992664272	0.1884512116
180.9	-1.965681023	0.3471431156
181	-1.923973183	0.4837135879
181.1	-1.869522148	0.6027583516
181.2	-1.803861622	0.7085833025
181.3	-1.728118322	0.805005083
181.4	-1.643063909	0.8953119771
181.5	-1.549165992	0.982303891
181.6	-1.446633795	1.06836091
181.7	-1.33545722	1.155505119
181.8	-1.215439083	1.245440828
181.9	-1.086229384	1.33955411
182	-0.9473551382	1.438852811
182.1	-0.7982683492	1.543839112
182.2	-0.638404365	1.654281739
182.3	-0.4672720896	1.768866649
182.4	-0.2845857093	1.884736285
182.5	-0.09044453021	1.996934331
182.6	0.1144293811	2.097883121
182.7	0.3284123635	2.177145555
182.8	0.5487075531	2.221844299
182.9	0.7711668293	2.218176037
183	0.9903258771	2.154186521
183.1	1.19976568	2.023337504
183.2	1.392818569	1.827570815
183.3	1.563485615	1.578226038
183.4	1.707295372	1.293921327
183.5	1.82182235	0.9961184973
183.6	1.906725705	0.7043323573
183.7	1.963373152	0.4328614778
183.8	1.994249943	0.1897629166
183.9	2.002361738	-0.0223847796
184	1.99076394	-0.2048760254
184.1	1.962258763	-0.3612298422
184.2	1.919240571	-0.4959085458
184.3	1.863646413	-0.6134950741
184.4	1.796968602	-0.7182534658
184.5	1.720297231	-0.813949131
184.6	1.634372338	-0.9038206877
184.7	1.539634849	-0.990624769
184.8	1.436271211	-1.076703646
184.9	1.324251416	-1.16404819
185	1.203363205	-1.254332812
185.1	1.073241429	-1.348909361
185.2	0.9334054065	-1.448745026
185.3	0.7833015147	-1.55428392
185.4	0.622367887	-1.665203762
185.5	0.4501276171	-1.780066841
185.6	0.2663220977	-1.895836798
185.7	0.07109964242	-2.007323695
185.8	-0.1347415758	-2.106678233
185.9	-0.3494769888	-2.18319301
186	-0.5701846187	-2.223815455
186.1	-0.7925826676	-2.214782541
186.2	-1.011093161	-2.144502334
186.3	-1.21923731	-2.007144145
186.4	-1.410370535	-1.805564182
186.5	-1.578607557	-1.551945493
186.6	-1.719659352	-1.265396879
186.7	-1.831307889	-0.9673892496
186.8	-1.913398912	-0.6770408447
186.9	-1.967435464	-0.4080569509
187	-1.995977582	-0.1679114398
187.1	-2.002053984	0.04126705443
187.2	-1.988706078	0.2210560774
187.3	-1.958701344	0.3751142003
187.4	-1.91439087	0.507944222
187.5	-1.857667492	0.6241124352
187.6	-1.789982524	0.7278393478
187.7	-1.712389916	0.8228391486
187.8	-1.625598762	0.9123012754
187.9	-1.530023404	0.998938855
188	-1.425827756	1.085058545
188.1	-1.312963318	1.172618938
188.2	-1.191200421	1.263264051
188.3	-1.060163212	1.358314428
188.4	-0.9193595292	1.458691249
188.5	-0.7682337409	1.564779134
188.6	-0.6062260552	1.676164704
188.7	-0.4328745936	1.7912774
188.8	-0.247951372	1.906899164
188.9	-0.05165563121	2.017602011
189	0.1551377118	2.115261115
189.1	0.3705986489	2.188906433
189.2	0.5916785189	2.225323071
189.3	0.8139629295	2.210813971
189.4	1.031763746	2.134185659
189.5	1.238549396	1.990344087
189.6	1.427707385	1.783065925
189.7	1.593474104	1.525355631
189.8	1.731747314	1.236768039
189.9	1.840516268	0.9387363637
190	1.919809404	0.6499539707
190.1	1.971259306	0.3835260847
190.2	1.997495609	0.1463520693
190.3	2.001565244	-0.05987344076
190.4	1.986493141	-0.2369953629
190.5	1.955010843	-0.3888003362
190.6	1.909425739	-0.5198246287
190.7	1.851586651	-0.6346140552
190.8	1.78290433	-0.7373442443
190.9	1.704397096	-0.8316778294
191	1.616743392	-0.9207556669
191.1	1.520331707	-1.007248564
191.2	1.415303724	-1.093427031
191.3	1.301592096	-1.181218407
191.4	1.178951825	-1.272238005
191.5	1.04699372	-1.367769054
191.6	0.9052179464	-1.468692503
191.7	0.7530638732	-1.575324329
191.8	0.5899782467	-1.687160708
191.9	0.4155134767	-1.802494773
192	0.2294735516	-1.917917626
192.1	0.03211269774	-2.027761036
192.2	-0.1756154716	-2.12362204
192.3	-0.3917737038	-2.19427086
192.4	-0.6131846272	-2.226351626
192.5	-0.8353019414	-2.206259435
192.6	-1.052331534	-2.123233696
192.7	-1.257696246	-1.972944503
192.8	-1.444824494	-1.760092976
192.9	-1.608082218	-1.498476808
193	-1.743558074	-1.208053231
193.1	-1.849448079	-0.910174041
193.2	-1.925959164	-0.6230805707
193.3	-1.974847471	-0.3592723434
193.4	-1.998806648	-0.1250842394
193.5	-2.000897911	0.07820667596
193.6	-1.984127233	0.2526977048
193.7	-1.951188923	0.4022925303
193.8	-1.904346426	0.5315538089
193.9	-1.845404757	0.6450034916
194	-1.775734542	0.7467710898
194.1	-1.696319001	0.8404679274
194.2	-1.607806423	0.9291861745
194.3	-1.510559548	1.015555531
194.4	-1.404698725	1.101810783
194.5	-1.29013749	1.189849029
194.6	-1.166616319	1.281253446
194.7	-1.033732567	1.377275161
194.8	-0.8909788496	1.478746203
194.9	-0.7377923462	1.585919548
195	-0.5736236802	1.698191661
195.1	-0.3980435335	1.813714008
195.2	-0.2108901121	1.92888615
195.3	-0.0124721952	2.037791176
195.4	0.1961732914	2.131748894
195.5	0.4129990319	2.199277975
195.6	0.634698376	2.226892761
195.7	0.8565941615	2.201113516
195.8	1.072790436	2.111647159
195.9	1.27667205	1.954953066
196	1.461717374	1.736658001
196.1	1.622429331	1.471327027
196.2	1.755091129	1.179271449
196.3	1.85810447	0.8817174122
196.4	1.931850274	0.5964296221
196.5	1.978202597	0.3352990335
196.6	1.999913573	0.1041075724
196.7	2.000054794	-0.09626969457
196.8	1.981610755	-0.2681672189
196.9	1.947237592	-0.4155949128
197	1.89915454	-0.5431356517
197.1	1.839123056	-0.6552842772
197.2	1.768474104	-0.756123068
197.3	1.688156209	-0.8492116883
197.4	1.59878804	-0.9375952045
197.5	1.500707314	-1.023861701
197.6	1.394012504	-1.110211551
197.7	1.278599573	-1.19851026
197.8	1.154192968	-1.290312879
197.9	1.020379381	-1.386831376
198	0.8766425257	-1.488855006
198.1	0.72241796	-1.596562722
198.2	0.5571628109	-1.709253863
198.3	0.3804655084	-1.824932552
198.4	0.1922005006	-1.939798436
198.5	-0.007264431601	-2.047684696
198.6	-0.2168080618	-2.139630953
198.7	-0.4342708673	-2.203910901
198.8	-0.6562149174	-2.226931847
198.9	-0.877833755	-2.195366996
199	-1.093134391	-2.099425439
199.1	-1.295471339	-1.936379992
199.2	-1.478381777	-1.712780944
199.3	-1.636513004	-1.443927982
199.4	-1.766345911	-1.150441265
199.5	-1.866486582	-0.8533797981
199.6	-1.937485173	-0.5700089745
199.7	-1.981327631	-0.3116090736
199.8	-2.00081937	-0.08342082085
199.9	-1.999038528	0.1140656581
200	-1.978946021	0.2834079287
200.1	-1.943158717	0.4287118574
200.2	-1.893851517	0.5545742367
200.3	-1.832742592	0.6654599357
200.4	-1.761123698	0.7654030766
200.5	-1.679909238	0.8579120722
200.6	-1.589688641	0.9459846522
200.7	-1.490774764	1.032168957
200.8	-1.383245271	1.118630682
200.9	-1.266977643	1.207205351
201	-1.141682581	1.299416397
201.1	-1.006933565	1.396440979
201.2	-0.8622086431	1.499016362
201.3	-0.706940579	1.607254472
201.4	-0.540594364	1.720344921
201.5	-0.3627792392	1.836144507
201.6	-0.173406221	1.950647685
201.7	0.02709641361	2.057431208
201.8	0.2375181269	2.14725726
201.9	0.4555855376	2.208160138
202	0.6777293814	2.22645933
202.1	0.8990149362	2.189014344
202.2	1.113357199	2.086569837
202.3	1.314088387	1.91723352
202.4	1.494813392	1.688475552
202.5	1.650330692	1.416297737
202.6	1.777321875	1.121580542
202.7	1.874595415	0.8251749449
202.8	1.942865763	0.5438261473
202.9	1.984224981	0.2882047493
203	2.001526516	0.06302311621
203.1	1.997851485	-0.1315976635
203.2	1.976134992	-0.2984238968
203.3	1.938953869	-0.4416473617
203.4	1.888438552	-0.5658732838
203.5	1.826264217	-0.6755338279
203.6	1.753683872	-0.7746140047
203.7	1.671578252	-0.8665712975
203.8	1.580508192	-0.9543569219
203.9	1.480761916	-1.040478876
204	1.372396303	-1.127069719
204.1	1.255271803	-1.215934694
204.2	1.129083459	-1.30856488
204.3	0.993394785	-1.406102171
204.4	0.8476758102	-1.509232265
204.5	0.6913595777	-1.617991208
204.6	0.5239191576	-1.731463372
204.7	0.3449843109	-1.847346989
204.8	0.1545068188	-1.961427148
204.9	-0.04702124581	-2.067021871
205	-0.2583002481	-2.154613234
205.1	-0.476939457	-2.212009488
205.2	-0.6992367397	-2.225462655
205.3	-0.9201317176	-2.182048485
205.4	-1.133452693	-2.073082187
205.5	-1.332517669	-1.897526704
205.6	-1.511008118	-1.663762601
205.7	-1.663880444	-1.388458243
205.8	-1.788018929	-1.092707747
205.9	-1.882432454	-0.797115423
206	-1.947994678	-0.5178883304
206.1	-1.986897688	-0.2650882391
206.2	-2.00203806	-0.0429128313
206.3	-1.996496341	0.1488691993
206.4	-1.973180003	0.3132192194
206.5	-1.934624945	0.4544057222
206.6	-1.882917105	0.5770367641
206.7	-1.81968901	0.6855093617
206.8	-1.746155409	0.7837589503
206.9	-1.663163911	0.8751919502
207	-1.571246895	0.9627137357
207.1	-1.470668742	1.048793645
207.2	-1.361465945	1.135530346
207.3	-1.243481033	1.2246986
207.4	-1.116395992	1.317760115
207.5	-0.9797622035	1.415816065
207.6	-0.8330444289	1.519500646
207.7	-0.6756747291	1.628774378
207.8	-0.5071358893	1.742605255
207.9	-0.3270815796	1.858533916
208	-0.1355043044	1.972129576
208.1	0.06703848331	2.076446411
208.2	0.2791524979	2.16169075
208.3	0.4983285927	2.215450223
208.4	0.7207320013	2.223933004
208.5	0.9411783508	2.174465431
208.6	1.153414926	2.058965444
208.7	1.350753975	1.877268452
208.8	1.52696229	1.638656636
208.9	1.677160327	1.360427402
209	1.798437124	1.063839894
209.1	1.889999188	0.7692137446
209.2	1.95287412	0.4922016407
209.3	1.989348416	0.2422609435
209.4	2.002356677	0.02308837872
209.5	1.994975593	-0.1658837651
209.6	1.97008311	-0.3277981686
209.7	1.930173597	-0.4669910545
209.8	1.877288452	-0.5880684515
209.9	1.813017902	-0.6953899404
210	1.738538901	-0.792840575
210.1	1.654666352	-0.8837764052
210.2	1.561904962	-0.9710576372
210.3	1.460495258	-1.057114613
210.4	1.350453469	-1.144013784
210.5	1.231605897	-1.23350016
210.6	1.103619207	-1.327001759
210.7	0.9660356981	-1.425582933
210.8	0.818313189	-1.529822776
210.9	0.6598853295	-1.639599844
211	0.4902453768	-1.753768703
211.1	0.3090705538	-1.869701662
211.2	0.1163980247	-1.982747804
211.3	-0.08714549556	-2.085695513
211.4	-0.3000713182	-2.168473444
211.5	-0.5197489102	-2.218465428
211.6	-0.7422097711	-2.221857566
211.7	-0.9621486239	-2.166258817
211.8	-1.173237709	-2.04422308
211.9	-1.368791912	-1.856473839
212	-1.542672002	-1.613179273
212.1	-1.690168485	-1.332226771
212.2	-1.808576401	-1.034994131
212.3	-1.897297135	-0.7414813179
212.4	-1.957506748	-0.4667723456
212.5	-1.991580017	-0.219724182
212.6	-2.002485108	-0.003547734114
212.7	-1.993291655	0.1826447765
212.8	-1.966846381	0.3421647974
212.9	-1.925601451	0.4794075213
213	-1.87155381	0.5989721129
213.1	-1.806251743	0.7051787217
213.2	-1.730834916	0.8018618391
213.3	-1.646086118	0.8923271407
213.4	-1.552482439	0.979390109
213.5	-1.450241247	1.065443854
213.6	-1.339359196	1.152521776
213.7	-1.219644967	1.242338265
213.8	-1.090753146	1.336291759
213.9	-0.952214222	1.435402502
214	-0.80348243	1.540197007
214.1	-0.6439912163	1.650468547
214.2	-0.473246639	1.764949696
214.3	-0.2909521218	1.880844132
214.4	-0.09719012822	1.993273947
214.5	0.1073412677	2.094758136
214.6	0.3210544386	2.174953478
214.7	0.5411962677	2.221046268
214.8	0.7636648685	2.219228661
214.9	0.9830366386	2.157426265
215	1.19291508	2.028859665
215.1	1.386626424	1.835153156
215.2	1.55813389	1.587346451
215.3	1.702903519	1.303874865
215.4	1.818437289	1.006187326
215.5	1.904328074	0.7139296199
215.6	1.961894911	0.441605615
215.7	1.993595317	0.1974787994
215.8	2.002426197	-0.01571111089
215.9	1.991447074	-0.1991560916
216	1.963471929	-0.35632337
216.1	1.920910229	-0.4916591776
216.2	1.865714516	-0.6097514633
216.3	1.799391533	-0.7148790574
216.4	1.72304414	-0.8108253585
216.5	1.637423418	-0.9008464157
216.6	1.542979563	-0.9877136013
216.7	1.439906824	-1.07378277
216.8	1.328182499	-1.161055215
216.9	1.207598902	-1.251216552
217	1.077797064	-1.345629637
217.1	0.9382981787	-1.445277482
217.2	0.7885506701	-1.550622525
217.3	0.6279921703	-1.66137706
217.4	0.4561398276	-1.776146199
217.5	0.2727255876	-1.891956073
217.6	0.07788116271	-2.003700212
217.7	-0.1276233503	-2.10362339
217.8	-0.3420985989	-2.181113286
217.9	-0.5626663772	-2.223177719
218	-0.7850917133	-2.216035131
218.1	-1.003836079	-2.147963239
218.2	-1.212440804	-2.012880758
218.3	-1.404252216	-1.813322839
218.4	-1.573344385	-1.561179219
218.5	-1.715363819	-1.27539253
218.6	-1.828019889	-0.977435497
218.7	-1.911093534	-0.6865690047
218.8	-1.966041035	-0.4167067589
218.9	-1.995397029	-0.1755253944
219	-2.00218244	0.03469058666
219.1	-1.989444025	0.2154212956
219.2	-1.959961561	0.3702779905
219.3	-1.916101298	0.5037501019
219.4	-1.85977154	0.6204101428
219.5	-1.792437904	0.7244940707
219.6	-1.715166959	0.8197340421
219.7	-1.628678488	0.9093364121
219.8	-1.533396113	0.9960299367
219.9	-1.429491805	1.082133144
220	-1.316922987	1.169616386
