0	-0.5	1
0.1	-0.3956565341	1.086516015
0.2	-0.2827841955	1.170390324
0.3	-0.1617145372	1.250152453
0.4	-0.0329624664	1.323624926
0.5	0.1027025044	1.387837281
0.6	0.2441717632	1.439026263
0.7	0.3899264671	1.47277122
0.8	0.5379866454	1.4843448
0.9	0.6859059503	1.46926647
1	0.8308334374	1.424053102
1.1	0.9696529231	1.347010331
1.2	1.099195334	1.238851157
1.3	1.216494396	1.102909882
1.4	1.319037378	0.9448228577
1.5	1.404957998	0.7717195985
1.6	1.473133137	0.5911485376
1.7	1.523171455	0.4100417708
1.8	1.55531117	0.2339656854
1.9	1.570262365	0.06676545292
2	1.569032711	-0.08942948569
2.1	1.552766602	-0.2339573367
2.2	1.522616031	-0.3672662403
2.3	1.479647973	-0.4905507954
2.4	1.424785851	-0.6054420674
2.5	1.35877829	-0.7137721674
2.6	1.282187768	-0.8174088393
2.7	1.195393025	-0.9181440424
2.8	1.098600841	-1.017615121
2.9	0.9918646145	-1.117233025
3	0.8751118858	-1.21810731
3.1	0.7481775538	-1.320928861
3.2	0.6108563339	-1.425817408
3.3	0.462966782	-1.532090945
3.4	0.3044493942	-1.637973031
3.5	0.135490687	-1.740246399
3.6	-0.04331511445	-1.833908042
3.7	-0.2307731032	-1.911963844
3.8	-0.424893357	-1.965549158
3.9	-0.6227326508	-1.984638777
4	-0.8203444509	-1.959508239
4.1	-1.012912059	-1.88286952
4.2	-1.1951092	-1.752171638
4.3	-1.361662344	-1.571169874
4.4	-1.507996016	-1.349907585
4.5	-1.630783007	-1.102867728
4.6	-1.728241856	-0.8459388569
4.7	-1.800120645	-0.5933786434
4.8	-1.847421421	-0.3557850193
4.9	-1.871990081	-0.1394324683
5	-1.876098696	0.05329316251
5.1	-1.862104156	0.2228965636
5.2	-1.832214082	0.3716879206
5.3	-1.788353373	0.5028838359
5.4	-1.732107089	0.6199830903
5.5	-1.664712707	0.7263943504
5.6	-1.587079651	0.8252503714
5.7	-1.499821141	0.919340017
5.8	-1.403288705	1.011103227
5.9	-1.297607332	1.102649283
6	-1.182705605	1.195771668
6.1	-1.058351295	1.291932863
6.2	-0.9241813053	1.392208866
6.3	-0.7797527407	1.497165513
6.4	-0.6245965483	1.606647161
6.5	-0.4583104178	1.719462369
6.6	-0.2806792345	1.832963294
6.7	-0.09184581143	1.942541471
6.8	0.1074671036	2.041163438
6.9	0.3157016387	2.11915129
7	0.5302119599	2.164549559
7.1	0.747093938	2.164469398
7.2	0.9612058848	2.107549001
7.3	1.166480112	1.987180106
7.4	1.35655101	1.804383608
7.5	1.52559173	1.568877074
7.6	1.669125175	1.297441611
7.7	1.784550416	1.010069599
7.8	1.871239099	0.725538131
7.9	1.93023646	0.4581586879
8	1.963734631	0.2165145748
8.1	1.974511935	0.003919486296
8.2	1.965470008	-0.1802086695
8.3	1.939322029	-0.3388175666
8.4	1.898422037	-0.4759678292
8.5	1.844699139	-0.5959901823
8.6	1.779657009	-0.7030078773
8.7	1.704407188	-0.8007202425
8.8	1.619715393	-0.8923449726
8.9	1.526048684	-0.9806419678
9	1.42361884	-1.06796897
9.1	1.312419969	-1.156333471
9.2	1.192260584	-1.247423446
9.3	1.062798237	-1.342603506
9.4	0.9235710854	-1.442837466
9.5	0.7740468886	-1.548566186
9.6	0.6136847813	-1.659450862
9.7	0.4420316779	-1.774033788
9.8	0.2588544874	-1.889259071
9.9	0.06432845636	-1.999927059
10	-0.1407213213	-2.098206204
10.1	-0.3545473818	-2.173455556
10.2	-0.5742148579	-2.212756124
10.3	-0.7954460985	-2.202551227
10.4	-1.012690474	-2.131499105
10.5	-1.219521128	-1.993996672
10.6	-1.409363462	-1.793019738
10.7	-1.576406016	-1.5407038
10.8	-1.71642048	-1.255950832
10.9	-1.827223875	-0.959941428
11	-1.908667922	-0.6715177932
11.1	-1.962237836	-0.4041924152
11.2	-1.990461701	-0.1653487019
11.3	-1.996331628	0.04289194863
11.4	-1.982854487	0.222064497
11.5	-1.952768674	0.3757650747
11.6	-1.908402575	0.5084337294
11.7	-1.851632177	0.6245832733
11.8	-1.783896695	0.728392877
11.9	-1.706241525	0.823546809
12	-1.619369721	0.9132137777
12.1	-1.52369129	1.00009287
12.2	-1.419367017	1.086480888
12.3	-1.306346109	1.174328584
12.4	-1.184397375	1.265271303
12.5	-1.053144427	1.360619883
12.6	-0.9120960621	1.461277875
12.7	-0.7606990647	1.567605556
12.8	-0.5983998545	1.679150906
12.9	-0.4247471616	1.79428902
13	-0.2395298175	1.909727336
13.1	-0.04297245691	2.019945745
13.2	0.1640146443	2.116719869
13.3	0.3795572271	2.188995778
13.4	0.6005561471	2.223531246
13.5	0.8225484763	2.206704225
13.6	1.039811726	2.127530399
13.7	1.245807227	1.98124413
13.8	1.433951116	1.771990447
13.9	1.598542272	1.513062087
14	1.735561537	1.224126072
14.1	1.84308238	0.9265312272
14.2	1.921201466	0.638749969
14.3	1.971594628	0.3736240203
14.4	1.996909556	0.1378234248
14.5	2.000191812	-0.06711625754
14.6	1.984452628	-0.2431274203
14.7	1.952404038	-0.3940293327
14.8	1.906332539	-0.52435666
14.9	1.848067198	-0.6386362471
15	1.779001292	-0.7410185242
15.1	1.700138215	-0.8351410813
15.2	1.612143899	-0.924122616
15.3	1.515396248	-1.01061539
15.4	1.410028122	-1.096874878
15.5	1.295964855	-1.184815013
15.6	1.172954962	-1.276037802
15.7	1.040605162	-1.371812149
15.8	0.8984116222	-1.472997014
15.9	0.745814931	-1.579879985
16	0.5822630019	-1.691912518
16.1	0.4073177451	-1.807322126
16.2	0.2207999392	-1.922614494
16.3	0.02298861357	-2.032008895
16.4	-0.1851243245	-2.126978427
16.5	-0.4015508964	-2.196182718
16.6	-0.6230551682	-2.226209644
16.7	-0.8450320546	-2.203516254
16.8	-1.061642097	-2.117559155
16.9	-1.266292297	-1.964370407
17	-1.45243544	-1.749072665
17.1	-1.614501312	-1.485811142
17.2	-1.748668192	-1.194699196
17.3	-1.853226318	-0.8970251404
17.4	-1.928461816	-0.610807669
17.5	-1.976184011	-0.348264974
17.6	-1.999112287	-0.1154779769
17.7	-2.000311557	0.08645977393
17.8	-1.982777038	0.2597524412
17.9	-1.949184854	0.4083505317
18	-1.901777641	0.5368242286
18.1	-1.842340086	0.6496815809
18.2	-1.772224403	0.751029385
18.3	-1.692397735	0.8444543885
18.4	-1.603494708	0.9330269013
18.5	-1.505866651	1.019357088
18.6	-1.399623711	1.105663704
18.7	-1.284671437	1.193829122
18.8	-1.160743057	1.285424288
18.9	-1.027430815	1.381681077
19	-0.8842238421	1.48341258
19.1	-0.7305575027	1.590837239
19.2	-0.5658867596	1.703305367
19.3	-0.3897903438	1.818902763
19.4	-0.2021224679	1.933934017
19.5	-0.003220039306	2.042366761
19.6	0.2058403685	2.135390944
19.7	0.4229598731	2.20140791
19.8	0.6447705815	2.226883781
19.9	0.8665346697	2.198407785
20	1.082310622	2.105918357
20.1	1.285468599	1.946253142
20.2	1.46951383	1.725471455
20.3	1.629016316	1.458483628
20.4	1.76035171	1.165749769
20.5	1.862017491	0.8684209693
20.6	1.934474085	0.5840290347
20.7	1.979648298	0.3241789635
20.8	2.000317562	0.09439796421
20.9	1.999556746	-0.1046204017
21	1.980339299	-0.275316321
21.1	1.945302927	-0.4217450599
21.2	1.896646046	-0.5484962815
21.3	1.836109746	-0.6600508139
21.4	1.765006527	-0.7604682254
21.5	1.6842689	-0.8532842585
21.6	1.594501838	-0.94152132
21.7	1.496031154	-1.027748796
21.8	1.388945816	-1.114150876
21.9	1.273133017	-1.20257947
22	1.148310691	-1.294572839
22.1	1.014059288	-1.391329848
22.2	0.8698597309	-1.49361233
22.3	0.7151466292	-1.601570084
22.4	0.5493803601	-1.714451288
22.5	0.3721588642	-1.830190488
22.6	0.183374074	-1.944892245
22.7	-0.01657831346	-2.052269436
22.8	-0.2265357983	-2.143231563
22.9	-0.4442851844	-2.205939467
23	-0.666327023	-2.226756374
23.1	-0.8877944752	-2.192439232
23.2	-1.102650728	-2.093445169
23.3	-1.304238913	-1.927436962
23.4	-1.486127054	-1.701397429
23.5	-1.643032714	-1.43096045
23.6	-1.77153076	-1.136873853
23.7	-1.87032268	-0.8401035314
23.8	-1.94003642	-0.5576726601
23.9	-1.982708465	-0.3005745713
24	-2.001167373	-0.07380021002
24.1	-1.99849305	0.1223357148
24.2	-1.977634519	0.2904903975
24.3	-1.941189887	0.4348112613
24.4	-1.891313147	0.5598996064
24.5	-1.829702217	0.6702051855
24.6	-1.757630585	0.7697391464
24.7	-1.675996753	0.8619857339
24.8	-1.585376603	0.9499209438
24.9	-1.486071518	1.036073934
25	-1.37814921	1.122594615
25.1	-1.261479099	1.211303885
25.2	-1.135764593	1.303711562
25.3	-1.000574533	1.40097624
25.4	-0.8553830874	1.503812833
25.5	-0.699622626	1.612296977
25.6	-0.5327624619	1.725568837
25.7	-0.3544212031	1.841412899
25.8	-0.1645282768	1.955724499
25.9	0.03645797781	2.061959584
26	0.2472852177	2.150749197
26.1	0.4656254299	2.210017712
26.2	0.6878469711	2.226052678
26.3	0.9089556597	2.185810865
26.4	1.122825061	2.080300795
26.5	1.322779692	1.908030108
26.6	1.50245937	1.676898673
26.7	1.656736073	1.403225836
26.8	1.782386542	1.10799882
26.9	1.878313776	0.8119571148
27	1.945307719	0.5315946563
27.1	1.985508188	0.2772956541
27.2	2.001789584	0.05352852214
27.3	1.997233157	-0.1397534323
27.4	1.974761209	-0.3054099092
27.5	1.936931426	-0.4476698536
27.6	1.885853309	-0.571140489
27.7	1.823181926	-0.6802377217
27.8	1.750152223	-0.7789232771
27.9	1.667629293	-0.8706306851
28	1.576160581	-0.9582894114
28.1	1.476022941	-1.044389149
28.2	1.367263704	-1.131046558
28.3	1.249734927	-1.220052876
28.4	1.123125222	-1.312884233
28.5	0.9869926784	-1.410665134
28.6	0.8408043612	-1.514055957
28.7	0.6839933347	-1.623057837
28.8	0.5160367436	-1.736701871
28.9	0.3365751133	-1.852611569
29	0.1455797376	-1.966471612
29.1	-0.05642696558	-2.071476226
29.2	-0.2681016205	-2.157977329
29.3	-0.4869977764	-2.213679017
29.4	-0.7093508619	-2.224809307
29.5	-0.9300419869	-2.178557508
29.6	-1.142860607	-2.066518563
29.7	-1.341120952	-1.888063872
29.8	-1.518543581	-1.651999147
29.9	-1.670161303	-1.375293644
30	-1.792954496	-1.079125162
30.1	-1.886025399	-0.7839687353
30.2	-1.950320754	-0.5057725612
30.3	-1.988077738	-0.2543132046
30.4	-2.002211463	-0.03355110454
30.5	-1.995801045	0.1569052975
30.6	-1.971740302	0.3201043958
30.7	-1.932545655	0.460347633
30.8	-1.880282095	0.5822426651
30.9	-1.816562202	0.6901691768
31	-1.742582898	0.7880390444
31.1	-1.659176338	0.8792347588
31.2	-1.566861757	0.9666405237
31.3	-1.465892407	1.052707326
31.4	-1.356295138	1.13951844
31.5	-1.23790465	1.228834055
31.6	-1.110395919	1.322102136
31.7	-0.9733160301	1.420403375
31.8	-0.8261263592	1.524350537
31.9	-0.6682593797	1.633861708
32	-0.4992031595	1.747854666
32.1	-0.3186216285	1.86379081
32.2	-0.1265281305	1.977136002
32.3	0.07648679998	2.08082051
32.4	0.2889856671	2.164918922
32.5	0.5084023021	2.216921724
32.6	0.7308388823	2.2230247
32.7	0.9510538616	2.170682166
32.8	1.16275847	2.052107407
32.9	1.359265112	1.867551945
33	1.534383715	1.626716325
33.1	1.683314054	1.347180282
33.2	1.803241937	1.050265291
33.3	1.893465965	0.7561449403
33.4	1.955084243	0.480205786
33.5	1.990425434	0.2316220591
33.6	2.002440616	0.01386006942
33.7	1.994203548	-0.1738004477
33.8	1.968577661	-0.3345832524
33.9	1.928037539	-0.4728532799
34	1.874603667	-0.5932138925
34.1	1.809846489	-0.7000063665
34.2	1.734925348	-0.7970920528
34.3	1.650640027	-0.8878032835
34.4	1.557482107	-0.9749789152
34.5	1.455681158	-1.061032092
34.6	1.345244396	-1.148013257
34.7	1.225989272	-1.23765341
34.8	1.09757755	-1.331366356
34.9	0.959545133	-1.430196615
35	0.8113483589	-1.534696229
35.1	0.65242109	-1.64470834
35.2	0.4822614185	-1.75902707
35.3	0.3005598287	-1.874946815
35.4	0.1073745358	-1.987711825
35.5	-0.09663583665	-2.08998239
35.6	-0.309935382	-2.171560394
35.7	-0.5298359161	-2.219735201
35.8	-0.7523066399	-2.220690857
35.9	-0.9719861187	-2.16218192
36	-1.182513446	-2.037072389
36.1	-1.377207822	-1.846507909
36.2	-1.549977209	-1.601068853
36.3	-1.696193894	-1.318906146
36.4	-1.813250172	-1.021436103
36.5	-1.900637988	-0.7284963196
36.6	-1.959601367	-0.4548995235
36.7	-1.992554886	-0.2092224543
36.8	-2.002480561	0.005547705877
36.9	-1.992443699	0.1904435786
37	-1.965275859	0.3488514512
37.1	-1.92340915	0.485191676
37.2	-1.868819614	0.6040585979
37.3	-1.803035957	0.7097531805
37.4	-1.727180462	0.8060858347
37.5	-1.642020874	0.8963387851
37.6	-1.548021686	0.9833071127
37.7	-1.445389423	1.069365593
37.8	-1.334111085	1.156533201
37.9	-1.213988762	1.246510572
38	-1.084668927	1.340678766
38.1	-0.9456792332	1.440041496
38.2	-0.7964701584	1.545095585
38.3	-0.6364772703	1.655595462
38.4	-0.4652120411	1.770215365
38.5	-0.2823907308	1.886075977
38.6	-0.08811832961	1.99819191
38.7	0.1168725734	2.098954306
38.8	0.3309474302	2.177891895
38.9	0.5512945282	2.222105415
39	0.7737492009	2.217796858
39.1	0.9928333531	2.153052797
39.2	1.202120411	2.021418373
39.3	1.394944947	1.824945415
39.4	1.565321288	1.575076248
39.5	1.708799831	1.290489977
39.6	1.822980093	0.9926528326
39.7	1.907543861	0.7010330722
39.8	1.96387547	0.4298579978
39.9	1.994469312	0.1871141912
40	2.002334311	-0.02467482596
40.1	1.990524253	-0.2068386227
40.2	1.961837189	-0.3629135981
40.3	1.918662326	-0.4973672356
40.4	1.862931369	-0.6147807431
40.5	1.796131659	-0.7194129499
40.6	1.719348902	-0.8150231815
40.7	1.633319463	-0.9048441673
40.8	1.53848093	-0.9916268211
40.9	1.435016927	-1.077709801
41	1.322895716	-1.165079385
41.1	1.201901803	-1.255406673
41.2	1.07167043	-1.350040117
41.3	0.9317179285	-1.44994132
41.4	0.7814911134	-1.555545263
41.5	0.6204286122	-1.666522937
41.6	0.44805416	-1.781417647
41.7	0.2641137882	-1.897171755
41.8	0.06876224695	-2.008568383
41.9	-0.137194843	-2.107723239
42	-0.3520194182	-2.183898797
42.1	-0.5727739237	-2.224022333
42.2	-0.7951610215	-2.21433527
42.3	-1.013589199	-2.143292803
42.4	-1.221572916	-2.005151975
42.5	-1.412471056	-1.802879237
42.6	-1.580412606	-1.548757624
42.7	-1.721130659	-1.261952593
42.8	-1.832432189	-0.9639323213
42.9	-1.914185242	-0.6737658272
43	-1.967908739	-0.4050865005
43.1	-1.996171603	-0.1652980697
43.2	-2.002004652	0.04352380775
43.3	-1.988447593	0.222989504
43.4	-1.958263659	0.376773834
43.5	-1.913798655	0.5093840101
43.6	-1.856940116	0.6253839824
43.7	-1.789134454	0.7289889897
43.8	-1.711431319	0.8239069619
43.9	-1.624535972	0.9133212839
44	-1.528859721	0.9999405306
44.1	-1.424563966	1.086066167
44.2	-1.311597242	1.17365373
44.3	-1.189729435	1.264343752
44.4	-1.05858091	1.359451012
44.5	-0.9176607042	1.459893646
44.6	-0.7664110223	1.566047251
44.7	-0.6042736286	1.677487657
44.8	-0.4307882557	1.792628748
44.9	-0.2457303522	1.908229316
45	-0.04930562492	2.018832643
45.1	0.1576011116	2.11628081
45.2	0.3731475514	2.18957144
45.3	0.5942695464	2.225472189
45.4	0.8165366716	2.21029599
45.5	1.034247827	2.132899344
45.6	1.240865554	1.988278748
45.7	1.429781791	1.7803224
45.8	1.595248139	1.522131426
45.9	1.733185196	1.233311776
46	1.841607162	0.9352892792
46.1	1.920564197	0.646704062
46.2	1.971704116	0.3805885671
46.3	1.997664424	0.14377373
46.4	2.001494157	-0.06209707073
46.5	1.986216023	-0.238900026
46.6	1.954557132	-0.390436397
46.7	1.908819605	-0.5212459717
46.8	1.850846964	-0.6358718941
46.9	1.7820451	-0.7384842616
47	1.70342807	-0.8327395923
47.1	1.615670719	-0.9217728403
47.2	1.519158317	-1.008249643
47.3	1.414029964	-1.094436508
47.4	1.300216192	-1.182256899
47.5	1.177469681	-1.273321721
47.6	1.045400567	-1.368912183
47.7	0.9035068238	-1.469900633
47.8	0.7512292383	-1.576598645
47.9	0.5880130071	-1.688488774
48	0.4134138127	-1.803846478
48.1	0.2272400396	-1.919242184
48.2	0.02975115769	-2.028976458
48.3	-0.1780887615	-2.124613715
48.4	-0.3943289589	-2.194894565
48.5	-0.6157768561	-2.226443864
48.6	-0.8378703878	-2.205671488
48.7	-1.054802826	-2.121871458
48.8	-1.259992072	-1.97080753
48.9	-1.446872139	-1.757292303
49	-1.609825045	-1.495218686
49.1	-1.744962671	-1.204588153
49.2	-1.850505852	-0.9067391968
49.3	-1.926682742	-0.6198571308
49.4	-1.975264085	-0.3563685107
49.5	-1.998950828	-0.1225411139
49.6	-2.000805638	0.08039763024
49.7	-1.983831967	0.2545741511
49.8	-1.950719644	0.4039054887
49.9	-1.903726772	0.5329571926
50	-1.844653107	0.6462480708
50.1	-1.774864483	0.7479020064
50.2	-1.695339867	0.8415238999
50.3	-1.606723971	0.9302006574
50.4	-1.509376665	1.016556502
50.5	-1.403415278	1.102822243
50.6	-1.288751645	1.190890614
50.7	-1.165123776	1.282343143
50.8	-1.032128365	1.378423731
50.9	-0.8892567047	1.479962019
51	-0.7359449156	1.587199617
51.1	-0.5716458119	1.699522496
51.2	-0.3959313307	1.815066343
51.3	-0.2086433366	1.930204337
51.4	-0.0100987862	2.038991189
51.5	0.1986556912	2.132712745
51.6	0.4155598923	2.199855415
51.7	0.637291159	2.226923499
51.8	0.8591565574	2.200452487
51.9	1.075248259	2.110207821
52	1.278947031	1.952745733
52.1	1.463737791	1.733804519
52.2	1.624140513	1.468038305
52.3	1.756462142	1.175799214
52.4	1.859129114	0.8782958196
52.5	1.932542936	0.5932333228
52.6	1.978591384	0.3324291617
52.7	2.000033356	0.1015992699
52.8	1.999941467	-0.09842827305
52.9	1.981297478	-0.2700158609
53	1.946752803	-0.4171853629
53.1	1.898521371	-0.5445216078
53.2	1.8383594	-0.65651601
53.3	1.767593087	-0.7572450604
53.4	1.687166869	-0.8502624888
53.5	1.597695876	-0.9386071359
53.6	1.499514591	-1.024862635
53.7	1.392719365	-1.111225009
53.8	1.277203502	-1.199556889
53.9	1.152690303	-1.291407191
54	1.018764056	-1.387987399
54.1	0.8749083853	-1.490076249
54.2	0.7205583667	-1.597848775
54.3	0.5551717776	-1.710588908
54.4	0.378339861	-1.826283793
54.5	0.1899413475	-1.941109258
54.6	-0.009649289167	-2.048866852
54.7	-0.2192999291	-2.14056365
54.8	-0.4368371888	-2.204443873
54.9	-0.6588077112	-2.226902454
55	-0.8803893753	-2.194633811
55.1	-1.095577818	-2.097909815
55.2	-1.297724467	-1.934102728
55.3	-1.480374219	-1.70987396
55.4	-1.638192168	-1.440610071
55.5	-1.767683277	-1.146964643
55.6	-1.867478113	-0.8499737441
55.7	-1.938146891	-0.5668411081
55.8	-1.981688696	-0.3087735592
55.9	-2.000914974	-0.08094758183
56	-1.998904415	0.1161922414
56.1	-1.978614919	0.2852292167
56.2	-1.942658591	0.4302801306
56.3	-1.89320497	0.5559431034
56.4	-1.831967032	0.6666791892
56.5	-1.760231844	0.7665166435
56.6	-1.678909699	0.8589576073
56.7	-1.588586568	0.946994443
56.8	-1.489572411	1.033170134
56.9	-1.38194214	1.119646545
57	-1.265571516	1.208255055
57.1	-1.140168723	1.300516506
57.2	-1.00530699	1.397601499
57.3	-0.8604624397	1.50024521
57.4	-0.7050684165	1.608545336
57.5	-0.5385908795	1.721683636
57.6	-0.3606405404	1.837495515
57.7	-0.1711339625	1.951950581
57.8	0.02949229161	2.058595736
57.9	0.2400185177	2.148157516
58	0.4581568259	2.208644493
58.1	0.6803216036	2.226366778
58.2	0.9015631388	2.188207241
58.3	1.115785698	2.084977956
58.4	1.316319299	1.914888902
58.5	1.496777592	1.685519694
58.6	1.651977809	1.412954177
58.7	1.77862575	1.118101607
58.8	1.875554252	0.8217855807
58.9	1.943497232	0.5406874014
59	1.984559003	0.2854038162
59.1	2.001598551	0.06058446341
59.2	1.997697094	-0.1336927376
59.3	1.97578655	-0.3002184218
59.4	1.938438809	-0.4431941507
59.5	1.88777896	-0.5672256824
59.6	1.825477027	-0.6767410848
59.7	1.752781381	-0.7757195074
59.8	1.670568781	-0.8676121743
59.9	1.57939647	-0.9553646347
60	1.479549901	-1.041480663
60.1	1.371083611	-1.128088136
60.2	1.253855273	-1.216988692
60.3	1.127559429	-1.309670716
60.4	0.9917568988	-1.407270057
60.5	0.845918061	-1.510466322
60.6	0.6894751414	-1.619288837
60.7	0.5219021882	-1.732804716
60.8	0.3428327837	-1.848695611
60.9	0.1522227362	-1.962721058
61	-0.04942872225	-2.068166383
61.1	-0.2608095587	-2.155481738
61.2	-0.4795151307	-2.212447063
61.3	-0.7018277674	-2.225307454
61.4	-0.9226717781	-2.181167957
61.5	-1.135865391	-2.071414466
61.6	-1.334725531	-1.895114012
61.7	-1.512943508	-1.660756993
61.8	-1.665495072	-1.385089855
61.9	-1.789289169	-1.089228488
62	-1.88335857	-0.7937446629
62.1	-1.948595797	-0.5147794942
62.2	-1.987204704	-0.2623221353
62.3	-2.002086623	-0.04050884376
62.4	-1.996321828	0.1509330973
62.5	-1.972814295	0.3149874532
62.6	-1.934095003	0.4559313745
62.7	-1.8822445	0.5783730256
62.8	-1.818890197	0.6867050019
62.9	-1.745242254	0.7848565789
63	-1.66214428	0.876228249
63.1	-1.570125448	0.9637199891
63.2	-1.469447104	1.049795897
63.3	-1.360143115	1.136551354
63.4	-1.242054783	1.225757707
63.5	-1.114860958	1.318871056
63.6	-0.9781131845	1.41699002
63.7	-0.831274411	1.520742115
63.8	-0.6737774959	1.630076023
63.9	-0.5051064685	1.743949571
64	-0.3249168286	1.859881112
64.1	-0.1332070097	1.973413792
64.2	0.06945651444	2.07757077
64.3	0.2816696106	2.162523024
64.4	0.5009082182	2.215835303
64.5	0.7233211358	2.223711371
64.6	0.943709473	2.173509208
64.7	1.155811149	2.057221984
64.8	1.352938226	1.874791501
64.9	1.528868364	1.635606636
65	1.678742257	1.357038103
65.1	1.799673671	1.060362307
65.2	1.890892827	0.7658626113
65.3	1.953445473	0.4891236142
65.4	1.989628907	0.2395297664
65.5	2.002382169	0.02071863595
65.6	1.994781265	-0.1679168317
65.7	1.969700445	-0.3295405442
65.8	1.929629001	-0.4684961594
65.9	1.876602994	-0.5893890903
66	1.812207566	-0.6965742866
66.1	1.737615158	-0.7939308313
66.2	1.653636834	-0.8848085874
66.3	1.560773788	-0.9720621531
66.4	1.459263833	-1.05811792
66.5	1.34912106	-1.145037753
66.6	1.230168834	-1.234562807
66.7	1.102073716	-1.328118895
66.8	0.964375131	-1.426763681
66.9	0.8165314444	-1.531069532
67	0.6579757735	-1.640907924
67.1	0.4882024396	-1.755115157
67.2	0.3068929382	-1.871045433
67.3	0.1140892213	-1.984021165
67.4	-0.08957460269	-2.0867972
67.5	-0.3025967237	-2.169271202
67.6	-0.5223320618	-2.218800746
67.7	-0.7447965033	-2.22157103
67.8	-0.964670159	-2.165228134
67.9	-1.175616649	-2.042404615
68	-1.370951838	-1.853931699
68.1	-1.544548402	-1.610084204
68.2	-1.691717626	-1.32881783
68.3	-1.809779441	-1.03152064
68.4	-1.898158473	-0.7381515735
68.5	-1.958048339	-0.4637256705
68.6	-1.991834265	-0.2170281812
68.7	-2.002487903	-0.001212116761
68.8	-1.993077848	0.1846476546
68.9	-1.966447013	0.3438818825
69	-1.925042434	0.4808925177
69.1	-1.87085569	0.6002775674
69.2	-1.80543005	0.7063523057
69.3	-1.729900711	0.8029449543
69.4	-1.645046549	0.8933552896
69.5	-1.55134156	0.9803937079
69.6	-1.449000256	1.0664481
69.7	-1.338016558	1.153548653
69.8	-1.21819825	1.243406653
69.9	-1.089196539	1.337414235
70	-0.9505425401	1.43659005
70.1	-0.8016882488	1.541450616
70.2	-0.6420687925	1.651780609
70.3	-0.471190949	1.766298277
70.4	-0.2887613366	1.882184862
70.5	-0.09486848815	1.99453575
70.6	0.1097807593	2.095837172
70.7	0.3235871425	2.175712113
70.8	0.5437823851	2.221326635
70.9	0.7662484851	2.218873569
71	0.9855478408	2.156319091
71.1	1.195276127	2.026966595
71.2	1.388761513	1.832549626
71.3	1.559980143	1.584210763
71.4	1.704419548	1.300449174
71.5	1.819606683	1.002719291
71.6	1.905157303	0.7106221613
71.7	1.962407278	0.4385909225
71.8	1.993823631	0.1948178388
71.9	2.002406486	-0.01801297815
72	1.991213975	-0.2011290501
72.1	1.963056008	-0.3580156677
72.2	1.920336866	-0.4931246184
72.3	1.86500376	-0.6110421902
72.4	1.798558457	-0.7160421468
72.5	1.722099403	-0.8119017602
72.6	1.636373928	-0.9018710057
72.7	1.541828916	-0.9887160567
72.8	1.438655975	-1.074788425
72.9	1.326830056	-1.162085581
73	1.206141329	-1.252288541
73.1	1.076229677	-1.346758555
73.2	0.9366143894	-1.446470064
73.3	0.7867448011	-1.55188292
73.4	0.6260568511	-1.662694585
73.5	0.4540710156	-1.777495785
73.6	0.2705223471	-1.893292978
73.7	0.07554739441	-2.004949353
73.8	-0.1300734366	-2.104678363
73.9	-0.3446385115	-2.181835237
74	-0.5652549908	-2.223404432
74.1	-0.787671698	-2.215612236
74.2	-1.00633639	-2.146780591
74.3	-1.214783393	-2.010913735
74.4	-1.406362065	-1.810657303
74.5	-1.575160308	-1.558003532
74.6	-1.716846838	-1.271951914
74.7	-1.829156011	-0.9739752027
74.8	-1.911891072	-0.6832853073
74.9	-1.966524533	-0.4137244346
75	-1.995599874	-0.1728995132
75.1	-2.002140778	0.03695894194
75.2	-1.98919213	0.2173649616
75.3	-1.959529518	0.3719460667
75.4	-1.915513987	0.5051964654
75.5	-1.859048505	0.621686616
75.6	-1.791593752	0.7256471357
75.7	-1.714211937	0.8208039185
75.8	-1.627619168	0.9103577608
75.9	-1.532235957	0.9970316625
76	-1.428231236	1.083140304
76.1	-1.315560772	1.17064958
76.2	-1.193999	1.261211639
76.3	-1.063172116	1.356151626
76.4	-0.922591219	1.456405081
76.5	-0.7716998253	1.562366122
76.6	-0.6099394045	1.673645989
76.7	-0.4368430736	1.788704739
76.8	-0.2521757333	1.904364456
76.9	-0.05612600072	2.015254038
77	0.1504502394	2.113310906
77.1	0.365747283	2.18762439
77.2	0.5867453772	2.225018135
77.3	0.8090605134	2.211775443
77.4	1.027029602	2.136608604
77.5	1.234132515	1.994252424
77.6	1.423748574	1.788271811
77.7	1.590085602	1.531483654
77.8	1.728998078	1.243345489
77.9	1.838427761	0.9453032779
78	1.918361587	0.6561505504
78.1	1.970402812	0.3891304919
78.2	1.997165691	0.1512731491
78.3	2.001693215	-0.05562839568
78.4	1.987014469	-0.2333590649
78.5	1.955869285	-0.3856772949
78.6	1.910575105	-0.5171121497
78.7	1.852990842	-0.6322144528
78.8	1.784536517	-0.7351702907
78.9	1.706238616	-0.8296542511
79	1.618782511	-0.9188178598
79.1	1.522562497	-1.005342194
79.2	1.417725716	-1.091505492
79.3	1.304208452	-1.179242954
79.4	1.181770247	-1.270175071
79.5	1.050023507	-1.365595433
79.6	0.9084711805	-1.466392446
79.7	0.756553806	-1.572900448
79.8	0.593715591	-1.684634878
79.9	0.419506433	-1.799920183
80	0.2337229764	-1.915393516
80.1	0.03660552885	-2.025440716
80.2	-0.1709098161	-2.121723577
80.3	-0.3869105151	-2.193072173
80.4	-0.6082491409	-2.22615905
80.5	-0.8304095715	-2.207356984
80.6	-1.047621557	-2.125802956
80.7	-1.25331778	-1.976989226
80.8	-1.440916521	-1.765404669
80.9	-1.604753277	-1.504668386
81	-1.740872567	-1.214648538
81.1	-1.847423001	-0.9167191078
81.2	-1.924570936	-0.6292274955
81.3	-1.974044773	-0.3648127826
81.4	-1.998523909	-0.1299385521
81.5	-2.001066645	0.07402401451
81.6	-1.984683457	0.249115477
81.7	-1.952077358	0.399213577
81.8	-1.905521878	0.5288756269
81.9	-1.846832063	0.6426293098
82	-1.777387714	0.744614814
82.1	-1.698180023	0.8384550814
82.2	-1.609864185	0.9272538031
82.3	-1.512808939	1.013649605
82.4	-1.407139159	1.099885713
82.5	-1.29277322	1.187865541
82.6	-1.169454223	1.279181246
82.7	-1.036783509	1.375089175
82.8	-0.894254803	1.476435052
82.9	-0.7413053023	1.583484023
83	-0.5773857931	1.695657303
83.1	-0.4020618258	1.811139977
83.2	-0.2151632584	1.926374187
83.3	-0.01698725268	2.035501859
83.4	0.1914492089	2.129905842
83.5	0.4081245457	2.198160771
83.6	0.6297615924	2.226811811
83.7	0.8517130856	2.20234661
83.8	1.06810611	2.114361679
83.9	1.272333519	1.959133225
84	1.457861388	1.74207563
84.1	1.619160594	1.477579683
84.2	1.752469439	1.185880282
84.3	1.85614257	0.8882366136
84.4	1.930521361	0.6025245482
84.5	1.97745326	0.3407747667
84.6	1.999677503	0.1088949232
84.7	2.000263659	-0.09214884119
84.8	1.982201371	-0.2646381056
84.9	1.94815558	-0.4125592605
85	1.900355705	-0.5404910283
85.1	1.84057317	-0.6529347719
85.2	1.770147986	-0.7539836822
85.3	1.690036641	-0.8472094579
85.4	1.600864541	-0.9356674996
85.5	1.502974958	-1.021955807
85.6	1.396471707	-1.108282347
85.7	1.281254299	-1.196520546
85.8	1.15705149	-1.288230058
85.9	1.023451452	-1.384634803
86	0.879940691	-1.486530322
86.1	0.7259547549	-1.594116682
86.2	0.560949042	-1.706712933
86.3	0.3845083236	-1.822358511
86.4	0.196498291	-1.937299906
86.5	-0.002727487427	-2.045427003
86.6	-0.2120668283	-2.137844703
86.7	-0.429386095	-2.202881874
86.8	-0.6512779363	-2.226967992
86.9	-0.872965262	-2.196739051
87	-1.088476909	-2.102285803
87.1	-1.291173686	-1.940692324
87.2	-1.474578509	-1.718297444
87.3	-1.633304861	-1.45023556
87.4	-1.763788069	-1.15705965
87.5	-1.864587434	-0.8598706812
87.6	-1.936214709	-0.5760504491
87.7	-1.980630729	-0.3170195498
87.8	-2.000629111	-0.08814188098
87.9	-1.999286836	0.1100057869
88	-1.979570388	0.2799309314
88.1	-1.944105755	0.4257183085
88.2	-1.895078011	0.5519620804
88.3	-1.834215234	0.6631342248
88.4	-1.762818137	0.7632799769
88.5	-1.681808885	0.855919426
88.6	-1.591783609	0.9440613366
88.7	-1.493060883	1.030262622
88.8	-1.385722895	1.116697204
88.9	-1.269651791	1.205206972
89	-1.144560539	1.297323596
89.1	-1.010026973	1.394230969
89.2	-0.8655289717	1.496680525
89.3	-0.7105009958	1.60479662
89.4	-0.5444057097	1.717797915
89.5	-0.3668468148	1.833572987
89.6	-0.1777276164	1.948164304
89.7	0.02253740721	2.055208457
89.8	0.2327595606	2.145530066
89.9	0.450691315	2.20721918
90	0.6727933134	2.226613347
90.1	0.8941603561	2.190525721
90.2	1.108728086	2.089575528
90.3	1.309833085	1.921677274
90.4	1.491063932	1.694089953
90.5	1.647183877	1.42265726
90.6	1.774828118	1.128204525
90.7	1.872758955	0.8316341128
90.8	1.941653602	0.5498124585
90.9	1.983580217	0.2935495467
91	2.001381724	0.06767787537
91.1	1.998138845	-0.1275981171
91.2	1.97679284	-0.2949981196
91.3	1.939929752	-0.4386951397
91.4	1.889690236	-0.5632928606
91.5	1.827759313	-0.6732311877
91.6	1.755398844	-0.7725065499
91.7	1.673497264	-0.8645879486
91.8	1.582621811	-0.9524372419
91.9	1.483066485	-1.038571903
92	1.374892934	-1.125131582
92.1	1.257965035	-1.213928331
92.2	1.131982282	-1.306461935
92.3	0.9965094663	-1.403880758
92.4	0.8510192873	-1.506883185
92.5	0.6949438909	-1.615524158
92.6	0.5277546149	-1.728909796
92.7	0.3490770985	-1.844777465
92.8	0.1588527837	-1.958960309
92.9	-0.04244148199	-2.064835505
93	-0.2535256406	-2.152950557
93.1	-0.4720364991	-2.211162924
93.2	-0.6943027678	-2.225738637
93.3	-0.9152924831	-2.183701593
93.4	-1.128853353	-2.076232746
93.5	-1.328305953	-1.902097017
93.6	-1.507313403	-1.66946763
93.7	-1.660795248	-1.394863245
93.8	-1.785589174	-1.099332781
93.9	-1.880658209	-0.803540271
94	-1.946839949	-0.5238177343
94.1	-1.986304147	-0.270366799
94.2	-2.001937841	-0.04750186281
94.3	-1.996822029	0.1449290959
94.4	-1.973870653	0.309843728
94.5	-1.935629115	0.4514937369
94.6	-1.884193546	0.5744870734
94.7	-1.821206228	0.6832290025
94.8	-1.74789064	0.7816662914
94.9	-1.66510192	0.8732171994
95	-1.573379072	0.9607975962
95.1	-1.472991769	1.046885236
95.2	-1.363981061	1.133587021
95.3	-1.246194134	1.222684915
95.4	-1.119314915	1.315645916
95.5	-0.9828985987	1.413582457
95.6	-0.8364102596	1.517140191
95.7	-0.6792827936	1.626295725
95.8	-0.5109965613	1.740046936
95.9	-0.3311988437	1.855968884
96	-0.1398732972	1.969681136
96.1	0.06243728115	2.074299325
96.2	0.2743617292	2.160091385
96.3	0.4934178975	2.214696873
96.4	0.7158011866	2.224331237
96.5	0.936355654	2.176259928
96.6	1.148846655	2.062259983
96.7	1.346586961	1.881965299
96.8	1.523323024	1.644451518
96.9	1.674137166	1.366875248
97	1.796071267	1.070462287
97.1	1.888286801	0.7756012054
97.2	1.951776496	0.4980730153
97.3	1.98880558	0.2474730653
97.4	2.002300474	0.02761193961
97.5	1.995339036	-0.1620022361
97.6	1.970806133	-0.3244719027
97.7	1.931205697	-0.4641184173
97.8	1.878589362	-0.585548666
97.9	1.814557021	-0.6931310238
98	1.740294266	-0.7907622462
98.1	1.656623504	-0.8818097902
98.2	1.564055606	-0.9691440618
98.3	1.462836653	-1.055204761
98.4	1.352987663	-1.142065203
98.5	1.234337966	-1.231476919
98.6	1.106558879	-1.324877255
98.7	0.9691935479	-1.423337312
98.8	0.8217022452	-1.52744929
98.9	0.6635175939	-1.63711264
99	0.4941302696	-1.751205438
99.1	0.3132128157	-1.867140956
99.2	0.1207913892	-1.980319187
99.3	-0.08252413943	-2.083589057
99.4	-0.2952658497	-2.166944347
99.5	-0.5148314575	-2.217812516
99.6	-0.7372834971	-2.22238301
99.7	-0.9573440214	-2.168197454
99.8	-1.168701949	-2.047660844
99.9	-1.364670854	-1.861291551
100	-1.53908918	-1.619056571
100.1	-1.687207869	-1.338711367
100.2	-1.806274597	-1.041610145
100.3	-1.895646271	-0.7478290919
100.4	-1.956465417	-0.4725840901
100.5	-1.991087195	-0.2248695956
100.6	-2.002472328	-0.008006403249
100.7	-1.993692346	0.1788211934
100.8	-1.967601318	0.3388868949
100.9	-1.926661145	0.4765732432
101	-1.872878952	0.5964813697
101.1	-1.807812622	0.7029406386
101.2	-1.732610328	0.7997970675
101.3	-1.648062134	0.8903679795
101.4	-1.554651576	0.9774792036
101.5	-1.452601217	1.063531832
101.6	-1.341911944	1.1505673
101.7	-1.222397237	1.240307479
101.8	-1.093713132	1.334155679
101.9	-0.9553941685	1.433145163
102	-0.8068940433	1.537811976
102.1	-0.6476474231	1.647970743
102.2	-0.4771565946	1.762382934
102.3	-0.2951187836	1.878289941
102.4	-0.1016062892	1.990867227
102.5	0.1026995408	2.092695731
102.6	0.3162343017	2.173493387
102.7	0.5362729775	2.220492875
102.8	0.7587442475	2.219881115
102.9	0.978251425	2.159508246
103	1.188413214	2.032439464
103.1	1.382552476	1.840091323
103.2	1.554608184	1.59330442
103.3	1.700005621	1.310392611
103.4	1.816199228	1.012792735
103.5	1.90273828	0.7202348196
103.6	1.96090949	0.4473566971
103.7	1.993151838	0.2025572415
103.8	2.002456081	-0.01131694321
103.9	1.991884342	-0.1953894083
104	1.964258225	-0.3530928314
104.1	1.92199703	-0.4888623737
104.2	1.867063489	-0.6072889173
104.3	1.80097384	-0.7126609459
104.4	1.724839341	-0.8087736479
104.5	1.63941833	-0.8988943058
104.6	1.545167054	-0.9858044454
104.7	1.44228515	-1.07186847
104.8	1.330754271	-1.159095056
104.9	1.21037035	-1.249175408
105	1.080777783	-1.343482996
105.1	0.9414994333	-1.443006111
105.2	0.7919858842	-1.54822626
105.3	0.6316723073	-1.658870788
105.4	0.4600745567	-1.773575689
105.5	0.2769174394	-1.889409544
105.6	0.08232034274	-2.001317079
105.7	-0.1229622066	-2.101607591
105.8	-0.3372647556	-2.179729764
105.9	-0.5577382774	-2.222729362
106	-0.7801781513	-2.216818494
106.1	-0.9990718616	-2.150190584
106.2	-1.207974422	-2.016601091
106.3	-1.400226772	-1.818375537
106.4	-1.56987677	-1.567211504
106.5	-1.71252919	-1.281938077
106.6	-1.825845791	-0.9840269127
106.7	-1.909564619	-0.6928294898
106.8	-1.965111023	-0.422395792
106.9	-1.995002362	-0.1805367289
107	-2.002254598	0.0303602833
107.1	-1.989917544	0.2117108178
107.2	-1.960778956	0.3670939264
107.3	-1.917215065	0.5009898298
107.4	-1.861144297	0.6179749893
107.5	-1.794041663	0.7222952788
107.6	-1.716982001	0.8176945968
107.7	-1.630692291	0.9073909232
107.8	-1.535602231	0.9941222352
107.9	-1.431888624	1.080216083
108	-1.319513963	1.167649296
108.1	-1.1982581	1.258084445
108.2	-1.067752035	1.352858755
108.3	-0.9275097358	1.452922467
108.4	-0.7769763506	1.558691412
108.5	-0.6155919317	1.669809201
108.6	-0.4428843936	1.784781253
108.7	-0.2586082728	1.900494364
108.8	-0.06293403949	2.011660838
108.9	0.1433096994	2.110314041
109	0.3583538255	2.185636404
109.1	0.5792229352	2.22450658
109.2	0.8015795823	2.213183901
109.3	1.019799051	2.140240335
109.4	1.227379454	2.000152026
109.5	1.417688623	1.796161441
109.6	1.584891542	1.540799136
109.7	1.724777104	1.253367915
109.8	1.835214528	0.9553280203
109.9	1.916126971	0.6656229283
110	1.969072572	0.3977061093
110.1	1.996641472	0.1588082536
110.2	2.00187033	-0.04912621007
110.3	1.987794102	-0.2277890667
110.4	1.957165271	-0.3808943494
110.5	1.912316567	-0.5129597001
110.6	1.855122303	-0.6285432039
110.7	1.787016683	-0.7318467118
110.8	1.709038645	-0.8265627944
110.9	1.621884241	-0.9158600443
111	1.525956877	-1.002434344
111.1	1.421411399	-1.088576418
111.2	1.30819064	-1.176232415
111.3	1.186059698	-1.267033466
111.4	1.054635277	-1.36228491
111.5	0.9134234925	-1.462890905
111.6	0.7618658982	-1.569208347
111.7	0.5994051906	-1.680785334
111.8	0.4255857709	-1.795994497
111.9	0.2401928558	-1.911539037
112	0.04344793219	-2.021889655
112.1	-0.1637407132	-2.118805264
112.2	-0.3794983704	-2.191206117
112.3	-0.6007225584	-2.225814735
112.4	-0.8229432568	-2.208970199
112.5	-1.040427215	-2.129656746
112.6	-1.246622805	-1.983098357
112.7	-1.434933668	-1.773460334
112.8	-1.599649724	-1.514084513
112.9	-1.736748566	-1.224700167
113	-1.844306483	-0.9267114512
113.1	-1.922427503	-0.638624766
113.2	-1.972796951	-0.3732912166
113.3	-1.998071998	-0.1373715627
113.4	-2.001306113	0.06761730758
113.5	-1.985516503	0.2436282379
113.6	-1.953419222	0.3944983788
113.7	-1.907303199	0.5247759751
113.8	-1.848998801	0.6389971968
113.9	-1.779899852	0.7413184048
114	-1.701009827	0.8353805854
114.1	-1.61299446	0.9243042661
114.2	-1.516231405	1.010742595
114.3	-1.410853149	1.096951232
114.4	-1.296784579	1.18484437
114.5	-1.173774042	1.276024655
114.6	-1.041427388	1.371760931
114.7	-0.8992409893	1.472914702
114.8	-0.746653161	1.579774471
114.9	-0.5831126953	1.691796095
115	-0.4081790237	1.807213577
115.1	-0.2216702644	1.922537341
115.2	-0.02386387335	2.031995958
115.3	0.1842522851	2.127069296
115.4	0.4006950241	2.196420937
115.5	0.6222325109	2.226639183
115.6	0.8442633393	2.204167517
115.7	1.060950041	2.118437778
115.8	1.265698522	1.96544909
115.9	1.451957106	1.750291872
116	1.614148479	1.487089711
116.1	1.748442679	1.195954903
116.2	1.853122408	0.8981916553
116.3	1.928468331	0.6118437726
116.4	1.976286865	0.3491549939
116.5	1.99929693	0.1162261403
116.6	2.000564575	-0.08583661345
116.7	1.983087043	-0.2592322218
116.8	1.949542687	-0.4079103207
116.9	1.902176392	-0.5364427884
117	1.842774819	-0.6493405623
117.1	1.772691854	-0.7507134145
117.2	1.692896086	-0.8441510159
117.3	1.604023272	-0.9327254389
117.4	1.50642551	-1.019049053
117.5	1.400214102	-1.105341911
117.6	1.285294859	-1.193488198
117.7	1.161401942	-1.285058352
117.8	1.028127531	-1.38128853
117.9	0.8849610294	-1.48299103
118	0.7313385294	-1.590390394
118.1	0.5667132328	-1.702840588
118.2	0.3906635275	-1.818432677
118.3	0.203042323	-1.933483031
118.4	0.004182653629	-2.041969474
118.5	-0.20484295	-2.135094661
118.6	-0.4219403549	-2.201272997
118.7	-0.6437480391	-2.226971051
118.8	-0.8655341512	-2.198770148
118.9	-1.081361336	-2.106584107
119	-1.284600746	-1.947211552
119.1	-1.468754406	-1.726668232
119.2	-1.628385056	-1.459832312
119.3	-1.759858733	-1.167150446
119.4	-1.861663266	-0.8697834948
119.5	-1.934251345	-0.5852887322
119.6	-1.979544824	-0.3253004886
119.7	-2.000318866	-0.09537159786
119.8	-1.999648287	0.1037869149
119.9	-1.9805079	0.2746050068
120	-1.94553746	0.4211341601
120.1	-1.896937565	0.5479638695
120.2	-1.836451431	0.6595767035
120.3	-1.765393473	0.7600347705
120.4	-1.684697791	0.852876145
120.5	-1.594970737	0.9411260409
120.6	-1.496539524	1.027355409
120.7	-1.3894937	1.113750261
120.8	-1.273721758	1.202163105
120.9	-1.148941617	1.294136164
121	-1.01473554	1.390866837
121.1	-0.8705835169	1.493122357
121.2	-0.7159209001	1.601053692
121.3	-0.5502073887	1.713915462
121.4	-0.3730398739	1.829649304
121.5	-0.1843084641	1.944369682
121.6	0.0155940245	2.051802359
121.7	0.2255095648	2.142870145
121.8	0.4432306906	2.205745547
121.9	0.665264298	2.226796153
122	0.8867498681	2.192769361
122.1	1.10165507	2.094095648
122.2	1.303324049	1.928396526
122.3	1.485321393	1.702609526
122.4	1.642357179	1.432333994
122.5	1.770996326	1.13830537
122.6	1.869930334	0.8415001146
122.7	1.939779075	0.5589672986
122.8	1.982573831	0.3017304497
122.9	2.001140849	0.07480655072
123	1.998559937	-0.1214714837
123.1	1.977781433	-0.2897506847
123.2	1.941405447	-0.4341743081
123.3	1.891588189	-0.5593433196
123.4	1.830029715	-0.66970915
123.5	1.75800543	-0.7692854092
123.6	1.676415513	-0.8615589269
123.7	1.585837259	-0.9495079298
123.8	1.486573237	-1.035663648
123.9	1.378692253	-1.12217759
124	1.262064472	-1.210872302
124.1	1.136394247	-1.303258784
124.2	1.001250608	-1.400497918
124.3	0.8561083897	-1.50330663
124.4	0.7003999247	-1.611764986
124.5	0.5335939122	-1.725017925
124.6	0.3553081392	-1.840857671
124.7	0.1654700408	-1.955190394
124.8	-0.03546548405	-2.061484598
124.9	-0.2462503176	-2.15038525
125	-0.4645622867	-2.209828623
125.1	-0.6867764031	-2.226104573
125.2	-0.9079047273	-2.186159592
125.3	-1.121825132	-2.080973871
125.4	-1.321862856	-1.909012476
125.5	-1.501653913	-1.678130032
125.6	-1.656062413	-1.404612863
125.7	-1.781855003	-1.109437221
125.8	-1.877924694	-0.8133548477
125.9	-1.945053512	-0.5328865823
126	-1.985376331	-0.2784469056
126.1	-2.001765357	-0.05452993375
126.2	-1.997301876	0.1388935097
126.3	-1.974909576	0.3046733683
126.4	-1.937148187	0.4470347921
126.5	-1.886129427	0.5705848727
126.6	-1.823510488	0.6797412703
126.7	-1.750528227	0.7784681767
126.8	-1.668049376	0.8702016525
126.9	-1.576622813	0.9578735228
127	-1.476526595	1.043975307
127.1	-1.367808996	1.130625454
127.2	-1.250323094	1.219616573
127.3	-1.123757986	1.312426506
127.4	-0.9876725021	1.410181387
127.5	-0.841533951	1.513544729
127.6	-0.6847753275	1.622520842
127.7	-0.5168734656	1.73614693
127.8	-0.3374676375	1.852054347
127.9	-0.1465269677	1.965938359
128	0.05542914433	2.071006579
128.1	0.2670621368	2.157624392
128.2	0.4859315069	2.213506994
128.3	0.7082792486	2.224884748
128.4	0.9289926553	2.178934533
128.5	1.14186524	2.067221262
128.6	1.340211532	1.889072877
128.7	1.517747846	1.653250182
128.8	1.669498845	1.376690905
128.9	1.792434708	1.080564532
129	1.88564781	0.785360248
129.1	1.9500772	0.5070537764
129.2	1.98795533	0.2554519263
129.3	2.002195412	0.0345400798
129.4	1.995876757	-0.156056496
129.5	1.97189464	-0.3193771389
129.6	1.932767557	-0.4597198691
129.7	1.880562719	-0.5816924521
129.8	1.816894817	-0.6896764326
129.9	1.742962651	-0.7875861819
130	1.659600027	-0.8788067761
130.1	1.567327554	-0.966224551
130.2	1.466399633	-1.052292539
130.3	1.356844216	-1.139095573
130.4	1.238496691	-1.228395575
130.5	1.111033043	-1.321641463
130.6	0.9740002668	-1.419916541
130.7	0.8268608642	-1.523836007
130.8	0.6690464983	-1.633322189
130.9	0.5000451832	-1.747297984
131	0.3195196071	-1.863233909
131.1	0.1274806795	-1.976606349
131.2	-0.07548437917	-2.080358892
131.3	-0.2879426761	-2.164580354
131.4	-0.5073342012	-2.216770286
131.5	-0.7297677979	-2.223126789
131.6	-0.950007937	-2.171089827
131.7	-1.161769616	-2.05284096
131.8	-1.358365117	-1.868587448
131.9	-1.533599706	-1.627985831
132	-1.682664698	-1.348586109
132.1	-1.80273564	-1.051703856
132.2	-1.893101391	-0.7575283734
132.3	-1.954852636	-0.4814745415
132.4	-1.990313627	-0.2327466608
132.5	-2.002433769	-0.01483524105
132.6	-1.994287149	0.1729639803
132.7	-1.968738753	0.3338662972
132.8	-1.928265272	0.4722336876
132.9	-1.874889408	0.5926698456
133	-1.810183696	0.699518009
133.1	-1.735309338	0.7966420384
133.2	-1.651067717	0.8873768162
133.3	-1.557951813	0.9745633846
133.4	-1.456192319	1.060616756
133.5	-1.345797454	1.147588995
133.6	-1.226585562	1.237212903
133.7	-1.098218932	1.330903081
133.8	-0.960234182	1.42970709
133.9	-0.8120876513	1.534179093
134	-0.6532134365	1.644166326
134.1	-0.4831089199	1.75846958
134.2	-0.3014630509	1.874391144
134.3	-0.1083321101	1.987186703
134.4	0.09562885485	2.089529912
134.5	0.3088890827	2.171236201
134.6	0.5287664022	2.219605025
134.7	0.7512365917	2.220820272
134.8	0.9709441912	2.162620601
134.9	1.181531734	2.037836902
135	1.376317856	1.847569974
135.1	1.549205449	1.602356414
135.2	1.695558061	1.320319751
135.3	1.812757668	1.022872837
135.4	1.900286652	0.7298708183
135.5	1.959381899	0.4561553285
135.6	1.992453829	0.2103326347
135.7	2.002483012	-0.00458652267
135.8	1.992535271	-0.1896195041
135.9	1.965443786	-0.3481448205
136	1.923642792	-0.4845802612
136.1	1.869110548	-0.6035207139
136.2	1.803377829	-0.7092691994
136.3	1.727568763	-0.8056386896
136.4	1.64245267	-0.8959138536
136.5	1.548495378	-0.982892002
136.6	1.445904588	-1.068949762
136.7	1.334668244	-1.15610772
136.8	1.214589272	-1.246067918
136.9	1.085314814	-1.340213232
137	0.9463729658	-1.439549198
137.1	0.797214544	-1.544575766
137.2	0.6372748632	-1.655051604
137.3	0.4660648495	-1.769657011
137.4	0.2832993962	-1.885521707
137.5	0.08908103171	-1.997671649
137.6	-0.1158613388	-2.098511559
137.7	-0.3298981233	-2.177583883
137.8	-0.5502238623	-2.22199795
137.9	-0.7726805481	-2.217954613
138	-0.9917958219	-2.153523031
138.1	-1.201146226	-2.022213586
138.2	-1.394065362	-1.826032681
138.3	-1.564562046	-1.576380333
138.4	-1.708177687	-1.291910114
138.5	-1.822501457	-0.9940869077
138.6	-1.90720575	-0.7023981119
138.7	-1.963668045	-0.4311004564
138.8	-1.994378892	-0.1882098104
138.9	-2.002345977	0.02372756505
139	-1.990623725	0.2060268212
139.1	-1.962011892	0.3622171391
139.2	-1.918901837	0.4967638348
139.3	-1.863227472	0.6142488773
139.4	-1.796478189	0.7189332285
139.5	-1.71974151	0.8145787638
139.6	-1.63375535	0.9044206915
139.7	-1.538958639	0.9912120805
139.8	-1.435536113	1.077293395
139.9	-1.323456991	1.16465249
140	-1.202506625	1.254962154
140.1	-1.072320813	1.349572024
140.2	-0.9324164657	1.449446395
140.3	-0.7822404824	1.555022915
140.4	-0.6212314743	1.66597701
140.5	-0.4489124202	1.780858767
140.6	-0.2650277618	1.896619287
140.7	-0.06972990743	2.008053534
140.8	0.1361793439	2.107290842
140.9	0.3509671687	2.183606919
141	0.5717023134	2.223937559
141.1	0.7940940098	2.214521422
141.2	1.012556347	2.143794477
141.3	1.220606556	2.005977621
141.4	1.411602085	1.803991534
141.5	1.579666027	1.550077661
141.6	1.720522245	1.263378381
141.7	1.831967373	0.9653628859
141.8	1.913860267	0.6751208518
141.9	1.967713259	0.4063154182
142	1.996091696	0.1663791249
142.1	2.002025393	-0.04259035643
142.2	1.988554842	-0.2221897742
142.3	1.958445036	-0.3760873378
142.4	1.91404395	-0.5087884317
142.5	1.857241321	-0.6248579567
142.6	1.789485591	-0.7285133623
142.7	1.711828203	-0.8234651703
142.8	1.624975952	-0.9128991489
142.9	1.529341425	-0.9995260367
143	1.425087175	-1.085649106
143.1	1.312162653	-1.17322548
143.2	1.190338533	-1.263897032
143.3	1.059235849	-1.358980534
143.4	0.9183639931	-1.459395987
143.5	0.767165503	-1.56552233
143.6	0.605081781	-1.676940038
143.7	0.4316518549	-1.792069427
143.8	0.2466496834	-1.907678883
143.9	0.05027828253	-2.018323522
144	-0.1565815126	-2.115859199
144.1	-0.3720926016	-2.189296809
144.2	-0.593197238	-2.225411224
144.3	-0.8154716071	-2.2105113
144.4	-1.033219974	-2.133432728
144.5	-1.239907302	-1.989134459
144.6	-1.428923677	-1.781458585
144.7	-1.59451439	-1.523466213
144.8	-1.732590591	-1.234742243
144.9	-1.841156155	-0.9367156584
145	-1.920252257	-0.6480486398
145.1	-1.971520421	-0.3818037515
145.2	-1.997594891	-0.1448402514
145.3	-2.001523858	0.06117729902
145.4	-1.986330945	0.2381121947
145.5	-1.954745099	0.3897596516
145.6	-1.909070623	0.5206580107
145.7	-1.85115323	0.635351532
145.8	-1.782400821	0.7380125974
145.9	-1.703829218	0.8323002643
146	-1.61611476	0.9213519328
146.1	-1.519644036	1.007835343
146.2	-1.414557214	1.094018717
146.3	-1.300785737	1.181827052
146.4	-1.178083159	1.272873171
146.5	-1.046060034	1.368438912
146.6	-0.9042149448	1.469400526
146.7	-0.7519887548	1.576071063
146.8	-0.5888265171	1.687939348
146.9	-0.4142828161	1.803287052
147	-0.2281646263	1.918694067
147.1	-0.03072875996	2.02847354
147.2	0.1770651092	2.124203509
147.3	0.393271453	2.194637374
147.4	0.6147040748	2.226406898
147.5	0.8368075397	2.205916085
147.6	1.053780275	2.122436453
147.7	1.259042227	1.971692956
147.8	1.446025108	1.758451983
147.9	1.609104261	1.496567434
148	1.744381903	1.206022358
148.1	1.850068599	0.9081605842
148.2	1.926383744	0.6211907846
148.3	1.975092079	0.357569767
148.4	1.998891531	0.1235930954
148.5	2.000844155	-0.07949140661
148.6	1.983954441	-0.2537980146
148.7	1.950914097	-0.4032383043
148.8	1.903983427	-0.5323766685
148.9	1.844964365	-0.6457332028
149	1.775224734	-0.7474341397
149.1	1.695745239	-0.8410869367
149.2	1.607172072	-0.9297808622
149.3	1.509866367	-1.016142292
149.4	1.403946583	-1.102403647
149.5	1.289325317	-1.190459371
149.6	1.165741643	-1.281892254
149.7	1.032792384	-1.377948183
149.8	0.8899696723	-1.479458889
149.9	0.7367095854	-1.586669911
150	0.5724645094	-1.698971443
150.1	0.3968057535	-1.814506741
150.2	0.20957334	-1.929658952
150.3	0.01108106521	-2.038494889
150.4	-0.1976282059	-2.132314687
150.5	-0.4144999781	-2.199617037
150.6	-0.6362181386	-2.226911362
150.7	-0.858096226	-2.200726936
150.8	-1.074231342	-2.110804533
150.9	-1.278005908	-1.953660128
151	-1.462902092	-1.734986194
151.1	-1.62343282	-1.469399638
151.2	-1.755895249	-1.177236115
151.3	-1.858705574	-0.8797115592
151.4	-1.932256757	-0.5945556469
151.5	-1.978430906	-0.3336163167
151.6	-1.999984141	-0.1026367646
151.7	-1.999988673	0.09753542063
151.8	-1.981427392	0.269251224
151.9	-1.946953654	0.416527511
152	-1.898783599	0.5439483046
152.1	-1.838675607	0.656006455
152.2	-1.767957841	0.7567808355
152.3	-1.687576444	0.8498277365
152.4	-1.598148029	0.93818839
152.5	-1.500008311	1.024448378
152.6	-1.393254678	1.11080554
152.7	-1.277781412	1.199123953
152.8	-1.153312424	1.290954102
152.9	-1.019432731	1.387509242
153	-0.8756262298	1.489570629
153.1	-0.7213281263	1.597316477
153.2	-0.5559959003	1.710036339
153.3	-0.3792196927	1.825724527
153.4	-0.1908764828	1.940566861
153.5	0.008662169759	2.048377751
153.6	0.2182685882	2.140178055
153.7	0.4357750639	2.204224002
153.8	0.657734702	2.226915531
153.9	0.8793318422	2.194938289
154	1.094566815	2.098538129
154.1	1.296792318	1.935046115
154.2	1.479550041	1.711077649
154.3	1.637497698	1.441983527
154.4	1.76713028	1.148403461
154.5	1.867068227	0.8513830953
154.6	1.937873455	0.5681517034
154.7	1.98153964	0.309946524
154.8	2.000875729	0.08197062663
154.9	1.99896019	-0.1153126227
155	1.978752175	-0.2844758711
155.1	1.942865762	-0.4296314168
155.2	1.893472709	-0.5553768411
155.3	1.832288143	-0.6661747795
155.4	1.760601069	-0.766055921
155.5	1.679323476	-0.858524972
155.6	1.58904277	-0.9465765764
155.7	1.490070124	-1.032755798
155.8	1.382481551	-1.119226098
155.9	1.266153566	-1.207820525
156	1.140795345	-1.300061186
156.1	1.005980315	-1.397121513
156.2	0.8611853765	-1.499736601
156.3	0.7058432554	-1.608011348
156.4	0.5394200599	-1.721129213
156.5	0.3615258896	-1.836936387
156.6	0.1720744904	-1.951411541
156.7	-0.02850081891	-2.058114058
156.8	-0.2389837211	-2.147786289
156.9	-0.4570926696	-2.208444738
157	-0.6792489016	-2.226405778
157.1	-0.9005087691	-2.188542193
157.2	-1.114780984	-2.085637703
157.3	-1.315396461	-1.915859864
157.4	-1.495965195	-1.686743391
157.5	-1.65129664	-1.414337859
157.6	-1.778086646	-1.119541075
157.7	-1.875157939	-0.8231878719
157.8	-1.943236351	-0.5419857598
157.9	-1.984421132	-0.2865623566
158	-2.001569038	-0.06159313215
158.1	-1.997761248	0.1328261906
158.2	-1.97593096	0.2994762
158.3	-1.938652135	0.4425543598
158.4	-1.888052073	0.5666662596
158.5	-1.825802924	0.6762416627
158.6	-1.753154974	0.7752621136
158.7	-1.670986621	0.8671815063
158.8	-1.579856652	0.9549476777
158.9	-1.480051569	1.041066043
159	-1.371626917	1.12766659
159.1	-1.254441659	1.216552631
159.2	-1.128190181	1.309212797
159.3	-0.9924349011	1.406786774
159.4	-0.8466454939	1.509955731
159.5	-0.6902551012	1.618751465
159.6	-0.5227371562	1.732249696
159.7	-0.3437231876	1.848137704
159.8	-0.1531679837	1.962185786
159.9	0.04843219684	2.067692995
160	0.2597709838	2.155122435
160.1	0.4784492367	2.212266227
160.2	0.7007555676	2.225372348
160.3	0.9216207593	2.18153322
160.4	1.134867191	2.072105651
160.5	1.333812193	1.896113664
160.6	1.512143008	1.66200179
160.7	1.664827379	1.386484245
160.8	1.788763996	1.090668272
160.9	1.882975793	0.7951392131
161	1.948347486	0.5160656126
161.1	1.98707804	0.2634662714
161.2	2.002066862	0.04150312438
161.3	1.996394318	-0.1500794717
161.4	1.972965872	-0.3142560886
161.5	1.934314505	-0.4553003475
161.6	1.882523008	-0.577820296
161.7	1.819220909	-0.6862103811
161.8	1.74562028	-0.7844025222
161.9	1.66256638	-0.8757994551
162	1.570589623	-0.9633035446
162.1	1.469952764	-1.049381186
162.2	1.360690706	-1.136128835
162.3	1.242645013	-1.22531877
162.4	1.115496213	-1.318411457
162.5	0.9787956531	-1.416503295
162.6	0.8320070806	-1.52022863
162.7	0.6745627621	-1.629537191
162.8	0.5059466271	-1.743393248
162.9	0.3258129283	-1.859323871
163	0.1341577109	-1.972882633
163.1	-0.06845565108	-2.077106122
163.2	-0.2806277674	-2.16217925
163.3	-0.4998406396	-2.215676404
163.4	-0.722249736	-2.223803908
163.5	-0.9426622053	-2.173905967
163.6	-1.154819836	-2.057944665
163.7	-1.352034748	-1.875817818
163.8	-1.528080082	-1.636869842
163.9	-1.678088157	-1.358441066
164	-1.799162512	-1.061801312
164.1	-1.890523579	-0.7672490384
164.2	-1.953209586	-0.4903968662
164.3	-1.989513301	-0.2406594283
164.4	-2.002372017	-0.02169874965
164.5	-1.994862034	0.167075958
164.6	-1.96985911	0.3288199102
164.7	-1.929854637	0.4678736424
164.8	-1.876886894	0.5888428298
164.9	-1.812543122	0.696084346
165	-1.737997623	0.7934797752
165.1	-1.654063088	0.8843815553
165.2	-1.561242099	0.9716464364
165.3	-1.459773585	1.057702743
165.4	-1.349672696	1.144613928
165.5	-1.230763611	1.234122998
165.6	-1.102713545	1.327656544
165.7	-0.9650625042	1.426275134
165.8	-0.8172689918	1.53055319
165.9	-0.6587663186	1.640366755
166	-0.4890480182	1.754558023
166.1	-0.3077942667	1.870489244
166.2	-0.1150450513	1.983494416
166.3	0.08856914019	2.086341397
166.4	0.3015515553	2.1689415
166.5	0.5212629974	2.218662984
166.6	0.7437260236	2.221690809
166.7	0.9636267462	2.165655901
166.8	1.174632336	2.043158352
166.9	1.370058261	1.854984724
167	1.543772285	1.6113657
167.1	1.691077014	1.330228973
167.2	1.809282064	1.032958171
167.3	1.897802475	0.739529298
167.4	1.957824604	0.464986116
167.5	1.99172944	0.2181434692
167.6	2.002487095	0.002178207606
167.7	1.993166624	-0.1838192352
167.8	1.966612543	-0.343171634
167.9	1.925274003	-0.4802782439
168	1.8711448	-0.599737529
168.1	1.805770284	-0.7058667941
168.2	1.730287499	-0.8024968199
168.3	1.645476908	-0.8929298121
168.4	1.551813844	-0.9799784487
168.5	1.449514017	-1.066032451
168.6	1.338572269	-1.153123647
168.7	1.218797265	-1.242964691
168.8	1.08984085	-1.336949584
168.9	0.951234601	-1.436098615
169	0.8024309017	-1.540931712
169.1	0.6428645319	-1.651237479
169.2	0.4720418661	-1.765740114
169.3	0.2896681624	-1.881630023
169.4	0.09582940735	-1.9940137
169.5	-0.1087710375	-2.095390959
169.6	-0.3225388868	-2.175398637
169.7	-0.5427120922	-2.221211249
169.8	-0.7651793115	-2.219021397
169.9	-0.9845087394	-2.156778319
170	-1.194299276	-2.027751062
170.1	-1.387878268	-1.833627972
170.2	-1.559216501	-1.585509048
170.3	-1.703792604	-1.301867085
170.4	-1.819123197	-1.004154398
170.5	-1.904814574	-0.7119905878
170.6	-1.962195644	-0.439838058
170.7	-1.993729495	-0.1959185524
170.8	-2.002414942	0.01706084788
170.9	-1.991310695	0.2003129744
171	-1.963228349	0.3573156681
171.1	-1.920574332	0.4925184289
171.2	-1.865298062	0.6105082351
171.3	-1.798903364	0.7155609511
171.4	-1.722490506	0.8114563857
171.5	-1.63680838	0.9014470397
171.6	-1.542305228	0.9883011986
171.7	-1.439173748	1.074372223
171.8	-1.32738989	1.161659106
171.9	-1.20674465	1.251844881
172	-1.07687848	1.346291327
172.1	-0.9373114817	1.445976919
172.2	-0.7874922102	1.551360788
172.3	-0.6268580491	1.662149369
172.4	-0.4549272272	1.776937482
172.5	-0.271434143	1.892739592
172.6	-0.07651350217	2.004432589
172.7	0.1290592953	2.104241849
172.8	0.3435874232	2.181536448
172.9	0.5641837292	2.223311431
173	0.7866040637	2.215788264
173.1	1.0053018	2.147271061
173.2	1.213814144	2.011728908
173.3	1.405489229	1.811761535
173.4	1.574409235	1.559318425
173.5	1.716233581	1.273376107
173.6	1.828686294	0.9754071205
173.7	1.911561436	0.6846438542
173.8	1.966324805	0.4149581958
173.9	1.995516276	0.1739857136
174	2.002158309	-0.03602074538
174.1	1.98929661	-0.2165610413
174.2	1.959708513	-0.3712561099
174.3	1.915757202	-0.5045981982
174.4	1.85934786	-0.6211585785
174.5	1.791943215	-0.725170119
174.6	1.714607279	-0.8203612922
174.7	1.628057651	-0.9099350941
174.8	1.53271614	-0.9966171819
174.9	1.428753054	-1.082723488
175	1.316124518	-1.170222124
175.1	1.194606764	-1.260765657
175.2	1.063825274	-1.355682303
175.3	0.9232926741	-1.455907726
175.4	0.7724526331	-1.56184248
175.5	0.6107453967	-1.673099165
175.6	0.4377046494	-1.788145158
175.7	0.2530934405	-1.903813305
175.8	0.05709659784	-2.014742674
175.9	-0.1494323177	-2.112885748
176	-0.3646933723	-2.187344821
176.1	-0.5856733833	-2.22494917
176.2	-0.8079948661	-2.211980728
176.3	-1.026000092	-2.137130984
176.4	-1.233171505	-1.995097232
176.5	-1.422886735	-1.789398721
176.6	-1.589347398	-1.532812659
176.7	-1.728398684	-1.244774009
176.8	-1.837971982	-0.9467311339
176.9	-1.918045104	-0.6574987569
177	-1.970215046	-0.3903502802
177.1	-1.997092477	-0.1523446667
177.2	-2.001719775	0.05470387422
177.3	-1.987126691	0.2325671795
177.4	-1.956054918	0.3849972087
177.5	-1.910824095	0.5165215633
177.6	-1.853295311	0.6316921634
177.7	-1.784890602	0.7346972776
177.8	-1.706638191	0.8292140077
177.9	-1.619225071	0.91839669
178	-1.523046837	1.004927798
178.1	-1.41825138	1.091088084
178.2	-1.304776679	1.178813476
178.3	-1.182381683	1.269726923
178.4	-1.050681439	1.365123308
178.5	-0.9091773982	1.465893152
178.6	-0.7573115774	1.57237387
178.7	-0.5945272399	1.68408623
178.8	-0.4203735292	1.799360928
178.9	-0.2346457099	1.914844687
179	-0.03758142982	2.024935718
179.1	0.1698876148	2.121309421
179.2	0.3858539538	2.192808911
179.3	0.6071765746	2.22611378
179.4	0.829346002	2.207591426
179.5	1.046597209	2.12635699
179.6	1.252365059	1.977864396
179.7	1.44006569	1.766556246
179.8	1.604028055	1.506012359
179.9	1.740287065	1.216081514
180	1.846981042	0.9181422592
180.1	1.924267522	0.6305649225
180.2	1.973868783	0.3660188247
180.3	1.998461126	0.1309955366
180.4	2.001102162	-0.07311315526
180.5	1.984803363	-0.2483353489
180.6	1.952269607	-0.3985431399
180.7	1.905776617	-0.5282925848
180.8	1.847141622	-0.6421125926
180.9	1.777746423	-0.7441456852
181	1.698583956	-0.8380173498
181.1	1.610310894	-0.9268336622
181.2	1.513297273	-1.013235414
181.3	1.407669072	-1.099467433
181.4	1.293345458	-1.187434838
181.5	1.170070587	-1.278731183
181.6	1.037445937	-1.374614482
181.7	0.894966104	-1.475932981
181.8	0.7420681675	-1.582955219
181.9	0.5782026425	-1.695106747
182	0.4029343821	-1.810580443
182.1	0.2160913944	-1.925827884
182.2	0.01796783576	-2.035003221
182.3	-0.1904230704	-2.129503701
182.4	-0.4070654306	-2.197915674
182.5	-0.6286886345	-2.22679095
182.6	-0.8506518622	-2.202610586
182.7	-1.067087197	-2.114947303
182.8	-1.271389328	-1.960037579
182.9	-1.457021722	-1.743249753
183	-1.618448318	-1.47893664
183.1	-1.7518977	-1.187316246
183.2	-1.85571426	-0.8896543849
183.3	-1.930230734	-0.6038508509
183.4	-1.977288781	-0.3419668361
183.5	-1.999624783	-0.1099374711
183.6	-2.00030785	0.09125132549
183.7	-1.982328704	0.2638694787
183.8	-1.948354212	0.4118981717
183.9	-1.900616001	0.5399152228
184	-1.840887661	0.6524233818
184.1	-1.770511177	0.7535181982
184.2	-1.690444752	0.8467739458
184.3	-1.601315288	0.9352484169
184.4	-1.503467286	1.021541557
184.5	-1.397005606	1.107863196
184.6	-1.281830766	1.196088194
184.7	-1.15767208	1.287777715
184.8	-1.024118538	1.384157544
184.9	-0.8806568204	1.486025678
185	-0.7267227245	1.593585149
185.1	-0.5617713272	1.706160894
185.2	-0.3853862559	1.821799175
185.3	-0.1974315855	1.936756412
185.4	0.001741975947	2.044935343
185.5	0.2110367881	2.137454597
185.6	0.4283247198	2.202655257
185.7	0.6502048865	2.226972145
185.8	0.8719067032	2.197032953
185.9	1.087463784	2.10290306
186	1.290238346	1.941625748
186.1	1.473750262	1.719493707
186.2	1.632605749	1.451605012
186.3	1.763230204	1.158497946
186.4	1.864172776	0.8612823485
186.5	1.935936832	0.5773652103
186.6	1.980477697	0.3181975182
186.7	2.000586401	0.08916998147
186.8	1.999339632	-0.1091215526
186.9	1.979705093	-0.2791736476
187	1.944310731	-0.4250664195
187.1	1.895343835	-0.5513933758
187.2	1.834534639	-0.6626280299
187.3	1.763185808	-0.7628180464
187.4	1.682221206	-0.8554860629
187.5	1.592238399	-0.9436431502
187.6	1.493557199	-1.029848341
187.7	1.386260904	-1.116277094
187.8	1.27023236	-1.204773032
187.9	1.145185686	-1.296869137
188	1.010698623	-1.393751585
188.1	0.8662503036	-1.49617304
188.2	0.7112739441	-1.604263386
188.3	0.5452330596	-1.717243836
188.4	0.3677303637	-1.833013791
188.5	0.1786661854	-1.947624077
188.6	-0.02154757019	-2.054724307
188.7	-0.2317259814	-2.145154211
188.8	-0.4496278208	-2.207012125
188.9	-0.6717204985	-2.226642967
189	-0.8931048855	-2.190849807
189.1	-1.107721191	-2.0902242
189.2	-1.308907024	-1.922638597
189.3	-1.490247444	-1.695306774
189.4	-1.646498042	-1.424037342
189.5	-1.774284141	-1.129643631
189.6	-1.872357908	-0.833038843
189.7	-1.941388368	-0.5511150112
189.8	-1.983438447	-0.2947130603
189.9	-2.00134879	-0.06869153392
190	-1.998200063	0.1267270076
190.1	-1.976934737	0.2942520547
190.2	-1.940140908	0.4380522651
190.3	-1.889961451	0.5627310763
190.4	-1.828083518	0.6727300474
190.5	-1.755770878	0.7720479872
190.6	-1.673913655	0.8641566505
190.7	-1.583080598	0.9520199911
190.8	-1.483566721	1.038157366
190.9	-1.375434837	1.124710383
191	-1.25854989	1.21349303
191.1	-1.132611523	1.30600478
191.2	-0.9971858352	1.403398519
191.3	-0.8517449372	1.506373271
191.4	-0.6957221311	1.614987622
191.5	-0.5285876602	1.728355385
191.6	-0.3499655244	1.844219191
191.7	-0.1597962838	1.958423723
191.8	0.04144648782	2.064359072
191.9	0.2524883426	2.152586038
192	0.4709712375	2.210975077
192.1	0.6932303485	2.225794451
192.2	0.9142402099	2.184056188
192.3	1.127852767	2.076913013
192.4	1.327389174	1.903087164
192.5	1.506508666	1.670705604
192.6	1.660122837	1.396254435
192.7	1.785059119	1.100772767
192.8	1.880270683	0.8049376099
192.9	1.946587256	0.5251082731
193	1.986173596	0.2715160582
193.1	2.001914709	0.04850116489
193.2	1.996891622	-0.1440709911
193.3	1.974019747	-0.3091085655
193.4	1.935846478	-0.4508596678
193.5	1.88447018	-0.5739320286
193.6	1.821535267	-0.6827327204
193.7	1.748267134	-0.781211132
193.8	1.665522562	-0.8727877351
193.9	1.573841824	-0.9603809424
194	1.473496052	-1.046470624
194.1	1.364527177	-1.133164919
194.2	1.246782943	-1.222246536
194.3	1.119948501	-1.315187157
194.4	0.9835794853	-1.41309666
194.5	0.8371411352	-1.516627666
194.6	0.6800662527	-1.625757597
194.7	0.5118348543	-1.739491051
194.8	0.3320930331	-1.855411333
194.9	0.140822189	-1.969148518
195	-0.06143797143	-2.073831636
195.1	-0.2733210458	-2.159742322
195.2	-0.4923508665	-2.214530581
195.3	-0.714729486	-2.224414263
195.4	-0.9353070634	-2.176645821
195.5	-1.147852928	-2.062971752
195.6	-1.345680043	-1.882982242
195.7	-1.522530485	-1.645708207
195.8	-1.673478328	-1.368275283
195.9	-1.79555524	-1.071901671
196	-1.887912859	-0.7769905802
196.1	-1.9515363	-0.4993507685
196.2	-1.988686151	-0.2486078058
196.3	-2.002287005	-0.02859701172
196.4	-1.995416959	0.1611569278
196.5	-1.970962361	0.3237475554
196.6	-1.931429228	0.4634929458
196.7	-1.878871416	0.5850001643
196.8	-1.814890922	0.6926394756
196.9	-1.74067521	0.7903101334
197	-1.657048322	0.8813821645
197.1	-1.564522516	0.9687281419
197.2	-1.463345008	1.054789728
197.3	-1.353537877	1.141641842
197.4	-1.23493125	1.231037726
197.5	-1.107197184	1.324415777
197.6	-0.969879261	1.422849681
197.7	-0.8224380786	1.526933815
197.8	-0.664306342	1.636572203
197.9	-0.4949739428	1.750648605
198	-0.3141122933	1.866584299
198.1	-0.1217454591	1.979790794
198.2	0.08152024589	2.083130009
198.3	0.2942218136	2.166609398
198.4	0.5137628624	2.217667318
198.5	0.7362126254	2.222493237
198.6	0.9562991763	2.16861436
198.7	1.167715096	2.048403753
198.8	1.363773726	1.862335318
198.9	1.538308737	1.620331769
199	1.686562488	1.340119851
199.1	1.805772358	1.043048366
199.2	1.895285607	0.7492099744
199.3	1.956237408	0.473849105
199.4	1.990978586	0.2259899802
199.5	2.002468246	0.008977426206
199.6	1.993778315	-0.1779884037
199.7	1.967764443	-0.3381730015
199.8	1.926890635	-0.4759560806
199.9	1.873166236	-0.5959391511
200	1.808151217	-0.7024535761
200.1	1.732995602	-0.7993479116
200.2	1.648491055	-0.8899419436
200.3	1.555122461	-0.9770637851
200.4	1.453113586	-1.063116349
200.5	1.34246622	-1.15014274
200.6	1.222994777	-1.239866211
200.7	1.094355871	-1.333691871
200.8	0.956084583	-1.432654633
200.9	0.807634947	-1.537293997
201	0.6484413284	-1.647428295
201.1	0.4780056415	-1.761825024
201.2	0.2960237477	-1.877734584
201.3	0.1025654189	-1.990343443
201.4	-0.1016913183	-2.092246134
201.5	-0.3151871004	-2.17317433
201.6	-0.5352030734	-2.220369618
201.7	-0.7576745827	-2.220019096
201.8	-0.9772107737	-2.159956449
201.9	-1.187433717	-2.033213195
202	-1.381665589	-1.841160812
202.1	-1.553840153	-1.594596876
202.2	-1.699373878	-1.311808214
202.3	-1.815710881	-1.014228781
202.4	-1.902390915	-0.7216065741
202.5	-1.960693634	-0.4486084999
202.6	-1.993053972	-0.2036630537
202.7	-2.002461307	0.01035992798
202.8	-1.991978295	0.1945690245
202.9	-1.964428193	0.352389262
203	-1.922232442	0.4882533718
203.1	-1.867355981	0.6067528475
203.2	-1.80131712	0.7121782524
203.3	-1.725228937	0.8083273056
203.4	-1.639851352	0.8984698317
203.5	-1.545641972	0.9853894543
203.6	-1.442801516	1.071452469
203.7	-1.331312674	1.158669086
203.8	-1.210972155	1.248732445
203.9	-1.081425068	1.34301664
204	-0.9421945395	1.442513237
204.1	-0.7927317568	1.547705592
204.2	-0.63247152	1.6583264
204.3	-0.4609289457	1.773017171
204.4	-0.2778276968	1.888855718
204.5	-0.08328466527	2.000798346
204.6	0.1219496982	2.101167774
204.7	0.33621458	2.179426546
204.8	0.5566673056	2.222628814
204.9	0.7791099593	2.216984843
205	0.9980356895	2.150670294
205.1	1.20700253	2.017405498
205.2	1.399350325	1.819470386
205.3	1.569121305	1.568520411
205.4	1.71191116	1.28336005
205.5	1.8253713	0.985460063
205.6	1.909230441	0.6941916001
205.7	1.964907159	0.4236342466
205.8	1.994915107	0.1816279961
205.9	2.002268999	-0.02941717911
206	1.990019356	-0.2109026611
206.1	1.960955668	-0.3664004693
206.2	1.917456316	-0.5003887921
206.3	1.861441933	-0.6174448917
206.4	1.79438958	-0.721816813
206.5	1.717375897	-0.8172509792
206.6	1.631129393	-0.9069678428
206.7	1.536081135	-0.99370761
206.8	1.43240903	-1.079799479
206.9	1.320076443	-1.167222013
207	1.198864268	-1.257639308
207.1	1.068403739	-1.352389905
207.2	0.9282097236	-1.452426688
207.3	0.7777272342	-1.55816845
207.4	0.6163963316	-1.66926261
207.5	0.4437443067	-1.784222173
207.6	0.2595238888	-1.899942537
207.7	0.06390311546	-2.011147627
207.8	-0.142292987	-2.10988513
207.9	-0.357300709	-2.185349701
208	-0.5781510949	-2.224428831
208.1	-0.8005131481	-2.213378711
208.2	-1.018767703	-2.140751503
208.3	-1.226415546	-2.00098669
208.4	-1.416822936	-1.797280904
208.5	-1.584148809	-1.542123631
208.6	-1.724172828	-1.254795062
208.7	-1.834753868	-0.9567573535
208.8	-1.915805933	-0.6669748329
208.9	-1.968880662	-0.3989308739
209	-1.996564697	-0.1598849299
209.1	-2.001893771	0.04819687867
209.2	-1.987903664	0.2269929326
209.3	-1.957348632	0.3802108059
209.4	-1.912563584	0.5123664307
209.5	-1.85542503	0.6280188988
209.6	-1.787369197	0.7313722892
209.7	-1.709436805	0.8261217537
209.8	-1.622325437	0.9154382952
209.9	-1.526439785	1.002019913
210	-1.421935812	1.088159154
210.1	-1.3087573	1.175803708
210.2	-1.186670086	1.266586151
210.3	-1.055291579	1.361813654
210.4	-0.9141282314	1.462392492
210.5	-0.7626218755	1.56868266
210.6	-0.6002149406	1.680237149
210.7	-0.4264509959	1.795435131
210.8	-0.2411137707	1.910989271
210.9	-0.04442208626	2.021382357
211	0.1627198892	2.118387025
211.1	0.3784426384	2.190936637
211.2	0.5996500871	2.225760908
211.3	0.8218788314	2.209194256
211.4	1.039400924	2.130199614
211.5	1.24566705	1.983963036
211.6	1.43407886	1.774603643
211.7	1.598919855	1.51542359
211.8	1.736158115	1.22613185
211.9	1.843859613	0.9281364042
212	1.922119463	0.6399661011
212.1	1.972616784	0.3745022302
212.2	1.998005554	0.1384337174
212.3	2.001338476	-0.06670161982
212.4	1.985633706	-0.2428439421
212.5	1.953609148	-0.3938245285
212.6	1.907555918	-0.52419027
212.7	1.849306572	-0.6384785044
212.8	1.780256939	-0.7408478967
212.9	1.701412247	-0.8349419855
213	1.613439723	-0.9238837067
213.1	1.516718322	-1.010328332
213.2	1.411381615	-1.09653321
213.3	1.297355366	-1.184414145
213.4	1.174388821	-1.275575317
213.5	1.042088225	-1.37128709
213.6	0.8999505955	-1.472413557
213.7	0.7474142203	-1.579246423
213.8	0.5839277157	-1.691246089
213.9	0.4090497085	-1.806654024
214	0.2225965033	-1.921990072
214.1	0.02484280845	-2.031495011
214.2	-0.1832274854	-2.126662879
214.3	-0.3996367297	-2.196169359
214.4	-0.6211596284	-2.2266096
214.5	-0.843201225	-2.204421029
214.6	-1.059929162	-2.119012297
214.7	-1.264751289	-1.966343259
214.8	-1.451113479	-1.751458195
214.9	-1.613431606	-1.48844233
215	-1.747866066	-1.197389923
215.1	-1.85268928	-0.8996113997
215.2	-1.928173202	-0.6131740456
215.3	-1.976118339	-0.3503520067
215.4	-1.999240668	-0.1172737674
215.5	-2.000605713	0.08493440266
215.6	-1.983211762	0.2584595563
215.7	-1.949739071	0.4072459529
215.8	-1.902434729	0.5358644435
215.9	-1.843087571	0.648827303
216	-1.773053462	0.7502466458
216.1	-1.693302721	0.8437147252
216.2	-1.604472595	0.932305979
216.3	-1.506916428	1.018634809
216.4	-1.40074659	1.104923056
216.5	-1.285869844	1.193056413
216.6	-1.162021012	1.284606758
216.7	-1.028792998	1.38081218
216.8	-0.8856754514	1.482487269
216.9	-0.7321047121	1.589859751
217	-0.5675336289	1.702289093
217.1	-0.3915395651	1.817873236
217.2	-0.2039738016	1.932938496
217.3	-0.005166484576	2.041475323
217.4	0.2038142565	2.134700171
217.5	0.4208797539	2.201039835
217.6	0.6426749902	2.226966403
217.7	0.864474617	2.199053548
217.8	1.08034614	2.107190301
217.9	1.283662263	1.94813488
218	1.467922127	1.727856855
218.1	1.627681317	1.461197566
218.2	1.759296003	1.168588077
218.3	1.861243825	0.8711973843
218.4	1.93396901	0.5866075878
218.5	1.979387796	0.3264834157
218.6	2.000272666	0.0964047589
218.7	1.999698082	-0.1028980501
218.8	1.980640033	-0.2738437685
218.9	1.945740223	-0.4204790689
219	1.897201459	-0.5473926977
219.1	1.83676912	-0.6590687062
219.2	1.76575958	-0.7595716168
219.3	1.685108644	-0.8524420435
219.4	1.595424107	-0.9407075445
219.5	1.497034444	-1.026941156
219.6	1.390030269	-1.11333049
219.7	1.274300878	-1.201729676
219.8	1.149565167	-1.293682528
219.9	1.015405552	-1.390387591
220	0.8713028896	-1.492616003
