0	-1	0.5
0.1	-0.9450400234	0.5988168597
0.2	-0.8803058012	0.6955597277
0.3	-0.8059820916	0.7906801309
0.4	-0.7222104499	0.8845743415
0.5	-0.6290996873	0.97748626
0.6	-0.5267461397	1.069394323
0.7	-0.4152674082	1.159886333
0.8	-0.2948469612	1.248012737
0.9	-0.1657974485	1.332127325
1	-0.02863734589	1.409738129
1.1	0.1158196676	1.477401309
1.2	0.2663656851	1.530719375
1.3	0.4213132185	1.564522191
1.4	0.578435936	1.573311507
1.5	0.7349699418	1.551977603
1.6	0.8876989527	1.496746268
1.7	1.033136815	1.4061433
1.8	1.167795559	1.281682947
1.9	1.28849603	1.127988677
2	1.392655909	0.9522222155
2.1	1.478490267	0.7629511576
2.2	1.545084605	0.568794651
2.3	1.592338222	0.3772440512
2.4	1.620810255	0.1939245954
2.5	1.631517205	0.02236187659
2.6	1.625729291	-0.1358502805
2.7	1.604795258	-0.2806546001
2.8	1.570012026	-0.4130708779
2.9	1.522538417	-0.5347782143
3	1.463346413	-0.6477880708
3.1	1.393200174	-0.7542148139
3.2	1.312653763	-0.8561273775
3.3	1.222060511	-0.9554562365
3.4	1.121590656	-1.05393194
3.5	1.011252816	-1.153028532
3.6	0.8909256393	-1.253890193
3.7	0.7603917682	-1.357223337
3.8	0.6193942741	-1.463128419
3.9	0.467704007	-1.570865292
4	0.3052216895	-1.678529844
4.1	0.1321129097	-1.782683413
4.2	-0.05102181532	-1.877978219
4.3	-0.2429406815	-1.956938018
4.4	-0.4415511917	-2.010105573
4.5	-0.643746709	-2.026837962
4.6	-0.8453612576	-1.996939801
4.7	-1.041327616	-1.913009739
4.8	-1.226082902	-1.772904988
4.9	-1.394184928	-1.58131522
5	-1.541001159	-1.34953055
5.1	-1.663272992	-1.093236589
5.2	-1.759391564	-0.8291563501
5.3	-1.829335349	-0.57186282
5.4	-1.874344069	-0.3318051935
5.5	-1.896469909	-0.1148198565
5.6	-1.898141774	0.0772440371
5.7	-1.881820143	0.2453921541
5.8	-1.8497711	0.3923327849
5.9	-1.803944075	0.5215639299
6	-1.745925805	0.6367641666
6.1	-1.6769415	0.7414455315
6.2	-1.597880767	0.8387920119
6.3	-1.509333503	0.9316118117
6.4	-1.41162757	1.022345813
6.5	-1.304863229	1.113096333
6.6	-1.18894795	1.205645741
6.7	-1.063625405	1.301446148
6.8	-0.9285142389	1.40156354
6.9	-0.7831494669	1.506552972
7	-0.6270457079	1.616242466
7.1	-0.4597832945	1.729418789
7.2	-0.2811333185	1.843388241
7.3	-0.09123204819	1.953472299
7.4	0.1091964221	2.052527938
7.5	0.3185805477	2.130724002
7.6	0.5342427493	2.175927202
7.7	0.7522290648	2.175068522
7.8	0.9673332055	2.116674274
7.9	1.173417621	1.994156446
8	1.364057148	1.808723565
8.1	1.533391647	1.570417498
8.2	1.676946235	1.296386924
8.3	1.792156071	1.006917326
8.4	1.878451333	0.7209335115
8.5	1.936942703	0.4527438144
8.6	1.969881758	0.2108240964
8.7	1.980092947	-0.00166095999
8.8	1.970509018	-0.1854387196
8.9	1.943861102	-0.3435736991
9	1.902511167	-0.4802087872
9.1	1.848389644	-0.5997263195
9.2	1.782997582	-0.7062783803
9.3	1.707441856	-0.8035778289
9.4	1.622482553	-0.8948462505
9.5	1.528581128	-0.9828432644
9.6	1.425944097	-1.069922728
9.7	1.31455986	-1.158089012
9.8	1.194233507	-1.249027328
9.9	1.064616353	-1.344097267
10	0.9252434107	-1.444265067
10.1	0.7755780239	-1.549969093
10.2	0.6150749768	-1.660873341
10.3	0.4432767268	-1.775519965
10.4	0.2599459348	-1.890853787
10.5	0.06525336807	-2.001671217
10.6	-0.1399798023	-2.100130645
10.7	-0.3540079369	-2.175572317
10.8	-0.5738959568	-2.21504502
10.9	-0.7953623168	-2.204951743
11	-1.012848195	-2.133909168
11.1	-1.219914899	-1.996284914
11.2	-1.409974314	-1.795051756
11.3	-1.577202731	-1.542374733
11.4	-1.717363804	-1.257208019
11.5	-1.828272233	-0.9607904642
11.6	-1.909782781	-0.6720107682
11.7	-1.963387334	-0.4044068106
11.8	-1.991622211	-0.1653670038
11.9	-1.997487305	0.04299590525
12	-1.98399617	0.2222318536
12.1	-1.953892315	0.3759526615
12.2	-1.909507726	0.5086120049
12.3	-1.852720798	0.6247331295
12.4	-1.784972261	0.7285025765
12.5	-1.707308435	0.8236094686
12.6	-1.620432849	0.9132257054
12.7	-1.524755877	1.0000522
12.8	-1.420438323	1.086386868
12.9	-1.307429458	1.174181187
13	-1.185498154	1.265073013
13.1	-1.054267567	1.360371263
13.2	-0.9132464297	1.460986132
13.3	-0.7618801287	1.567276449
13.4	-0.5996154503	1.678800819
13.5	-0.4259976787	1.79394028
13.6	-0.2408135559	1.909411865
13.7	-0.04428477736	2.019710723
13.8	0.1626853218	2.116624252
13.9	0.3782286002	2.189110351
14	0.599252633	2.223930215
14.1	0.8213016083	2.207446085
14.2	1.038657469	2.128641169
14.3	1.244781744	1.982700918
14.4	1.433085559	1.773716739
14.5	1.597858035	1.514940848
14.6	1.735067368	1.226028712
14.7	1.842774811	0.9283450809
14.8	1.921067481	0.6403975417
14.9	1.971615315	0.3750670618
15	1.997064035	0.139056574
15.1	2.00045973	-0.0660757655
15.2	1.98481615	-0.2422506607
15.3	1.952848398	-0.3932838963
15.4	1.906846194	-0.5237110607
15.5	1.848641606	-0.6380623353
15.6	1.779630527	-0.740492288
15.7	1.700818585	-0.8346424384
15.8	1.612873456	-0.923634507
15.9	1.516174582	-1.010124203
16	1.410856437	-1.096368522
16.1	1.296844648	-1.184284246
16.2	1.17389007	-1.275474216
16.3	1.04159793	-1.371210466
16.4	0.8994669983	-1.472354247
16.5	0.746936202	-1.579199647
16.6	0.5834537288	-1.691202247
16.7	0.408580524	-1.806601435
16.8	0.2221339719	-1.921915953
16.9	0.02438901544	-2.031381436
17	-0.1836672219	-2.12649053
17.1	-0.4000552688	-2.195918757
17.2	-0.6215482291	-2.226261544
17.3	-0.8435496882	-2.203966815
17.4	-1.060226965	-2.118456684
17.5	-1.26498925	-1.965707216
17.6	-1.451285337	-1.750777374
17.7	-1.61353504	-1.487760257
17.8	-1.74790298	-1.196746409
17.9	-1.852665	-0.8990349634
18	-1.928095213	-0.6126790748
18.1	-1.975995077	-0.3499401467
18.2	-1.999080083	-0.1169378204
18.3	-2.000414855	0.08520683311
18.4	-1.982996252	0.258682158
18.5	-1.949503255	0.4074316443
18.6	-1.90218171	0.5360246236
18.7	-1.842819412	0.6489714154
18.8	-1.772771376	0.7503822787
18.9	-1.693007196	0.8438478441
19	-1.604163657	0.9324418296
19.1	-1.506593731	1.018776999
19.2	-1.400409007	1.105075141
19.3	-1.285516749	1.19322037
19.4	-1.161650108	1.284785257
19.5	-1.028404057	1.381006511
19.6	-0.885266079	1.482697179
19.7	-0.7316738334	1.590083486
19.8	-0.5670798721	1.702522559
19.9	-0.3910622519	1.818108414
20	-0.2034733955	1.933162427
20.1	-0.004645071745	2.04166905
20.2	0.2043525172	2.134838027
20.3	0.4214277547	2.201090741
20.4	0.6432223613	2.226897651
20.5	0.8650079275	2.198837354
20.6	1.080849796	2.106812652
20.7	1.284120274	1.947602818
20.8	1.468320366	1.727200321
20.9	1.628009607	1.460463862
21	1.759549296	1.167830671
21.1	1.861422228	0.8704639493
21.2	1.934076751	0.5859321178
21.3	1.979431704	0.3258839947
21.4	2.000260668	0.09588586673
21.5	1.999638044	-0.1033412686
21.6	1.980539054	-0.2742213219
21.7	1.945604273	-0.4208029525
21.8	1.897035302	-0.5476748707
21.9	1.836576369	-0.6593200979
22	1.765542827	-0.7598017621
22.1	1.6848696	-0.8526590503
22.2	1.595163723	-0.9409182454
22.3	1.496753055	-1.027151381
22.4	1.389727699	-1.113545086
22.5	1.273976412	-1.201952795
22.6	1.149217923	-1.293917471
22.7	1.01503405	-1.390637096
22.8	0.8709060304	-1.492880174
22.9	0.7162676708	-1.600799607
23	0.5505801934	-1.713650946
23.1	0.3734396951	-1.829382036
23.2	0.1847343799	-1.944109925
23.3	-0.01514333582	-2.051567064
23.4	-0.2250372317	-2.142683108
23.5	-0.4427430173	-2.205633384
23.6	-0.6647706567	-2.2267913
23.7	-0.8862623621	-2.192899307
23.8	-1.101188048	-2.094375535
23.9	-1.302892477	-1.928822387
24	-1.484938733	-1.703156445
24.1	-1.642033466	-1.432959915
24.2	-1.770737182	-1.138962447
24.3	-1.869736671	-0.8421450315
24.4	-1.939647939	-0.5595678296
24.5	-1.9824997	-0.3022687053
24.6	-2.001117108	-0.07527668876
24.7	-1.998579915	0.121066688
24.8	-1.977838923	0.289403664
24.9	-1.941495155	0.4338751937
25	-1.891705839	0.5590820504
25.1	-1.830171998	0.6694763559
25.2	-1.7581699	0.769072739
25.3	-1.676600539	0.8613594413
25.4	-1.586041909	0.9493153552
25.5	-1.486796929	1.035472781
25.6	-1.378935148	1.121984078
25.7	-1.262327058	1.210673096
25.8	-1.136677219	1.303049342
25.9	-1.001555116	1.40027767
26	-0.8564352499	1.503073433
26.1	-0.7007510572	1.611519724
26.2	-0.5339700017	1.724764816
26.3	-0.3557093686	1.840602019
26.4	-0.1658967207	1.95494404
26.5	0.0350149702	2.061264527
26.6	0.2457803786	2.150214375
26.7	0.4640791328	2.209737524
26.8	0.6862893153	2.226123275
26.9	0.907426033	2.186313174
27	1.121369116	2.081275363
27.1	1.321444166	1.909455749
27.2	1.501285556	1.678687377
27.3	1.655753796	1.405241929
27.4	1.781610829	1.110090377
27.5	1.877745219	0.8139901397
27.6	1.944935392	0.533474523
27.7	1.98531392	0.2789711796
27.8	2.00175198	0.05498623222
27.9	1.997330836	-0.1385015066
28	1.974974864	-0.3043374449
28.1	1.937244668	-0.4467451374
28.2	1.886252972	-0.5703314698
28.3	1.823657949	-0.6795148943
28.4	1.750697333	-0.7782608275
28.5	1.668238591	-0.8700061563
28.6	1.576831129	-0.9576841192
28.7	1.476753842	-1.043787087
28.8	1.36805518	-1.130434056
28.9	1.25058864	-1.219417349
29	1.124043598	-1.312218831
29.1	0.9879798077	-1.409961156
29.2	0.8418638279	-1.513312749
29.3	0.6851290934	-1.622277128
29.4	0.5172520765	-1.735895055
29.5	0.3378715879	-1.851801382
29.6	0.1469557573	-1.965696163
29.7	-0.05497737655	-2.070793098
29.8	-0.2665914108	-2.15746362
29.9	-0.4854485477	-2.213428025
30	-0.707793762	-2.224917752
30.1	-0.9285171443	-2.179104101
30.2	-1.141414055	-2.067538404
30.3	-1.339799172	-1.88952893
30.4	-1.517386892	-1.653816131
30.5	-1.669198201	-1.377323397
30.6	-1.792198662	-1.081216383
30.7	-1.885476175	-0.7859906615
30.8	-1.949966299	-0.5076343811
30.9	-1.987899334	-0.2559680724
31	-2.002187627	-0.03498842329
31.1	-1.995910574	0.155671661
31.2	-1.971964106	0.3190473984
31.3	-1.932867656	0.4594352417
31.4	-1.880689444	0.5814430024
31.5	-1.817045111	0.6894530626
31.6	-1.743134312	0.7873809186
31.7	-1.659791599	0.8786128291
31.8	-1.567538211	0.9660360776
31.9	-1.466629055	1.052104632
32	-1.357092594	1.138904038
32.1	-1.238764532	1.228197021
32.2	-1.111321297	1.321432832
32.3	-0.9743100333	1.419697061
32.4	-0.8271931092	1.523602488
32.5	-0.6694028056	1.633078165
32.6	-0.5004259538	1.747046022
32.7	-0.3199258173	1.862981346
32.8	-0.1279121114	1.976366232
32.9	0.07503079969	2.080149141
33	0.2874707826	2.164426483
33.1	0.5068507594	2.21670211
33.2	0.72928292	2.223172944
33.3	0.9495343568	2.171273992
33.4	1.161321755	2.053172364
33.5	1.357957409	1.86905519
33.6	1.533244484	1.628559509
33.7	1.682370418	1.349222255
33.8	1.802506106	1.052355222
33.9	1.892935963	0.7581548572
34	1.954747359	0.4820491926
34.1	1.990262688	0.2332560809
34.2	2.002430395	0.01527698911
34.3	1.994324736	-0.1725851129
34.4	1.968811441	-0.3335415237
34.5	1.928368154	-0.4719530108
34.6	1.875018564	-0.5924234182
34.7	1.810336163	-0.6992968612
34.8	1.735483002	-0.7964382612
34.9	1.651261118	-0.8871836396
35	1.558164252	-0.9743753844
35.1	1.456423617	-1.060428699
35.2	1.346047512	-1.147397067
35.3	1.226855566	-1.237013572
35.4	1.098508963	-1.330693456
35.5	0.9605459448	-1.429485187
35.6	0.8124221513	-1.533945623
35.7	0.653571741	-1.643920652
35.8	0.4834924984	-1.758217063
35.9	0.3018718696	-1.874139844
36	0.1087650512	-1.98694885
36.1	-0.09517327591	-2.08932549
36.2	-0.3084154833	-2.171089351
36.3	-0.5282823719	-2.219545354
36.4	-0.7507523284	-2.220878024
36.5	-0.9704726418	-2.162818428
36.6	-1.181087418	-2.038182265
36.7	-1.37591502	-1.848050143
36.8	-1.54885599	-1.602938846
36.9	-1.69527005	-1.320959166
37	-1.812534527	-1.023522868
37.1	-1.900127446	-0.7304929494
37.2	-1.959282441	-0.4567237702
37.3	-1.992407876	-0.2108351519
37.4	-2.002483923	0.004151287691
37.5	-1.99257656	0.1892462969
37.6	-1.965519646	0.3478248681
37.7	-1.923748404	0.4843034286
37.8	-1.869242103	0.6032771834
37.9	-1.803532442	0.7090500565
38	-1.72774438	0.8054362641
38.1	-1.642648037	0.8957216031
38.2	-1.548709702	0.9827039914
38.3	-1.446137573	1.06876165
38.4	-1.334920511	1.155915188
38.5	-1.214860608	1.245866952
38.6	-1.085607126	1.340002718
38.7	-0.9466866873	1.439326064
38.8	-0.797551453	1.544340616
38.9	-0.637635809	1.654805659
39	-0.4664507566	1.769404381
39.1	-0.2837106015	1.885270924
39.2	-0.08951673379	1.997436196
39.3	0.1154037389	2.098311076
39.4	0.3294232772	2.177444471
39.5	0.5497393199	2.221949207
39.6	0.7721968879	2.218025764
39.7	0.9913262082	2.15373551
39.8	1.200705239	2.022573092
39.9	1.393667153	1.826524341
40	1.56421828	1.576970271
40.1	1.707895958	1.292552783
40.2	1.822284678	0.994736037
40.3	1.907052578	0.7030160808
40.4	1.963574027	0.4316629886
40.5	1.994337861	0.1887058914
40.6	2.002351175	-0.02329864332
40.7	1.99066868	-0.2056592423
40.8	1.96209091	-0.3619017917
40.9	1.9190102	-0.4964906348
41	1.863361457	-0.6140080848
41.1	1.796635002	-0.718716065
41.2	1.719919184	-0.8143775936
41.3	1.633952605	-0.9042290142
41.4	1.53917483	-0.991024389
41.5	1.435771077	-1.077104942
41.6	1.323710986	-1.164459279
41.7	1.202780368	-1.254761071
41.8	1.072615128	-1.349360131
41.9	0.9327326079	-1.449222438
42	0.7825795783	-1.554786609
42.1	0.6215947917	-1.66572984
42.2	0.4493008655	-1.780605819
42.3	0.2654413649	-1.896369251
42.4	0.0701677897	-2.007820443
42.5	-0.1357197636	-2.107095024
42.6	-0.3504908937	-2.183474503
42.7	-0.5712172762	-2.223898704
42.8	-0.7936110159	-2.214605144
42.9	-1.012088776	-2.144021013
43	-1.220169045	-2.006350849
43.1	-1.411208609	-1.804494658
43.2	-1.579327904	-1.550674945
43.3	-1.720246638	-1.264023661
43.4	-1.831756764	-0.9660104337
43.5	-1.913712976	-0.6757343317
43.6	-1.967624605	-0.4068718779
43.7	-1.996055373	-0.166868673
43.8	-2.002034642	0.04216762065
43.9	-1.98860327	0.221827592
44	-1.958527033	0.3757764492
44.1	-1.914154893	0.50851873
44.2	-1.857377582	0.6246197679
44.3	-1.78964446	0.728298009
44.4	-1.712007785	0.8232651652
44.5	-1.625175048	0.9127080567
44.6	-1.529559401	0.999338409
44.7	-1.425323939	1.085460337
44.8	-1.312418525	1.173031672
44.9	-1.190614165	1.263694827
45	-1.059532245	1.358767627
45.1	-0.9186822399	1.459170786
45.2	-0.7675069338	1.565284768
45.3	-0.6054475123	1.676692232
45.4	-0.4320426527	1.791816266
45.5	-0.2470657266	1.907429689
45.6	-0.05071851142	2.018092962
45.7	0.1561200657	2.115668116
45.8	0.371615136	2.189172232
45.9	0.5927118733	2.225383312
46	0.8149894756	2.210608332
46.1	1.032754632	2.13367367
46.2	1.239473411	1.989521326
46.3	1.428535071	1.781972467
46.4	1.594182052	1.524070168
46.5	1.732321223	1.235389696
46.6	1.840951785	0.9373613953
46.7	1.920110845	0.6486574416
46.8	1.971437071	0.382354043
46.9	1.997563253	0.1453232564
47	2.001537161	-0.06076074792
47.1	1.986382843	-0.2377553932
47.2	1.954830079	-0.3894531641
47.3	1.909184156	-0.5203917485
47.4	1.851291782	-0.6351159001
47.5	1.782561769	-0.7377990437
47.6	1.704010735	-0.8321013645
47.7	1.616315685	-0.9211613816
47.8	1.519863833	-1.007647825
47.9	1.414795817	-1.09382961
48	1.301043457	-1.181632487
48.1	1.178360825	-1.272670246
48.2	1.04635845	-1.368224838
48.3	0.904535748	-1.469174517
48.4	0.7523322043	-1.575832303
48.5	0.5891946492	-1.687690229
48.6	0.4146762319	-1.803034018
48.7	0.2285827502	-1.918445945
48.8	0.03117097952	-2.028246136
48.9	-0.1766017351	-2.124017827
49	-0.3927928028	-2.194519777
49.1	-0.614218529	-2.226388938
49.2	-0.8363264338	-2.206025721
49.3	-1.053317386	-2.122691319
49.4	-1.258612217	-1.972093243
49.5	-1.445641559	-1.758977043
49.6	-1.608777783	-1.497177921
49.7	-1.744118755	-1.206671353
49.8	-1.849870421	-0.9088038041
49.9	-1.926248194	-0.6217944946
50	-1.975014026	-0.3581136841
50.1	-1.998864494	-0.1240693767
50.2	-2.000861383	0.07908101671
50.3	-1.984009702	0.2534465221
50.4	-1.951001948	0.4029362004
50.5	-1.904099442	0.5321138162
50.6	-1.845105103	0.6455000831
50.7	-1.775387642	0.7472222786
50.8	-1.695928598	0.840889224
50.9	-1.607374817	0.929590817
51	-1.510087838	1.015954784
51.1	-1.404186967	1.102214161
51.2	-1.289584809	1.190264594
51.3	-1.166021231	1.28168793
51.4	-1.03309283	1.377733336
51.5	-0.8902920505	1.479230735
51.6	-0.7370557411	1.586430141
51.7	-0.5728348854	1.6987226
51.8	-0.3972011685	1.814253215
51.9	-0.2099942553	1.929411999
52	-0.0115256787	2.038269924
52.1	0.1971633631	2.13213356
52.2	0.4140204031	2.199509417
52.3	0.6357325362	2.226906213
52.4	0.8576162923	2.20085111
52.5	1.073770952	2.111074248
52.6	1.277579731	1.954073512
52.7	1.462523618	1.735520261
52.8	1.623112301	1.47001558
52.9	1.755638453	1.177886652
53	1.858513619	0.8803525335
53.1	1.932126955	0.5951543768
53.2	1.97835804	0.3341538743
53.3	1.999961681	0.1031066409
53.4	2.000009884	-0.09713112833
53.5	1.981486044	-0.2689049656
53.6	1.947044442	-0.4162295807
53.7	1.898902181	-0.5436886853
53.8	1.83881863	-0.6557757447
53.9	1.768122857	-0.7565707196
54	1.687761731	-0.8496308381
54.1	1.598352537	-0.9379988932
54.2	1.500231748	-1.024260919
54.3	1.393496808	-1.11061579
54.4	1.278042933	-1.198927413
54.5	1.15359353	-1.290749228
54.6	1.019735303	-1.387292494
54.7	0.8759509355	-1.489341983
54.8	0.7216764777	-1.597075629
54.9	0.556368882	-1.709786364
55	0.3796178617	-1.825471541
55.1	0.1912996441	-1.94032143
55.2	-0.008215464216	-2.048156419
55.3	-0.2178018375	-2.140003453
55.4	-0.4352943914	-2.204124234
55.5	-0.6572490795	-2.226921113
55.6	-0.8788531922	-2.195075698
55.7	-1.09410919	-2.098822092
55.8	-1.296370345	-1.935472744
55.9	-1.479176897	-1.711622219
56	-1.637183242	-1.442605034
56.1	-1.766879845	-1.149054665
56.2	-1.86688257	-0.8520210626
56.3	-1.937749573	-0.568745049
56.4	-1.98147207	-0.3104776125
56.5	-2.00085788	-0.08243384888
56.6	-1.998985365	0.1149143306
56.7	-1.978814243	0.2841347615
56.8	-1.942959487	0.4293376972
56.9	-1.893593857	0.5551204688
57	-1.832433453	0.665946427
57.1	-1.76076816	0.7658473613
57.2	-1.679510736	0.8583291538
57.3	-1.589249233	0.9463874466
57.4	-1.490295368	1.032568284
57.5	-1.382725677	1.119035828
57.6	-1.266416973	1.207623926
57.7	-1.141078952	1.29985513
57.8	-1.006285	1.396904007
57.9	-0.861512451	1.499506425
58	-0.7061939833	1.607769488
58.1	-0.539795389	1.720878557
58.2	-0.3619264944	1.836683344
58.3	-0.1725001434	1.951167492
58.4	0.02805197696	2.057895938
58.5	0.2385153262	2.147617434
58.6	0.4566110167	2.20835408
58.7	0.678763319	2.226423201
58.8	0.9000314309	2.18869344
58.9	1.114326069	2.085935937
59	1.314978559	1.916299097
59.1	1.495597256	1.687297101
59.2	1.650988109	1.414964251
59.3	1.777842412	1.120192822
59.4	1.874978334	0.8238228005
59.5	1.943118067	0.5425737556
59.6	1.984358575	0.2870870567
59.7	2.001555564	0.06204995178
59.8	1.997790185	-0.1324337382
59.9	1.975996248	-0.2991400408
60	1.938748635	-0.4422646104
60.1	1.888175646	-0.5664129253
60.2	1.825950398	-0.6760155176
60.3	1.753324049	-0.7750550364
60.4	1.671175738	-0.8669865218
60.5	1.580064913	-0.9547589067
60.6	1.480278626	-1.040878398
60.7	1.371872833	-1.127475843
60.8	1.25470701	-1.216355138
60.9	1.128475693	-1.309005723
61	0.9927417068	-1.406567961
61.1	0.8469748104	-1.509724532
61.2	0.6906081128	-1.618508464
61.3	0.5231149615	-1.731998391
61.4	0.3441262712	-1.847885039
61.5	0.1535958769	-1.961943388
61.6	-0.04798124411	-2.067478627
61.7	-0.2593009314	-2.154959861
61.8	-0.4779667334	-2.212184384
61.9	-0.7002701982	-2.225401484
62	-0.9211449408	-2.181698212
62.1	-1.134415231	-2.072418064
62.2	-1.333398606	-1.896565538
62.3	-1.51178046	-1.662564721
62.4	-1.664524911	-1.387115187
62.5	-1.788526045	-1.091320027
62.6	-1.882802304	-0.7957706677
62.7	-1.948234876	-0.5166479642
62.8	-1.987020527	-0.2639844514
62.9	-2.002057763	-0.04195347138
63	-1.996427013	0.1496928403
63.1	-1.97303438	0.3139248521
63.2	-1.93441378	0.4550145449
63.3	-1.882649009	0.577569973
63.4	-1.819370554	0.6859864059
63.5	-1.74579134	0.7841968866
63.6	-1.662757381	0.8756053381
63.7	-1.570799715	0.9631150611
63.8	-1.470181612	1.049193424
63.9	-1.360938505	1.135937561
64	-1.242912219	1.225120597
64.1	-1.115783846	1.318203282
64.2	-0.9791045032	1.416283308
64.3	-0.8323387074	1.519996122
64.4	-0.6749181196	1.629293333
64.5	-0.5063268208	1.74314133
64.6	-0.3262184894	1.859071529
64.7	-0.1345879974	1.972642069
64.8	0.06800268668	2.076895558
64.9	0.2801562151	2.162023488
65	0.4993573922	2.215604062
65.1	0.721764713	2.223845294
65.2	0.9421880477	2.174084998
65.3	1.154370958	2.058271222
65.4	1.351625578	1.876281838
65.5	1.527723014	1.637441273
65.6	1.677791806	1.359075945
65.7	1.798930862	1.06245272
65.8	1.890356175	0.7678767849
65.9	1.953102565	0.4909734484
66	1.989460751	0.2411710478
66.1	2.002367233	0.02214267024
66.2	1.994898432	-0.1666950944
66.3	1.969930788	-0.328493509
66.4	1.92995665	-0.467591693
66.5	1.877015294	-0.5885954351
66.6	1.812694916	-0.6958624775
66.7	1.73817066	-0.7932755326
66.8	1.654255946	-0.884188212
66.9	1.561454	-0.9714582395
67	1.460004248	-1.057514798
67.1	1.349922311	-1.144422069
67.2	1.231032776	-1.233923964
67.3	1.103003075	-1.327447209
67.4	0.9653735797	-1.426054024
67.5	0.8176027375	-1.530319559
67.6	0.6591240558	-1.640121744
67.7	0.4894307112	-1.754305841
67.8	0.3082021497	-1.870237492
67.9	0.1154776004	-1.983255907
68	-0.08811406883	-2.086134916
68.1	-0.3010784884	-2.168791968
68.2	-0.5207791034	-2.21860014
68.3	-0.7432414443	-2.221744477
68.4	-0.9631543718	-2.165848957
68.5	-1.174186667	-2.043498999
68.6	-1.369653615	-1.855460983
68.7	-1.543420764	-1.611945532
68.8	-1.690786807	-1.330867603
68.9	-1.809056692	-1.033608896
69	-1.897641106	-0.7401530654
69.1	-1.95772313	-0.4655568787
69.2	-1.991681811	-0.2186485536
69.3	-2.00248657	-0.002615745066
69.4	-1.993206671	0.1834440413
69.5	-1.966687353	0.3428499656
69.6	-1.925378721	0.4800000541
69.7	-1.871275575	0.5994929753
69.8	-1.805924209	0.7056469512
69.9	-1.730462504	0.8022939219
70	-1.64567164	0.8927371932
70.1	-1.552027555	0.97979047
70.2	-1.449746502	1.065844313
70.3	-1.338823745	1.152931284
70.4	-1.219068337	1.242764657
70.5	-1.090132424	1.336739291
70.6	-0.9515477827	1.435876226
70.7	-0.8027669766	1.540696865
70.8	-0.6432246393	1.650991661
70.9	-0.472426943	1.765487481
71	-0.2900785409	1.88137885
71.1	-0.09626429487	1.993777311
71.2	0.1083140583	2.095188806
71.3	0.3220644461	2.175256472
71.4	0.5422276445	2.221158678
71.5	0.7646953288	2.219087868
71.6	0.9840383182	2.156985677
71.7	1.19385698	2.02810565
71.8	1.387478297	1.834115663
71.9	1.558870632	1.586096441
72	1.703508594	1.3025088
72.1	1.81890412	1.004804047
72.2	1.904659219	0.7126101632
72.3	1.962099649	0.4404027964
72.4	1.993686709	0.1964170297
72.5	2.002418618	-0.01662963807
72.6	1.991354346	-0.1999433764
72.7	1.963306248	-0.3569986473
72.8	1.920681725	-0.4922439066
72.9	1.865431192	-0.610266442
73	1.799059409	-0.7153430685
73.1	1.722667468	-0.8112547453
73.2	1.637004967	-0.9012551051
73.3	1.542520762	-0.9881134075
73.4	1.439408053	-1.074183839
73.5	1.32764323	-1.161466102
73.6	1.207017675	-1.251644041
73.7	1.077172084	-1.346079862
73.8	0.9376268414	-1.445753368
73.9	0.7878305233	-1.551124791
74	0.6272205429	-1.661902581
74.1	0.4553147802	-1.776684606
74.2	0.2718469108	-1.892489195
74.3	0.07695063898	-2.004198593
74.4	-0.1286003539	-2.104044289
74.5	-0.3431116167	-2.181401384
74.6	-0.563698814	-2.22326898
74.7	-0.7861207723	-2.215867488
74.8	-1.004833439	-2.147492612
74.9	-1.213375334	-2.012097342
75	-1.405094015	-1.812260752
75.1	-1.574069069	-1.559913254
75.2	-1.715955774	-1.274020567
75.3	-1.828473475	-0.9760553144
75.4	-1.911412042	-0.68525898
75.5	-1.966234241	-0.4155168511
75.6	-1.995478276	-0.1744776001
75.7	-2.002166115	0.03559581121
75.8	-1.989343801	0.2161969391
75.9	-1.959789449	0.3709436354
76	-1.915867226	0.5043272527
76.1	-1.859483309	0.6209194605
76.2	-1.792101352	0.7249541161
76.3	-1.714786181	0.8201608675
76.4	-1.628256095	0.9097437845
76.5	-1.532933482	0.9964295186
76.6	-1.42898918	1.082534823
76.7	-1.316379727	1.170028532
76.8	-1.194881718	1.260563802
76.9	-1.064120939	1.355469784
77	-0.9236101744	1.455682921
77.1	-0.7727932688	1.56160531
77.2	-0.6111102803	1.672851612
77.3	-0.4380946095	1.787892032
77.4	-0.2535086453	1.903563775
77.5	-0.05753600963	2.014511184
77.6	0.1489715147	2.112692971
77.7	0.3642163203	2.18721752
77.8	0.5851881144	2.224917444
77.9	0.8075124114	2.212073111
78	1.025533944	2.137366895
78.1	1.232736317	1.99547933
78.2	1.422496398	1.789908831
78.3	1.589013017	1.533414299
78.4	1.728127121	1.245420745
78.5	1.837765424	0.9473775677
78.6	1.91790163	0.6581092372
78.7	1.970129838	0.3909027473
78.8	1.997059197	0.1528299689
78.9	2.001731662	-0.05428515509
79	1.987177376	-0.2322084995
79.1	1.956138855	-0.3846891846
79.2	1.910936723	-0.5162540999
79.3	1.853433062	-0.6314556404
79.4	1.785050822	-0.7344830964
79.5	1.706819028	-0.8290147176
79.6	1.619425354	-0.9182059567
79.7	1.523265998	-1.004740241
79.8	1.418489334	-1.090899101
79.9	1.305033757	-1.178619155
80	1.18265862	-1.269524286
80.1	1.050979147	-1.364909497
80.2	0.9094970795	-1.465667283
80.3	0.7576544803	-1.572135462
80.4	0.594894556	-1.683837837
80.5	0.4207659315	-1.799107741
80.6	0.2350632922	-1.914596143
80.7	0.03802310804	-2.024706954
80.8	-0.1694249543	-2.121121697
80.9	-0.3853757187	-2.19268935
81	-0.6066910514	-2.226092798
81.1	-0.8288644999	-2.207696986
81.2	-1.046133406	-2.126607198
81.3	-1.251933623	-1.978260028
81.4	-1.439680328	-1.767077168
81.5	-1.603699518	-1.506620509
81.6	-1.74002176	-1.216730117
81.7	-1.846780716	-0.918786559
81.8	-1.924129925	-0.6311705296
81.9	-1.973788891	-0.3665650144
82	-1.998432504	-0.1314742562
82.1	-2.001118062	0.07270059802
82.2	-1.984857486	0.2479819976
82.3	-1.952356496	0.3982394816
82.4	-1.905891808	0.5280285244
82.5	-1.847281641	0.6418785882
82.6	-1.777908699	0.7439332514
82.7	-1.698766709	0.8378191556
82.8	-1.610513016	0.9266434488
82.9	-1.513518235	1.013047918
83	-1.407908863	1.099278101
83.1	-1.293604396	1.187239918
83.2	-1.170349515	1.278527469
83.3	-1.037745696	1.374399674
83.4	-0.895287978	1.475705702
83.5	-0.7424134015	1.582715894
83.6	-0.5785722857	1.694857585
83.7	-0.4033292431	1.810327124
83.8	-0.2165114472	1.925580535
83.9	-0.01841161057	2.034777375
84	0.1899586621	2.129321423
84.1	0.4065860709	2.197804563
84.2	0.6282029608	2.226781088
84.3	0.8501714497	2.202729576
84.4	1.066625894	2.115211868
84.5	1.270961797	1.960446374
84.6	1.456641455	1.743780726
84.7	1.618125686	1.479550616
84.8	1.75163867	1.187966203
84.9	1.855520154	0.890296246
85	1.930098959	0.6044513998
85.1	1.977214132	0.3425066634
85.2	1.999600749	0.1104096201
85.3	2.000327705	-0.09084484544
85.4	1.982386214	-0.2635213688
85.5	1.948444013	-0.4115987751
85.6	1.900733727	-0.5396544649
85.7	1.84102993	-0.6521918127
85.8	1.770675497	-0.7533074375
85.9	1.69062941	-0.8465767742
86	1.601519246	-0.9350587004
86.1	1.503690068	-1.021354052
86.2	1.397247207	-1.107673484
86.3	1.282091625	-1.195892512
86.4	1.157952918	-1.287573009
86.5	1.024420406	-1.383941558
86.6	0.8809808972	-1.48579728
86.7	0.7270702573	-1.593344617
86.8	0.5621434327	-1.705911034
86.9	0.3857835638	-1.821545978
87	0.1978539562	-1.936510354
87.1	-0.001295981011	-2.04471268
87.2	-0.2105706094	-2.137277827
87.3	-0.427844329	-2.202552384
87.4	-0.6497191767	-2.226973611
87.5	-0.8714275077	-2.197165494
87.6	-1.087005103	-2.103181937
87.7	-1.289814824	-1.942047774
87.8	-1.473375172	-1.720034821
87.9	-1.632289083	-1.452224683
88	-1.762977461	-1.159148948
88.1	-1.86398486	-0.8619214359
88.2	-1.935810844	-0.5779605187
88.3	-1.980408241	-0.3187309488
88.4	-2.000566905	-0.08963558164
88.5	-1.999363389	0.108721092
88.6	-1.979765946	0.2788306841
88.7	-1.944403408	0.4247711954
88.8	-1.895464068	0.551135839
88.9	-1.834679136	0.66239882
89	-1.763352158	0.7626088978
89.1	-1.682407769	0.8552898696
89.2	-1.592444191	0.9434538514
89.3	-1.493781789	1.029660815
89.4	-1.386504356	1.116086952
89.5	-1.270495093	1.204576631
89.6	-1.14546855	1.296663431
89.7	-1.011002569	1.393534436
89.8	-0.8665765959	1.495943357
89.9	-0.7116238222	1.604021862
90	-0.5456075497	1.716993331
90.1	-0.3681301198	1.832760692
90.2	-0.1790909742	1.947379475
90.3	0.02109946761	2.054504969
90.4	0.2312581467	2.144983305
90.5	0.449146473	2.206918185
90.6	0.671234855	2.226656118
90.7	0.8926270357	2.190996128
90.8	1.107265273	2.090517395
90.9	1.30848764	1.923073391
91	1.489877628	1.695857291
91.1	1.646187381	1.424662041
91.2	1.774037689	1.130295229
91.3	1.872176146	0.8336748937
91.4	1.941268092	0.5517049229
91.5	1.983374103	0.2952400324
91.6	2.001333755	0.06915062609
91.7	1.998227657	-0.1263324835
91.8	1.976998875	-0.293914142
91.9	1.940236415	-0.4377611089
92	1.890084156	-0.5624766629
92.1	1.828230216	-0.6725031154
92.2	1.755939242	-0.7718403795
92.3	1.674102104	-0.8639613609
92.4	1.583288216	-0.9518310892
92.5	1.483793132	-1.037969753
92.6	1.375680109	-1.124519792
92.7	1.258814555	-1.213295819
92.8	1.132896333	-1.305798047
92.9	0.9974918984	-1.403180179
93	0.8520734559	-1.50614247
93.1	0.6960743264	-1.614744974
93.2	0.5289646134	-1.728104274
93.3	0.3503677318	-1.843966405
93.4	0.1602233679	-1.958180726
93.5	-0.04099626612	-2.064143361
93.6	-0.252018856	-2.152421247
93.7	-0.4704890244	-2.210890004
93.8	-0.692744891	-2.225819385
93.9	-0.9137638422	-2.184216301
94	-1.127399755	-2.077220447
94.1	-1.32697406	-1.90353468
94.2	-1.506144218	-1.671265419
94.3	-1.659818239	-1.39688385
94.4	-1.784818965	-1.101424554
94.5	-1.880095055	-0.8055702955
94.6	-1.946472668	-0.5256926087
94.7	-1.986114323	-0.2720365223
94.8	-2.001904082	-0.04895376735
94.9	-1.996923002	0.1436823317
95	-1.974087129	0.3087756162
95.1	-1.93594478	0.4505724968
95.2	-1.88459533	0.5736806632
95.3	-1.821684149	0.6825079934
95.4	-1.748437495	0.7810050016
95.5	-1.665712901	0.8725933221
95.6	-1.574051269	0.9601923555
95.7	-1.473724264	1.046282913
95.8	-1.36477432	1.132973826
95.9	-1.247049478	1.222048593
96	-1.1202354	1.314979392
96.1	-0.9838876145	1.412877029
96.2	-0.8374719466	1.516395623
96.3	-0.6804207788	1.625514029
96.4	-0.5122142066	1.739239336
96.5	-0.3324977216	1.855158865
96.6	-0.141251626	1.968907293
96.7	0.0609857098	2.07361974
96.8	0.2728500212	2.159584126
96.9	0.491867874	2.214454904
97	0.714244337	2.224451341
97.1	0.9348323211	2.176819932
97.2	1.147402959	2.063293376
97.3	1.345269315	1.88344209
97.4	1.522171499	1.646276713
97.5	1.673179834	1.36890883
97.6	1.795321385	1.072553224
97.7	1.887743332	0.7776196399
97.8	1.951427332	0.4999293704
97.9	1.988631872	0.2491217111
98	2.002280714	0.02904317253
98.1	1.995452064	-0.1607740595
98.2	1.971032932	-0.3234194776
98.3	1.931530283	-0.4632096612
98.4	1.878998976	-0.5847517569
98.5	1.815041962	-0.6924168814
98.6	1.740847551	-0.7901054138
98.7	1.657240527	-0.8811885599
98.8	1.564733782	-0.9685398558
98.9	1.46357503	-1.054601854
99	1.353786847	-1.141450192
99.1	1.235199721	-1.230838987
99.2	1.10748601	-1.324206896
99.3	0.9701895672	-1.422629011
99.4	0.8227710408	-1.526700528
99.5	0.6646632683	-1.636327596
99.6	0.495355747	-1.75039659
99.7	0.3145193223	-1.866332316
99.8	0.1221772186	-1.979551564
99.9	-0.08106588873	-2.082922056
100	-0.2937492828	-2.166457446
100.1	-0.513279192	-2.217601139
100.2	-0.7357278768	-2.222542614
100.3	-0.955826157	-2.168802509
100.4	-1.167268275	-2.048739505
100.5	-1.363367467	-1.862807401
100.6	-1.537955261	-1.620908751
100.7	-1.686270128	-1.34075729
100.8	-1.805544782	-1.043699392
100.9	-1.895122127	-0.7498351645
101	-1.956133993	-0.4744219396
101.1	-1.990929242	-0.2264973651
101.2	-2.002466237	-0.009417187278
101.3	-1.993817089	0.1776112375
101.4	-1.967838161	0.3378496875
101.5	-1.926994408	0.4756765875
101.6	-1.873296181	0.5956936142
101.7	-1.808304396	0.7022330342
101.8	-1.733169917	0.7991445576
101.9	-1.648685132	0.8897490738
102	-1.555335532	0.976875737
102.1	-1.453345433	1.06292829
102.2	-1.342717038	1.149950586
102.3	-1.223265168	1.239666498
102.4	-1.094646727	1.333481973
102.5	-0.9563970085	1.432432646
102.6	-0.8079702284	1.537059572
102.7	-0.6488005943	1.647182804
102.8	-0.4783898604	1.7615725
102.9	-0.2964332813	1.877483178
103	-0.1029994921	1.990106272
103.1	0.1012350346	2.092042457
103.2	0.3147131506	2.173029717
103.3	0.5347188134	2.220313467
103.4	0.757190388	2.22008109
103.5	0.9767396658	2.160158822
103.6	1.186990239	2.0335629
103.7	1.381263982	1.841644437
103.8	1.553492308	1.59518159
103.9	1.699087704	1.312448851
104	1.81548961	1.014878834
104.1	1.902233467	0.7222276401
104.2	1.96059573	0.4491753312
104.3	1.993009498	0.2041638267
104.4	2.002463521	-0.009926514745
104.5	1.992020692	-0.1941974857
104.6	1.964505016	-0.3520706311
104.7	1.922338902	-0.4879775801
104.8	1.867488291	-0.6065101016
104.9	1.801472426	-0.7119596962
105	1.725405213	-0.8081252271
105.1	1.640047286	-0.898277672
105.2	1.545856872	-0.9852016079
105.3	1.443035178	-1.071264176
105.4	1.331565359	-1.158476275
105.5	1.211244495	-1.248531987
105.6	1.081717952	-1.342805581
105.7	0.9425093858	-1.442290894
105.8	0.7930690828	-1.547469372
105.9	0.6328333482	-1.658079939
106	0.4613154827	-1.772764764
106.1	0.2782393242	-1.888604785
106.2	0.08372116903	-2.000563493
106.3	-0.1214913423	-2.100968171
106.4	-0.3357393964	-2.179287831
106.5	-0.5561825928	-2.222582673
106.6	-0.778626405	-2.217059526
106.7	-0.9975665344	-2.150886724
106.8	-1.206562375	-2.017769215
106.9	-1.398953318	-1.819966104
107	-1.568779092	-1.56911294
107.1	-1.711631151	-1.28400386
107.2	-1.825156225	-0.9861088516
107.3	-1.909078891	-0.6948082709
107.4	-1.964814617	-0.4241951111
107.5	-1.994875408	-0.1821222472
107.6	-2.002275319	0.02899012343
107.7	-1.990065252	0.2105366652
107.8	-1.96103549	0.3660864134
107.9	-1.91756536	0.5001166275
108	-1.861576505	0.6172048579
108.1	-1.794546922	0.7216001869
108.2	-1.717554071	0.8170501969
108.3	-1.63132712	0.9067762501
108.4	-1.536297727	0.9935199932
108.5	-1.432644531	1.079610926
108.6	-1.320330792	1.167028911
108.7	-1.199138686	1.257437779
108.8	-1.068698508	1.352178062
108.9	-0.9285263114	1.452201703
109	-0.7780671589	1.557932053
109.1	-0.616760087	1.669015516
109.2	-0.444133278	1.783968763
109.3	-0.2599384728	1.899692716
109.4	-0.06434141965	2.010915084
109.5	0.1418330706	2.109690942
109.6	0.3568241971	2.185220726
109.7	0.5776660323	2.224393612
109.8	0.8000305148	2.213466613
109.9	1.018300894	2.140982453
110	1.225979193	2.001363646
110.1	1.416430985	1.797786349
110.2	1.583812453	1.542722269
110.3	1.723899127	1.25544062
110.4	1.834545178	0.9574043393
110.5	1.915660411	0.6675868701
110.6	1.968793633	0.3994852873
110.7	1.996529704	0.1603724307
110.8	2.001904215	-0.04777601617
110.9	1.987953107	-0.2266324518
111	1.957431486	-0.3799012941
111.1	1.91267527	-0.5120977848
111.2	1.855561945	-0.6277815145
111.3	1.787528652	-0.7311574988
111.4	1.709616883	-0.825922015
111.5	1.622525022	-0.9152475212
111.6	1.526658332	-1.001832279
111.7	1.422172958	-1.087970402
111.8	1.309013856	-1.175609492
111.9	1.186945838	-1.266383527
112	1.055588627	-1.361600436
112.1	0.9144469319	-1.462166939
112.2	0.7629640015	-1.568444757
112.3	0.6005814222	-1.67998921
112.4	0.4268425216	-1.795182112
112.5	0.2415305013	-1.910740495
112.6	0.04486299734	-2.021152754
112.7	-0.1622579223	-2.1181976
112.8	-0.3779648818	-2.190814448
112.9	-0.5991647194	-2.22573631
113	-0.82139707	-2.209295331
113.1	-1.03893638	-2.130444922
113.2	-1.245234385	-1.984354043
113.3	-1.433691851	-1.775120852
113.4	-1.598589381	-1.516029506
113.5	-1.73589073	-1.226779821
113.6	-1.84365721	-0.9287814229
113.7	-1.921979909	-0.6405733427
113.8	-1.972535119	-0.3750505339
113.9	-1.997975387	-0.1389146567
114	-2.001353047	0.06628700514
114.1	-1.985686692	0.2424888181
114.2	-1.953695062	0.3935194234
114.3	-1.907670262	0.5239250922
114.4	-1.84944584	0.6382436823
114.5	-1.780418533	0.7406349114
114.6	-1.701594365	0.8347434594
114.7	-1.613641226	0.9236933475
114.8	-1.516938676	1.010140863
114.9	-1.411620789	1.096344031
115	-1.297613658	1.184219478
115.1	-1.174667093	1.275372012
115.2	-1.042387263	1.371072659
115.3	-0.9002717295	1.47218677
115.4	-0.747758634	1.579007557
115.5	-0.5842965151	1.690997138
115.6	-0.4094437368	1.806400762
115.7	-0.2230157093	1.921742356
115.8	-0.02528578999	2.031268147
115.9	0.1827637034	2.126478875
116	0.3991577369	2.196055218
116.1	0.6206740071	2.22659584
116.2	0.8427204443	2.204535323
116.3	1.059466991	2.119271848
116.4	1.264322401	1.966747513
116.5	1.450731447	1.751985738
116.6	1.613106918	1.489054264
116.7	1.747604853	1.198039358
116.8	1.852493022	0.9002541194
116.9	1.928039419	0.6137763527
117	1.97604188	0.350894031
117.1	1.999215044	0.1177481941
117.2	2.000624201	-0.08452580897
117.3	1.983268101	-0.258109637
117.4	1.949827865	-0.406945086
117.5	1.902551579	-0.535602547
117.6	1.843229063	-0.6485948982
117.7	1.773217073	-0.7500353088
117.8	1.693486715	-0.8435172055
117.9	1.604675918	-0.9321161105
118	1.507138581	-1.018447298
118.1	1.400987547	-1.104733486
118.2	1.286130061	-1.192860999
118.3	1.162301151	-1.284402377
118.4	1.029094157	-1.380596599
118.5	0.8859987453	-1.482259344
118.6	0.7324514329	-1.58961953
118.7	0.5679049172	-1.702039492
118.8	0.3919360036	-1.817620044
118.9	0.2043953254	-1.932691956
119	0.005611768904	-2.041251527
119.1	-0.2033486678	-2.134521362
119.2	-0.4203997192	-2.2009339
119.3	-0.6421892779	-2.226963853
119.4	-0.8639949739	-2.199181313
119.5	-1.079886516	-2.107464168
119.6	-1.283237312	-1.948552391
119.7	-1.467545205	-1.728394591
119.8	-1.627362558	-1.461815388
119.9	-1.75904106	-1.169238799
120	-1.861053747	-0.8718374795
120.1	-1.933841007	-0.5872047632
120.2	-1.979316534	-0.3270191078
120.3	-2.000251596	-0.09687265019
120.4	-1.999720484	0.1024954935
120.5	-1.980699727	0.2734990089
120.6	-1.945831904	0.4201823976
120.7	-1.897320823	0.5471340465
120.8	-1.836912842	0.6588386785
120.9	-1.765925226	0.7593619152
121	-1.685294552	0.8522455175
121.1	-1.59562926	0.9405180862
121.2	-1.497258399	1.02675366
121.3	-1.390273099	1.113140494
121.4	-1.274562925	1.201533559
121.5	-1.149847414	1.293477242
121.6	-1.015708761	1.39017132
121.7	-0.8716287082	1.492386753
121.8	-0.717041038	1.600279976
121.9	-0.5514065715	1.713111556
122	-0.3743204695	1.828836926
122.1	-0.185669026	1.943583164
122.2	0.01415844864	2.051095227
122.3	0.2240099433	2.142316621
122.4	0.441686874	2.205434199
122.5	0.6637057239	2.226825564
122.6	0.8852149911	2.193224125
122.7	1.100189117	2.095021415
122.8	1.301973934	1.929778484
122.9	1.484129151	1.704366647
123	1.641353922	1.434333386
123.1	1.770198825	1.14039553
123.2	1.869340622	0.8435443621
123.3	1.939387187	0.5608658561
123.4	1.982362013	0.3034281861
123.5	2.001087893	0.07628657003
123.6	1.998644457	-0.1201992103
123.7	1.977983796	-0.288661077
123.8	1.941708942	-0.4332357545
123.9	1.891979339	-0.5585236545
124	1.830498148	-0.6689785518
124.1	1.758543562	-0.7686175277
124.2	1.677018241	-0.8609313783
124.3	1.58650162	-0.948901337
124.4	1.487297818	-1.035061614
124.5	1.379477393	-1.12156633
124.6	1.262911783	-1.210240787
124.7	1.137306139	-1.302596023
124.8	1.002230643	-1.399798773
124.9	0.8571600232	-1.502566966
125	0.7015278161	-1.610987071
125.1	0.5348010994	-1.724213195
125.2	0.3565959704	-1.840046124
125.3	0.1668381074	-1.954408903
125.4	-0.03402259702	-2.060788226
125.5	-0.24474541	-2.14984875
125.6	-0.463015767	-2.20954581
125.7	-0.68521828	-2.226172263
125.8	-0.9063743616	-2.186658899
125.9	-1.120368182	-2.08194566
126	-1.320526077	-1.910435997
126.1	-1.500478645	-1.679917503
126.2	-1.655078577	-1.406628449
126.3	-1.781077717	-1.111529037
126.4	-1.877354644	-0.8153888035
126.5	-1.944679835	-0.5347677926
126.6	-1.985180838	-0.2801239686
126.7	-2.001726673	-0.05598913816
126.8	-1.997398618	0.1376402027
126.9	-1.975122425	0.3035997185
127	-1.937460729	0.4461091023
127.1	-1.886528477	0.5697750694
127.2	-1.823985967	0.6790178202
127.3	-1.751072846	0.7778052567
127.4	-1.668658236	0.8695767994
127.5	-1.57729295	0.9572679596
127.6	-1.477257077	1.043373115
127.7	-1.368600128	1.130012846
127.8	-1.251176359	1.218981104
127.9	-1.124676095	1.311761171
128	-0.9886591941	1.409477334
128.1	-0.8425930549	1.512801551
128.2	-0.68591068	1.621740201
128.3	-0.5180883879	1.735339997
128.4	-0.3387637409	1.85124392
128.5	-0.1479026575	1.965162463
128.6	0.05397986051	2.070322677
128.7	0.265552142	2.157109557
128.8	0.4843823259	2.213254375
128.9	0.7067220168	2.224991116
129	0.9274674584	2.179478774
129.1	1.140418092	2.068238748
129.2	1.338888936	1.890535901
129.3	1.516590168	1.655065754
129.4	1.668534649	1.37872003
129.5	1.791677756	1.082655852
129.6	1.88509751	0.7873828464
129.7	1.949721754	0.5089166013
129.8	1.987776043	0.2571079313
129.9	2.002170806	0.0359785237
130	1.995985625	-0.1548218518
130.1	1.972117876	-0.3183192879
130.2	1.933089067	-0.4588067891
130.3	1.880969637	-0.580892258
130.4	1.817377342	-0.6889599287
130.5	1.743513715	-0.7869277881
130.6	1.660214955	-0.8781846708
130.7	1.56800369	-0.965620033
130.8	1.467135973	-1.051689829
130.9	1.357641334	-1.138481219
131	1.239356271	-1.227758595
131.1	1.11195799	-1.320972304
131.2	0.9749940131	-1.419210494
131.3	0.8279271107	-1.523088044
131.4	0.670189626	-1.632538604
131.5	0.5012676168	-1.746489629
131.6	0.3208232887	-1.862424335
131.7	0.1288642679	-1.975836253
131.8	-0.07402859429	-2.079686797
131.9	-0.286427998	-2.164086063
132	-0.5057827417	-2.216549056
132.1	-0.7282117197	-2.22327307
132.2	-0.948488088	-2.171679374
132.3	-1.160332308	-2.053903742
132.4	-1.357056605	-1.870089087
132.5	-1.532459528	-1.629827931
132.6	-1.681720037	-1.350627751
132.7	-1.801998751	-1.053794003
132.8	-1.892570373	-0.7595389656
132.9	-1.954514838	-0.4833189771
133	-1.99015008	-0.234381824
133.1	-2.002422849	-0.01625321707
133.2	-1.994407734	0.1717477
133.3	-1.96897202	0.3328237713
133.4	-1.928595444	0.4713327885
133.5	-1.875303916	0.5918788913
133.6	-1.810673022	0.6988081575
133.7	-1.735866673	0.7959880315
133.8	-1.651688518	0.886757021
133.9	-1.558633656	0.9739598025
134	-1.456934504	1.060013402
134.1	-1.346600269	1.146972991
134.2	-1.227451535	1.23657303
134.3	-1.099150038	1.330230559
134.4	-0.9612346041	1.428995658
134.5	-0.8131611928	1.53342864
134.6	-0.6543636946	1.643378971
134.7	-0.4843395428	1.757659472
134.8	-0.3027748331	1.873583992
134.9	-0.1097222819	1.986423292
135	0.09416668071	2.088872363
135.1	0.3073694453	2.170764492
135.2	0.5272129328	2.219413887
135.3	0.7496821974	2.221005615
135.4	0.9694304128	2.163254962
135.5	1.180105165	2.038944533
135.6	1.375024311	1.849110081
135.7	1.54808333	1.604224949
135.8	1.694633229	1.322372164
135.9	1.81204102	1.024959789
136	1.899775149	0.7318681572
136.1	1.959062083	0.4579804908
136.2	1.992306029	0.2119463698
136.3	2.002485702	-0.003189073405
136.4	1.992667559	-0.1884213196
136.5	1.96568708	-0.3471174859
136.6	1.923981623	-0.4836914146
136.7	1.869532666	-0.6027388485
136.8	1.803873985	-0.7085657577
136.9	1.72813237	-0.8049888834
137	1.643079535	-0.8952965766
137.1	1.54918313	-0.9822888533
137.2	1.446652442	-1.068345853
137.3	1.335477384	-1.155489741
137.4	1.215460814	-1.24542472
137.5	1.086252758	-1.339537267
137.6	0.9473800149	-1.438834161
137.7	0.7982954675	-1.543820941
137.8	0.6384330524	-1.654262021
137.9	0.4673031369	-1.76884608
138	0.2846188695	-1.884716493
138.1	0.09047917364	-1.996915532
138.2	-0.1143928288	-2.097867507
138.3	-0.3283742043	-2.177135295
138.4	-0.5486687284	-2.221840223
138.5	-0.771128121	-2.21818155
138.6	-0.9902883373	-2.154203499
138.7	-1.19973048	-2.023366109
138.8	-1.392786789	-1.827609795
138.9	-1.563458118	-1.578273108
139	-1.707272816	-1.293972496
139.1	-1.821805032	-0.996170367
139.2	-1.906713495	-0.7043818456
139.3	-1.9633657	-0.432906452
139.4	-1.994246668	-0.1898025695
139.5	-2.002362174	0.02235037226
139.6	-1.990767577	0.2048465579
139.7	-1.96226512	0.3612045942
139.8	-1.919249283	0.4958866536
139.9	-1.863657182	0.6134757849
140	-1.796981194	0.718236047
140.1	-1.720311481	0.8139329821
140.2	-1.634388183	0.9038054201
140.3	-1.539652243	0.9906096497
140.4	-1.436289981	1.076688568
140.5	-1.324271933	1.164032502
140.6	-1.203384929	1.254316702
140.7	-1.073265151	1.348892182
140.8	-0.9334308188	1.448727665
140.9	-0.7833285722	1.554264585
141	-0.6223972337	1.665183929
141.1	-0.4501587765	1.78004692
141.2	-0.2663549767	1.895816704
141.3	-0.07113501864	2.007305154
141.4	0.1347045975	2.106662111
141.5	0.3494388156	2.18318151
141.6	0.5701457309	2.22381222
141.7	0.7925438952	2.21478918
141.8	1.011055606	2.144520391
141.9	1.219202153	2.007174263
142	1.410338908	1.805605083
142.1	1.578580416	1.55199379
142.2	1.719637229	1.265448979
142.3	1.831290953	0.9674412266
142.4	1.913387065	0.6770900688
142.5	1.967428279	0.4081017429
142.6	1.995974714	0.1679507745
142.7	2.00205473	-0.04123317472
142.8	1.988709959	-0.2210269984
142.9	1.958707928	-0.3750892403
143	1.91439977	-0.5079225925
143.1	1.857678418	-0.6240933268
143.2	1.789995264	-0.7278220926
143.3	1.712404357	-0.822823183
143.4	1.625614727	-0.9122858322
143.5	1.530040817	-0.9989239003
143.6	1.425846852	-1.085043334
143.7	1.312983641	-1.172603511
143.8	1.191222946	-1.263248281
143.9	1.060186853	-1.358297308
144	0.919385186	-1.458673365
144.1	0.768261021	-1.564760036
144.2	0.6062552869	-1.676144714
144.3	0.4329058641	-1.791256998
144.4	0.2479846643	-1.906879088
144.5	0.0516908334	-2.017583411
144.6	-0.1551007579	-2.115245703
144.7	-0.3705603858	-2.188896283
144.8	-0.5916396126	-2.225320592
144.9	-0.8139242647	-2.210821509
145	-1.03172641	-2.134204751
145.1	-1.238514564	-1.990374888
145.2	-1.427676164	-1.78310697
145.3	-1.593447373	-1.525403927
145.4	-1.731725621	-1.236819855
145.5	-1.840499783	-0.9387880971
145.6	-1.919797969	-0.6500027837
145.7	-1.971252533	-0.3835702225
145.8	-1.997492976	-0.1463908279
145.9	-2.001566219	0.05983999583
146	-1.986497215	0.2369667118
146.1	-1.955017573	0.388775726
146.2	-1.909434763	0.5198032483
146.3	-1.851597683	0.6345951375
146.4	-1.78291716	0.7373270992
146.5	-1.704411574	0.8316618692
146.6	-1.616759434	0.920740389
146.7	-1.520349259	1.007233519
146.8	-1.415322777	1.093411877
146.9	-1.301612699	1.181202823
147	-1.178973984	1.272221709
147.1	-1.047017585	1.367751933
147.2	-0.9052435546	1.468674377
147.3	-0.7530913603	1.575305169
147.4	-0.5900076946	1.687140835
147.5	-0.4155449093	1.802474498
147.6	-0.2295070097	1.917897727
147.7	-0.03214810801	2.027742781
147.8	0.1755784039	2.123607029
147.9	0.3917354221	2.194261455
148	0.6131457688	2.226350196
148.1	0.8352634255	2.206268178
148.2	1.052294462	2.12325403
148.3	1.257661791	1.972976457
148.4	1.444793752	1.760134892
148.5	1.608056053	1.498525604
148.6	1.743536977	1.208105205
148.7	1.849432177	0.9102255542
148.8	1.925948271	0.6231289282
148.9	1.974841184	0.359315919
149	1.998804453	0.1251224042
149.1	2.000899264	-0.07817379986
149.2	1.984131632	-0.2526695448
149.3	1.951195934	-0.4022683245
149.4	1.904355693	-0.531532751
149.5	1.845416004	-0.6449848192
149.6	1.775747566	-0.7467541288
149.7	1.696333662	-0.8404520889
149.8	1.607822631	-0.9291709623
149.9	1.510577264	-1.015540532
150	1.40471795	-1.101795623
150.1	1.290158239	-1.189833405
150.2	1.166638678	-1.281237138
150.3	1.033756585	-1.377257947
150.4	0.8910046586	-1.478727965
150.5	0.7378200177	-1.585900409
150.6	0.5736532943	-1.698171696
150.7	0.3980751893	-1.813693724
150.8	0.2109237771	-1.928866394
150.9	0.01250772816	-2.037773186
151	-0.1961361012	-2.131734465
151.1	-0.4129606543	-2.199269301
151.2	-0.634659521	-2.226892235
151.3	-0.8565557578	-2.20112335
151.4	-1.072753594	-2.111668653
151.5	-1.276637943	-1.954986057
151.6	-1.461687075	-1.736700694
151.7	-1.622403656	-1.471376263
151.8	-1.75507055	-1.17932346
151.9	-1.858089084	-0.8817686961
152	-1.931839865	-0.5964775409
152.1	-1.978196743	-0.3353420692
152.2	-1.999911752	-0.1041451915
152.3	-2.000056471	0.09623731383
152.4	-1.98161543	0.2681394914
152.5	-1.947244841	0.4155710571
152.6	-1.899164014	0.5431148646
152.7	-1.839134487	0.6552658067
152.8	-1.768487294	0.7561062422
152.9	-1.688171021	0.849195936
153	-1.598804399	0.9375800439
153.1	-1.500725178	1.023846693
153.2	-1.394031865	1.110196367
153.3	-1.278620496	1.198494583
153.4	-1.154215442	1.290296438
153.5	-1.0204036	1.386814197
153.6	-0.8766684773	1.488836648
153.7	-0.7224458373	1.596543479
153.8	-0.557192629	1.709233867
153.9	-0.3804973334	1.824912273
154	-0.1922343719	1.939778789
154.1	0.007228699517	2.0476669
154.2	0.2167707459	2.139616947
154.3	0.4342324132	2.203902933
154.4	0.6561760596	2.226932285
154.5	0.8777954467	2.195377951
154.6	1.093097753	2.099448097
154.7	1.295437543	1.936414046
154.8	1.478351886	1.712824412
154.9	1.636487807	1.443977665
155	1.766325836	1.150493367
155.1	1.866471691	0.8534308741
155.2	1.937475221	0.5700564874
155.3	1.981322191	0.311651603
155.4	2.000817913	0.08345792778
155.5	1.999040518	-0.1140337574
155.6	1.978950966	-0.2833806064
155.7	1.943166198	-0.4286883301
155.8	1.893861195	-0.5545537037
155.9	1.832754205	-0.6654416507
156	1.761137056	-0.7653863837
156.1	1.679924207	-0.8578963867
156.2	1.589705143	-0.9459695199
156.3	1.490792781	-1.032153951
156.4	1.383264787	-1.118615459
156.5	1.266998716	-1.207189568
156.6	1.141705237	-1.299399928
156.7	1.006957937	-1.39642354
156.8	0.8622348149	-1.498998032
156.9	0.7069685991	-1.607235127
157	0.5406243933	-1.720324816
157.1	0.3628112989	-1.836124299
157.2	0.1734402415	-1.950628162
157.3	-0.02706052313	-2.057413773
157.4	-0.2374806489	-2.147243827
157.5	-0.4555470044	-2.208152761
157.6	-0.6776905337	-2.22646058
157.7	-0.8989767458	-2.189026328
157.8	-1.113320802	-2.086593604
157.9	-1.314054948	-1.917268593
158	-1.494783938	-1.688519837
158.1	-1.650305982	-1.416347806
158.2	-1.777302307	-1.121632646
158.3	-1.874581024	-0.8252257389
158.4	-1.942856283	-0.543873202
158.5	-1.984219954	-0.2882467498
158.6	-2.001525417	-0.06305968945
158.7	-1.997853782	0.1315662373
158.8	-1.9761402	0.2983969798
158.9	-1.938961576	0.4416241638
159	-1.888448427	0.5658530032
159.1	-1.826276005	0.6755157246
159.2	-1.753697388	0.7745974307
159.3	-1.671593374	0.8665556986
159.4	-1.580524846	0.9543418134
159.5	-1.480780069	1.040463865
159.6	-1.372415974	1.127054455
159.7	-1.255293013	1.2159189
159.8	-1.129106296	1.308548307
159.9	-0.9934193217	1.406084701
160	-0.8477021403	1.509213753
160.1	-0.6913878167	1.617971779
160.2	-0.52394937	1.731443275
160.3	-0.345016538	1.847326764
160.4	-0.1545410523	1.961407751
160.5	0.04698517619	2.067004675
160.6	0.2582626563	2.154600195
160.7	0.476900861	2.212002913
160.8	0.6991979061	2.225464947
160.9	0.9200936398	2.182061627
161	1.133416515	2.073107116
161.1	1.332484552	1.897562796
161.2	1.510979084	1.663807585
161.3	1.663856215	1.388508699
161.4	1.787999862	1.092759899
161.5	1.882418542	0.7971659623
161.6	1.947985638	0.5179349554
161.7	1.98689306	0.2651297291
161.8	2.002037311	0.04294889284
161.9	1.996498938	-0.1488382411
162	1.973185467	-0.3131926947
162.1	1.934632873	-0.4543828376
162.2	1.882927173	-0.5770167228
162.3	1.81970097	-0.6854914327
162.4	1.746169084	-0.7837424948
162.5	1.663179181	-0.8751764109
162.6	1.571263691	-0.9626986566
162.7	1.470687043	-1.048778624
162.8	1.361485756	-1.135515046
162.9	1.243502405	-1.224682712
163	1.116418973	-1.317743475
163.1	0.9797869104	-1.415798459
163.2	0.8330709481	-1.519482085
163.3	0.6757031378	-1.628754868
163.4	0.5071662993	-1.742585093
163.5	0.3271140178	-1.858513742
163.6	0.1355387087	-1.972110326
163.7	-0.06700225829	-2.076429561
163.8	-0.2791147766	-2.161678292
163.9	-0.498289937	-2.215444372
164	-0.7206932	-2.223936232
164.1	-0.9411404149	-2.174479676
164.2	-1.153379008	-2.058991492
164.3	-1.350721228	-1.877305508
164.4	-1.526933703	-1.63870231
164.5	-1.677136592	-1.360478162
164.6	-1.798418565	-1.063891996
164.7	-1.889985771	-0.7692639767
164.8	-1.952865536	-0.4922477937
164.9	-1.98934419	-0.2423018951
165	-2.002356274	-0.02312392086
165.1	-1.994978489	0.1658532687
165.2	-1.97008883	0.3277720357
165.3	-1.930181745	0.4669684819
165.4	-1.877298714	0.5880486474
165.5	-1.813030035	0.695372181
165.6	-1.738552735	0.79282423
165.7	-1.654681774	0.8837609377
165.8	-1.561921907	0.9710425779
165.9	-1.4605137	1.057099579
166	-1.350473435	1.143998435
166.1	-1.231627414	1.233484235
166.2	-1.103642364	1.326985014
166.3	-0.9660605751	1.425565278
166.4	-0.8183398745	1.529804077
166.5	-0.6599139453	1.639580249
166.6	-0.4902759781	1.753748543
166.7	-0.3091031655	1.869681515
166.8	-0.1164326305	1.982728713
166.9	0.08710909995	2.085678963
167	0.300033482	2.168461431
167.1	0.519710203	2.218460369
167.2	0.7421710018	2.221861811
167.3	0.9621108238	2.1662742
167.4	1.173202039	2.044250266
167.5	1.368759518	1.856511872
167.6	1.542643853	1.61322561
167.7	1.690145239	1.332277853
167.8	1.808558341	1.035046198
167.9	1.897284195	0.7415312409
168	1.957498602	0.4668180409
168.1	1.991576182	0.2197646209
168.2	2.002485046	0.003582766868
168.3	1.993294842	-0.1826147339
168.4	1.966852351	-0.3421390411
168.5	1.925609815	-0.4793852486
168.6	1.871564261	-0.5989525354
168.7	1.806264047	-0.7051611249
168.8	1.730848908	-0.801845604
168.9	1.646101688	-0.8923117237
169	1.552499524	-0.9793750702
169.1	1.45025984	-1.065428804
169.2	1.339379305	-1.152506388
169.3	1.219666647	-1.242322217
169.4	1.090776441	-1.336274953
169.5	0.9522392875	-1.435384693
169.6	0.8035092949	-1.540178237
169.7	0.6440200144	-1.650448852
169.8	0.4732774474	-1.764929503
169.9	0.2909849399	-1.88082404
170	0.09722488769	-1.993255033
170.1	-0.1073047068	-2.094741969
170.2	-0.3210164812	-2.174942009
170.3	-0.5411575109	-2.221041957
170.4	-0.7636261436	-2.219233883
170.5	-0.9829989927	-2.157442766
170.6	-1.192879679	-2.028887972
170.7	-1.386594403	-1.835192161
170.8	-1.558106192	-1.587393449
170.9	-1.702880766	-1.303926198
171	-1.81841973	-1.006239299
171.1	-1.904315619	-0.7139792037
171.2	-1.961887212	-0.4416508228
171.3	-1.993591873	-0.1975187097
171.4	-2.002426471	0.01567658446
171.5	-1.99145055	0.199126494
171.6	-1.963478147	0.3562979853
171.7	-1.920918808	0.491637199
171.8	-1.865725156	0.6097321065
171.9	-1.799404008	0.7148616153
172	-1.723058288	0.810809222
172.1	-1.63743914	0.9008310598
172.2	-1.542996798	0.9876985704
172.3	-1.439925559	1.073767704
172.4	-1.328202765	1.161039789
172.5	-1.207620722	1.251200457
172.6	-1.077820552	1.345612758
172.7	-0.9383233887	1.445259603
172.8	-0.7885777383	1.550603616
172.9	-0.6280211671	1.661357371
173	-0.4561708011	1.776125972
173.1	-0.2727586061	1.891936016
173.2	-0.07791614491	2.003681472
173.3	0.1275866424	2.103607526
173.4	0.3420605544	2.181102472
173.5	0.5626275849	2.223174334
173.6	0.7850530444	2.216041451
173.7	1.003798595	2.147980919
173.8	1.212405671	2.012910175
173.9	1.404220566	1.813362703
174	1.573317142	1.561226758
174.1	1.715341566	1.275444078
174.2	1.828002835	0.9774873826
174.3	1.911081552	0.6866182483
174.4	1.966033759	0.4167514881
174.5	1.995393964	0.1755647819
174.6	2.002183046	-0.03465656033
174.7	1.989447785	-0.2153921415
174.8	1.959968023	-0.3702529695
174.9	1.916110089	-0.5037284079
175	1.859782367	-0.6203909998
175.1	1.792450547	-0.7244767822
175.2	1.715181263	-0.8197179995
175.3	1.628694355	-0.9093211039
175.4	1.533413494	-0.9960149256
175.5	1.429510688	-1.082118053
175.6	1.316943395	-1.169600897
175.7	1.195488992	-1.260117941
175.8	1.064773966	-1.355000367
175.9	0.9243114255	-1.455186415
176	0.7735456067	-1.561081456
176.1	0.6119162009	-1.672304782
176.2	0.4389559145	-1.787332866
176.3	0.2544257238	-1.903012434
176.4	0.05850661077	-2.013999566
176.5	-0.1479536544	-2.112266675
176.6	-0.3631625196	-2.186935645
176.7	-0.5841160839	-2.224846519
176.8	-0.8064465015	-2.212276168
176.9	-1.024503948	-2.137886936
177	-1.231774603	-1.996322396
177.1	-1.421633672	-1.791034912
177.2	-1.58827384	-1.534742918
177.3	-1.727526691	-1.246849362
177.4	-1.837308599	-0.9488058301
177.5	-1.917584197	-0.659458293
177.6	-1.969941171	-0.3921237624
177.7	-1.996985304	-0.1539026313
177.8	-2.001757602	0.05335962893
177.9	-1.987289076	0.2314156751
178	-1.956324055	0.3840083461
178.1	-1.911185338	0.5156629466
178.2	-1.853737202	0.6309329102
178.3	-1.785404618	0.7340097886
178.4	-1.707218385	0.8285743608
178.5	-1.619867674	0.9177845388
178.6	-1.523750027	1.004325893
178.7	-1.419014885	1.090481625
178.8	-1.305601539	1.178189951
178.9	-1.183270293	1.26907663
179	-1.051636675	1.36443746
179.1	-0.9102035175	1.465168596
179.2	-0.7584115928	1.571608946
179.3	-0.5957058084	1.68328871
179.4	-0.4216327905	1.798548574
179.5	-0.2359853429	1.914047019
179.6	-0.03899843359	2.024201693
179.7	0.1684028944	2.120706709
179.8	0.3843192642	2.192423697
179.9	0.6056184784	2.226044735
180	0.8278006972	2.207928529
180.1	1.045108615	2.127158449
180.2	1.250980247	1.97913296
180.3	1.43882861	1.768227637
180.4	1.602973233	1.50796376
180.5	1.739435102	1.218162776
180.6	1.84633762	0.9202098947
180.7	1.923825468	0.6325087111
180.8	1.973611963	0.3677721296
180.9	1.998368875	0.1325322467
181	2.001152805	-0.07178870693
181.1	1.984976729	-0.2472009515
181.2	1.952548158	-0.3975683351
181.3	1.906146022	-0.527444927
181.4	1.847590723	-0.6413614442
181.5	1.778266955	-0.7434637789
181.6	1.699170235	-0.8373813247
181.7	1.610959382	-0.9262231847
181.8	1.514006125	-1.012633667
181.9	1.408438414	-1.09885984
182	1.294176206	-1.186809693
182.1	1.170965501	-1.27807723
182.2	1.038407743	-1.373925569
182.3	0.8959986405	-1.47520325
182.4	0.7431760266	-1.582187159
182.5	0.5793886255	-1.694307769
182.6	0.4042010961	-1.809767273
182.7	0.2174392523	-1.925033932
182.8	0.01939191975	-2.034278037
182.9	-0.1889329899	-2.128917544
183	-0.4055273019	-2.197558982
183.1	-0.6271301122	-2.226759203
183.2	-0.8491101003	-2.202991868
183.3	-1.065606592	-2.115795352
183.4	-1.270016945	-1.961348445
183.5	-1.455800952	-1.744952533
183.6	-1.617412484	-1.480906541
183.7	-1.751065954	-1.189402185
183.8	-1.855090825	-0.891714508
183.9	-1.929807326	-0.6057785501
184	-1.977048761	-0.3436997447
184.1	-1.999547265	-0.1114532492
184.2	-2.000371245	0.08994642371
184.3	-1.982512969	0.2627519504
184.4	-1.94864215	0.4109370019
184.5	-1.900993588	0.5390781339
184.6	-1.84134403	0.6516800581
184.7	-1.771038339	0.7528417581
184.8	-1.691037172	0.8461410242
184.9	-1.601969603	0.9346396087
185	-1.504182122	1.020939863
185.1	-1.397780698	1.107254498
185.2	-1.282667776	1.195459712
185.3	-1.15857279	1.287121046
185.4	-1.025087103	1.383464107
185.5	-0.8816965334	1.485292983
185.6	-0.7278378499	1.592813355
185.7	-0.5629653417	1.705359201
185.8	-0.3866611163	1.820986778
185.9	-0.198786832	1.935966774
186	0.0003108938081	2.044220686
186.1	0.2095408739	2.136886992
186.2	0.4267831789	2.202324492
186.3	0.6486462086	2.226976006
186.4	0.8703688423	2.197457292
186.5	1.085991661	2.103796967
186.6	1.288878955	1.942979152
186.7	1.472546207	1.721229568
186.8	1.631589126	1.453593254
186.9	1.762418697	1.160587041
187	1.863569313	0.8633334682
187.1	1.935532142	0.579276024
187.2	1.980254468	0.319909846
187.3	2.000523548	0.09066462337
187.4	1.999415627	-0.107835988
187.5	1.979900175	-0.2780726674
187.6	1.944607974	-0.4241187181
187.7	1.895729534	-0.5505666886
187.8	1.834998221	-0.6618923095
187.9	1.763719533	-0.7621467568
188	1.68281981	-0.8548564099
188.1	1.592898715	-0.9430356458
188.2	1.49427783	-1.029246566
188.3	1.387042077	-1.115666951
188.4	1.271075382	-1.204142874
188.5	1.146093343	-1.296209061
188.6	1.011673887	-1.393054869
188.7	0.8672972713	-1.495435938
188.8	0.7123966293	-1.603488392
188.9	0.5464346765	-1.716440035
189	0.3690130618	-1.832201494
189.1	0.1800292759	-1.946838978
189.2	-0.02010967994	-2.054020121
189.3	-0.2302247463	-2.144605187
189.4	-0.4480831547	-2.206710102
189.5	-0.6701619662	-2.226684409
189.6	-0.8915712602	-2.191318384
189.7	-1.106257828	-2.091164035
189.8	-1.307560798	-1.924032933
189.9	-1.48906021	-1.697072699
190	-1.645500597	-1.426041768
190.1	-1.773492734	-1.131734759
190.2	-1.871774112	-0.8350803401
190.3	-1.941001922	-0.5530086189
190.4	-1.983231555	-0.2964047463
190.5	-2.001300197	-0.07016537754
190.6	-1.998288326	0.125460433
190.7	-1.977140318	0.2931672272
190.8	-1.940447196	0.4371175645
190.9	-1.89035505	0.5619143675
191	-1.828554139	0.6720016014
191.1	-1.756311042	0.7713816151
191.2	-1.674518288	0.8635298544
191.3	-1.583746747	0.9514137394
191.4	-1.484293186	1.037555291
191.5	-1.376221824	1.124098783
191.6	-1.259399114	1.212860197
191.7	-1.133525387	1.305341436
191.8	-0.9981678903	1.402697857
191.9	-0.8527990638	1.505632677
192	-0.6968522151	1.614209021
192.1	-0.5297971843	1.727549563
192.2	-0.3512561181	1.843407917
192.3	-0.161166706	1.957643757
192.4	0.04000179267	2.063666555
192.5	0.2509817769	2.152056707
192.6	0.4694237702	2.210701335
192.7	0.6916723892	2.225873513
192.8	0.9127113197	2.184568919
192.9	1.12639872	2.077898506
193	1.326056645	1.904522337
193.1	1.505338643	1.672501459
193.2	1.659144833	1.398274013
193.3	1.784287909	1.102864487
193.4	1.879706569	0.8069683176
193.5	1.946219073	0.5269839815
193.6	1.985982978	0.2731868607
193.7	2.001880258	0.04995418431
193.8	1.996992032	-0.1428232288
193.9	1.974235737	-0.3080396658
194	1.936161735	-0.4499377575
194.1	1.884871622	-0.5731251009
194.2	1.822012892	-0.6820113488
194.3	1.748813704	-0.7805494924
194.4	1.666133257	-0.8721637636
194.5	1.574513844	-0.9597757024
194.6	1.474228293	-1.045868226
194.7	1.365320169	-1.132551702
194.8	1.247638168	-1.2216114
194.9	1.120869059	-1.314520412
195	0.9845683008	-1.412392982
195.1	0.838202593	-1.515882605
195.2	0.6812038927	-1.624976468
195.3	0.5130518021	-1.738683215
195.4	0.3333914942	-1.854600754
195.5	0.1422005	-1.968374127
195.6	-0.05998693772	-2.073150797
195.7	-0.271809755	-2.159234545
195.8	-0.4908009578	-2.214287751
195.9	-0.7131725467	-2.224532677
196	-0.9337833955	-2.17720369
196.1	-1.146408627	-2.064002661
196.2	-1.344361554	-1.884456208
196.3	-1.521377953	-1.647531143
196.4	-1.672519886	-1.37030777
196.5	-1.794804236	-1.073992713
196.6	-1.887368265	-0.7790097248
196.7	-1.951186018	-0.5012081096
196.8	-1.988511476	-0.2502575656
196.9	-2.002266423	-0.03002937625
197	-1.995529271	0.1599278008
197.1	-1.971188526	0.3226943047
197.2	-1.931753265	0.4625835001
197.3	-1.879280543	0.5842027301
197.4	-1.81537542	0.6919249743
197.5	-1.741228092	0.7896530333
197.6	-1.657664903	0.8807607177
197.7	-1.565200296	0.9681239862
197.8	-1.464083054	1.054186756
197.9	-1.354336553	1.14102688
198	-1.235792857	1.230400066
198.1	-1.108123737	1.323745346
198.2	-0.9708749531	1.422141393
198.3	-0.8235063396	1.526185926
198.4	-0.6654513609	1.635786736
198.5	-0.4961991917	1.74983977
198.6	-0.3154183276	1.865775963
198.7	-0.1231304765	1.979022866
198.8	0.08006235961	2.082462739
198.9	0.2927053689	2.166121221
199	0.512210781	2.217453489
199.1	0.7346570212	2.222650129
199.2	0.9547811448	2.169216697
199.3	1.166281084	2.049479924
199.4	1.362469787	1.863849354
199.5	1.537174006	1.622182868
199.6	1.685623787	1.342165054
199.7	1.805041552	1.045137379
199.8	1.894760531	0.7512164537
199.9	1.955905181	0.4756877656
200	1.990819839	0.2276185653
200.1	2.002461439	0.01038911779
200.2	1.993902442	-0.1767775573
200.3	1.968000749	-0.3371351063
200.4	1.927223418	-0.4750588969
200.5	1.873583032	-0.595150995
200.6	1.808642584	-0.7017456527
200.7	1.733554811	-0.798695255
200.8	1.649113744	-0.8893230182
200.9	1.555806073	-0.9764601697
201	1.453857381	-1.062512947
201.1	1.343271139	-1.149526155
201.2	1.223862016	-1.239224545
201.3	1.095289084	-1.333018562
201.4	0.9570869045	-1.43194192
201.5	0.808710772	-1.536541897
201.6	0.6495941296	-1.646640657
201.7	0.4792385027	-1.761014794
201.8	0.2973378261	-1.876927851
201.9	0.1039582758	-1.989582283
202	-0.1002271833	-2.091592263
202.1	-0.3136662456	-2.172709749
202.2	-0.5336490802	-2.220188839
202.3	-0.756120718	-2.220217201
202.4	-0.9756988116	-2.160604899
202.5	-1.186010315	-2.03433446
202.6	-1.380376467	-1.842712003
202.7	-1.55272349	-1.596472758
202.8	-1.698455086	-1.313863911
202.9	-1.815000367	-1.016314994
203	-1.901885239	-0.7235999866
203.1	-1.960379081	-0.4504280069
203.2	-1.992910934	-0.2052705984
203.3	-2.002468147	0.008968578005
203.4	-1.992114132	0.1933762947
203.5	-1.964674545	0.3513663969
203.6	-1.922573934	0.4873680583
203.7	-1.867780449	0.6059736506
203.8	-1.8018154	0.7114767432
203.9	-1.725794528	0.8076787359
204	-1.640480035	0.8978531185
204.1	-1.54633151	0.9847866254
204.2	-1.443551278	1.070848241
204.3	-1.332123472	1.158050436
204.4	-1.211846023	1.24808908
204.5	-1.082364862	1.342339385
204.6	-0.9432042533	1.441798085
204.7	-0.7938145545	1.546949012
204.8	-0.6336321494	1.657535519
204.9	-0.4621695884	1.772206365
205	-0.2791491514	1.888050953
205.1	-0.08468496688	2.000044514
205.2	0.1204790754	2.100527779
205.3	0.3346893709	2.178983143
205.4	0.5551116865	2.222480077
205.5	0.7775580887	2.217223563
205.6	0.9965300321	2.151364025
205.7	1.205589945	2.018571427
205.8	1.398076123	1.821059393
205.9	1.568022719	1.570420923
206	1.711012127	1.285425418
206.1	1.824680739	0.9875421763
206.2	1.908743787	0.6961710556
206.3	1.964609942	0.4254345207
206.4	1.994787409	0.1832145453
206.5	2.002289068	-0.02804602817
206.6	1.99016651	-0.2097276241
206.7	1.961211725	-0.3653922442
206.8	1.917806197	-0.4995150328
206.9	1.861873776	-0.616674341
207	1.794894506	-0.7211214082
207.1	1.71794766	-0.8166064084
207.2	1.631763954	-0.906353088
207.3	1.536776341	-0.9931053051
207.4	1.433164637	-1.079194378
207.5	1.320893013	-1.166601773
207.6	1.199744464	-1.256992637
207.7	1.069349948	-1.351709524
207.8	0.9292258945	-1.451706093
207.9	0.7788177494	-1.557409077
208	0.6175641553	-1.66846933
208.1	0.4449927056	-1.783409711
208.2	0.2608537015	-1.899140664
208.3	0.0653102603	-2.010401456
208.4	-0.1408166516	-2.109260894
208.5	-0.3557713452	-2.18493295
208.6	-0.5765942459	-2.224314446
208.7	-0.7989639277	-2.213659527
208.8	-1.017269154	-2.141491429
208.9	-1.225014644	-2.002196161
209	-1.415564462	-1.79890397
209.1	-1.583068785	-1.544045651
209.2	-1.723293861	-1.256867564
209.3	-1.834083518	-0.9588340651
209.4	-1.915338409	-0.6689395853
209.5	-1.968600831	-0.4007111065
209.6	-1.996452172	-0.1614501866
209.7	-2.001927016	0.04684568612
209.8	-1.988062119	0.2258354522
209.9	-1.957614378	0.3792170288
210	-1.912921882	0.5115039501
210.1	-1.855864316	0.6272567908
210.2	-1.787880846	0.7306827933
210.3	-1.710014749	0.8254807774
210.4	-1.62296592	0.9148256722
210.5	-1.527140964	1.001417854
210.6	-1.422697094	1.087553179
210.7	-1.309580202	1.175180778
210.8	-1.187555977	1.265936635
210.9	-1.056244574	1.361129084
211	-0.915151321	1.461668959
211.1	-0.7637195942	1.567919046
211.2	-0.6013908532	1.679441135
211.3	-0.4277073427	1.794622841
211.4	-0.2424509944	1.910190507
211.5	-0.04583686671	2.020644983
211.6	0.1612373608	2.117778492
211.7	0.3769093499	2.19054354
211.8	0.5980922802	2.225680678
211.9	0.8203324763	2.209517222
212	1.037909695	2.13098547
212.1	1.244278008	1.985216605
212.2	1.432836225	1.776262636
212.3	1.597858568	1.517367642
212.4	1.73529927	1.228211266
212.5	1.843209331	0.9302067284
212.6	1.921670929	0.6419154597
212.7	1.972354109	0.3762625521
212.8	1.997908199	0.1399778715
212.9	2.001384764	-0.0653703406
213	1.985803341	-0.2417036658
213.1	1.953884511	-0.3928448784
213.2	1.907922566	-0.5233388487
213.3	1.849753242	-0.6377245887
213.4	1.780775285	-0.7401641262
213.5	1.701996474	-0.8343046909
213.6	1.614086191	-0.9232726895
213.7	1.517425289	-1.009726606
213.8	1.412148978	-1.095926063
213.9	1.298184113	-1.183789436
214	1.175281613	-1.274922787
214.1	1.043047738	-1.370599078
214.2	0.9009809545	-1.471685725
214.3	0.7485193584	-1.578479758
214.4	0.5851111011	-1.690447308
214.5	0.410313989	-1.805841159
214.6	0.2239416423	-1.921194887
214.7	0.026264333	-2.030766662
214.8	-0.1817392224	-2.126071573
214.9	-0.3980996503	-2.195802595
215	-0.6196011447	-2.226564522
215.1	-0.8416581499	-2.204786715
215.2	-1.058445706	-2.119844091
215.3	-1.263374534	-1.967639401
215.4	-1.449886991	-1.753150171
215.5	-1.612389099	-1.490405718
215.6	-1.747027241	-1.199474152
215.7	-1.852058904	-0.9016742954
215.8	-1.927743347	-0.6151074602
215.9	-1.975872509	-0.3520920594
216	-1.999158049	-0.1187968711
216.1	-2.000664706	0.08362262989
216.2	-1.983392278	0.257336138
216.3	-1.950023782	0.4062800393
216.4	-1.90280951	0.5350236768
216.5	-1.843541454	0.6480812525
216.6	-1.773578354	0.7495682778
216.7	-1.693893043	0.8430807484
216.8	-1.605124946	0.9316965847
216.9	-1.507629211	1.01803306
217	-1.401519739	1.104314705
217.1	-1.286704741	1.192429318
217.2	-1.162919904	1.283950978
217.3	-1.029759277	1.380120432
217.4	-0.8867128247	1.48175578
217.5	-0.7332172368	1.58908908
217.6	-0.5687249191	1.701488086
217.7	-0.3928116598	1.817060593
217.8	-0.2053264179	1.93214721
217.9	-0.006595237071	2.040756878
218	0.2023202456	2.134126004
218.1	0.4193392863	2.200699359
218.2	0.6411162394	2.226957355
218.3	0.8629352498	2.19946252
218.4	1.078870907	2.108068059
218.5	1.282298195	1.949473617
218.6	1.466712102	1.729581636
218.7	1.62665787	1.463179756
218.8	1.758477328	1.170676265
218.9	1.860633323	0.8732518078
219	1.933557753	0.5885244505
219.1	1.979158681	0.3282030583
219.2	2.000204675	0.0979068478
219.3	1.999769658	-0.1016056718
219.4	1.980831329	-0.2727369569
219.5	1.946034208	-0.4195266465
219.6	1.897584318	-0.5465623655
219.7	1.837230176	-0.65833031
219.8	1.766291006	-0.7588985027
219.9	1.685705095	-0.8518112637
220	1.59608234	-0.9400995306
