0	-0.5	-2.5
0.1	-0.7511965425	-2.513233534
0.2	-1.000223773	-2.453998113
0.3	-1.239191184	-2.311021142
0.4	-1.459642198	-2.084956849
0.5	-1.65388919	-1.790472307
0.6	-1.816306956	-1.453227281
0.7	-1.94410093	-1.102838331
0.8	-2.037314657	-0.7653600526
0.9	-2.098207006	-0.4585883578
1	-2.130352164	-0.1911614387
1.1	-2.137797714	0.0356669344
1.2	-2.124460353	0.2253191357
1.3	-2.093784469	0.3834705814
1.4	-2.04860708	0.5163835155
1.5	-1.99115087	0.6299780928
1.6	-1.923081913	0.7294314654
1.7	-1.84559021	0.8190904077
1.8	-1.759470105	0.9025393289
1.9	-1.665190499	0.9827266774
2	-1.56295161	1.062096987
2.1	-1.452729445	1.142703923
2.2	-1.334311268	1.22628686
2.3	-1.207323335	1.314309512
2.4	-1.071262089	1.407939885
2.5	-0.9255217202	1.50796736
2.6	-0.7694463835	1.61463505
2.7	-0.6023918981	1.72735611
2.8	-0.4238321952	1.844301196
2.9	-0.2335084354	1.961861192
3	-0.03163660028	2.074031398
3.1	0.1808243678	2.171893432
3.2	0.4018701906	2.243510467
3.3	0.6281789719	2.274691594
3.4	0.8549779276	2.251064696
3.5	1.07618467	2.161463436
3.6	1.284924039	2.001804618
3.7	1.474388986	1.777782302
3.8	1.638838101	1.504698737
3.9	1.774408616	1.204038211
4	1.879478585	0.8982281143
4.1	1.95451152	0.6059156996
4.2	2.001529574	0.3394156194
4.3	2.023454369	0.1045335368
4.4	2.023515574	-0.09807853171
4.5	2.004827589	-0.271075946
4.6	1.970143834	-0.4187855608
4.7	1.921751635	-0.5460540336
4.8	1.861457431	-0.6575739358
4.9	1.790620507	-0.7575648087
5	1.710206533	-0.8496761357
5.1	1.620844081	-0.9370081951
5.2	1.522876273	-1.022183279
5.3	1.416404894	-1.107422815
5.4	1.301326296	-1.194610696
5.5	1.177364958	-1.28532092
5.6	1.044102765	-1.380801892
5.7	0.9010168386	-1.481891866
5.8	0.747527556	-1.588860559
5.9	0.5830666471	-1.701132185
6	0.4071825524	-1.816897252
6.1	0.2196868229	-1.932600946
6.2	0.02085714695	-2.042368958
6.3	-0.18830396	-2.137542476
6.4	-0.4057837244	-2.206613359
6.5	-0.6283035849	-2.235990792
6.6	-0.8511992199	-2.21199417
6.7	-1.068563122	-2.124050161
6.8	-1.273739123	-1.968323769
6.9	-1.460138511	-1.750231666
7	-1.622184006	-1.484296118
7.1	-1.756083703	-1.190968646
7.2	-1.860185056	-0.8917374761
7.3	-1.934842952	-0.604653196
7.4	-1.981931671	-0.3418361456
7.5	-2.004222054	-0.1092067483
7.6	-2.004813848	0.09230606246
7.7	-1.986721914	0.2650415522
7.8	-1.952630512	0.4130455457
7.9	-1.904782744	0.540947377
8	-1.844959294	0.6532869105
8.1	-1.774506173	0.7541845883
8.2	-1.694383545	0.8472299722
8.3	-1.605219104	0.9354904991
8.4	-1.507357679	1.021570861
8.5	-1.400903455	1.107683924
8.6	-1.285756755	1.195706336
8.7	-1.161645768	1.287204454
8.8	-1.028158706	1.383405968
8.9	-0.88478037	1.485120727
9	-0.7309425731	1.592563135
9.1	-0.5660971213	1.705079402
9.2	-0.3898198648	1.820747886
9.3	-0.2019633217	1.935861473
9.4	-0.002864309855	2.04437018
9.5	0.2063990343	2.137438198
9.6	0.4237229525	2.203434514
9.7	0.6457313524	2.228791507
9.8	0.8676751136	2.200071349
9.9	1.083599725	2.107207308
10	1.286863307	1.947062805
10.1	1.470963198	1.72575298
10.2	1.630468051	1.458259298
10.3	1.761759082	1.165105437
10.4	1.863344492	0.8674797386
10.5	1.935697551	0.5829197998
10.6	1.980757165	0.323012396
10.7	2.001310406	0.09325505169
10.8	2.000438704	-0.1056890432
10.9	1.98111926	-0.2762850638
11	1.945991393	-0.4226059867
11.1	1.897253711	-0.5492525356
11.2	1.836646651	-0.660711579
11.3	1.76548164	-0.7610453673
11.4	1.68468996	-0.8537903038
11.5	1.594875339	-0.9419683533
11.6	1.496362427	-1.028148038
11.7	1.389239138	-1.114512477
11.8	1.273391654	-1.202912658
11.9	1.148537095	-1.294886018
12	1.01425504	-1.391630825
12.1	0.8700256908	-1.493908383
12.2	0.7152829417	-1.601868205
12.3	0.5494864751	-1.714757758
12.4	0.3722336924	-1.830510805
12.5	0.1834160162	-1.945230413
12.6	-0.01657116438	-2.052626746
12.7	-0.226565259	-2.143605331
12.8	-0.4443525119	-2.206321496
12.9	-0.6664323789	-2.227132014
13	-0.8879362456	-2.192788201
13.1	-1.102825097	-2.093744435
13.2	-1.304439834	-1.92766576
13.3	-1.486346752	-1.701542766
13.4	-1.643262652	-1.431020608
13.5	-1.771762807	-1.13685816
13.6	-1.87055005	-0.8400289204
13.7	-1.940254201	-0.5575588059
13.8	-1.982913675	-0.300439748
13.9	-2.001358675	-0.0736589168
14	-1.998670337	0.1224734271
14.1	-1.977798482	0.2906184148
14.2	-1.941341672	0.4349264851
14.3	-1.891454099	0.5600009869
14.4	-1.829833718	0.6702929244
14.5	-1.75775396	0.7698141285
14.6	-1.676113217	0.8620491489
14.7	-1.585487249	0.9499741012
14.8	-1.486177314	1.036118089
14.9	-1.378250977	1.122630988
15	-1.261577588	1.211333584
15.1	-1.135860354	1.303735775
15.2	-1.000668144	1.400996071
15.3	-0.8554748724	1.503829626
15.4	-0.6997128152	1.612312079
15.5	-0.5328511743	1.725584159
15.6	-0.3545082672	1.841430756
15.7	-0.1646132825	1.955747634
15.8	0.03637564681	2.061991376
15.9	0.2472066441	2.150793276
16	0.4655520327	2.210077389
16.1	0.6877804518	2.22613063
16.2	0.908897886	2.185907573
16.3	1.122777819	2.080413984
16.4	1.322744386	1.908154585
16.5	1.502436764	1.677027054
16.6	1.656726162	1.403350212
16.7	1.782388584	1.108112667
16.8	1.878326501	0.8120563534
16.9	1.945329575	0.5316778258
17	1.985537576	0.2773634412
17.1	2.001825058	0.05358294278
17.2	1.997273512	-0.1397097765
17.3	1.974805502	-0.3053744022
17.4	1.936978961	-0.4476401312
17.5	1.885903612	-0.5711145582
17.6	1.823234701	-0.6802139695
17.7	1.750207318	-0.7789004282
17.8	1.667686675	-0.8706077313
17.9	1.576220297	-0.9582655131
18	1.476085112	-1.044363686
18.1	1.367328542	-1.131018966
18.2	1.249802615	-1.220022762
18.3	1.123196094	-1.312851271
18.4	0.9870669828	-1.410629242
18.5	0.8408823978	-1.514017129
18.6	0.684075393	-1.623016703
18.7	0.5161229705	-1.736659318
18.8	0.3366656	-1.85256933
18.9	0.1456743607	-1.966432492
19	-0.05632877141	-2.071444048
19.1	-0.2680007892	-2.157957302
19.2	-0.4868957791	-2.213677087
19.3	-0.7092498169	-2.224831347
19.4	-0.9299445351	-2.178607999
19.5	-1.142769698	-2.066598974
19.6	-1.341039484	-1.888171522
19.7	-1.518473981	-1.652127273
19.8	-1.670105159	-1.375432873
19.9	-1.792912417	-1.079265686
20	-1.885997081	-0.7841023708
20.1	-1.950305214	-0.5058939583
20.2	-1.988073615	-0.2544198689
20.3	-2.002217257	-0.03364287234
20.4	-1.995815321	0.1568271286
20.5	-1.9717618	0.3200377649
20.6	-1.932573334	0.4602902754
20.7	-1.880315137	0.5821923928
20.8	-1.8166	0.6901240298
20.9	-1.742625027	0.7879973337
21	-1.659222524	0.8791950336
21.1	-1.566911863	0.9666016077
21.2	-1.46594642	1.052668169
21.3	-1.356353093	1.1394782
21.4	-1.237966748	1.228791924
21.5	-1.110462246	1.322057713
21.6	-0.9733870531	1.420356293
21.7	-0.8262021413	1.524300555
21.8	-0.6683403676	1.633809142
21.9	-0.499289479	1.747800599
22	-0.3187133231	1.863736771
22.1	-0.1266251583	1.977084869
22.2	0.07638494872	2.080776411
22.3	0.2888800035	2.164887217
22.4	0.5082943985	2.216909325
22.5	0.7307309642	2.223037987
22.6	0.950948782	2.170726253
22.7	1.162659434	2.05218419
22.8	1.359175299	1.867658877
22.9	1.534305818	1.626846305
23	1.683249902	1.347323478
23.1	1.803192316	1.050411187
23.2	1.893430691	0.7562847882
23.3	1.955062395	0.4803337399
23.4	1.990415656	0.23173522
23.5	2.00244139	0.01395801564
23.6	1.994213398	-0.1737165412
23.7	1.968595282	-0.3345113993
23.8	1.928061836	-0.4727912127
23.9	1.874633775	-0.5931593879
24	1.809881753	-0.6999574109
24.1	1.734965307	-0.7970469026
24.2	1.650684377	-0.8877604215
24.3	1.557530673	-0.9749370876
24.4	1.45573391	-1.060990226
24.5	1.345301374	-1.147970465
24.6	1.226050604	-1.237608762
24.7	1.097643463	-1.331319529
24.8	0.9596158514	-1.430146977
24.9	0.8114242215	-1.53464382
25	0.6525022921	-1.644653414
25.1	0.4823481838	-1.758970496
25.2	0.3006523155	-1.874890496
25.3	0.1074724985	-1.987658633
25.4	-0.09653294536	-2.089936733
25.5	-0.3098285019	-2.171528081
25.6	-0.5297267107	-2.219722694
25.7	-0.7521974547	-2.22070481
25.8	-0.971879872	-2.162227411
25.9	-1.182413407	-2.03715102
26	-1.377117209	-1.846616684
26.1	-1.549898701	-1.601200546
26.2	-1.696129291	-1.31905065
26.3	-1.813200222	-1.021582902
26.4	-1.900602453	-0.7286366708
26.5	-1.959579286	-0.455027649
26.6	-1.992544883	-0.2093356795
26.7	-2.00248112	0.005449694529
26.8	-1.992453345	0.1903595753
26.9	-1.965293287	0.3487794325
27	-1.923433276	0.4851293613
27.1	-1.86884958	0.6040037753
27.2	-1.803071115	0.7097038457
27.3	-1.727220351	0.8060402296
27.4	-1.642065195	0.8962954469
27.5	-1.548070293	0.98326476
27.6	-1.445442256	1.069323148
27.7	-1.334168211	1.156489735
27.8	-1.214050311	1.246465392
27.9	-1.084735105	1.340631172
28	-0.9457503229	1.439991248
28.1	-0.7965463769	1.545042473
28.2	-0.6365589651	1.655539828
28.3	-0.4652993834	1.770158359
28.4	-0.2824837399	1.886019365
28.5	-0.08821687114	1.998138792
28.6	0.1167690485	2.098909156
28.7	0.3308400311	2.177860348
28.8	0.5511849658	2.222094493
28.9	0.7736398612	2.217813129
29	0.9927272147	2.15310106
29.1	1.202020773	2.021499942
29.2	1.394855005	1.825056942
29.3	1.565243675	1.57520986
29.4	1.708736253	1.290635368
29.5	1.822931202	0.9927995785
29.6	1.907509352	0.7011727239
29.7	1.963854338	0.4299851002
29.8	1.994460144	0.1872262497
29.9	2.002335579	-0.02457795298
30	1.990534502	-0.2067555997
30.1	1.961855132	-0.3628423758
30.2	1.918686895	-0.4973055327
30.3	1.862961725	-0.6147263499
30.4	1.796167173	-0.719363884
30.5	1.719389129	-0.8149777307
30.6	1.633364124	-0.9048008445
30.7	1.538529863	-0.9915843844
30.8	1.435070107	-1.0776672
30.9	1.322953206	-1.165035767
31	1.201963724	-1.25536103
31.1	1.071737045	-1.349992279
31.2	0.931789183	-1.449889935
31.3	0.7815680802	-1.555492335
31.4	0.6205106791	-1.666467179
31.5	0.4481421111	-1.781360057
31.6	0.2642077092	-1.8971154
31.7	0.06886124752	-2.008515601
31.8	-0.137091019	-2.107679375
31.9	-0.3519115855	-2.183870209
32	-0.572664185	-2.224014195
32.1	-0.7950518193	-2.214354735
32.2	-1.013483537	-2.143344528
32.3	-1.221474104	-2.005236461
32.4	-1.412382233	-1.802992481
32.5	-1.580336259	-1.548892392
32.6	-1.721068456	-1.262098352
32.7	-1.832384716	-0.964078798
32.8	-1.914152073	-0.6739045794
32.9	-1.967888819	-0.4052122155
33	-1.996163481	-0.1654086952
33.1	-2.00200686	0.0434282167
33.2	-1.988458659	0.2229076657
33.3	-1.958282309	0.3767035701
33.4	-1.913823853	0.5093230305
33.5	-1.856971043	0.625330136
33.6	-1.78917049	0.7289402986
33.7	-1.711472018	0.8238616631
33.8	-1.624581082	0.9132781374
33.9	-1.528909176	0.9998980398
34	-1.424617537	1.086023467
34.1	-1.311655336	1.173609561
34.2	-1.189791681	1.264298102
34.3	-1.058648125	1.359402503
34.4	-0.9177329146	1.45984335
34.5	-0.7664881418	1.565993239
34.6	-0.6043566524	1.677431259
34.7	-0.4308768772	1.792571879
34.8	-0.245824271	1.90817298
34.9	-0.04940545068	2.018780726
35	0.157496472	2.116237658
35.1	0.3730394081	2.189542172
35.2	0.5941596682	2.225465482
35.3	0.8164275262	2.210317787
35.4	1.034142514	2.1329539
35.5	1.240767394	1.988366853
35.6	1.429693901	1.780439806
35.7	1.595173006	1.522268819
35.8	1.733124308	1.233458495
35.9	1.841560981	0.9354353154
36	1.92053231	0.6468417368
36.1	1.971685331	0.3807131081
36.2	1.997657396	0.1438829379
36.3	2.001497237	-0.0620029164
36.4	1.986227838	-0.2388193167
36.5	1.954576429	-0.3903671055
36.6	1.90884535	-0.5211857868
36.7	1.850878362	-0.6358186045
36.8	1.782081561	-0.7384359562
36.9	1.703469225	-0.8326946952
37	1.615716255	-0.921729607
37.1	1.519208027	-1.008207251
37.2	1.414084116	-1.094393623
37.3	1.3002744	-1.182213169
37.4	1.177532981	-1.273275914
37.5	1.045468059	-1.368863715
37.6	0.9035795388	-1.469849363
37.7	0.7513069945	-1.576544626
37.8	0.588096264	-1.688432365
37.9	0.4135028163	-1.803789021
38	0.2273347495	-1.919185956
38.1	0.0298512203	-2.028924855
38.2	-0.1779839229	-2.124571671
38.3	-0.394220613	-2.194868236
38.4	-0.6156669509	-2.226440009
38.5	-0.837761498	-2.205696486
38.6	-1.054698062	-2.121929285
38.7	-1.259894754	-1.970898135
38.8	-1.446785349	-1.757410989
38.9	-1.609751171	-1.495356764
39	-1.744903136	-1.204735007
39.1	-1.850461019	-0.9068847713
39.2	-1.926652066	-0.6199937243
39.3	-1.975246416	-0.3564915469
39.4	-1.998944701	-0.1226488661
39.5	-2.000809533	0.08030479319
39.6	-1.983844463	0.2544946438
39.7	-1.950739513	0.4038371353
39.8	-1.903753015	0.5328977133
39.9	-1.844684945	0.646195319
40	-1.774901339	0.7478540656
40.1	-1.695381344	0.8414791259
40.2	-1.606769831	0.9301576584
40.3	-1.50942679	1.016514049
40.4	-1.403469645	1.102779361
40.5	-1.288810391	1.190846404
40.6	-1.165186968	1.282296927
40.7	-1.032196369	1.378375026
40.8	-0.889329699	1.4799105
40.9	-0.7360232	1.587145271
41	-0.5717296721	1.699466084
41.1	-0.3960208649	1.815009047
41.2	-0.2087385154	1.930148471
41.3	-0.01019940805	2.038940408
41.4	0.1985504631	2.132671891
41.5	0.4154513722	2.199830946
41.6	0.6371812983	2.226922276
41.7	0.859047995	2.200480623
41.8	1.075144149	2.110268965
41.9	1.278850683	1.952839489
42	1.463652244	1.733925651
42.1	1.624068078	1.468177831
42.2	1.75640412	1.17594638
42.3	1.859085765	0.878440747
42.4	1.932513655	0.5933686867
42.5	1.978574973	0.3325506886
42.6	2.000028334	0.1017054613
42.7	1.99994631	-0.09833688939
42.8	1.981310787	-0.2699375925
42.9	1.946773374	-0.4171180268
43	1.898548223	-0.544462924
43.1	1.838391777	-0.6564638485
43.2	1.767630434	-0.7571975395
43.3	1.68720881	-0.8502179856
43.4	1.59774217	-0.9385642498
43.5	1.499565137	-1.024820232
43.6	1.392774186	-1.111182054
43.7	1.27726265	-1.199512556
43.8	1.152754016	-1.291360806
43.9	1.018832508	-1.387938447
44	0.8749818948	-1.490024405
44.1	0.7206371926	-1.597794358
44.2	0.5552561259	-1.710532334
44.3	0.3784299548	-1.826226489
44.4	0.190037126	-1.941053747
44.5	-0.009548246397	-2.0488168
44.6	-0.219194357	-2.140524242
44.7	-0.4367284441	-2.204421506
44.8	-0.6586978632	-2.226903905
44.9	-0.8802811198	-2.194665087
45	-1.095474331	-2.097974222
45.1	-1.29762906	-1.93419933
45.2	-1.480289874	-1.709997162
45.3	-1.638121099	-1.440750664
45.4	-1.767626694	-1.147111935
45.5	-1.86743618	-0.8501180166
45.6	-1.938118922	-0.5669752468
45.7	-1.981673458	-0.3088935977
45.8	-2.000910973	-0.08105228901
45.9	-1.998910142	0.1161022194
46	-1.978628983	0.2851521192
46.1	-1.942679812	0.4302137344
46.2	-1.89323239	0.555885144
46.3	-1.831999916	0.6666275615
46.4	-1.760269652	0.7664694844
46.5	-1.678952065	0.8589133172
46.6	-1.588633279	0.9469516787
46.7	-1.489623378	1.033127703
46.8	-1.38199735	1.119603504
46.9	-1.265631138	1.208210512
47	-1.140232799	1.30046985
47.1	-1.005375978	1.397552428
47.2	-0.8605363837	1.500193115
47.3	-0.7051477975	1.608490586
47.4	-0.5386758083	1.721626996
47.5	-0.3607311348	1.837438287
47.6	-0.1712302782	1.951895405
47.7	0.02939072536	2.058546375
47.8	0.2399125554	2.148119345
47.9	0.4580478825	2.208624084
48	0.6802117732	2.226370886
48.1	0.9014551846	2.188241633
48.2	1.115682828	2.085045601
48.3	1.316224815	1.914988443
48.4	1.496694426	1.685645078
48.5	1.651908103	1.413095932
48.6	1.778570591	1.11824906
48.7	1.875513705	0.8219291574
48.8	1.943470546	0.5408203448
48.9	1.984544917	0.2855224203
49	2.001595562	0.06068770622
49.1	1.997703687	-0.1336040531
49.2	1.975801359	-0.3001424496
49.3	1.938460672	-0.4431286657
49.4	1.887806941	-0.5671684225
49.5	1.82551041	-0.6766899625
49.6	1.752819651	-0.775672698
49.7	1.670611581	-0.867568072
49.8	1.57944359	-0.9553219385
49.9	1.479601286	-1.041438226
50	1.37113926	-1.128045001
50.1	1.253915312	-1.216943925
50.2	1.127624037	-1.309623877
50.3	0.991826317	-1.407220505
50.4	0.8459926054	-1.510414064
50.5	0.6895549897	-1.619233897
50.6	0.5219876656	-1.73274779
50.7	0.3429240228	-1.848638479
50.8	0.1523195591	-1.962666237
50.9	-0.04932673952	-2.068117969
51	-0.2607032244	-2.155445251
51.1	-0.479405988	-2.212428724
51.2	-0.7017180017	-2.225314192
51.3	-0.9225641971	-2.181205465
51.4	-1.135763232	-2.071485295
51.5	-1.334632072	-1.895216279
51.6	-1.512861597	-1.660884345
51.7	-1.665426748	-1.385232531
51.8	-1.789235443	-1.089375858
51.9	-1.883319421	-0.7938874274
52	-1.948570405	-0.5149111139
52.1	-1.987191763	-0.2624392133
52.2	-2.002084623	-0.04061061093
52.3	-1.996329273	0.1508457292
52.4	-1.972829834	0.3149126032
52.5	-1.934117494	0.4558667873
52.6	-1.882273031	0.5783164501
52.7	-1.818924072	0.6866543733
52.8	-1.745280971	0.7848100905
52.9	-1.662187505	0.876184357
53	-1.570172991	0.9636773627
53.1	-1.469498886	1.049753427
53.2	-1.360199187	1.136508077
53.3	-1.242115244	1.225712847
53.4	-1.114926021	1.318823944
53.5	-0.9781830893	1.416940303
53.6	-0.8313494165	1.520689506
53.7	-0.6738579177	1.630020821
53.8	-0.5051924983	1.743892642
53.9	-0.3250085586	1.859824052
54	-0.1333043659	1.973359413
54.1	0.06935402105	2.077523174
54.2	0.2815629331	2.162487732
54.3	0.5007989139	2.215819064
54.4	0.723211436	2.223720897
54.5	0.9436022467	2.173549887
54.6	1.155709659	2.057296038
54.7	1.352845734	1.874896641
54.8	1.528787671	1.635736009
54.9	1.678675309	1.35718179
55	1.799621358	1.060509652
55.1	1.89085504	0.766004545
55.2	1.953421337	0.489253967
55.3	1.989617086	0.2396454038
55.4	2.002381145	0.02081895462
55.5	1.994789545	-0.1678307643
55.6	1.969716698	-0.3294667811
55.7	1.92965211	-0.4684324392
55.8	1.876632066	-0.5893331733
55.9	1.812241926	-0.6965241317
56	1.737654321	-0.7938846603
56.1	1.653680481	-0.8847648617
56.2	1.560821735	-0.9720195891
56.3	1.459316031	-1.058075413
56.4	1.349177542	-1.144994375
56.5	1.230229734	-1.234517705
56.6	1.102139224	-1.328071567
56.7	0.9644455118	-1.426713621
56.8	0.8166069838	-1.5310167
56.9	0.6580567037	-1.640852528
57	0.4882890157	-1.75505807
57.1	0.3069852541	-1.870988499
57.2	0.1141870915	-1.983967222
57.3	-0.08947168132	-2.086750575
57.4	-0.3024897167	-2.169237633
57.5	-0.5222226123	-2.218786743
57.6	-0.7446869219	-2.221583372
57.7	-0.9645633597	-2.165272016
57.8	-1.175515911	-2.042481831
57.9	-1.370860398	-1.854039474
58	-1.544468983	-1.610215368
58.1	-1.691652077	-1.328962262
58.2	-1.80972856	-1.03166779
58.3	-1.898122061	-0.7382925993
58.4	-1.958025464	-0.4638546607
58.5	-1.991823557	-0.2171423106
58.6	-2.002487842	-0.001310991263
58.7	-1.993086957	0.1845628735
58.8	-1.966463975	0.3438091967
58.9	-1.925066156	0.4808296495
59	-1.870885301	0.6002222951
59.1	-1.805464894	0.7063026116
59.2	-1.729940319	0.8028990771
59.3	-1.645090616	0.8933117401
59.4	-1.551389926	0.9803511958
59.5	-1.449052859	1.066405545
59.6	-1.338073467	1.153505123
59.7	-1.218259584	1.243361407
59.8	-1.089262513	1.337366632
59.9	-0.9506134132	1.436539789
60	-0.8017642705	1.541397481
60.1	-0.6421502823	1.651724967
60.2	-0.4712780833	1.766241175
60.3	-0.2888541621	1.882128072
60.4	-0.09496688478	1.994482323
60.5	0.1096773664	2.095791514
60.6	0.3234798146	2.175679942
60.7	0.5436728103	2.221314867
60.8	0.7661390296	2.218888764
60.9	0.9854414692	2.156366166
61	1.195176134	2.027046997
61.1	1.38867111	1.832660153
61.2	1.559901992	1.584343755
61.3	1.704355394	1.300594371
61.4	1.819557215	1.002866205
61.5	1.905122245	0.7107622309
61.6	1.96238564	0.4387185794
61.7	1.993814019	0.1949304932
61.8	2.002407372	-0.01791553733
61.9	1.991223894	-0.2010455292
62	1.963073667	-0.3579440279
62.1	1.920361189	-0.4930625787
62.2	1.865033901	-0.6109875399
62.3	1.798593776	-0.715992893
62.4	1.722139452	-0.8118561777
62.5	1.636418417	-0.9018276001
62.6	1.541877683	-0.9886735839
62.7	1.438708995	-1.074745816
62.8	1.326887379	-1.162041955
62.9	1.206203101	-1.252242999
63	1.076296095	-1.346710743
63.1	0.9366857686	-1.446419408
63.2	0.7868213562	-1.551829563
63.3	0.626138858	-1.662638726
63.4	0.4541587199	-1.77743858
63.5	0.2706157452	-1.893236375
63.6	0.07564624922	-2.004896472
63.7	-0.1299696057	-2.104633798
63.8	-0.3445308698	-2.181804797
63.9	-0.5651453082	-2.223394926
64	-0.7875624011	-2.215630297
64.1	-1.006230492	-2.146830879
64.2	-1.2146842	-2.010997238
64.3	-1.406272749	-1.810770352
64.4	-1.575083449	-1.55813817
64.5	-1.716784088	-1.272097689
64.6	-1.829107962	-0.9741217739
64.7	-1.911857368	-0.6834243669
64.8	-1.966504135	-0.4138506919
64.9	-1.995591344	-0.1730106705
65	-2.002142599	0.03686291395
65.1	-1.989202853	0.2172826829
65.2	-1.959547865	0.3718754551
65.3	-1.915538908	0.505135232
65.4	-1.859079172	0.6216325691
65.5	-1.791629547	0.725598302
65.6	-1.714252424	0.8207586008
65.7	-1.62766408	0.9103145072
65.8	-1.532285142	0.9969892084
65.9	-1.428284661	1.083097635
66	-1.315618534	1.170605783
66.1	-1.194061185	1.26116595
66.2	-1.063239031	1.35610357
66.3	-0.9226630523	1.456354235
66.4	-0.7717769062	1.562312401
66.5	-0.6100219846	1.673590039
66.6	-0.4369312866	1.788647507
66.7	-0.2522696671	1.904308004
66.8	-0.05622544989	2.015201725
66.9	0.1503459815	2.113267268
67	0.3656393872	2.187595684
67.1	0.5866356166	2.225011125
67.2	0.8089513986	2.211796532
67.3	1.026924189	2.136662159
67.4	1.234034118	1.994339041
67.5	1.423660338	1.788387356
67.6	1.590010049	1.531619834
67.7	1.728936743	1.243491848
67.8	1.838381125	0.9454494793
67.9	1.918329211	0.6562885748
68	1.970383608	0.3892553787
68.1	1.997158225	0.1513828323
68.2	2.001695959	-0.05553377455
68.3	1.98702598	-0.2332780117
68.4	1.955888311	-0.3856076855
68.5	1.910600615	-0.5170517018
68.6	1.85302203	-0.6321609909
68.7	1.784572784	-0.7351218726
68.8	1.706279544	-0.8296091911
68.9	1.618827836	-0.918774728
69	1.522612092	-1.005299778
69.1	1.417779563	-1.091462745
69.2	1.30426662	-1.179199002
69.3	1.181832909	-1.270129211
69.4	1.050090866	-1.365547089
69.5	0.9085435256	-1.466341298
69.6	0.7566313985	-1.572846558
69.7	0.5937986872	-1.684578672
69.8	0.4195952322	-1.799862897
69.9	0.2338174675	-1.915337329
70	0.03670542286	-2.025389024
70.1	-0.1708051523	-2.121681232
70.2	-0.3868023248	-2.19304528
70.3	-0.6081393227	-2.226154442
70.4	-0.8303006818	-2.207381032
70.5	-1.047516692	-2.125859738
70.6	-1.253220256	-1.977078864
70.7	-1.440829434	-1.765522599
70.8	-1.604679047	-1.504805995
70.9	-1.740812643	-1.214795239
71	-1.847377776	-0.9168647989
71.1	-1.924539893	-0.6293644039
71.2	-1.974026776	-0.3649362295
71.3	-1.998517495	-0.1300467367
71.4	-2.001070293	0.07393078038
71.5	-1.984695743	0.2490356269
71.6	-1.952097049	0.3991449527
71.7	-1.905547965	0.528815945
71.8	-1.846863763	0.6425764155
71.9	-1.777424444	0.7445667857
72	-1.698221381	0.8384102664
72.1	-1.609909927	0.927210794
72.2	-1.512858942	1.013607189
72.3	-1.407193412	1.099842888
72.4	-1.292831824	1.187821434
72.5	-1.169517306	1.279135137
72.6	-1.036851349	1.375040589
72.7	-0.8943276292	1.47638365
72.8	-0.7413834186	1.583429829
72.9	-0.5774694495	1.695600967
73	-0.4021511593	1.811082701
73.1	-0.2152582778	1.926318249
73.2	-0.01708768031	2.035450835
73.3	0.1913441353	2.129864613
73.4	0.4080161197	2.198135708
73.5	0.6296517441	2.226809737
73.6	0.8516044399	2.202373706
73.7	1.068001803	2.114421708
73.8	1.272236868	1.959225893
73.9	1.457775444	1.742195906
74	1.619087704	1.477718676
74.1	1.752410938	1.186027342
74.2	1.856098749	0.8883817555
74.3	1.930491634	0.602660316
74.4	1.977436447	0.3408967873
74.5	1.999672132	0.1090016259
74.6	2.000268204	-0.09205698869
74.7	1.982214425	-0.2645594392
74.8	1.948175932	-0.4124916004
74.9	1.900382368	-0.5404320953
75	1.840605379	-0.6528824286
75.1	1.770185181	-0.7539360374
75.2	1.690078436	-0.8471648773
75.3	1.600910697	-0.9356245919
75.4	1.503025371	-1.021913404
75.5	1.396526382	-1.108239433
75.6	1.281313315	-1.196476272
75.7	1.157115044	-1.288183758
75.8	1.023519748	-1.384585939
75.9	0.8800140286	-1.486478614
76	0.7260333945	-1.594062312
76.1	0.5610332202	-1.706656405
76.2	0.3845982278	-1.822301222
76.3	0.1965938678	-1.937244279
76.4	-0.002626604023	-2.045376691
76.5	-0.2119613749	-2.13780483
76.6	-0.4292774247	-2.202858775
76.7	-0.6511680809	-2.2269685
76.8	-0.8728568987	-2.196769227
76.9	-1.088373205	-2.102349076
77	-1.291077953	-1.940787924
77.1	-1.474493746	-1.718419923
77.2	-1.633233318	-1.450375762
77.3	-1.763730989	-1.157206894
77.4	-1.864545013	-0.8600151903
77.5	-1.936186289	-0.5761850178
77.6	-1.980615087	-0.3171401074
77.7	-2.000624759	-0.08824710371
77.8	-1.999292261	0.1099152902
77.9	-1.979584195	0.2798534303
78	-1.944126754	0.4256515886
78.1	-1.895105238	0.5519038719
78.2	-1.834247945	0.6630824138
78.3	-1.762855788	0.7632326916
78.4	-1.681851104	0.855875062
78.5	-1.59183018	0.9440185345
78.6	-1.493111707	1.030220199
78.7	-1.385777973	1.116654195
78.8	-1.269711255	1.205162527
78.9	-1.144624499	1.297277013
79	-1.01009577	1.394181954
79.1	-0.8656027805	1.496628518
79.2	-0.7105801805	1.604741989
79.3	-0.5444904473	1.717741253
79.4	-0.3669372493	1.833515732
79.5	-0.177823744	1.948109008
79.6	0.0224360188	2.055158844
79.7	0.2326537334	2.145491493
79.8	0.4505824327	2.207198071
79.9	0.6726834704	2.226616514
80	0.8940522907	2.19055902
80.1	1.108624995	2.089642045
80.2	1.309738275	1.921775804
80.3	1.490980351	1.69421459
80.4	1.647113691	1.42279863
80.5	1.774772459	1.128351926
80.6	1.872717925	0.8317779454
80.7	1.941626471	0.5499458256
80.8	1.983565731	0.2936686566
80.9	2.001378384	0.06778163445
81	1.998145139	-0.1275089623
81.1	1.976807392	-0.2949217536
81.2	1.939951393	-0.4386293364
81.3	1.889718025	-0.5632353565
81.4	1.827792525	-0.6731798889
81.5	1.755436955	-0.7724596172
81.6	1.673539915	-0.86454378
81.7	1.582668792	-0.9523945201
81.8	1.483117726	-1.038529468
81.9	1.374948434	-1.125088464
82	1.258024929	-1.213883658
82.1	1.132046709	-1.306415176
82.2	0.9965787286	-1.403831318
82.3	0.8510936396	-1.506831029
82.4	0.695023561	-1.615469277
82.5	0.527839916	-1.728852943
82.6	0.3491681262	-1.84472032
82.7	0.1589494047	-1.958905383
82.8	-0.04233963162	-2.06478679
82.9	-0.2534194221	-2.152913488
83	-0.4719274168	-2.211143762
83.1	-0.6941929712	-2.225744377
83.2	-0.9151847644	-2.183737965
83.3	-1.128750942	-2.076302454
83.4	-1.328212135	-1.90219838
83.5	-1.507231052	-1.669594371
83.6	-1.660726438	-1.395005632
83.7	-1.785534943	-1.09948017
83.8	-1.880618576	-0.8036833145
83.9	-1.946814116	-0.5239498175
84	-1.98629081	-0.2704844168
84.1	-2.001935497	-0.04760414453
84.2	-1.996829178	0.1448412651
84.3	-1.973885938	0.3097684864
84.4	-1.935651388	0.4514288377
84.5	-1.884221886	0.5744302599
84.6	-1.821239933	0.6831782019
84.7	-1.747929201	0.7816196881
84.8	-1.665144998	0.8731732399
84.9	-1.573426471	0.9607549438
85	-1.47304341	1.046842776
85.1	-1.364036988	1.133543787
85.2	-1.246254444	1.222640119
85.3	-1.119379821	1.315598893
85.4	-0.9829683354	1.413532821
85.5	-0.8364850953	1.517087673
85.6	-0.6793630295	1.626240609
85.7	-0.5110824006	1.739990029
85.8	-0.3312903904	1.855911784
85.9	-0.1399704736	1.969626604
86	0.06233494864	2.074251412
86.1	0.2742551695	2.160055632
86.2	0.4933086443	2.214679888
86.3	0.7156914532	2.224339799
86.4	0.9362482891	2.176299501
86.5	1.148744912	2.062332922
86.6	1.34649411	1.88206948
86.7	1.523241893	1.644580225
86.8	1.674069731	1.367018619
86.9	1.796018455	1.070609674
87	1.888248533	0.7757434469
87.1	1.951751918	0.4982038293
87.2	1.988793367	0.247589225
87.3	2.00229911	0.02771277057
87.4	1.995347025	-0.1619157127
87.5	1.970822138	-0.324397757
87.6	1.931228591	-0.4640543923
87.7	1.878618246	-0.5854925176
87.8	1.814591213	-0.693080703
87.9	1.740333275	-0.7907159649
88	1.656667003	-0.8817660015
88.1	1.564103411	-0.969101477
88.2	1.46288871	-1.055162265
88.3	1.353044001	-1.142021855
88.4	1.23439872	-1.231431885
88.5	1.10662422	-1.324830015
88.6	0.9692637662	-1.423287345
88.7	0.8217776065	-1.527396563
88.8	0.6635983375	-1.637057313
88.9	0.4942166624	-1.751148381
89	0.3133049403	-1.867083984
89.1	0.1208890788	-1.980265095
89.2	-0.08242136621	-2.083542104
89.3	-0.2951589491	-2.16691023
89.4	-0.5147220517	-2.217797698
89.5	-0.7371738698	-2.222394336
89.6	-0.9572370705	-2.168240203
89.7	-1.168600948	-2.047736951
89.8	-1.364579047	-1.861398413
89.9	-1.539009315	-1.619187129
90	-1.687141829	-1.338855536
90.1	-1.806223216	-1.041757361
90.2	-1.895609384	-0.7479704402
90.3	-1.956442105	-0.4727135647
90.4	-1.991076101	-0.2249842468
90.5	-2.002471932	-0.008105783776
90.6	-1.993701168	0.1787359617
90.7	-1.967618036	0.3388138355
90.8	-1.926684655	0.4765100789
90.9	-1.872908378	0.5964258734
91	-1.807847299	0.7028907833
91.1	-1.732649784	0.7997510885
91.2	-1.648106057	0.8903243747
91.3	-1.5546998	0.9774366699
91.4	-1.452653675	1.063489293
91.5	-1.341968713	1.150523809
91.6	-1.222458411	1.240262304
91.7	-1.093778952	1.334108154
91.8	-0.9554648742	1.433095018
91.9	-0.8069698867	1.537758918
92	-0.6477287342	1.647915176
92.1	-0.4772435377	1.762325866
92.2	-0.2952114141	1.878233091
92.3	-0.1017045187	1.990813623
92.4	0.1025962969	2.092649702
92.5	0.3161270796	2.173460635
92.6	0.5361634406	2.2204803
92.7	0.7586347351	2.219895302
92.8	0.9781448915	2.159554205
92.9	1.188312948	2.032518765
93	1.382461698	1.840200925
93.1	1.554529581	1.59343681
93.2	1.699940974	1.31053759
93.3	1.81614926	1.012939757
93.4	1.902702744	0.7203752375
93.5	1.960887417	0.4474848452
93.6	1.993141844	0.2026704251
93.7	2.002456637	-0.01121899713
93.8	1.991893979	-0.1953054438
93.9	1.964275642	-0.3530208231
94	1.922021145	-0.4888000434
94.1	1.867093446	-0.6072340489
94.2	1.801008994	-0.7126115374
94.3	1.72487924	-0.8087279665
94.4	1.639462673	-0.8988508428
94.5	1.545215678	-0.9857619591
94.6	1.442338031	-1.071825879
94.7	1.330811448	-1.159051455
94.8	1.210431977	-1.24912991
94.9	1.08084401	-1.343435283
95	0.94157066	-1.442955573
95.1	0.7920622436	-1.54817298
95.2	0.6317541392	-1.658814973
95.3	0.4601620762	-1.77351853
95.4	0.2770106464	-1.889352867
95.5	0.08241902345	-2.001264007
95.6	-0.1228585127	-2.101562659
95.7	-0.3371572119	-2.179698667
95.8	-0.5576286222	-2.222718993
95.9	-0.7800687883	-2.216835509
96	-0.9989657882	-2.150239731
96.1	-1.207874943	-2.016683521
96.2	-1.40013707	-1.818487763
96.3	-1.569799454	-1.567345615
96.4	-1.712465945	-1.28208367
96.5	-1.825797243	-0.9841736123
96.6	-1.909530444	-0.6929689099
96.7	-1.965090199	-0.4225225427
96.8	-1.994993456	-0.1806484201
96.9	-2.002256094	0.03026376038
97	-1.989927988	0.2116281022
97.1	-1.960797065	0.3670229553
97.2	-1.917239779	0.5009283158
97.3	-1.861174782	0.6179207316
97.4	-1.794077295	0.7222462968
97.5	-1.717022337	0.8176491864
97.6	-1.630737059	0.9073476186
97.7	-1.535651273	0.9940797701
97.8	-1.43194191	1.080173437
97.9	-1.319571578	1.16760557
98	-1.198320133	1.258038796
98.1	-1.06781879	1.352810822
98.2	-0.9275813921	1.452871706
98.3	-0.7770532667	1.55863778
98.4	-0.6156743209	1.669753353
98.5	-0.4429724002	1.784724027
98.6	-0.2587020373	1.900437827
98.7	-0.06303331783	2.011608296
98.8	0.14320559	2.110270024
98.9	0.3582460349	2.18560713
99	0.5791131975	2.224498794
99.1	0.8014703989	2.213204
99.2	1.019693457	2.140292785
99.3	1.227280759	2.000237569
99.4	1.417599994	1.796276087
99.5	1.584815526	1.540934767
99.6	1.724715274	1.253514077
99.7	1.8351674	0.9554743954
99.8	1.916094126	0.6657613393
99.9	1.969052943	0.3978314923
100	1.996633634	0.1589184665
100.1	2.001872756	-0.04903109674
100.2	1.98780534	-0.2277075874
100.3	1.957184063	-0.3808243874
100.4	1.912341874	-0.5128989765
100.5	1.855153312	-0.6284895374
100.6	1.78705279	-0.7317981532
100.7	1.709079423	-0.8265176402
100.8	1.621929419	-0.9158168667
100.9	1.526006333	-1.002391926
101	1.421465104	-1.088533699
101.1	1.308248661	-1.176188507
101.2	1.186122211	-1.266987704
101.3	1.054702468	-1.362236648
101.4	0.913495678	-1.462839851
101.5	0.7619433117	-1.569154534
101.6	0.5994880966	-1.680729163
101.7	0.4256743911	-1.795937219
101.8	0.2402871599	-1.911482767
101.9	0.04354763485	-2.021837746
102	-0.1636361857	-2.118762547
102.1	-0.3793902637	-2.191178571
102.2	-0.6006127529	-2.225809216
102.3	-0.8228342846	-2.208993164
102.4	-1.040322159	-2.129712381
102.5	-1.246524983	-1.983186927
102.6	-1.434846185	-1.773577453
102.7	-1.599575027	-1.514221632
102.8	-1.736688144	-1.224846725
102.9	-1.844260764	-0.9268573147
103	-1.922395998	-0.6387620633
103.1	-1.972778544	-0.3734151537
103.2	-1.998065216	-0.1374802642
103.3	-2.001309444	0.06752358432
103.4	-1.985528519	0.2435479661
103.5	-1.95343868	0.3944294134
103.6	-1.907329084	0.5247160267
103.7	-1.849030321	0.6389441053
103.8	-1.779936418	0.7412702345
103.9	-1.701051031	0.8353356857
104	-1.61304006	0.924261222
104.1	-1.516281266	1.010700166
104.2	-1.410907253	1.09690844
104.3	-1.296843046	1.184800342
104.4	-1.173836941	1.27597855
104.5	-1.041495073	1.371712217
104.6	-0.8993133056	1.472863138
104.7	-0.7467313493	1.579720298
104.8	-0.5831962053	1.691740276
104.9	-0.4082680015	1.807156163
105	-0.2217653791	1.922481273
105.1	-0.02396433048	2.031944339
105.2	0.1841474028	2.127027344
105.3	0.4005866987	2.196395978
105.4	0.6221226208	2.226637001
105.5	0.8441545574	2.204194107
105.6	1.060845454	2.118497008
105.7	1.265601456	1.965540761
105.8	1.451870691	1.750410942
105.9	1.614075114	1.487228117
106	1.748383713	1.196102063
106.1	1.853078123	0.8983372727
106.2	1.928438133	0.6119801183
106.3	1.976269642	0.3492776097
106.4	1.999291232	0.1163335015
106.5	2.000568871	-0.08574424846
106.6	1.983099885	-0.2591531169
106.7	1.949562874	-0.4078422721
106.8	1.902202923	-0.5363835549
106.9	1.842806922	-0.6492880031
107	1.772728974	-0.7506656593
107.1	1.692937795	-0.8441062412
107.2	1.604069307	-0.9326824967
107.3	1.506475905	-1.019006669
107.4	1.400268685	-1.10529906
107.5	1.28535383	-1.193443585
107.6	1.161465371	-1.285012395
107.7	1.028195704	-1.381239419
107.8	0.8850344636	-1.48293978
107.9	0.7314168989	-1.590336157
108	0.5667973244	-1.702783575
108.1	0.3907535492	-1.81837554
108.2	0.2031377126	-1.933427306
108.3	0.004283284437	-2.041919102
108.4	-0.204737458	-2.135055099
108.5	-0.4218316099	-2.201248825
108.6	-0.6436380921	-2.226970042
108.7	-0.8654256306	-2.198798918
108.8	-1.081257417	-2.106646152
108.9	-1.284504732	-1.947306094
109	-1.468669242	-1.726790237
109.1	-1.628313005	-1.459972077
109.2	-1.759801124	-1.167297466
109.3	-1.861620377	-0.8699282144
109.4	-1.934222516	-0.5854237391
109.5	-1.979528802	-0.3254216139
109.6	-2.00031417	-0.09547732655
109.7	-1.999653423	0.1036958597
109.8	-1.980521476	0.2745270676
109.9	-1.945558258	0.421067114
110	-1.896964623	0.5479054028
110.1	-1.836483998	0.6595246812
110.2	-1.765430983	0.7599872778
110.3	-1.684739896	0.8528317731
110.4	-1.595017261	0.9410831524
110.5	-1.496590191	1.027312931
110.6	-1.389548743	1.113707176
110.7	-1.273781089	1.202119377
110.8	-1.149005866	1.294089476
110.9	-1.014804186	1.390818257
111	-0.8706573079	1.493070281
111.1	-0.715999885	1.600999077
111.2	-0.5502919043	1.713858725
111.3	-0.373130128	1.829591871
111.4	-0.1844044339	1.944314125
111.5	0.01549277498	2.051752325
111.6	0.2254038355	2.142830955
111.7	0.443121814	2.20572364
111.8	0.6651543678	2.226798287
111.9	0.8866416017	2.192801472
112	1.101551654	2.094160953
112.1	1.303228796	1.92849397
112.2	1.485237285	1.702733368
112.3	1.642286403	1.432474977
112.4	1.77094006	1.138452776
112.5	1.869888716	0.8416442745
112.6	1.939751398	0.5591011797
112.7	1.982558855	0.3018501566
112.8	2.001137079	0.07491091604
112.9	1.998565861	-0.1213817763
113	1.977795666	-0.2896738471
113.1	1.941426812	-0.4341081173
113.2	1.891615736	-0.5592855108
113.3	1.830062712	-0.6696576219
113.4	1.758043346	-0.7692383108
113.5	1.676457982	-0.8615146469
113.6	1.585884067	-0.9494651484
113.7	1.48662431	-1.035621185
113.8	1.378747577	-1.122134482
113.9	1.262124203	-1.210827657
114	1.136458475	-1.303212082
114.1	1.001319698	-1.40044855
114.2	0.8561825491	-1.503254581
114.3	0.7004793967	-1.611710135
114.4	0.5336790282	-1.724961098
114.5	0.3553989636	-1.840800503
114.6	0.1655664407	-1.955135318
114.7	-0.03536378234	-2.061435584
114.8	-0.2461442142	-2.150347647
114.9	-0.4644532639	-2.209808597
115	-0.6866665773	-2.226109277
115.1	-0.9077968721	-2.186194794
115.2	-1.12172247	-2.081042426
115.3	-1.321768677	-1.909112907
115.4	-1.501571116	-1.678256149
115.5	-1.655993105	-1.404754932
115.6	-1.781800254	-1.109584604
115.7	-1.877884561	-0.813498158
115.8	-1.945027226	-0.5330191053
115.9	-1.985362584	-0.2785650582
116	-2.001762654	-0.05463273153
116.1	-1.997308715	0.1388052062
116.2	-1.974924596	0.3045977287
116.3	-1.93717023	0.4469695757
116.4	-1.886157564	0.570527816
116.5	-1.823544011	0.6796902906
116.6	-1.75056662	0.7784214531
116.7	-1.6680923	0.8701576289
116.8	-1.576670061	0.9578308329
116.9	-1.476578079	1.043932858
117	-1.367864778	1.130582248
117.1	-1.25038323	1.219571843
117.2	-1.123822735	1.312379552
117.3	-0.9877420646	1.410131878
117.4	-0.8416085992	1.513492267
117.5	-0.6848553827	1.622465827
117.6	-0.5169591032	1.736090052
117.7	-0.3375589756	1.851997194
117.8	-0.1466239808	1.965883686
117.9	0.05532698054	2.070958325
118	0.266955718	2.157588133
118.1	0.4858223188	2.213489291
118.2	0.7081694927	2.224892369
118.3	0.9288851609	2.178973007
118.4	1.141763249	2.067293079
118.5	1.340118326	1.889176076
118.6	1.517666281	1.653378184
118.7	1.669430927	1.376833943
118.8	1.792381398	1.080711949
118.9	1.885609059	0.7855027816
119	1.950052174	0.5071850471
119.1	1.98794272	0.2555686006
119.2	2.002193703	0.0346414176
119.3	1.995884449	-0.155969523
119.4	1.97191039	-0.3193026119
119.5	1.93279023	-0.4596555403
119.6	1.88059141	-0.5816360736
119.7	1.816928834	-0.6896259476
119.8	1.743001502	-0.7875397966
119.9	1.659643373	-0.8787629176
120	1.567375207	-0.9661819513
120.1	1.466451548	-1.052250055
120.2	1.35690039	-1.13905227
120.3	1.238557301	-1.228350548
120.4	1.111098166	-1.321594323
120.5	0.9740703656	-1.41986669
120.6	0.8269359771	-1.523783365
120.7	0.669127083	-1.633266847
120.8	0.500131398	-1.747241074
120.9	0.3196114829	-1.863176908
121	0.1275781592	-1.976552104
121.1	-0.07538172431	-2.080311613
121.2	-0.2878358842	-2.164545351
121.3	-0.5072248473	-2.216754669
121.4	-0.7296581292	-2.223137149
121.5	-0.9499008321	-2.171131446
121.6	-1.161668341	-2.052915993
121.7	-1.358272931	-1.868693516
121.8	-1.53351939	-1.628115858
121.9	-1.682598167	-1.348730101
122	-1.802683751	-1.05185116
122.1	-1.893064015	-0.7576700389
122.2	-1.954828885	-0.4816045034
122.3	-1.990302148	-0.2328618531
122.4	-2.002433036	-0.0149351262
122.5	-1.99429568	0.1728782947
122.6	-1.968755223	0.3337928567
122.7	-1.928288567	0.4721702241
122.8	-1.874918644	0.5926141226
122.9	-1.810218203	0.6994679918
123	-1.735348636	0.7965959604
123.1	-1.651111498	0.8873331452
123.2	-1.557999888	0.9745208313
123.3	-1.456244641	1.060574244
123.4	-1.345854074	1.147545602
123.5	-1.226646574	1.237167716
123.6	-1.098284599	1.330855755
123.7	-0.960304689	1.429656956
123.8	-0.8121633668	1.534126101
123.9	-0.6532945505	1.644110951
124	-0.4831956256	1.758412474
124.1	-0.3015555471	1.8743342
124.2	-0.1084301711	1.987132888
124.3	0.09552580671	2.089483566
124.4	0.308782001	2.17120311
124.5	0.5286569084	2.219591827
124.6	0.7511270435	2.220833571
124.7	0.9708375115	2.162665504
124.8	1.181431202	2.037915093
124.9	1.376226712	1.847678517
125	1.549126404	1.602488069
125.1	1.69549293	1.32046443
125.2	1.812707209	1.023019957
125.3	1.900250644	0.7300115846
125.4	1.959359388	0.4562839242
125.5	1.992443445	0.2104463252
125.6	2.002483237	-0.004488073877
125.7	1.992544625	-0.1895351009
125.8	1.96546096	-0.3480724471
125.9	1.923666697	-0.4845176402
126	1.86914032	-0.6034656275
126.1	1.803412819	-0.7092196385
126.2	1.727608505	-0.8055928961
126.3	1.642496863	-0.8958703466
126.4	1.548543868	-0.9828495054
126.5	1.44595732	-1.068907192
126.6	1.334725277	-1.156064153
126.7	1.214650742	-1.246022629
126.8	1.085380923	-1.340165561
126.9	0.9464439894	-1.439498825
127	0.7972907261	-1.544522562
127.1	0.637356511	-1.654995894
127.2	0.4661521566	-1.769599872
127.3	0.2833924026	-1.885464962
127.4	0.08917956581	-1.997618377
127.5	-0.1157578095	-2.098466229
127.6	-0.3297906956	-2.177552209
127.7	-0.550114247	-2.221986813
127.8	-0.7725711314	-2.217970642
127.9	-0.991689583	-2.153571059
128	-1.201046465	-2.022294926
128.1	-1.393975277	-1.826144001
128.2	-1.564484277	-1.57651384
128.3	-1.70811395	-1.2920555
128.4	-1.822452411	-0.9942337296
128.5	-1.907171097	-0.7025378869
128.6	-1.963646779	-0.4312276982
128.7	-1.994369605	-0.1883220197
128.8	-2.002347144	0.02363054744
128.9	-1.990633885	0.2059436724
129	-1.962029757	0.3621458064
129.1	-1.918926339	0.4967020375
129.2	-1.86325777	0.6141944082
129.3	-1.796513652	0.718884102
129.4	-1.719781691	0.8145332592
129.5	-1.633799966	0.904377333
129.6	-1.539007534	0.9911696145
129.7	-1.435589255	1.077250769
129.8	-1.323514446	1.164608812
129.9	-1.202568521	1.254916598
130	-1.072387391	1.349524152
130.1	-0.9324879578	1.449395721
130.2	-0.7823172054	1.554969426
130.3	-0.6213136587	1.665921173
130.4	-0.4490002508	1.780801541
130.5	-0.2651213343	1.896562704
130.6	-0.0698289774	2.008000786
130.7	0.1360753982	2.107246546
130.8	0.3508594657	2.183577061
130.9	0.571592609	2.223928904
131	0.7939847705	2.21454046
131.1	1.012450593	2.143845783
131.2	1.220507595	2.006062064
131.3	1.41151309	1.804105281
131.4	1.579589561	1.550212718
131.5	1.720459923	1.263524333
131.6	1.831919752	0.9655093749
131.7	1.913826959	0.6752596137
131.8	1.96769321	0.4064412703
131.9	1.996083485	0.1664898475
132	2.002027494	-0.04249475349
132.1	1.988565802	-0.2221078699
132.2	1.958463588	-0.3760170275
132.3	1.914069048	-0.5087274351
132.4	1.857272146	-0.6248040874
132.5	1.78952153	-0.7284646608
132.6	1.711868825	-0.8234199273
132.7	1.625020982	-0.9128559289
132.8	1.529390734	-0.9994836077
132.9	1.42514073	-1.085606415
133	1.312220528	-1.173181627
133.1	1.190400883	-1.263851336
133.2	1.05930288	-1.358932359
133.3	0.9184359963	-1.459345054
133.4	0.7672427211	-1.565468606
133.5	0.6051645016	-1.676883941
133.6	0.4317402693	-1.792012176
133.7	0.2467437879	-1.907622527
133.8	0.05037783313	-2.018271392
133.9	-0.1564771335	-2.115816047
134	-0.3719845997	-2.189268612
134.1	-0.5930874579	-2.22540486
134.2	-0.8153625623	-2.210533225
134.3	-1.033114733	-2.13348723
134.4	-1.239809181	-1.989221977
134.5	-1.428835798	-1.78157487
134.6	-1.594439235	-1.523602834
134.7	-1.732529677	-1.234888666
134.8	-1.841109944	-0.9368616895
134.9	-1.920220289	-0.6481863178
135	-1.971501592	-0.3819281874
135.1	-1.997587744	-0.1449494744
135.2	-2.001526873	0.06108309625
135.3	-1.986342689	0.2380315057
135.4	-1.954764324	0.3896903443
135.5	-1.909096305	0.5205977976
135.6	-1.85118457	0.635298244
135.7	-1.782437225	0.7379642949
135.8	-1.703870272	0.8322552829
135.9	-1.616160212	0.9213088423
136	-1.519693751	1.007792921
136.1	-1.414611178	1.093975951
136.2	-1.300844042	1.18178309
136.3	-1.178145928	1.272827156
136.4	-1.046127546	1.36839061
136.5	-0.9042874325	1.46934922
136.6	-0.7520665136	1.576017156
136.7	-0.5889097561	1.687883107
136.8	-0.4143717811	1.803229734
136.9	-0.2282592975	1.91863797
137	-0.03082879726	2.028422048
137.1	0.176960336	2.124161525
137.2	0.393163183	2.19461109
137.3	0.6145942452	2.226403081
137.4	0.8366987235	2.20594107
137.5	1.053675577	2.122494224
137.6	1.258944967	1.971783492
137.7	1.445938367	1.758570556
137.8	1.609030432	1.496705431
137.9	1.744322407	1.206169158
138	1.850023798	0.9083061219
138.1	1.926353099	0.6213273501
138.2	1.975074438	0.3576927792
138.3	1.99888543	0.1237008386
138.4	2.000848076	-0.07939858457
138.5	1.98396696	-0.2537185232
138.6	1.950933989	-0.4031699688
138.7	1.90400969	-0.5323172105
138.8	1.844996221	-0.6456804747
138.9	1.775261606	-0.7473862272
139	1.695786731	-0.8410421912
139.1	1.60721794	-0.9297378903
139.2	1.509916499	-1.016099875
139.3	1.404000955	-1.102360795
139.4	1.289384059	-1.190415185
139.5	1.165804843	-1.281846098
139.6	1.032860375	-1.377899483
139.7	0.8900426604	-1.479407466
139.8	0.7367878433	-1.58661563
139.9	0.5725483464	-1.69891502
140	0.3968952695	-1.814449502
140.1	0.2096684933	-1.929603111
140.2	0.01118164894	-2.038444098
140.3	-0.1975229998	-2.13227388
140.4	-0.4143914658	-2.199592397
140.5	-0.6361082832	-2.226910018
140.6	-0.8579876595	-2.200754913
140.7	-1.074127209	-2.110865523
140.8	-1.277909527	-1.953753764
140.9	-1.4628165	-1.735107275
141	-1.623360332	-1.469539073
141.1	-1.75583717	-1.177383233
141.2	-1.858662174	-0.8798565046
141.3	-1.932227431	-0.5946910515
141.4	-1.978414451	-0.333737899
141.5	-1.999979079	-0.1027430226
141.6	-1.999993484	0.09744397429
141.7	-1.981440674	0.2691729069
141.8	-1.946974202	0.4164601345
141.9	-1.898810433	0.54388959
142	-1.838707969	0.6559542721
142.1	-1.767995174	0.7567332988
142.2	-1.687618369	0.8497832237
142.3	-1.598194311	0.9381455088
142.4	-1.500058847	1.024405971
142.5	-1.39330948	1.110762593
142.6	-1.277840558	1.199079634
142.7	-1.153376114	1.290907718
142.8	-1.019501176	1.387460298
142.9	-0.8756997136	1.489518839
143	-0.7214069288	1.59726202
143.1	-0.5560802479	1.709979775
143.2	-0.3793097587	1.825667246
143.3	-0.1909722244	1.940511328
143.4	0.00856112366	2.048327655
143.5	0.2181630206	2.140138556
143.6	0.4356663249	2.204201494
143.7	0.6576248448	2.226916834
143.8	0.8792235623	2.194969402
143.9	1.094463289	2.098602378
144	1.296696855	1.935142602
144.1	1.47946563	1.711200786
144.2	1.637426559	1.442124092
144.3	1.767073624	1.148550764
144.4	1.867026222	0.851527411
144.5	1.937845422	0.5682859171
144.6	1.981524345	0.3100666499
144.7	2.000871681	0.0820754125
144.8	1.998965876	-0.1152225282
144.9	1.978766205	-0.2843987103
145	1.942886954	-0.4295649725
145.1	1.893500105	-0.5553188446
145.2	1.832321005	-0.6661231224
145.3	1.760638859	-0.7660087423
145.4	1.679365826	-0.8584806679
145.5	1.589089464	-0.9465337965
145.6	1.490121073	-1.032713373
145.7	1.382536758	-1.119183056
145.8	1.266213156	-1.207776012
145.9	1.140859456	-1.300014575
146	1.006049243	-1.397072293
146.1	0.8612593615	-1.499684596
146.2	0.7059225713	-1.607956607
146.3	0.5395049762	-1.721072495
146.4	0.3616165098	-1.836879188
146.5	0.1721707331	-1.95135635
146.6	-0.02839928319	-2.058064759
146.7	-0.2388777611	-2.147748141
146.8	-0.4569837245	-2.20842411
146.9	-0.6791390709	-2.226409658
147	-0.9004008054	-2.18857637
147.1	-1.114678097	-2.08570517
147.2	-1.315301949	-1.915959304
147.3	-1.495881985	-1.686868753
147.4	-1.651226868	-1.41447958
147.5	-1.778031415	-1.119688472
147.6	-1.87511733	-0.8233314564
147.7	-1.943209619	-0.5421187296
147.8	-1.984406998	-0.2866810146
147.9	-2.001565999	-0.06169643832
148	-1.9977678	0.1327374356
148.1	-1.975945734	0.2994001771
148.2	-1.938673966	0.4424888343
148.3	-1.888080026	0.5666089682
148.4	-1.825836283	0.6761905164
148.5	-1.753193217	0.7752152797
148.6	-1.671029402	0.8671374135
148.7	-1.57990376	0.9549049714
148.8	-1.480102921	1.041023606
148.9	-1.371682552	1.127623436
149	-1.254501661	1.216507963
149.1	-1.128254772	1.309165947
149.2	-0.9925042993	1.406737304
149.3	-0.8467199795	1.50990339
149.4	-0.6903349631	1.618696532
149.5	-0.5228226	1.732192864
149.6	-0.3438143521	1.848080532
149.7	-0.1532647964	1.962130971
149.8	0.04833019604	2.067644478
149.9	0.2596646796	2.155085678
150	0.4783401043	2.212247778
150.1	0.7006457871	2.225379
150.2	0.9215131394	2.181570587
150.3	1.134764966	2.072176349
150.4	1.333718648	1.896215887
150.5	1.512061015	1.662129108
150.6	1.664758978	1.386626956
150.7	1.788710189	1.090815697
150.8	1.882936563	0.7952820345
150.9	1.948322021	0.5161973271
151	1.987065039	0.2635834612
151.1	2.002064812	0.04160497385
151.2	1.99640172	-0.1499920379
151.3	1.972981373	-0.3141811773
151.4	1.934336964	-0.4552357107
151.5	1.882551511	-0.5777636829
151.6	1.819254759	-0.6861597272
151.7	1.745658976	-0.7843560195
151.8	1.662609582	-0.8757555407
151.9	1.57063714	-0.9632609203
152	1.470004534	-1.049338712
152.1	1.360746743	-1.136085573
152.2	1.24270547	-1.225273869
152.3	1.11556121	-1.318364373
152.4	0.9788655586	-1.416453583
152.5	0.8320820421	-1.52017605
152.6	0.6746431634	-1.629481977
152.7	0.5060326374	-1.743336345
152.8	0.3259046246	-1.859266816
152.9	0.1342550371	-1.972828231
153	-0.06835316964	-2.077058487
153.1	-0.2805211	-2.162143831
153.2	-0.4997313392	-2.215660054
153.3	-0.7221400284	-2.223813291
153.4	-0.9425549583	-2.173946491
153.5	-1.154718311	-2.058018569
153.6	-1.351942207	-1.875922847
153.7	-1.527999328	-1.636999129
153.8	-1.678021139	-1.358584738
153.9	-1.799110126	-1.061948673
154	-1.890485723	-0.7673910221
154.1	-1.953185389	-0.4905272936
154.2	-1.989501427	-0.2407751459
154.3	-2.002370947	-0.02179914439
154.4	-1.994870275	0.1669898217
154.5	-1.969875331	0.3287460901
154.6	-1.929877718	0.467809877
154.7	-1.876915942	0.5887868781
154.8	-1.812577461	0.6960341656
154.9	-1.738036769	0.7934335878
155	-1.654106719	0.8843378201
155.1	-1.56129003	0.9716038663
155.2	-1.459825767	1.057660239
155.3	-1.349729164	1.144570567
155.4	-1.230824488	1.234077897
155.5	-1.102779045	1.327609255
155.6	-0.9651328587	1.426225085
155.7	-0.8173445187	1.530500343
155.8	-0.6588472426	1.64031136
155.9	-0.4891345605	1.754500937
156	-0.3078865672	1.870432284
156.1	-0.1151429101	1.983440435
156.2	0.0884662434	2.086294717
156.3	0.3014445647	2.168907851
156.4	0.5211535464	2.218648922
156.5	0.7436164291	2.22170305
156.6	0.9635199176	2.16569965
156.7	1.17453155	2.043235425
156.8	1.369966759	1.855092355
156.9	1.543692796	1.611496757
157	1.691011391	1.330373381
157.1	1.809231108	1.033105351
157.2	1.897765993	0.7396703842
157.3	1.957801663	0.4651151805
157.4	1.991718674	0.2182576821
157.5	2.002486986	0.002277160919
157.6	1.993175692	-0.1837343843
157.7	1.966629472	-0.3430988888
157.8	1.925297696	-0.4802153289
157.9	1.871174386	-0.5996822206
158	1.805805106	-0.7058170741
158.1	1.730327087	-0.802450925
158.2	1.645520957	-0.8928862488
158.3	1.551862191	-0.9799359331
158.4	1.449566607	-1.065989897
158.5	1.338629158	-1.153080127
158.6	1.218858584	-1.242919459
158.7	1.089906803	-1.336902
158.8	0.9513054532	-1.436048338
158.9	0.8025069094	-1.540878593
159	0.6429459953	-1.651181849
159.1	0.4721289789	-1.765682996
159.2	0.2897609778	-1.881573219
159.3	0.09592777212	-1.993960242
159.4	-0.1086676605	-2.095345257
159.5	-0.3224315658	-2.1753664
159.6	-0.5426025132	-2.221199339
159.7	-0.7650698398	-2.219036439
159.8	-0.9844023366	-2.156825231
159.9	-1.194199238	-2.027831308
160	-1.387787806	-1.833738372
160.1	-1.559138279	-1.585641961
160.2	-1.703728375	-1.302012254
160.3	-1.819073654	-1.004301335
160.4	-1.904779445	-0.7121307163
160.5	-1.962173944	-0.4399657878
160.6	-1.993719828	-0.1960312885
160.7	-2.00241578	0.01696332816
160.8	-1.991320575	0.2002293849
160.9	-1.963245974	0.3572439708
161	-1.920598627	0.4924563438
161.1	-1.865328177	0.6104535499
161.2	-1.798938662	0.715511672
161.3	-1.722530535	0.8114107828
161.4	-1.63685285	0.9014036271
161.5	-1.542353982	0.9882587215
161.6	-1.439226748	1.074329616
161.7	-1.327447198	1.161615476
161.8	-1.2068064	1.251799394
161.9	-1.076944897	1.346243529
162	-0.9373828092	1.445926334
162.1	-0.7875687548	1.551307404
162.2	-0.6269400469	1.662093574
162.3	-0.4550148742	1.776880266
162.4	-0.27152753	1.892682946
162.5	-0.0766123919	2.004379639
162.6	0.1289555027	2.104197178
162.7	0.3434798135	2.181506012
162.8	0.5640740515	2.22330194
162.9	0.7864947595	2.215806268
163	1.005195875	2.147321236
163.1	1.213714903	2.011812262
163.2	1.405399854	1.811874394
163.3	1.574332311	1.55945292
163.4	1.716170764	1.273521864
163.5	1.828638175	0.9755537365
163.6	1.91152766	0.6847829807
163.7	1.966304331	0.4150845345
163.8	1.99550769	0.1740969603
163.9	2.002160086	-0.03592464373
164	1.989307293	-0.2164787037
164.1	1.959726827	-0.3711854424
164.2	1.915782096	-0.5045369208
164.3	1.859378503	-0.6211044997
164.4	1.79197899	-0.7251212701
164.5	1.714647748	-0.8203159531
164.6	1.628102537	-0.9098918271
164.7	1.53276531	-0.9965747417
164.8	1.428806466	-1.082680819
164.9	1.31618225	-1.170178316
165	1.194668961	-1.260720033
165.1	1.063892148	-1.355634208
165.2	0.9233645099	-1.455856906
165.3	0.7725296651	-1.561788846
165.4	0.610827936	-1.673043122
165.5	0.4377928749	-1.78808793
165.6	0.2531873549	-1.903756869
165.7	0.05719598062	-2.014690332
165.8	-0.1493280779	-2.112842199
165.9	-0.3645854618	-2.187315972
166	-0.5855636208	-2.224941937
166.1	-0.8078857432	-2.212001599
166.2	-1.025894663	-2.137184348
166.3	-1.233073084	-1.99518369
166.4	-1.42279846	-1.789514181
166.5	-1.589271779	-1.532948778
166.6	-1.728337272	-1.244920284
166.7	-1.837925274	-0.9468773288
166.8	-1.918012669	-0.657636819
166.9	-1.970195796	-0.3904752177
167	-1.997084959	-0.1524544193
167.1	-2.001722471	0.05460918025
167.2	-1.987138162	0.2324860626
167.3	-1.956073908	0.3849275516
167.4	-1.910849573	0.5164610778
167.5	-1.853326471	0.6316386723
167.6	-1.784926844	0.7346488346
167.7	-1.706679095	0.829168939
167.8	-1.619270379	0.9183535529
167.9	-1.52309641	1.004885371
168	-1.418305204	1.091045342
168.1	-1.304834835	1.17876958
168.2	-1.182444305	1.269680952
168.3	-1.050748789	1.365075029
168.4	-0.9092497303	1.465841928
168.5	-0.7573891532	1.572320063
168.6	-0.5946102925	1.684030029
168.7	-0.4204623148	1.799303618
168.8	-0.234740191	1.914788506
168.9	-0.03768126929	2.024884007
169	0.1697829723	2.121267044
169.1	0.3857457668	2.192781979
169.2	0.6070667553	2.226109066
169.3	0.8292371	2.207615339
169.4	1.046492318	2.126413622
169.5	1.252267496	1.977953872
169.6	1.43997855	1.766674009
169.7	1.603953758	1.50614988
169.8	1.740227071	1.216228187
169.9	1.84693575	0.9182879805
170	1.924236413	0.6307018928
170.1	1.973850725	0.3661423506
170.2	1.99845466	0.1311037968
170.3	2.001105768	-0.07301984601
170.4	1.984815614	-0.248255438
170.5	1.952289268	-0.3984744642
170.6	1.905802679	-0.5282328619
170.7	1.8471733	-0.6420596686
170.8	1.777783134	-0.7440976346
170.9	1.698625296	-0.8379725195
171	1.61035662	-0.9267906519
171.1	1.513347263	-1.01319299
171.2	1.4077233	-1.099424612
171.3	1.293404056	-1.187390717
171.4	1.170133625	-1.278685084
171.5	1.037513771	-1.374565897
171.6	0.8950389181	-1.475881593
171.7	0.7421462558	-1.582900997
171.8	0.5782862959	-1.695050418
171.9	0.4030237055	-1.810523167
172	0.2161863668	-1.925771927
172.1	0.0180682649	-2.034952184
172.2	-0.1903179987	-2.129462384
172.3	-0.4069570046	-2.197890468
172.4	-0.6285787825	-2.226788736
172.5	-0.850543198	-2.202637527
172.6	-1.066982861	-2.115007177
172.7	-1.271292631	-1.960130158
172.8	-1.45693572	-1.743369991
172.9	-1.618375359	-1.479075655
173	-1.751839125	-1.187463315
173.1	-1.855670366	-0.8897995564
173.2	-1.930200944	-0.6039866808
173.3	-1.977271913	-0.3420889373
173.4	-1.999619363	-0.1100442517
173.5	-2.000312352	0.0911594012
173.6	-1.982341723	0.2637907488
173.7	-1.948374534	0.4118304611
173.8	-1.900642638	0.5398562504
173.9	-1.840919848	0.652371009
174	-1.770548352	0.7534705326
174.1	-1.69048653	0.8467293545
174.2	-1.601361426	0.9352054957
174.3	-1.50351768	1.021499155
174.4	-1.397060269	1.10782028
174.5	-1.281889757	1.196043929
174.6	-1.157735621	1.287731417
174.7	-1.024186814	1.384108695
174.8	-0.8807301384	1.485973959
174.9	-0.7268013481	1.59353081
175	-0.5618554748	1.706104377
175.1	-0.3854761381	1.821741868
175.2	-0.1975271516	1.936700772
175.3	0.001641119236	2.044884992
175.4	0.210931358	2.137414668
175.5	0.4282160516	2.202632107
175.6	0.6500950242	2.226972551
175.7	0.8717983196	2.197062996
175.8	1.087360043	2.102966182
175.9	1.290142561	1.941721191
176	1.473665436	1.719616049
176.1	1.632534133	1.451745144
176.2	1.763173048	1.158645187
176.3	1.864130282	0.8614269022
176.4	1.935908344	0.5774998457
176.5	1.980461994	0.3183181509
176.6	2.000581996	0.08927528752
176.7	1.999345012	-0.1090309824
176.8	1.979718862	-0.279096084
176.9	1.944331698	-0.4249996465
177	1.895371035	-0.5513351259
177.1	1.834567327	-0.6625761891
177.2	1.763223439	-0.7627707414
177.3	1.682263406	-0.8554416846
177.4	1.59228495	-0.9436003456
177.5	1.493608009	-1.029805912
177.6	1.386315955	-1.116234088
177.7	1.270291816	-1.204728556
177.8	1.145249597	-1.296822582
177.9	1.010767362	-1.393701794
178	0.8663238815	-1.49612122
178.1	0.711353225	-1.604208226
178.2	0.5453179964	-1.717187725
178.3	0.3678206415	-1.832956703
178.4	0.178762231	-1.947568723
178.5	-0.02144589074	-2.054674746
178.6	-0.2316200068	-2.145114348
178.7	-0.4495189544	-2.206990773
178.8	-0.6716105909	-2.226646175
178.9	-0.8929967206	-2.190883074
179	-1.107617985	-2.090290718
179.1	-1.308812081	-1.92273742
179.2	-1.490163736	-1.695431762
179.3	-1.646427798	-1.42417919
179.4	-1.774228424	-1.129791419
179.5	-1.872316806	-0.8331828317
179.6	-1.941361186	-0.5512486333
179.7	-1.983423956	-0.2948323787
179.8	-2.001345477	-0.06879540006
179.9	-1.998206366	0.1266377758
180	-1.976949315	0.2941755835
180.1	-1.940162584	0.4379863967
180.2	-1.889989275	0.5626735239
180.3	-1.828116766	0.6726787041
180.4	-1.755809038	0.7720010607
180.5	-1.673956382	0.8641124503
180.6	-1.583127605	0.9519771894
180.7	-1.483618012	1.038114998
180.8	-1.375490449	1.124667352
180.9	-1.258609701	1.213448089
181	-1.132676119	1.305958342
181.1	-0.9972550223	1.403348996
181.2	-0.8518195156	1.506320751
181.3	-0.6958018998	1.61493322
181.4	-0.5286727908	1.728298321
181.5	-0.3500567813	1.844161734
181.6	-0.1598931741	1.958368678
181.7	0.04134480477	2.064310347
181.8	0.2523821723	2.152549528
181.9	0.4708620497	2.210956667
182	0.6931204922	2.22580054
182.1	0.9141324394	2.184092781
182.2	1.127750286	2.076982703
182.3	1.327295286	1.903187975
182.4	1.506426245	1.670831699
182.5	1.66005392	1.396396551
182.6	1.785004807	1.100920218
182.7	1.880230964	0.8050808715
182.8	1.946561326	0.5252403973
182.9	1.986160194	0.2716338377
183	2.001912314	0.0486036225
183.1	1.996898757	-0.1439830327
183.2	1.974035015	-0.3090332569
183.3	1.935868748	-0.4507946705
183.4	1.884498533	-0.5738751347
183.5	1.821568994	-0.6826818784
183.6	1.748305705	-0.7811644057
183.7	1.66556562	-0.8727437641
183.8	1.573889295	-0.9603383591
183.9	1.473547728	-1.046428054
184	1.364583059	-1.133121607
184.1	1.24684347	-1.222202597
184.2	1.12001361	-1.315139813
184.3	0.9836493073	-1.413047666
184.4	0.8372159827	-1.516574965
184.5	0.6801464669	-1.625702357
184.6	0.5119206619	-1.739434056
184.7	0.3321845355	-1.855354087
184.8	0.1409193703	-1.969093821
184.9	-0.06133561441	-2.073783499
185	-0.2732144494	-2.159706219
185.1	-0.4922415579	-2.214513332
185.2	-0.7146196626	-2.224422553
185.3	-0.9351995782	-2.176685121
185.4	-1.147751039	-2.063044452
185.5	-1.345587025	-1.88308625
185.6	-1.522449174	-1.64583682
185.7	-1.673410712	-1.368418665
185.8	-1.795502248	-1.072049141
185.9	-1.88787442	-0.7771329496
186	-1.951511564	-0.4994817529
186.1	-1.988673799	-0.2487241387
186.2	-2.00228552	-0.02869800331
186.3	-1.995424842	0.1610702579
186.4	-1.970978273	0.3236732802
186.5	-1.931452042	0.4634288123
186.6	-1.87890023	0.584943926
186.7	-1.814925051	0.6925890808
186.8	-1.740714165	0.7902637961
186.9	-1.657091772	0.8813383247
187	-1.564570272	0.9686855186
187.1	-1.463397025	1.054747206
187.2	-1.353594174	1.141598492
187.3	-1.234991964	1.230992637
187.4	-1.107262497	1.324368524
187.5	-0.9699494404	1.422799682
187.6	-0.8225134196	1.52688109
187.7	-0.6643870443	1.636516875
187.8	-0.4950602974	1.750591499
187.9	-0.314204407	1.866527293
188	-0.1218431267	1.979736625
188.1	0.0814175111	2.083082988
188.2	0.2941149261	2.166575257
188.3	0.5136534549	2.217652416
188.4	0.7361029859	2.222504421
188.5	0.9561921978	2.168656946
188.6	1.167614051	2.048479676
188.7	1.36368186	1.862441969
188.8	1.538228796	1.620462172
188.9	1.686496362	1.340263949
189	1.805720892	1.043195593
189.1	1.895248632	0.7493513829
189.2	1.956214018	0.4739786389
189.3	1.990967421	0.2261047106
189.4	2.002467788	0.009076893234
189.5	1.993787084	-0.1779030965
189.6	1.967781115	-0.3380998784
189.7	1.926914105	-0.4758928635
189.8	1.873195626	-0.595883614
189.9	1.808185862	-0.7024036914
190	1.733035026	-0.7993019062
190.1	1.648534949	-0.8898983254
190.2	1.55517066	-0.9770212466
190.3	1.453166019	-1.063073807
190.4	1.342522963	-1.150099249
190.5	1.223055933	-1.239821039
190.6	1.09442166	-1.333644349
190.7	0.9561552654	-1.432604506
190.8	0.8077107528	-1.537240958
190.9	0.64852261	-1.647372717
191	0.478092558	-1.76176797
191.1	0.2961163414	-1.877677731
191.2	0.102663617	-1.99028981
191.3	-0.1015880957	-2.092200064
191.4	-0.3150798942	-2.17314145
191.5	-0.5350935442	-2.220356927
191.6	-0.7575650658	-2.220033133
191.7	-0.9771042194	-2.160002238
191.8	-1.187333411	-2.033292342
191.9	-1.381574756	-1.841270314
192	-1.553761485	-1.594729192
192.1	-1.69930916	-1.311953158
192.2	-1.81566084	-1.014375809
192.3	-1.902355309	-0.7217470353
192.4	-1.960671498	-0.4487367128
192.5	-1.993043921	-0.2037763092
192.6	-2.002461812	0.01026191318
192.7	-1.991987888	0.1944849968
192.8	-1.964445572	0.3523172024
192.9	-1.922256523	0.4881910005
193	-1.867385908	0.6066979482
193.1	-1.801352246	0.7121288221
193.2	-1.725268809	0.8082816121
193.3	-1.639895673	0.898426362
193.4	-1.545690572	0.9853469644
193.5	-1.442854373	1.071409884
193.6	-1.331369828	1.15862553
193.7	-1.21103375	1.248686941
193.8	-1.081491301	1.342968932
193.9	-0.9422657364	1.442462641
194	-0.7928081068	1.547652368
194.1	-0.6325533031	1.658270596
194.2	-0.4610164409	1.772959984
194.3	-0.2779208785	1.888799056
194.4	-0.08338329009	2.000745252
194.5	0.1218460351	2.101122813
194.6	0.3361070478	2.179395415
194.7	0.5565576579	2.222618324
194.8	0.7790005918	2.217001705
194.9	0.9979295977	2.150719276
195	1.206903018	2.017487754
195.1	1.399260575	1.819582435
195.2	1.569043926	1.568654421
195.3	1.711847845	1.283505591
195.4	1.825322683	0.9856067695
195.5	1.909196201	0.6943310666
195.6	1.964886278	0.4237610552
195.7	1.994906145	0.1817397493
195.8	2.002270447	-0.02932058396
195.9	1.990029759	-0.2108198843
196	1.960973741	-0.3663294491
196.1	1.917480999	-0.5003272379
196.2	1.861472392	-0.6173906044
196.3	1.794425186	-0.7217678082
196.4	1.717416209	-0.8172055532
196.5	1.63117414	-0.9069245367
196.6	1.536130157	-0.993665138
196.7	1.432462288	-1.079756838
196.8	1.320134043	-1.16717827
196.9	1.198926264	-1.257593696
197	1.068470477	-1.352341954
197.1	0.9282813588	-1.452375955
197.2	0.7778041109	-1.558114803
197.3	0.6164787056	-1.669206758
197.4	0.4438322915	-1.784164963
197.5	0.2596176	-1.899885987
197.6	0.06400238011	-2.011095081
197.7	-0.1421888934	-2.109841006
197.8	-0.3571929313	-2.185320295
197.9	-0.5780413622	-2.224420872
198	-0.8004039499	-2.213398626
198.1	-1.018662079	-2.140803769
198.2	-1.226316809	-2.00107208
198.3	-1.416734247	-1.79739547
198.4	-1.584072728	-1.542259207
198.5	-1.724110928	-1.254941252
198.6	-1.834706665	-0.9569037393
198.7	-1.91577302	-0.6671132916
198.8	-1.96886097	-0.3990563324
198.9	-1.996556804	-0.1599952137
199	-2.001896149	0.04810169583
199.1	-1.987914862	0.2269113916
199.2	-1.957367389	0.3801407952
199.3	-1.91258886	0.5123056692
199.4	-1.855456011	0.6279652038
199.5	-1.787405278	0.7313237088
199.6	-1.70947756	0.8260765904
199.7	-1.622370596	0.9153951118
199.8	-1.526489217	1.00197749
199.9	-1.421989494	1.088116437
200	-1.308815299	1.175759815
200.1	-1.186732573	1.266540381
200.2	-1.055358751	1.361765411
200.3	-0.9142003824	1.462341452
200.4	-0.7626992609	1.568628872
200.5	-0.6002978201	1.680181008
200.6	-0.4265395776	1.795377853
200.7	-0.2412080458	1.910932988
200.8	-0.04452177623	2.021330412
200.9	0.1626153877	2.118344221
201	0.3783345504	2.190909017
201.1	0.5995402866	2.225755299
201.2	0.8217698494	2.209217093
201.3	1.039295841	2.130255096
201.4	1.245569182	1.984051459
201.5	1.433991319	1.774720626
201.6	1.598845094	1.515560634
201.7	1.736097623	1.226278396
201.8	1.843813823	0.9282822972
201.9	1.92208789	0.6401034559
202	1.972598311	0.3746262454
202.1	1.99799872	0.1385424964
202.2	2.001341763	-0.06660782995
202.3	1.985645683	-0.2427636111
202.4	1.953628572	-0.3937555127
202.5	1.907581775	-0.5241302833
202.6	1.849338067	-0.6384253845
202.7	1.780293483	-0.7407997115
202.8	1.701453432	-0.8348970735
202.9	1.6134853	-0.9238406517
203	1.516768162	-1.010285911
203.1	1.411435702	-1.096490418
203.2	1.297413801	-1.184370103
203.3	1.174451724	-1.275529291
203.4	1.04215588	-1.371238613
203.5	0.9000232221	-1.472362265
203.6	0.7474921299	-1.579192322
203.7	0.5840111568	-1.691189828
203.8	0.4091388175	-1.80659675
203.9	0.2226913075	-1.92193402
204	0.02494304322	-2.031443714
204.1	-0.1831225703	-2.126621144
204.2	-0.3995284042	-2.196143546
204.3	-0.6210497892	-2.22660652
204.4	-0.8430924752	-2.204446912
204.5	-1.059824623	-2.119071032
204.6	-1.264654278	-1.966434731
204.7	-1.451027067	-1.751577554
204.8	-1.61335818	-1.488580784
204.9	-1.747806997	-1.197536876
205	-1.852644897	-0.8997567777
205.1	-1.928142949	-0.6133102798
205.2	-1.976101053	-0.3504746066
205.3	-1.999234884	-0.1173810657
205.4	-2.000609902	0.08484200126
205.5	-1.983224511	0.2583804186
205.6	-1.949759161	0.4071779095
205.7	-1.902461163	0.5358052138
205.8	-1.843119578	0.6487747415
205.9	-1.773090472	0.7501988514
206	-1.693344344	0.8436700526
206.1	-1.604518586	0.9322630301
206.2	-1.506966678	1.018592407
206.3	-1.4008011	1.104880178
206.4	-1.28592869	1.193012205
206.5	-1.162084388	1.28456055
206.6	-1.028861105	1.380763421
206.7	-0.8857485915	1.48243567
206.8	-0.7321831422	1.58980548
206.9	-0.567617589	1.702232624
207	-0.3916292505	1.817815939
207.1	-0.2040691638	1.932882746
207.2	-0.005267170973	2.041424721
207.3	0.2037089568	2.134659788
207.4	0.4207711729	2.201015961
207.5	0.642565134	2.226965871
207.6	0.864366139	2.19908249
207.7	1.080242194	2.107252278
207.8	1.283566164	1.948229302
207.9	1.467836893	1.727978448
208	1.627609232	1.461337279
208.1	1.759238353	1.168735241
208.2	1.861200846	0.8713421529
208.3	1.933940069	0.5867426366
208.4	1.979371687	0.3266045562
208.5	2.000267906	0.09651057236
208.6	1.999703156	-0.1028070106
208.7	1.98065354	-0.2737658048
208.8	1.945760964	-0.4204119748
208.9	1.897228461	-0.5473342007
209	1.836801631	-0.6590166842
209.1	1.765797048	-0.7595241873
209.2	1.685150692	-0.8523975932
209.3	1.595470513	-0.9406647052
209.4	1.497085104	-1.026898736
209.5	1.390085181	-1.113287521
209.6	1.274360172	-1.201685301
209.7	1.149628947	-1.293636035
209.8	1.015474162	-1.390338688
209.9	0.8713764973	-1.492564101
210	0.7167711489	-1.600466159
210.1	0.5511176258	-1.713305837
210.2	0.3740115828	-1.829032873
210.3	0.1853410604	-1.94377281
210.4	-0.0145043107	-2.051265693
210.5	-0.2243714207	-2.142449353
210.6	-0.4420591262	-2.205509574
210.7	-0.6640814841	-2.226819007
210.8	-0.8855850434	-2.193114972
210.9	-1.100542568	-2.094798655
211	-1.302299471	-1.929445781
211.1	-1.484416667	-1.703943332
211.2	-1.641595963	-1.433851724
211.3	-1.770391269	-1.139891909
211.4	-1.869482941	-0.8430515282
211.5	-1.93948179	-0.5604081392
211.6	-1.982413221	-0.3030188098
211.7	-2.001100815	-0.07592961586
211.8	-1.998624201	0.1205061091
211.9	-1.977935119	0.2889238704
212	-1.941635875	0.4334621241
212.1	-1.891885128	0.5587213447
212.2	-1.830385294	0.6691547476
212.3	-1.758413912	0.7687786297
212.4	-1.676873021	0.861082664
212.5	-1.58634149	0.9490475648
212.6	-1.487123218	1.035206826
212.7	-1.379288206	1.121713769
212.8	-1.262707506	1.210392712
212.9	-1.13708641	1.302756069
213	-1.001994352	1.399967151
213.1	-0.8569067303	1.502745206
213.2	-0.7012559263	1.611174961
213.3	-0.5345100007	1.724406907
213.4	-0.3562857541	1.840241675
213.5	-0.1665084671	1.954597315
213.6	0.03437062341	2.060956329
213.7	0.2451082262	2.149978996
213.8	0.4633885532	2.209614686
213.9	0.6855939473	2.226156343
214	0.9067433959	2.186538971
214.1	1.120719566	2.081711692
214.2	1.320848536	1.910092652
214.3	1.500762166	1.679486305
214.4	1.655315912	1.406142274
214.5	1.781265275	1.111024598
214.6	1.877492238	0.8148983845
214.7	1.944770056	0.5343140381
214.8	1.985228085	0.2797194674
214.9	2.001736095	0.05563720373
215	1.997375396	-0.1379424766
215.1	1.975071189	-0.3038587019
215.2	1.937385449	-0.4463323643
215.3	1.886432338	-0.5699703688
215.4	1.823871398	-0.6791922936
215.5	1.750941591	-0.777965053
215.6	1.668511471	-0.8697275011
215.7	1.57713148	-0.9574140212
215.8	1.477081007	-1.043518235
215.9	1.368409414	-1.130160474
216	1.250970804	-1.21913495
216.1	1.124454964	-1.311921306
216.2	0.988421401	-1.409647607
216.3	0.8423377593	-1.512980543
216.4	0.6856369871	-1.621928316
216.5	0.5177954898	-1.735534498
216.6	0.3384512454	-1.851439222
216.7	0.1475710378	-1.965349483
216.8	-0.05432923231	-2.07048748
216.9	-0.2659161662	-2.157233657
217	-0.4847558078	-2.21331539
217.1	-0.7070974399	-2.224965652
217.2	-0.9278351696	-2.179347768
217.3	-1.140767002	-2.067993654
217.4	-1.339207834	-1.890183372
217.5	-1.51686933	-1.654628156
217.6	-1.668767182	-1.378230877
217.7	-1.791860326	-1.082151658
217.8	-1.885230247	-0.7868951449
217.9	-1.949807501	-0.5084674038
218	-1.987819312	-0.2567085728
218.1	-2.002176776	-0.03563161409
218.2	-1.995959402	0.1551196151
218.3	-1.972064072	0.3185744038
218.4	-1.933011563	0.4590269853
218.5	-1.880871537	0.5810852217
218.6	-1.817261009	0.6891327005
218.7	-1.743380859	0.7870865451
218.8	-1.660066699	0.8783346515
218.9	-1.56784067	0.9657657761
219	-1.466958451	1.051835131
219.1	-1.357449154	1.138629327
219.2	-1.239149038	1.227912065
219.3	-1.111734979	1.321133631
219.4	-0.9747544713	1.419380863
219.5	-0.8276700673	1.523268322
219.6	-0.6699140233	1.632727611
219.7	-0.5009728454	1.74668445
219.8	-0.320508998	1.862619486
219.9	-0.1285307804	1.976021918
220	0.07437964227	2.079848845
