0	4	-0.5
0.1	3.948938442	-0.5196939151
0.2	3.896267047	-0.533072468
0.3	3.842411068	-0.5437766921
0.4	3.787545243	-0.5534483742
0.5	3.731730014	-0.5628496866
0.6	3.674971818	-0.5723502899
0.7	3.617250122	-0.582142643
0.8	3.558529716	-0.5923393589
0.9	3.498766156	-0.6030172643
1	3.437908136	-0.6142383688
1.1	3.375898426	-0.6260604306
1.2	3.312674014	-0.6385423031
1.3	3.248165826	-0.6517469094
1.4	3.182298204	-0.6657432777
1.5	3.114988208	-0.6806081898
1.6	3.046144744	-0.6964277255
1.7	2.975667578	-0.7132990441
1.8	2.903446158	-0.7313323233
1.9	2.82935819	-0.7506526458
2	2.753267997	-0.771402357
2.1	2.675024653	-0.7937439722
2.2	2.594459887	-0.8178639528
2.3	2.511385458	-0.8439761243
2.4	2.425590112	-0.8723258409
2.5	2.336836278	-0.9031956933
2.6	2.244856126	-0.9369113052
2.7	2.149346752	-0.9738465625
2.8	2.049965179	-1.014431268
2.9	1.946322513	-1.059157243
3	1.83797716	-1.108582253
3.1	1.724428522	-1.163334713
3.2	1.605109597	-1.224107212
3.3	1.479381548	-1.291645949
3.4	1.346529252	-1.366716454
3.5	1.205762856	-1.450045069
3.6	1.056225374	-1.542210853
3.7	0.8970169521	-1.643467232
3.8	0.7272394216	-1.75346855
3.9	0.546075544	-1.870850718
4	0.3529187275	-1.992666429
4.1	0.1475656084	-2.113677886
4.2	-0.06951837277	-2.225624243
4.3	-0.2968689194	-2.316751553
4.4	-0.5316777909	-2.37208638
4.5	-0.769539071	-2.375055897
4.6	-1.00444152	-2.310809727
4.7	-1.229162437	-2.170759334
4.8	-1.436111568	-1.956659678
4.9	-1.618463523	-1.681947233
5	-1.771223962	-1.369031377
5.1	-1.891853552	-1.043519802
5.2	-1.980272978	-0.7281184351
5.3	-2.038353353	-0.4387328352
5.4	-2.06916731	-0.1835643006
5.5	-2.076271048	0.03559773384
5.6	-2.063168421	0.2212114587
5.7	-2.032992088	0.3779476788
5.8	-1.988360821	0.5112201576
5.9	-1.931353387	0.6263138087
6	-1.863545253	0.7279692252
6.1	-1.786071218	0.8202531544
6.2	-1.699692489	0.9065820792
6.3	-1.604857587	0.9898106729
6.4	-1.50175348	1.072333616
6.5	-1.390346499	1.156174988
6.6	-1.270417125	1.243045587
6.7	-1.141588897	1.33436065
6.8	-1.003360331	1.431196861
6.9	-0.8551436881	1.534188183
7	-0.6963172539	1.643310702
7.1	-0.5263086677	1.757570134
7.2	-0.3447106969	1.874546914
7.3	-0.1514526235	1.989832483
7.4	0.05297057736	2.096453755
7.5	0.267221577	2.18448896
7.6	0.4888274509	2.241248077
7.7	0.7139532121	2.252495347
7.8	0.9373627681	2.204979976
7.9	1.152692911	2.090051274
8	1.353097122	1.907183943
8.1	1.532165341	1.665677327
8.2	1.684863796	1.383251199
8.3	1.808184162	1.081844671
8.4	1.901306387	0.7824741833
8.5	1.965293445	0.5013118723
8.6	2.002506609	0.2480823301
8.7	2.015970616	0.02652841784
8.8	2.008848977	-0.1640115219
8.9	1.984093464	-0.3268349433
9	1.944256193	-0.4664389182
9.1	1.891421159	-0.5875686241
9.2	1.827208786	-0.6946917371
9.3	1.752816965	-0.7917714829
9.4	1.669075012	-0.8822175649
9.5	1.576497582	-0.9689257068
9.6	1.47533224	-1.054350281
9.7	1.365600378	-1.140575184
9.8	1.247131426	-1.229361979
9.9	1.119593902	-1.322159186
10	0.9825289313	-1.420062385
10.1	0.8353895254	-1.523697871
10.2	0.6775986666	-1.633019107
10.3	0.5086293738	-1.746989447
10.4	0.3281260419	-1.863132971
10.5	0.1360756856	-1.976995133
10.6	-0.06696707744	-2.081589584
10.7	-0.2796074893	-2.167058875
10.8	-0.4993268202	-2.220910913
10.9	-0.7222719626	-2.229261349
11	-0.9432322303	-2.179360028
11.1	-1.155922898	-2.063098528
11.2	-1.353625106	-1.880361109
11.3	-1.530083394	-1.640552492
11.4	-1.680410737	-1.36113365
11.5	-1.801704699	-1.063513939
11.6	-1.893192887	-0.7681072677
11.7	-1.955929807	-0.4905914078
11.8	-1.992228367	-0.2403946164
11.9	-2.005045413	-0.0211574541
12	-1.997473665	0.1677491318
12.1	-1.972401325	0.3295209286
12.2	-1.932328362	0.4685333767
12.3	-1.879298571	0.5894186624
12.4	-1.814902472	0.6965521777
12.5	-1.740316141	0.7938275636
12.6	-1.656353052	0.8846044219
12.7	-1.563516019	0.9717439025
12.8	-1.462044014	1.057676541
12.9	-1.351951777	1.144467339
13	-1.233063203	1.233860163
13.1	-1.105044853	1.327285256
13.2	-0.967436017	1.425805191
13.3	-0.8196938463	1.530002073
13.4	-0.6612491435	1.639760348
13.5	-0.4915926842	1.753936877
13.6	-0.3103995001	1.869914271
13.7	-0.1177019273	1.98305016
13.8	0.08587911663	2.086140509
13.9	0.2988590613	2.169120691
14	0.5186134301	2.21936743
14.1	0.7411787731	2.223050545
14.2	0.9612517289	2.167746414
14.3	1.172502715	2.04596378
14.4	1.36824023	1.858380989
14.5	1.542314724	1.615137579
14.6	1.690004648	1.334117276
14.7	1.808594062	1.036720081
14.8	1.897476472	0.7429840392
14.9	1.957824195	0.468033346
15	1.992011999	0.2207563671
15.1	2.003010152	0.004382389137
15.2	1.993891889	-0.18196883
15.3	1.967507913	-0.3416085492
15.4	1.9263141	-0.47893619
15.5	1.872310589	-0.5985564536
15.6	1.807048321	-0.7047949762
15.7	1.73166909	-0.8014908703
15.8	1.646957321	-0.8919537995
15.9	1.55339167	-0.9790023288
16	1.451190471	-1.065031236
16.1	1.340351051	-1.152076357
16.2	1.220683725	-1.241854521
16.3	1.091842063	-1.33576351
16.4	0.9533585618	-1.434830247
16.5	0.8046857016	-1.539581303
16.6	0.6452581484	-1.649818427
16.7	0.4745795711	-1.764283744
16.8	0.2923510495	-1.880191192
16.9	0.09865198482	-1.992680217
17	-0.1058254221	-2.094288103
17.1	-0.3195011957	-2.174688145
17.2	-0.5396308227	-2.221080638
17.3	-0.7621215964	-2.21965057
17.4	-0.9815576561	-2.158296293
17.5	-1.191546163	-2.030187187
17.6	-1.385411029	-1.836882059
17.7	-1.557106735	-1.5893602
17.8	-1.702085784	-1.306024486
17.9	-1.817835061	-1.008325692
18	-1.903934133	-0.7159406361
18.1	-1.96169256	-0.4434174735
18.2	-1.993562799	-0.1990622663
18.3	-2.002540627	0.01435256573
18.4	-1.991687039	0.1979990737
18.5	-1.96381886	0.3553353465
18.6	-1.921348957	0.4908054253
18.7	-1.866233286	0.6089991673
18.8	-1.799981689	0.7141991414
18.9	-1.72369973	0.8101929371
19	-1.638140806	0.9002402525
19.1	-1.543756948	0.987115938
19.2	-1.440744229	1.073178625
19.3	-1.329081201	1.160432047
19.4	-1.208561244	1.250562543
19.5	-1.07882657	1.344939115
19.6	-0.9393987712	1.444542903
19.7	-0.7897272477	1.549846837
19.8	-0.6292478143	1.660564589
19.9	-0.4574781832	1.775313151
20	-0.2741473507	1.891133585
20.1	-0.07938214904	2.0029352
20.2	0.1260514128	2.10298541
20.3	0.3404725452	2.180691236
20.4	0.5610130095	2.223071486
20.5	0.7834477485	2.216343296
20.6	1.002246736	2.148754747
20.7	1.210955639	2.01416889
20.8	1.402918682	1.815050843
20.9	1.572200861	1.563227399
21	1.714434654	1.277603706
21.1	1.827313462	0.9796538189
21.2	1.910603903	0.6886695379
21.3	1.965752112	0.4186106896
21.4	1.995287022	0.1771991674
21.5	2.002228254	-0.03324652495
21.6	1.989623607	-0.2141854245
21.7	1.96025563	-0.3692182169
21.8	1.916494002	-0.5028315581
21.9	1.860250442	-0.6195995466
22	1.792993725	-0.7237615467
22.1	1.715793184	-0.819053722
22.2	1.62937108	-0.908686576
22.3	1.534153052	-0.9953915199
22.4	1.430312489	-1.081490635
22.5	1.317808998	-1.168955887
22.6	1.196419872	-1.259445148
22.7	1.065774345	-1.354291
22.8	0.9253847423	-1.454436549
22.9	0.7746958097	-1.560288576
23	0.6131479424	-1.671477246
23.1	0.4402712589	-1.786487375
23.2	0.2558250555	-1.902178363
23.3	0.0599874016	-2.013226508
23.4	-0.1464014586	-2.111623137
23.5	-0.3615564419	-2.186510965
23.6	-0.5824828062	-2.224743768
23.7	-0.8048230776	-2.212590681
23.8	-1.02293576	-2.138684005
23.9	-1.230310913	-1.997611557
24	-1.420321196	-1.792755437
24.1	-1.587150008	-1.536770937
24.2	-1.72661453	-1.249028782
24.3	-1.836615431	-0.9509837533
24.4	-1.9171036	-0.6615149595
24.5	-1.969656873	-0.3939849454
24.6	-1.996875956	-0.1555372469
24.7	-2.001800328	0.05194960293
24.8	-1.98746245	0.2302080058
24.9	-1.956609376	0.3829714911
25	-1.911567219	0.5147628239
25.1	-1.854203622	0.6301370204
25.2	-1.785946641	0.7332891505
25.3	-1.707829807	0.8279039736
25.4	-1.62054453	0.9171427363
25.5	-1.524490292	1.00369489
25.6	-1.419818561	1.08984569
25.7	-1.306469317	1.177536558
25.8	-1.184205313	1.268394155
25.9	-1.052641268	1.363718443
26	-0.9112820878	1.464407017
26.1	-0.7595686765	1.57080708
26.2	-0.5969444714	1.682452363
26.3	-0.4229563107	1.797695053
26.4	-0.2373941467	1.913209658
26.5	-0.04048761306	2.02343019
26.6	0.1668427895	2.120073656
26.7	0.3827062338	2.192020861
26.8	0.6039807714	2.225972611
26.9	0.8261763616	2.208282264
27	1.043543679	2.12799949
27.1	1.249524181	1.980463947
27.2	1.437527691	1.769981122
27.3	1.601863739	1.510013174
27.4	1.738538853	1.22035032
27.5	1.84566064	0.9223843969
27.6	1.923360171	0.6345533207
27.7	1.973341526	0.3696164606
27.8	1.99827154	0.1341491105
27.9	2.001205899	-0.07039518609
28	1.985158915	-0.2460075324
28.1	1.952841011	-0.3965427934
28.2	1.906534462	-0.5265532412
28.3	1.848062996	-0.6405714424
28.4	1.778814358	-0.7427467583
28.5	1.6997867	-0.8367124055
28.6	1.611641211	-0.9255815994
28.7	1.514751632	-1.012001119
28.8	1.409247161	-1.098221383
28.9	1.295049943	-1.186151817
29	1.171905806	-1.277390313
29.1	1.039419068	-1.373200842
29.2	0.8970841798	-1.474437481
29.3	0.7443404992	-1.581379418
29.4	0.5806357942	-1.693467563
29.5	0.4055329601	-1.808913088
29.6	0.2188558951	-1.924199013
29.7	0.02088932056	-2.0335153
29.8	-0.1873660642	-2.128300456
29.9	-0.4039099431	-2.197180578
30	-0.6254911218	-2.226722493
30.1	-0.8474884674	-2.203389274
30.2	-1.064048992	-2.116683768
30.3	-1.268572875	-1.96272461
30.4	-1.454516045	-1.746742322
30.5	-1.616321906	-1.482977543
30.6	-1.750189912	-1.191595639
30.7	-1.854433911	-0.8938815549
30.8	-1.92936094	-0.6078070186
30.9	-1.976795351	-0.3455237124
31	-1.999464897	-0.1130487838
31.1	-2.000437176	0.08857272593
31.2	-1.982706161	0.2615754792
31.3	-1.948944466	0.4099252814
31.4	-1.901390259	0.5381971276
31.5	-1.841823608	0.6508978205
31.6	-1.771592403	0.7521300065
31.7	-1.691659937	0.8454753441
31.8	-1.602657489	0.9339991405
31.9	-1.504933512	1.020307183
32	-1.398595728	1.106614358
32.1	-1.283547512	1.194799715
32.2	-1.159520453	1.286430759
32.3	-1.026105189	1.382735708
32.4	-0.8827900317	1.484522432
32.5	-0.7290099194	1.592002577
32.6	-0.5642202147	1.704515551
32.7	-0.3880015505	1.820132031
32.8	-0.200211673	1.935135955
32.9	-0.00119327631	2.043468325
33	0.2079681247	2.1362896
33.1	0.4251620392	2.201974727
33.2	0.6470068954	2.22697681
33.3	0.8687511405	2.19789991
33.4	1.084442767	2.104733307
33.5	1.287448298	1.944398692
33.6	1.471278604	1.723052188
33.7	1.63051833	1.455682395
33.8	1.761563544	1.162783544
33.9	1.862933019	0.8654912957
34	1.935105012	0.5812868612
34.1	1.980018305	0.3217122519
34.2	2.000456183	0.09223820388
34.3	1.999494484	-0.1064823558
34.4	1.980104418	-0.2769134577
34.5	1.944919775	-0.4231209425
34.6	1.896134466	-0.5496964171
34.7	1.835485141	-0.6611179323
34.8	1.764280259	-0.7614402709
34.9	1.683448792	-0.8541939804
35	1.593592693	-0.9423966763
35.1	1.49503519	-1.028613549
35.2	1.387863039	-1.115025299
35.3	1.271961608	-1.203480651
35.4	1.147047212	-1.295514726
35.5	1.012699149	-1.392322635
35.6	0.8683975261	-1.494661244
35.7	0.7135767729	-1.6026729
35.8	0.5476980228	-1.715595256
35.9	0.3703611577	-1.831347387
36	0.1814619599	-1.946012871
36.1	-0.0185976399	-2.053278535
36.2	-0.2286462263	-2.144025179
36.3	-0.4464589424	-2.206389257
36.4	-0.66852282	-2.226724843
36.5	-0.889957932	-2.191807475
36.6	-1.104718002	-2.092148832
36.7	-1.306143794	-1.925496903
36.8	-1.487810163	-1.698928442
36.9	-1.644450061	-1.428149228
37	-1.772658799	-1.133934132
37.1	-1.871158547	-0.837228148
37.2	-1.940594063	-0.5550015909
37.3	-1.983012702	-0.2981855666
37.4	-2.001247987	-0.07171706241
37.5	-1.998380173	0.1241269223
37.6	-1.977355699	0.2920250173
37.7	-1.940768603	0.4361335232
37.8	-1.890768364	0.5610546655
37.9	-1.829048523	0.6712349219
38	-1.756878623	0.7706804816
38.1	-1.675153736	0.8628704075
38.2	-1.584446811	0.9507759417
38.3	-1.485056732	1.036922233
38.4	-1.377049114	1.123455723
38.5	-1.260291536	1.212194255
38.6	-1.134486004	1.304644414
38.7	-0.9992000844	1.401961103
38.8	-0.8539073529	1.504853926
38.9	-0.6980400746	1.613391204
39	-0.5310683461	1.726701808
39.1	-0.3526130395	1.842554414
39.2	-0.1626076077	1.95682312
39.3	0.03848327107	2.062937354
39.4	0.2493979408	2.15149986
39.5	0.467796525	2.210411911
39.6	0.6900339242	2.225953911
39.7	0.9111031337	2.18510489
39.8	1.124868895	2.078931345
39.9	1.324654286	1.90602788
40	1.504106912	1.674387115
40.1	1.658114802	1.400396235
40.2	1.78347532	1.105064018
40.3	1.879111828	0.8091048063
40.4	1.945830461	0.5289578536
40.5	1.985781237	0.2749455215
40.6	2.001842917	0.05148390075
40.7	1.997096699	-0.1415095582
40.8	1.974462077	-0.306914351
40.9	1.936492585	-0.4489672321
41	1.8852932	-0.5722757322
41.1	1.822514656	-0.6812521868
41.2	1.749388011	-0.7798532694
41.3	1.666774983	-0.8715073415
41.4	1.575220152	-0.9591392367
41.5	1.474997926	-1.045234628
41.6	1.366153533	-1.13190684
41.7	1.248537331	-1.220944004
41.8	1.121836398	-1.313819101
41.9	0.985607794	-1.411652685
42	0.8393179083	-1.515099943
42.1	0.6823997843	-1.624153951
42.2	0.5143315827	-1.737834519
42.3	0.3347561152	-1.853748771
42.4	0.1436488992	-1.967559451
42.5	-0.05846085914	-2.072434139
42.6	-0.2702203636	-2.158696406
42.7	-0.4891710955	-2.214028306
42.8	-0.7115349329	-2.224653369
42.9	-0.9321804234	-2.177786334
43	-1.1448888	-2.065083481
43.1	-1.342973711	-1.886004917
43.2	-1.520164396	-1.649447863
43.3	-1.67151036	-1.372445418
43.4	-1.794012784	-1.076192135
43.5	-1.886793994	-0.7811341146
43.6	-1.950816359	-0.5031631466
43.7	-1.988326618	-0.2519943619
43.8	-2.002243756	-0.03153733441
43.9	-1.995646497	0.1586336225
44	-1.97142565	0.3215853405
44.1	-1.932093413	0.461626103
44.2	-1.879710256	0.5833633506
44.3	-1.815884459	0.691172963
44.4	-1.741809106	0.7889617089
44.5	-1.658313042	0.8801069626
44.6	-1.565912665	0.9674882896
44.7	-1.464858812	1.053552819
44.8	-1.355176327	1.140380458
44.9	-1.236698118	1.2297284
45	-1.109097866	1.323041235
45.1	-0.971921373	1.421395808
45.2	-0.8246297042	1.525399333
45.3	-0.666655145	1.634961796
45.4	-0.4974870092	1.74898886
45.5	-0.3167917087	1.864925389
45.6	-0.1245869459	1.978214665
45.7	0.07852972391	2.081759885
45.8	0.2911110174	2.165607783
45.9	0.5105785138	2.217227415
46	0.733020848	2.222812918
46.1	0.9531841556	2.169847287
46.2	1.164772065	2.050608443
46.3	1.361097262	1.865438132
46.4	1.535979241	1.624127116
46.5	1.684635066	1.344314862
46.6	1.804271481	1.047334818
46.7	1.894206867	0.7533278974
46.8	1.955554403	0.4776228836
46.9	1.990651731	0.2293331079
47	2.002453314	0.01187549537
47.1	1.994032181	-0.1755027073
47.2	1.96824859	-0.3360423431
47.3	1.92757284	-0.4741143379
47.4	1.8740209	-0.5943213492
47.5	1.809158952	-0.7010006411
47.6	1.73414255	-0.798008407
47.7	1.649768209	-0.8886718977
47.8	1.556524735	-0.9758254206
47.9	1.454639314	-1.061878278
48	1.344117164	-1.14887761
48.1	1.224774045	-1.238551492
48.2	1.096270304	-1.332310161
48.3	0.958140868	-1.431194411
48.4	0.8098414592	-1.535750275
48.5	0.6508062035	-1.645812518
48.6	0.480534329	-1.760163068
48.7	0.29871891	-1.876078775
48.8	0.1054229746	-1.988781044
48.9	-0.09868766679	-2.090902693
49	-0.3120671738	-2.172217853
49.1	-0.5320148131	-2.219996341
49.2	-0.754486212	-2.220422536
49.3	-0.9741079546	-2.161283228
49.4	-1.18451216	-2.035510298
49.5	-1.379019193	-1.844340948
49.6	-1.551547449	-1.598443829
49.7	-1.697487055	-1.316025571
49.8	-1.814251332	-1.018509668
49.9	-1.901351678	-0.7256977023
50	-1.960046633	-0.4523434219
50.1	-1.992759155	-0.2069631893
50.2	-2.002474168	0.007503596241
50.3	-1.992255958	0.1921204027
50.4	-1.964932751	0.3502893521
50.5	-1.922932312	0.4864359523
50.6	-1.868226176	0.6051533896
50.7	-1.802338827	0.7107384318
50.8	-1.726388817	0.8069963134
50.9	-1.641140664	0.8972041756
51	-1.547056116	0.9841526607
51.1	-1.444339387	1.070212759
51.2	-1.332975476	1.157400195
51.3	-1.212764822	1.247412512
51.4	-1.083352538	1.341627548
51.5	-0.944265275	1.441044673
51.6	-0.7949530815	1.546154873
51.7	-0.6348516905	1.656703793
51.8	-0.4634739371	1.771352786
51.9	-0.2805389288	1.887204797
52	-0.08615651454	1.999250903
52.1	0.1189332325	2.099854571
52.2	0.3330854313	2.178517254
52.3	0.553475723	2.22232112
52.4	0.7759259019	2.217471303
52.5	0.9949461933	2.152090155
52.6	1.204103721	2.019793714
52.7	1.39673512	1.822726397
52.8	1.566865987	1.572417067
52.9	1.710065083	1.287596087
53	1.823952994	0.9897320325
53.1	1.908230591	0.6982539184
53.2	1.96429615	0.4273290892
53.3	1.994651879	0.184884586
53.4	2.002309149	-0.02660231782
53.5	1.990320425	-0.2084904537
53.6	1.961480282	-0.3643307876
53.7	1.918173541	-0.4985951816
53.8	1.86232741	-0.615863279
53.9	1.79542505	-0.7203895373
54	1.718548483	-0.8159280695
54.1	1.632430899	-0.9057066005
54.2	1.537507197	-0.9924716446
54.3	1.433958697	-1.07855813
54.4	1.321751716	-1.165949106
54.5	1.200669135	-1.256312736
54.6	1.070344843	-1.35099385
54.7	0.9302942684	-1.45094999
54.8	0.7799637473	-1.556609779
54.9	0.618792308	-1.667635121
55	0.4463050898	-1.782556247
55.1	0.2622510712	-1.898296936
55.2	0.06679023204	-2.009616407
55.3	-0.1392640757	-2.108602413
55.4	-0.3541632768	-2.184490443
55.5	-0.5749569683	-2.224191037
55.6	-0.7973342849	-2.21395136
55.7	-1.015692418	-2.142265843
55.8	-1.223540225	-2.003465434
55.9	-1.414239538	-1.800609943
56	-1.58193145	-1.546066477
56.1	-1.722367884	-1.259047416
56.2	-1.833376892	-0.961018701
56.3	-1.914845216	-0.671007115
56.4	-1.968305122	-0.4025852401
56.5	-1.996332771	-0.1630981187
56.6	-2.001960997	0.04542318027
56.7	-1.98822792	0.2246167309
56.8	-1.957893154	0.3781707485
56.9	-1.913298078	0.5105960519
57	-1.85632575	0.6264546391
57.1	-1.788418446	0.729957233
57.2	-1.710622181	0.8248065568
57.3	-1.623639094	0.914180993
57.4	-1.527877821	1.000784815
57.5	-1.423497533	1.086915829
57.6	-1.310444826	1.174526399
57.7	-1.188487983	1.265253907
57.8	-1.057246094	1.360409872
57.9	-0.9162272478	1.460907758
58	-0.7648733765	1.567116883
58.1	-0.6026265625	1.678603655
58.2	-0.4290281435	1.793768101
58.3	-0.2438568017	1.909350229
58.4	-0.04732357213	2.019868776
58.5	0.1596787518	2.117137724
58.6	0.3752969799	2.190128377
58.7	0.5964539942	2.225592975
58.8	0.8187059454	2.209853068
58.9	1.036340811	2.131808011
59	1.242816261	1.986531022
59.1	1.431528104	1.778004114
59.2	1.596740834	1.519410135
59.3	1.73439431	1.23039726
59.4	1.842523757	0.9323844374
59.5	1.921197612	0.6439667709
59.6	1.97207645	0.3781153581
59.7	1.997804478	0.1416034375
59.8	2.001432289	-0.06396859948
59.9	1.985980746	-0.2405030615
60	1.954173229	-0.3918134592
60.1	1.908307396	-0.52244251
60.2	1.850222313	-0.6369310354
60.3	1.78131978	-0.7394444883
60.4	1.702610267	-0.83363414
60.5	1.614765539	-0.9226300526
60.6	1.518168268	-1.009093604
60.7	1.412955316	-1.095287671
60.8	1.299055325	-1.18313254
60.9	1.176219434	-1.27423629
61	1.044056448	-1.36987606
61.1	0.9020635484	-1.470920351
61.2	0.749681207	-1.577673246
61.3	0.5863551725	-1.689608253
61.4	0.4116426902	-1.804986282
61.5	0.2253556556	-1.920358211
61.6	0.02775918478	-2.029999849
61.7	-0.1801745483	-2.12544727
61.8	-0.3964835975	-2.195415231
61.9	-0.6179622308	-2.226515237
62	-0.8400350869	-2.205168543
62.1	-1.056884949	-2.120715568
62.2	-1.261925597	-1.968999476
62.3	-1.448595818	-1.754926868
62.4	-1.61129131	-1.492469381
62.5	-1.746143585	-1.201666217
62.6	-1.851394426	-0.9038445662
62.7	-1.927289821	-0.6171421373
62.8	-1.975612673	-0.3539236867
62.9	-1.999070057	-0.1204004032
63	-2.000725818	0.08224161503
63.1	-1.983581317	0.2561533925
63.2	-1.950322527	0.4052631413
63.3	-1.903203072	0.5341386436
63.4	-1.844018273	0.6472960603
63.5	-1.774129918	0.748854519
63.6	-1.694513442	0.8424136841
63.7	-1.60581052	0.9310555932
63.8	-1.508378454	1.017400326
63.9	-1.402332408	1.103675071
64	-1.287582285	1.191769509
64.1	-1.163864701	1.283261997
64.2	-1.03077489	1.379392909
64.3	-0.8878035553	1.480987062
64.4	-0.7343864963	1.588279352
64.5	-0.5699770791	1.700645257
64.6	-0.3941492085	1.816206057
64.7	-0.2067482633	1.931314885
64.8	-0.008096905922	2.040000921
64.9	0.2007494516	2.133521917
65	0.4177193763	2.200338924
65.1	0.6394769799	2.226944414
65.2	0.8613161102	2.19988887
65.3	1.077318917	2.108987429
65.4	1.280862816	1.950878064
65.5	1.465438406	1.731393199
65.6	1.625580085	1.46526275
65.7	1.757614799	1.17287168
65.8	1.859989782	0.8754128596
65.9	1.93312389	0.5905414654
66	1.978916481	0.3300130156
66.1	2.000132035	0.09948806796
66.2	1.999843962	-0.100245008
66.3	1.98103168	-0.2715717272
66.4	1.946342659	-0.418524023
66.5	1.897986326	-0.5456883616
66.6	1.837714492	-0.6575531998
66.7	1.766849355	-0.7581901597
66.8	1.686331862	-0.851147754
66.9	1.596774176	-0.9394600458
67	1.498508236	-1.025706483
67.1	1.391628223	-1.112079665
67.2	1.276025673	-1.200439067
67.3	1.15142227	-1.292330509
67.4	1.017401219	-1.388961814
67.5	0.8734453042	-1.491106853
67.6	0.7189894706	-1.59893324
67.7	0.5534922397	-1.71171473
67.8	0.3765467264	-1.827423145
67.9	0.1880355016	-1.942213625
68	-0.01166080735	-2.049862043
68.1	-0.2214013397	-2.141347033
68.2	-0.4390011588	-2.204888414
68.3	-0.6609934875	-2.226871633
68.4	-0.8825431855	-2.194008735
68.5	-1.097636369	-2.096624955
68.6	-1.299621921	-1.932176718
68.7	-1.48205132	-1.707418953
68.8	-1.639604811	-1.437810623
68.9	-1.768807628	-1.14403347
69	-1.868310988	-0.8471037975
69.1	-1.938701962	-0.5641731789
69.2	-1.981990601	-0.3063863788
69.3	-2.000993409	-0.07886576101
69.4	-1.998789489	0.117982065
69.5	-1.978334204	0.2867621129
69.6	-1.942235607	0.4316002345
69.7	-1.892658725	0.5570955663
69.8	-1.831312156	0.6677059313
69.9	-1.759479016	0.7674546376
70	-1.678066167	0.8598386307
70.1	-1.587656641	0.9478454981
70.2	-1.488557893	1.03401423
70.3	-1.380842761	1.120503172
70.4	-1.264385106	1.209140714
70.5	-1.138891827	1.301444406
70.6	-1.003934739	1.398581972
70.7	-0.8589895689	1.501281001
70.8	-0.7034889323	1.609635158
70.9	-0.5369001782	1.722811785
71	-0.3588365192	1.838633732
71.1	-0.169217619	1.953048096
71.2	0.03151367704	2.059575246
71.3	0.242127564	2.148915271
71.4	0.4603249045	2.20904946
71.5	0.6825068901	2.22628316
71.6	0.903710691	2.187520136
71.7	1.117831597	2.083628678
71.8	1.318197933	1.912904855
71.9	1.498430821	1.683021828
72	1.65336328	1.410132057
72.1	1.779721762	1.115168259
72.2	1.876359463	0.8189299212
72.3	1.944026606	0.5380439481
72.4	1.984837913	0.2830456865
72.5	2.001656935	0.0585318864
72.6	1.997564951	-0.1354559977
72.7	1.975491067	-0.3017288114
72.8	1.938003092	-0.4444961233
72.9	1.887221585	-0.568364245
73	1.824812219	-0.6777577402
73.1	1.752019457	-0.7766506654
73.2	1.669716653	-0.8684891971
73.3	1.578458277	-0.9562141713
73.4	1.47852717	-1.042325091
73.5	1.369975785	-1.128946824
73.6	1.252660398	-1.21787816
73.7	1.1262733	-1.310602952
73.8	0.9903751678	-1.408255214
73.9	0.8444347215	-1.511508147
74	0.6878850718	-1.620382212
74.1	0.5202009772	-1.733936064
74.2	0.3410174171	-1.849833007
74.3	0.1502953931	-1.963811078
74.4	-0.05145906562	-2.069129546
74.5	-0.2629255492	-2.15620953
74.6	-0.481687017	-2.212809519
74.7	-0.7040119818	-2.225169451
74.8	-0.9248123526	-2.180417865
74.9	-1.137897925	-2.070001171
75	-1.3365847	-1.893074664
75.1	-1.514572381	-1.658219919
75.2	-1.666853231	-1.38224852
75.3	-1.790356857	-1.086295308
75.4	-1.884136283	-0.7909045196
75.5	-1.949099827	-0.5121615538
75.6	-1.987461048	-0.25999335
75.7	-2.002125387	-0.0384852653
75.8	-1.996172799	0.1526701571
75.9	-1.972504372	0.3164756902
76	-1.933646826	0.4572156793
76.1	-1.88167621	0.5794981133
76.2	-1.818215624	0.6877118894
76.3	-1.744471395	0.7857813458
76.4	-1.6612838	0.8771015243
76.5	-1.569179017	0.9645679443
76.6	-1.468416204	1.050641095
76.7	-1.359027169	1.137412478
76.8	-1.240850945	1.22664969
76.9	-1.113565793	1.31980869
77	-0.9767217352	1.417979806
77.1	-0.8297812267	1.521789119
77.2	-0.6721769577	1.63117456
77.3	-0.5033941584	1.745083033
77.4	-0.323090763	1.86101647
77.5	-0.1312694595	1.974495548
77.6	0.07149625242	2.078516568
77.7	0.2837926109	2.163222504
77.8	0.503083365	2.21615622
77.9	0.7255037899	2.223519074
78	0.9458425635	2.17269653
78.1	1.157829777	2.055745231
78.2	1.354777494	1.872696722
78.3	1.53047263	1.633030507
78.4	1.68007295	1.354178503
78.5	1.800713129	1.057430826
78.6	1.891643271	0.7630394018
78.7	1.953924393	0.4865314853
78.8	1.989862968	0.2372304677
78.9	2.002401597	0.01872399754
79	1.994615673	-0.1696280557
79.1	1.969376324	-0.3310071325
79.2	1.929168582	-0.4697631711
79.3	1.876023984	-0.5905010528
79.4	1.811523402	-0.6975717825
79.5	1.736835465	-0.7948492967
79.6	1.652767961	-0.8856783799
79.7	1.559819289	-0.9729090298
79.8	1.458224851	-1.058963798
79.9	1.347996757	-1.145901218
80	1.228956638	-1.235459566
80.1	1.100769666	-1.329061025
80.2	0.962974235	-1.427759603
80.3	0.8150281039	-1.532121663
80.4	0.6563646445	-1.642010636
80.5	0.4864791852	-1.756250586
80.6	0.3050558402	-1.87217832
80.7	0.1121412964	-1.985093758
80.8	-0.09162328966	-2.087724231
80.9	-0.3047262744	-2.169939558
81	-0.5245100407	-2.219077554
81.1	-0.7469769356	-2.221322574
81.2	-0.9667949772	-2.164351781
81.3	-1.177620584	-2.04086457
81.4	-1.37277048	-1.851783285
81.5	-1.546127484	-1.607471588
81.6	-1.693020511	-1.325942431
81.7	-1.810790486	-1.028592654
81.8	-1.898881631	-0.7353464214
81.9	-1.958502257	-0.4611601941
82	-1.992046189	-0.2147585735
82.1	-2.00248814	0.0007537555619
82.2	-1.992895791	0.1863333054
82.3	-1.96610878	0.3453271199
82.4	-1.924569814	0.4821425964
82.5	-1.870265962	0.6013767279
82.6	-1.80473626	0.7073406593
82.7	-1.72911215	0.8038574498
82.8	-1.644169271	0.8942217599
82.9	-1.55037885	0.9812395551
83	-1.447953089	1.067294896
83.1	-1.336883876	1.154414723
83.2	-1.216977361	1.2443072
83.3	-1.087883357	1.338361304
83.4	-0.9491319679	1.43759126
83.5	-0.8001747739	1.542508069
83.6	-0.6404469511	1.652887544
83.7	-0.4694566924	1.767435169
83.8	-0.2869133863	1.883314813
83.9	-0.09291024803	1.995598386
84	0.1118383626	2.096744571
84.1	0.3257230033	2.176349003
84.2	0.5459628132	2.221558407
84.3	0.7684262422	2.218568152
84.4	0.9876638916	2.155378884
84.5	1.19726489	2.025363741
84.6	1.390559154	1.830348561
84.7	1.561533808	1.581563248
84.8	1.705694572	1.297559691
84.9	1.820589461	0.99979635
85	1.905853442	0.7078360981
85.1	1.962836524	0.4360524411
85.2	1.994013751	0.1925778612
85.3	2.002387858	-0.01995036261
85.4	1.991015748	-0.2027895757
85.5	1.962703905	-0.3594400469
85.6	1.919852244	-0.4943582221
85.7	1.864403471	-0.6121289652
85.8	1.797855158	-0.7170217237
85.9	1.721302048	-0.8128085583
86	1.635488284	-0.9027344483
86.1	1.540858048	-0.9895611083
86.2	1.437600612	-1.07563632
86.3	1.325689	-1.162954282
86.4	1.204911725	-1.253193261
86.5	1.074907318	-1.347710531
86.6	0.9351940977	-1.447476954
86.7	0.7852210458	-1.552945493
86.8	0.6244243425	-1.663805509
86.9	0.4523257439	-1.778634038
87	0.2686634456	-1.894419441
87.1	0.07357903207	-2.006001263
87.2	-0.1321396959	-2.105564954
87.3	-0.346780381	-2.18243882
87.4	-0.5674374386	-2.223589856
87.5	-0.7898462241	-2.215248943
87.6	-1.008443034	-2.145776205
87.7	-1.216756346	-2.009248799
87.8	-1.408138174	-1.808405432
87.9	-1.57668823	-1.555323329
88	-1.718093884	-1.269050515
88.1	-1.830110569	-0.9710589367
88.2	-1.912560373	-0.68051935
88.3	-1.966929365	-0.4112134798
88.4	-1.995768497	-0.1706892149
88.5	-2.002103565	0.03886812509
88.6	-1.988977974	0.2190007545
88.7	-1.95916375	0.3733500183
88.8	-1.91501752	0.5064140219
88.9	-1.858437768	0.622761385
89	-1.790881027	0.7266182703
89.1	-1.713405848	0.8217053307
89.2	-1.626725189	0.9112183825
89.3	-1.531256915	0.9978761348
89.4	-1.427167688	1.083989476
89.5	-1.314411283	1.171521206
89.6	-1.192760678	1.262120383
89.7	-1.061840506	1.357108662
89.8	-0.9211612138	1.457417278
89.9	-0.7701657757	1.563434078
90	-0.6082960759	1.674760585
90.1	-0.4350868549	1.789843854
90.2	-0.2503060049	1.905486962
90.3	-0.05414738501	2.016294409
90.4	0.1525249749	2.114175941
90.5	0.3678947774	2.188193626
90.6	0.5889293829	2.225155784
90.7	0.8112312592	2.211353235
90.8	1.029126256	2.135539805
90.9	1.23608912	1.992526009
91	1.42550272	1.785970473
91.1	1.591587479	1.528772656
91.2	1.730217036	1.240433912
91.3	1.839354189	0.9423951666
91.4	1.919004283	0.6534056423
91.5	1.970783546	0.3866473902
91.6	1.997313102	0.1490924683
91.7	2.001637687	-0.05750963095
91.8	1.986784626	-0.2349705209
91.9	1.955490047	-0.3870612594
92	1.910066948	-0.518314068
92.1	1.852369776	-0.6332775828
92.2	1.783814444	-0.7361332821
92.3	1.705423836	-0.830550535
92.4	1.617880235	-0.9196759229
92.5	1.5215753	-1.006186236
92.6	1.416653939	-1.092356114
92.7	1.303050558	-1.180117573
92.8	1.180523066	-1.271088009
92.9	1.048682662	-1.366557604
93	0.9070313491	-1.467410163
93.1	0.7550094164	-1.573973344
93.2	0.5920615243	-1.685753163
93.3	0.4177391683	-1.80105987
93.4	0.2318423873	-1.916511328
93.5	0.0346170151	-2.026468672
93.6	-0.1729927768	-2.122565438
93.7	-0.3890633668	-2.193605682
93.8	-0.6104342429	-2.22624786
93.9	-0.8325759351	-2.206875141
94	-1.049707549	-2.124669669
94.1	-1.255257382	-1.975202193
94.2	-1.442648171	-1.763055537
94.3	-1.606228821	-1.501928658
94.4	-1.742063358	-1.211728986
94.5	-1.84832137	-0.9138207436
94.6	-1.925187211	-0.6265045954
94.7	-1.974401643	-0.3623579842
94.8	-1.998650395	-0.1277875025
94.9	-2.000993079	0.07587760211
95	-1.984438163	0.250702998
95.1	-1.951684847	0.4005779719
95.2	-1.905002185	0.5300623108
95.3	-1.846200783	0.6436811603
95.4	-1.77665638	0.7455699904
95.5	-1.697356614	0.8393465027
95.6	-1.608953629	0.9281095106
95.7	-1.511813589	1.014493453
95.8	-1.40605917	1.100737939
95.9	-1.291606842	1.188743281
96	-1.168198236	1.280098568
96.1	-1.035433321	1.376056502
96.2	-0.8928051326	1.477458207
96.3	-0.7397505223	1.584562012
96.4	-0.5757208748	1.696778909
96.5	-0.4002835755	1.812279767
96.6	-0.2132719207	1.927486743
96.7	-0.01498880883	2.036516493
96.8	0.193540202	2.130723755
96.9	0.4102823561	2.198657378
97	0.6319473096	2.226850526
97.1	0.8538745098	2.201804316
97.2	1.07018085	2.113163859
97.3	1.274255577	1.957286366
97.4	1.459570128	1.739680235
97.5	1.620609533	1.474813091
97.6	1.753631987	1.182954463
97.7	1.857012992	0.8853494037
97.8	1.931111438	0.5998244959
97.9	1.97778655	0.3383485465
98	1.999783341	0.1067734069
98.1	2.000172313	-0.09397506781
98.2	1.981940849	-0.2662021035
98.3	1.947749976	-0.4139045153
98.4	1.899824617	-0.5416628759
98.5	1.839931779	-0.6539756984
98.6	1.769407457	-0.7549313365
98.7	1.689204635	-0.8480962741
98.8	1.59994573	-0.9365210934
98.9	1.501971457	-1.022799616
99	1.395383461	-1.10913634
99.1	1.280079449	-1.197401553
99.2	1.155786583	-1.289151783
99.3	1.022091915	-1.385607374
99.4	0.8784810916	-1.487558996
99.5	0.7243895342	-1.595199461
99.6	0.5592733095	-1.707837722
99.7	0.3827190409	-1.823498053
99.8	0.1945961983	-1.938406509
99.9	-0.004735614978	-2.046427394
100	-0.2141655802	-2.138637202
100.1	-0.431548532	-2.203340144
100.2	-0.6534637786	-2.226955417
100.3	-0.8751211411	-2.196135564
100.4	-1.090539755	-2.101023493
100.5	-1.293077606	-1.938786664
100.6	-1.476263878	-1.715857594
100.7	-1.63472695	-1.447444303
100.8	-1.764922326	-1.154129568
100.9	-1.865430017	-0.8569960357
101	-1.93677881	-0.5733740734
101.1	-1.980940718	-0.3146222168
101.2	-2.0007146	-0.08604979937
101.3	-1.999177977	0.1118049879
101.4	-1.97929487	0.2814718109
101.5	-1.943687246	0.4270448535
101.6	-1.894535671	0.5531194963
101.7	-1.833563837	0.6641645804
101.8	-1.762068488	0.7642204242
101.9	-1.680968338	0.8568019017
102	-1.590856559	0.9449130082
102.1	-1.492049225	1.031106613
102.2	-1.384626407	1.117553118
102.3	-1.268468384	1.206091369
102.4	-1.143286757	1.298249913
102.5	-1.008657976	1.395208701
102.6	-0.8640594505	1.497714664
102.7	-0.7089252689	1.605884238
102.8	-0.5427190724	1.718925573
102.9	-0.3650465602	1.834711793
103	-0.1758148508	1.949264295
103.1	0.02455516398	2.056193731
103.2	0.2348658451	2.146296143
103.3	0.452857985	2.207637923
103.4	0.6749787894	2.226548344
103.5	0.89631012	2.189860399
103.6	1.110778445	2.088248866
103.7	1.311718337	1.919713773
103.8	1.492725539	1.691607284
103.9	1.64857889	1.419843221
104	1.775934053	1.125271914
104.1	1.873573834	0.8287733481
104.2	1.942191971	0.5471604542
104.3	1.983867188	0.2911812887
104.4	2.001447138	0.06561509284
104.5	1.998012732	-0.1293706181
104.6	1.976502542	-0.2965163121
104.7	1.939498512	-0.4400034008
104.8	1.88913678	-0.5644362371
104.9	1.827098009	-0.6742513221
105	1.754640137	-0.773440077
105.1	1.672648206	-0.8654663459
105.2	1.581686545	-0.9532872296
105.3	1.482046664	-1.039416233
105.4	1.373788153	-1.125989579
105.5	1.256773071	-1.214816296
105.6	1.130699497	-1.307392829
105.7	0.995131017	-1.404863988
105.8	0.8495396929	-1.507922635
105.9	0.6933576845	-1.616616439
106	0.5260570605	-1.730040165
106.1	0.3472657911	-1.845915035
106.2	0.1569294558	-1.960052975
106.3	-0.04446865138	-2.0658045
106.4	-0.2556392162	-2.153688829
106.5	-0.4742070285	-2.211540896
106.6	-0.6964873533	-2.225620228
106.7	-0.9174355024	-2.182973912
106.8	-1.130890554	-2.074841994
106.9	-1.330171922	-1.900076868
107	-1.5089508	-1.666943956
107.1	-1.662162966	-1.392028551
107.2	-1.786666767	-1.096399564
107.3	-1.881445506	-0.8006947255
107.4	-1.947352802	-0.5211908491
107.5	-1.986568372	-0.2680278631
107.6	-2.001983467	-0.04546824928
107.7	-1.996678916	0.1466752479
107.8	-1.973565794	0.3113396383
107.9	-1.935185322	0.4527841276
108	-1.883629109	0.5756167948
108.1	-1.820535116	0.6842392545
108.2	-1.747122949	0.7825932026
108.3	-1.664244393	0.8740917362
108.4	-1.572435592	0.9616461091
108.5	-1.471963801	1.047730094
108.6	-1.362867971	1.134447253
108.7	-1.244993592	1.223576456
108.8	-1.118023094	1.316581556
108.9	-0.9815106236	1.414570961
109	-0.8349206264	1.518185134
109.1	-0.6776859707	1.627392557
109.2	-0.5092880815	1.741179563
109.3	-0.3293765985	1.857104815
109.4	-0.1379394326	1.970765746
109.5	0.06447376019	2.075251213
109.6	0.2764822906	2.160800942
109.7	0.4955918695	2.215032673
109.8	0.7179843728	2.224158149
109.9	0.938491357	2.175469269
110	1.150870139	2.060805394
110.1	1.348433175	1.879889609
110.2	1.524935866	1.641888656
110.3	1.675477407	1.36402179
110.4	1.79712053	1.067530089
110.5	1.8890467	0.772772054
110.6	1.952264104	0.4954718441
110.7	1.989047352	0.2451635336
110.8	2.002326591	0.02560729376
110.9	1.995179182	-0.1637223889
111	1.970486929	-0.3259459649
111.1	1.930749522	-0.4653913701
111.2	1.878014076	-0.5866651245
111.3	1.813876196	-0.6941317315
111.4	1.739517649	-0.7916828213
111.5	1.655757546	-0.8826807434
111.6	1.563103942	-0.9699912989
111.7	1.461800511	-1.056050323
111.8	1.35186626	-1.142927802
111.9	1.23312878	-1.23237226
112	1.105258012	-1.325817667
112.1	0.9677959982	-1.424331289
112.2	0.8202024684	-1.528499536
112.3	0.6619101819	-1.638213841
112.4	0.4924108356	-1.752340171
112.5	0.3113795703	-1.868274693
112.6	0.1188471023	-1.981394987
112.7	-0.08456970263	-2.084522684
112.8	-0.2973931238	-2.16762362
112.9	-0.517008467	-2.218104884
113	-0.7394647323	-2.222154296
113.1	-0.9594717604	-2.167343396
113.2	-1.170711047	-2.046142855
113.3	-1.366496722	-1.859161697
113.4	-1.540677063	-1.616456469
113.5	-1.688520453	-1.335841297
113.6	-1.807295533	-1.03868079
113.7	-1.896378908	-0.745017534
113.8	-1.95692801	-0.4700092655
113.9	-1.991306794	-0.2225896363
114	-2.002479216	-0.006030529783
114.1	-1.993515992	0.1805157151
114.2	-1.967267974	0.3403395209
114.3	-1.926192753	0.4778291702
114.4	-1.87229294	0.5975849416
114.5	-1.807122172	0.703932133
114.6	-1.731824848	0.800711599
114.7	-1.647187778	0.8912355647
114.8	-1.553691723	0.9783253752
114.9	-1.451556909	1.064378275
115	-1.340782186	1.151432438
115.1	-1.221179393	1.241206649
115.2	-1.092403141	1.335101001
115.3	-0.9539869847	1.434144491
115.4	-0.8053841203	1.538867588
115.5	-0.6460293223	1.649076202
115.6	-0.4754261869	1.763519323
115.7	-0.2932746384	1.879420977
115.8	-0.09965164203	1.991933416
115.9	0.1047540593	2.093610139
116	0.318367989	2.174141473
116.1	0.5384525957	2.220740557
116.2	0.7609230077	2.219595743
116.3	0.9803706144	2.158590405
116.4	1.190407358	2.030858514
116.5	1.384357527	1.837908498
116.6	1.55617078	1.590668865
116.7	1.701290405	1.307507791
116.8	1.817191889	1.009867829
116.9	1.903443849	0.7174419535
117	1.961347338	0.4448086996
117.1	1.99334955	0.2003068825
117.2	2.002444017	-0.01326426703
117.3	1.991691741	-0.1970586802
117.4	1.963910948	-0.354524461
117.5	1.921516585	-0.4901016951
117.6	1.866466877	-0.6083799827
117.7	1.800273855	-0.713643556
117.8	1.724045052	-0.8096824037
117.9	1.638535605	-0.8997587857
118	1.544199039	-0.9866497514
118.1	1.44123265	-1.072715963
118.2	1.32961615	-1.159962835
118.3	1.209143787	-1.250078644
118.4	1.079458663	-1.344433231
118.5	0.9400825471	-1.444010998
118.6	0.7904657214	-1.549287113
118.7	0.630043524	-1.659980326
118.8	0.4583331436	-1.774713502
118.9	0.275062357	-1.890537313
119	0.08035549437	-2.002372845
119.1	-0.1250254655	-2.102501602
119.2	-0.3394045575	-2.180345137
119.3	-0.5599200741	-2.222931158
119.4	-0.7823538778	-2.216475569
119.5	-1.001181873	-2.149208681
119.6	-1.209952981	-2.014957798
119.7	-1.402010477	-1.816141267
119.8	-1.571413738	-1.564542503
119.9	-1.713786041	-1.279040613
120	-1.826810219	-0.9811081233
120.1	-1.91024329	-0.6900563773
120.2	-1.965524368	-0.419875152
120.3	-1.995178475	-0.1783160305
120.4	-2.002223856	0.03227930716
120.5	-1.989708932	0.2133552231
120.6	-1.960417946	0.3685049801
120.7	-1.916722723	0.5022129566
120.8	-1.860537201	0.6190539194
120.9	-1.793332225	0.7232693322
121	-1.71617896	0.8185978654
121.1	-1.629801223	0.9082525081
121.2	-1.534626046	0.9949668862
121.3	-1.430827937	1.081064791
121.4	-1.318367429	1.168519885
121.5	-1.197022818	1.258991739
121.6	-1.066423669	1.353813999
121.7	-0.9260831538	1.453932757
121.8	-0.7754458973	1.559757524
121.9	-0.613952388	1.670922493
122	-0.4411320316	1.7859201
122.1	-0.2567423106	1.901618346
122.2	-0.06095897042	2.012705375
122.3	0.1453814885	2.111186775
122.4	0.3604993763	2.186217799
122.5	0.5814064507	2.224661007
122.6	0.8037517168	2.21278235
122.7	1.021899279	2.139194066
122.8	1.229341865	1.998447029
122.9	1.419450523	1.79387725
123	1.586402574	1.5380987
123.1	1.726005903	1.250459676
123.2	1.836150791	0.9524168521
123.3	1.91677896	0.6628705324
123.4	1.969461718	0.3952132057
123.5	1.996796274	0.1566171987
123.6	2.00182118	-0.05101719551
123.7	1.987569722	-0.2294089946
123.8	1.956790724	-0.3822852643
123.9	1.911812483	-0.5141670477
124	1.854504838	-0.6296103678
124.1	1.786297871	-0.7328125157
124.2	1.708226899	-0.8274608451
124.3	1.620984868	-0.9167189835
124.4	1.524972531	-1.003278509
124.5	1.420342499	-1.089426516
124.6	1.307035696	-1.177105973
124.7	1.184815602	-1.26794491
124.8	1.053297677	-1.363245289
124.9	0.9119870983	-1.463906692
125	0.7603251323	-1.5702795
125.1	0.5977548939	-1.681902388
125.2	0.423822359	-1.797134033
125.3	0.2383160516	-1.912658551
125.4	0.04146288914	-2.022922063
125.5	-0.1658208216	-2.119655298
125.6	-0.3816493986	-2.191752287
125.7	-0.6029073351	-2.225920807
125.8	-0.8251112194	-2.20850934
125.9	-1.042517006	-2.128546042
126	-1.248568419	-1.981332442
126.1	-1.436673239	-1.771127736
126.2	-1.601134517	-1.51135461
126.3	-1.737949227	-1.221783222
126.4	-1.84521466	-0.9238095165
126.5	-1.923052994	-0.6358940677
126.6	-1.973162134	-0.3708264871
126.7	-1.998205773	-0.1352101548
126.8	-2.00123883	0.06948054107
126.9	-1.98527659	0.2452240932
127	-1.953031335	0.3958695734
127.1	-1.906787527	0.5259679455
127.2	-1.848371083	0.6400529552
127.3	-1.77917175	0.7422762847
127.4	-1.700189433	0.8362736789
127.5	-1.612086797	0.9251607727
127.6	-1.515238908	1.011586496
127.7	-1.409776036	1.097802879
127.8	-1.295621168	1.185720993
127.9	-1.172521144	1.276940453
128	-1.040080469	1.372726434
128.1	-0.8977947749	1.473935945
128.2	-0.7451020155	1.580850714
128.3	-0.5814515701	1.692916539
128.4	-0.4064046323	1.808353367
128.5	-0.2197826773	1.923651823
128.6	-0.02186886839	2.033015371
128.7	0.1863404982	2.127895778
128.8	0.4028511323	2.196930625
128.9	0.6244180715	2.226695539
129	0.8464265651	2.203646446
129.1	1.063028802	2.117262534
129.2	1.267626803	1.963623047
129.3	1.453673929	1.747912458
129.4	1.615606761	1.484332307
129.5	1.749615118	1.19303103
129.6	1.854002601	0.8953003629
129.7	1.929067554	0.6091356202
129.8	1.976628378	0.3467187277
129.9	1.99940996	0.1140942885
130	2.00047942	-0.08767238021
130.1	1.982831823	-0.2608044086
130.2	1.949141642	-0.4092622285
130.3	1.901649273	-0.5376197842
130.4	1.842136952	-0.6503852732
130.5	1.771954531	-0.7516636651
130.6	1.69206708	-0.8450394171
130.7	1.603107346	-0.9335797482
130.8	1.505424858	-1.01989285
130.9	1.399128741	-1.106195267
131	1.284122981	-1.194368056
131.1	1.160140148	-1.285978503
131.2	1.026771279	-1.382259271
131.3	0.8835048984	-1.484017786
131.4	0.7297769668	-1.591471478
131.5	0.5650412962	-1.703964319
131.6	0.3888780899	-1.819572366
131.7	0.201143977	-1.934591789
131.8	0.002177919561	-2.042974956
131.9	-0.2069390147	-2.135896128
132	-0.4241012244	-2.201744813
132.1	-0.6459338972	-2.226976564
132.2	-0.8676920375	-2.198188155
132.3	-1.083428413	-2.105344354
132.4	-1.286511074	-1.945326368
132.5	-1.470448	-1.72424376
132.6	-1.629816571	-1.457049487
132.7	-1.761002897	-1.164221668
132.8	-1.862515577	-0.8669042962
132.9	-1.934824509	-0.5826039854
133	-1.979862937	-0.3228930178
133.1	-2.000411447	-0.0932692277
133.2	-1.999545528	0.1055955432
133.3	-1.980237605	0.2761539291
133.4	-1.945123447	0.4224672062
133.5	-1.896399147	0.5491262935
133.6	-1.835803523	0.6606107203
133.7	-1.764647008	0.760977712
133.8	-1.68386023	0.8537601129
133.9	-1.594046565	0.9419783567
134	-1.495530719	1.028199323
134.1	-1.3884001	1.114605486
134.2	-1.272541339	1.203046282
134.3	-1.147670958	1.295060912
134.4	-1.01336985	1.391842686
134.5	-0.8691174747	1.49415462
134.6	-0.7143488457	1.602139614
134.7	-0.5485245767	1.715042141
134.8	-0.3712434558	1.830788433
134.9	-0.182399412	1.945472062
135	0.01760843747	2.052793059
135.1	0.2276132343	2.143645615
135.2	0.4453959273	2.206178244
135.3	0.6674499642	2.226749599
135.4	0.8889018444	2.19212573
135.5	1.103709876	2.092791474
135.6	1.305215903	1.92645314
135.7	1.486991366	1.70014166
135.8	1.643761695	1.429527698
135.9	1.772112178	1.135373442
136	1.870754893	0.8386343299
136.1	1.940326424	0.5563066762
136.2	1.982868827	0.2993519894
136.3	2.001213257	0.07273352185
136.4	1.998439832	-0.1232532953
136.5	1.977496281	-0.2912767731
136.6	1.94097864	-0.4354889237
136.7	1.891038606	-0.5604915679
136.8	1.829371864	-0.6707328245
136.9	1.757249882	-0.7702213248
137	1.675569427	-0.86243873
137.1	1.584904865	-0.9503584832
137.2	1.485556268	-1.036507841
137.3	1.377590378	-1.123034844
137.4	1.260875499	-1.211759028
137.5	1.135114628	-1.304188044
137.6	0.9998754686	-1.401479281
137.7	0.8546323091	-1.504344148
137.8	0.6988174098	-1.612855671
137.9	0.5319001613	-1.726147404
138	0.3535006813	-1.841995688
138.1	0.163550446	-1.956285687
138.2	-0.03748938701	-2.062459354
138.3	-0.2483613917	-2.15113336
138.4	-0.4667315183	-2.210221139
138.5	-0.6889613642	-2.226005084
138.6	-0.9100501781	-2.185453859
138.7	-1.123867004	-2.079605532
138.8	-1.323735629	-1.907011968
138.9	-1.503299823	-1.675620409
139	-1.657439705	-1.401785147
139.1	-1.782942517	-1.106504042
139.2	-1.878721622	-0.8105038525
139.3	-1.945575248	-0.5302508525
139.4	-1.985648481	-0.2760976814
139.5	-2.001817875	-0.05248613842
139.6	-1.997164682	0.1406488473
139.7	-1.974609786	0.3061770286
139.8	-1.936708767	0.4483313858
139.9	-1.885568817	0.5717193273
140	-1.822842797	0.6807549438
140.1	-1.749763673	0.7793973732
140.2	-1.667194805	0.8710775032
140.3	-1.575682201	0.9587225361
140.4	-1.475501484	1.044819961
140.5	-1.366698806	1.131484895
140.6	-1.249125571	1.220506827
140.7	-1.122469319	1.313360494
140.8	-0.986287864	1.41116799
140.9	-0.8400478462	1.514587809
141	-0.6831822011	1.623616091
141.1	-0.5151688114	1.737278783
141.2	-0.3356492347	1.853190933
141.3	-0.1445967601	1.967025873
141.4	0.05746239791	2.071964627
141.5	0.2691802757	2.158344162
141.6	0.4881043211	2.21385766
141.7	0.7104629919	2.224730863
141.8	0.9311310006	2.178165941
141.9	1.143893614	2.065788957
142	1.342064744	1.887016464
142.1	1.519369337	1.650700823
142.2	1.670848727	1.373843769
142.3	1.793493888	1.077631742
142.4	1.886417287	0.7825252063
142.5	1.950573623	0.504443519
142.6	1.988204932	0.2531320723
142.7	2.002228325	0.03252530956
142.8	1.995722734	-0.1577857063
142.9	1.971580432	-0.3208588054
143	1.932315696	-0.4609988818
143.1	1.879991216	-0.5828135122
143.2	1.81621738	-0.6906804442
143.3	1.742189149	-0.7885089382
143.4	1.658737016	-0.8796789708
143.5	1.566378758	-0.9670722082
143.6	1.465366343	-1.053137839
143.7	1.355725733	-1.13995733
143.8	1.237290517	-1.229289646
143.9	1.109735391	-1.32258017
144	0.9726062052	-1.420909554
144.1	0.8253645839	-1.524883877
144.2	0.6674428991	-1.634422233
144.3	0.498329297	-1.74843207
144.4	0.3176900722	-1.86436814
144.5	0.1255403743	-1.97768516
144.6	-0.0775269439	-2.081298523
144.7	-0.2900678564	-2.165270422
144.8	-0.5095102747	-2.217078891
144.9	-0.7319498286	-2.222918184
145	-0.9521385563	-2.170258271
145.1	-1.163783794	-2.051345025
145.2	-1.360198127	-1.866475774
145.3	-1.535196344	-1.625397795
145.4	-1.683986968	-1.345721439
145.5	-1.803766469	-1.048773406
145.6	-1.893843469	-0.7547105749
145.7	-1.955323802	-0.4788904596
145.8	-1.990540879	-0.2304563657
145.9	-2.002447307	-0.01284933862
146	-1.994116483	0.1746674811
146.1	-1.968410272	0.3353263816
146.2	-1.927801082	0.4734955098
146.3	-1.87430708	0.5937778812
146.4	-1.809496549	0.7005127223
146.5	-1.734526908	0.7975586617
146.6	-1.650196194	0.8882454871
146.7	-1.556994745	0.9754100397
146.8	-1.455150871	1.061462832
146.9	-1.344670425	1.148453305
147	-1.225370939	1.238110839
147.1	-1.096911925	1.33184665
147.2	-0.9588303506	1.430704269
147.3	-0.8105811938	1.535233454
147.4	-0.6515988212	1.645269894
147.5	-0.4813824364	1.759605316
147.6	-0.299622737	1.875523497
147.7	-0.1063806431	1.988256332
147.8	0.09768039754	2.090451737
147.9	0.311020504	2.171895371
148	0.530945234	2.219867998
148.1	0.7534164034	2.220554402
148.2	0.9730666058	2.16172486
148.3	1.183531377	2.036277757
148.4	1.378130445	1.845405497
148.5	1.550777032	1.599733042
148.6	1.69685263	1.317439545
148.7	1.813760254	1.019945818
148.8	1.901001735	0.7270710736
148.9	1.959828482	0.4535976726
149	1.992659153	0.2080716563
149.1	2.002477515	-0.006543902404
149.2	1.992348309	-0.1912975946
149.3	1.965101331	-0.3495838354
149.4	1.923166506	-0.4858254166
149.5	1.868517588	-0.6046161668
149.6	1.802681117	-0.7102548911
149.7	1.726777481	-0.8065494733
149.8	1.64157286	-0.8967795142
149.9	1.54753019	-0.9837374864
150	1.444854824	-1.069796977
150.1	1.333533192	-1.156974619
150.2	1.213365352	-1.246968967
150.3	1.083998888	-1.341161948
150.4	0.9449592961	-1.440551751
150.5	0.7956980147	-1.545634907
150.6	0.635649825	-1.656159902
150.7	0.4643272816	-1.770794481
150.8	0.2814481249	-1.886650833
150.9	0.08711973127	-1.998731303
151	-0.1179216127	-2.099412953
151.1	-0.3320358852	-2.178211097
151.2	-0.5524050231	-2.222216187
151.3	-0.774857489	-2.217632124
151.4	-0.9939092183	-2.15256372
151.5	-1.203130417	-2.020592097
151.6	-1.395856708	-1.823816178
151.7	-1.566108134	-1.573722763
151.8	-1.70944444	-1.289016802
151.9	-1.823475866	-0.9911657366
152	-1.907893911	-0.6996178915
152.1	-1.96409002	-0.4285701
152.2	-1.994562608	-0.1859786413
152.3	-2.002321813	0.02565654655
152.4	-1.990420753	0.2076799656
152.5	-1.961655721	0.363635417
152.6	-1.91841369	0.4979926425
152.7	-1.862624075	0.6153320666
152.8	-1.795772086	0.7199102873
152.9	-1.71894156	0.8154839622
153	-1.632867226	0.9052832982
153.1	-1.537985338	0.9920569737
153.2	-1.434478316	1.078141686
153.3	-1.322313422	1.165522083
153.4	-1.201274426	1.255868067
153.5	-1.070995691	1.350525488
153.6	-0.930993315	1.450454812
153.7	-0.7807136262	1.556087233
153.8	-0.6195957065	1.667088962
153.9	-0.4471639269	1.781997334
154	-0.2631655844	1.897744711
154.1	-0.06775837619	2.009102159
154.2	0.1382481651	2.108171144
154.3	0.3531107293	2.184200285
154.4	0.5738852833	2.224108597
154.5	0.7962674695	2.214140421
154.6	1.01466008	2.142770728
154.7	1.222574706	2.004294157
154.8	1.413371689	1.801724739
154.9	1.581186187	1.547388074
155	1.721760887	1.260473712
155.1	1.832913496	0.9624488385
155.2	1.914521591	0.6723610753
155.3	1.968110868	0.4038127482
155.4	1.996253941	0.1641776771
155.5	2.001982665	-0.04449113471
155.6	1.988335965	-0.2238182276
155.7	1.958075214	-0.3774852637
155.8	1.913543966	-0.5100012658
155.9	1.856627479	-0.6259292046
156	1.788770056	-0.7294820184
156.1	1.711019505	-0.8243650297
156.2	1.624079496	-0.9137589942
156.3	1.528359938	-1.000370341
156.4	1.424021156	-1.086498699
156.5	1.311010668	-1.174098006
156.6	1.189097522	-1.264806962
156.7	1.057901507	-1.35993914
156.8	0.9169310232	-1.460409846
156.9	0.7656283719	-1.56659171
157	0.6034352649	-1.678055869
157.1	0.4298922878	-1.793208762
157.2	0.244776676	-1.908800017
157.3	0.0482967502	-2.019360264
157.4	-0.1586587351	-2.116717226
157.5	-0.3742417609	-2.189855504
157.6	-0.5953816235	-2.225534457
157.7	-0.8176410893	-2.210071362
157.8	-1.035313478	-2.132344622
157.9	-1.241858845	-1.987389785
158	-1.430671102	-1.779142712
158.1	-1.596008394	-1.520746391
158.2	-1.73380111	-1.231828166
158.3	-1.84207415	-0.9338103555
158.4	-1.920886992	-0.6453102665
158.5	-1.971893946	-0.3793291464
158.6	-1.997735994	-0.14266849
158.7	-2.001462895	0.06305020858
158.8	-1.986096444	0.2397164251
158.9	-1.954361863	0.3911376908
159	-1.908558994	0.5218553112
159.1	-1.850529093	0.6364112374
159.2	-1.781675969	0.7389732186
159.3	-1.703011853	0.8331950568
159.4	-1.615209995	0.9222092579
159.5	-1.518654398	1.008679323
159.6	-1.413482985	1.094869797
159.7	-1.299625288	1.182702539
159.8	-1.176833379	1.273787534
159.9	-1.044716371	1.36940239
160	-0.9027721846	1.470420012
160.1	-0.7504412314	1.57714539
160.2	-0.5871692422	1.689058631
160.3	-0.4125122574	1.804426872
160.4	-0.2262807653	1.919810347
160.5	-0.02873725259	2.029497602
160.6	0.1791504692	2.125038262
160.7	0.3954258374	2.195159817
160.8	0.6168894103	2.226480716
160.9	0.8389724759	2.205416122
161	1.055862951	2.121283771
161.1	1.260976622	1.969887904
161.2	1.447749925	1.756088917
161.3	1.610571848	1.493819512
161.4	1.745564223	1.20310075
161.5	1.85095857	0.9052654079
161.6	1.926992132	0.6184746636
161.7	1.975441847	0.3551235318
161.8	1.999011795	0.1214509063
161.9	2.000765224	-0.0813367561
162	1.983704553	-0.2553784304
162.1	1.950517636	-0.404596916
162.2	1.903460297	-0.5335588634
162.3	1.844330037	-0.6467817396
162.4	1.774490629	-0.7483870262
162.5	1.694919243	-0.8419769576
162.6	1.606259038	-0.9306359033
162.7	1.508868561	-1.016986117
162.8	1.40286413	-1.103256389
162.9	1.288156378	-1.191338134
163	1.164483021	-1.282810863
163.1	1.031439378	-1.37891714
163.2	0.888517013	-1.480483558
163.3	0.7351517113	-1.587749383
163.4	0.5707963146	-1.700094095
163.5	0.3950241737	-1.815646417
163.6	0.2076788277	-1.930769768
163.7	0.009079683693	-2.039505308
163.8	-0.1997215795	-2.133125022
163.9	-0.4166592311	-2.200102555
164	-0.6384039512	-2.226934951
164.1	-0.8602560524	-2.200166456
164.2	-1.076302582	-2.109587388
164.3	-1.279922584	-1.951795398
164.4	-1.464603863	-1.732577058
164.5	-1.624873727	-1.466625359
164.6	-1.757049315	-1.174308856
164.7	-1.859567627	-0.8768280068
164.8	-1.932838998	-0.5918626368
164.9	-1.978757164	-0.331198747
165	-2.00008384	-0.1005240972
165.1	-1.999892045	0.09935350505
165.2	-1.981162345	0.2708082436
165.3	-1.946544157	0.4178671061
165.4	-1.898249118	0.5451157802
165.5	-1.838031201	0.6570441734
165.6	-1.767214567	0.7577262965
165.7	-1.686741867	0.8507132195
165.8	-1.597226742	0.9390413933
165.9	-1.499002366	1.025292222
166	-1.392163952	1.1116601
166.1	-1.276604007	1.200005959
166.2	-1.152044842	1.291877199
166.3	-1.01807036	1.388483397
166.4	-0.8741636524	1.490600947
166.5	-0.7197597568	1.598400721
166.6	-0.5543169012	1.711162011
166.7	-0.3774271149	1.826863899
166.8	-0.1889711778	1.941671554
166.9	0.01067321848	2.0493737
167	0.2203696211	2.140962764
167.1	0.4379388132	2.204670531
167.2	0.6599204894	2.226887325
167.3	0.8814859509	2.194316302
167.4	1.096625983	2.097256484
167.5	1.298690698	1.933122986
167.6	1.481228324	1.708624775
167.7	1.638911688	1.439185222
167.8	1.768256042	1.14547243
167.9	1.867902483	0.8485124722
168	1.938429811	0.565482564
168.1	1.981842694	0.3075578937
168.2	2.000955166	0.07988734743
168.3	1.998846128	-0.1171037775
168.4	1.978472199	-0.2860099011
168.5	1.942443415	-0.4309524324
168.6	1.892927021	-0.5565300042
168.7	1.831633763	-0.6672020329
168.8	1.759848696	-0.7669942605
168.9	1.678480371	-0.8594061999
169	1.588113254	-0.947427722
169.1	1.489056017	-1.03359987
169.2	1.381382578	-1.120082624
169.3	1.264967597	-1.208705986
169.4	1.139518864	-1.300988839
169.5	1.004608496	-1.398100981
169.6	0.8597128169	-1.50077226
169.7	0.7042644137	-1.609100413
169.8	0.5377301341	-1.722257729
169.9	0.3597223024	-1.838074828
170	0.1701586039	-1.952509399
170.1	-0.03052142396	-2.059094477
170.2	-0.241092239	-2.148544164
170.3	-0.4592605424	-2.208851541
170.4	-0.6814341635	-2.226324973
170.5	-0.9026565699	-2.187858292
170.6	-1.116827452	-2.084291798
170.7	-1.317275973	-1.913879161
170.8	-1.497619569	-1.684248099
170.9	-1.652683479	-1.411517366
171	-1.779184078	-1.116608129
171.1	-1.875964522	-0.820331574
171.2	-1.943767019	-0.5393412517
171.3	-1.984701237	-0.2842028904
171.4	-2.001628484	-0.05953913513
171.5	-1.997630007	0.1345907481
171.6	-1.975636269	0.3009876562
171.7	-1.938217111	0.4438572065
171.8	-1.887495309	0.5678054923
171.9	-1.825138668	0.677258794
172	-1.752393569	0.7761936264
172.1	-1.670135016	0.8680587032
172.2	-1.578918916	0.9557972093
172.3	-1.479029314	1.041910509
172.4	-1.370519638	1.128525245
172.5	-1.253247148	1.217441613
172.6	-1.126904673	1.31014512
172.7	-0.9910536032	1.407771536
172.8	-0.8451629092	1.51099692
172.9	-0.6886656853	1.619845103
173	-0.5210363449	1.733380725
173.1	-0.3419086236	1.849274874
173.2	-0.1512414623	1.963276111
173.3	0.05046218931	2.06865702
173.4	0.2618866605	2.155852299
173.5	0.4806208354	2.212631613
173.6	0.7029397884	2.225237559
173.7	0.9237616532	2.180786649
173.8	1.136900357	2.070695685
173.9	1.335672311	1.8940767
174	1.513773085	1.659466175
174.1	1.666186871	1.383643679
174.2	1.789833087	1.087735139
174.3	1.883754859	0.7922984473
174.4	1.948852745	0.5134463738
174.5	1.987335501	0.2611361301
174.6	2.002106604	0.03947821719
174.7	1.996246157	-0.1518177772
174.8	1.972656687	-0.3157453997
174.9	1.933866979	-0.4565854642
175	1.881955303	-0.5789459984
175.1	1.818546873	-0.687217732
175.2	1.744849904	-0.7853274978
175.3	1.661706323	-0.8766729028
175.4	1.569643692	-0.9641516438
175.5	1.468922336	-1.05022624
175.6	1.359575142	-1.136989757
175.7	1.241441862	-1.226211481
175.8	1.114201734	-1.319348506
175.9	0.9774047784	-1.417493436
176	0.8305144489	-1.521275153
176.1	0.6729627542	-1.630635399
176.2	0.5042348528	-1.74452648
176.3	0.3239874081	-1.860459179
176.4	0.1322207233	-1.973964677
176.5	-0.0704948956	-2.07805263
176.6	-0.2827503801	-2.162880033
176.7	-0.5020155661	-2.215999318
176.8	-0.7244323951	-2.223614246
176.9	-0.9447955819	-2.17309633
177	-1.156839067	-2.056470987
177.1	-1.353874912	-1.873725662
177.2	-1.529685471	-1.634295564
177.3	-1.679420116	-1.355582346
177.4	-1.800203275	-1.058869779
177.5	-1.891275281	-0.7644250479
177.6	-1.953689658	-0.4878035299
177.7	-1.989748385	-0.2383587539
177.8	-2.002392333	-0.0197027617
177.9	-1.994697202	0.1687883832
178	-1.969535638	0.3302874963
178.1	-1.929394778	0.4691414421
178.2	-1.876308374	0.5899553818
178.3	-1.811859398	0.6970822546
178.4	-1.73721834	0.7943985037
178.5	-1.653194602	0.8852514733
178.6	-1.560287977	0.9724933343
178.7	-1.45873499	1.058548546
178.8	-1.348548785	1.145477242
178.9	-1.229551837	1.235019507
179	-1.101409931	1.328598367
179.1	-0.9636620829	1.427270736
179.2	-0.8157661525	1.531605087
179.3	-0.6571556916	1.641469216
179.4	-0.487325317	1.755693308
179.5	-0.3059577233	1.871622259
179.6	-0.1130976328	1.984567444
179.7	0.09061738737	2.087269367
179.8	0.3036807708	2.169611471
179.9	0.5234408365	2.218941961
180	0.7459065704	2.221445112
180.1	0.9657519835	2.164782689
180.2	1.176637013	2.04162141
180.3	1.371877938	1.852838903
180.4	1.545352616	1.608754832
180.5	1.69238127	1.327354281
180.6	1.81029451	1.030029963
180.7	1.898526971	0.7367232231
180.8	1.958279748	0.4624192998
180.9	1.991942445	0.2158723844
181	2.002488266	0.0002109211497
181.1	1.992985368	-0.1855061396
181.2	1.966274996	-0.3446179163
181.3	1.924801976	-0.4815291467
181.4	1.870555593	-0.60083731
181.5	1.805076961	-0.7068555878
181.6	1.729499369	-0.8034095961
181.7	1.644600039	-0.8937964407
181.8	1.550851538	-0.9808243359
181.9	1.448467249	-1.066879191
182	1.337440005	-1.153989568
182.1	1.217576804	-1.243865033
182.2	1.08852812	-1.33789638
182.3	0.9498245132	-1.437099602
182.4	0.8009179135	-1.541988893
182.5	0.641243229	-1.652344183
182.6	0.4703081565	-1.766876969
182.7	0.2878207284	-1.882760138
182.8	0.09387169047	-1.99507685
182.9	-0.1108282011	-2.096299352
183	-0.324674444	-2.176037058
183.1	-0.5448924143	-2.221445316
183.2	-0.767357221	-2.218718861
183.3	-0.9866252449	-2.155841298
183.4	-1.19628881	-2.026151332
183.5	-1.389676969	-1.831429521
183.6	-1.560771442	-1.582863234
183.7	-1.705069021	-1.298978263
183.8	-1.820107382	-1.001231161
183.9	-1.905512052	-0.7092035414
184	-1.962626113	-0.4372982219
184.1	-1.993920694	-0.193677093
184.2	-2.002397245	0.01899965146
184.3	-1.991113265	0.2019747447
184.4	-1.96287693	0.3587410798
184.5	-1.920090302	0.4937528468
184.6	-1.864698292	0.6115956205
184.7	-1.798200533	0.7165409593
184.8	-1.721693586	0.8123634679
184.9	-1.635923149	0.9023106247
185	-1.541334758	0.9891462854
185.1	-1.438118793	1.075220062
185.2	-1.326249249	1.162527705
185.3	-1.205515477	1.2527493
185.4	-1.075556573	1.347243053
185.5	-0.9358917131	1.446983402
185.6	-0.785968954	1.552423222
185.7	-0.6252260397	1.663260013
185.8	-0.4531825527	1.778075667
185.9	-0.2695757767	1.893866301
186	-0.07454554787	2.005485108
186.1	0.131125111	2.105129589
186.2	0.3457289707	2.18214166
186.3	0.566366084	2.223499021
186.4	0.7887787629	2.215427757
186.5	1.007408934	2.146269819
186.6	1.215787918	2.010067036
186.7	1.407266437	1.809512219
186.8	1.575938449	1.556639866
186.9	1.717482021	1.270475221
187	1.829642258	0.9724904396
187.1	1.912232082	0.6818768511
187.2	1.966730871	0.412445838
187.3	1.995685966	0.1717739088
187.4	2.002122013	-0.03793132814
187.5	1.989083242	-0.2181980532
187.6	1.95934342	-0.372661077
187.7	1.91526132	-0.5058165491
187.8	1.858737639	-0.6222339393
187.9	1.791230954	-0.7261416584
188	1.71380162	-0.8212629725
188.1	1.627164095	-0.9107958631
188.2	1.531737504	-0.9974616554
188.3	1.427689902	-1.083572597
188.4	1.314975471	-1.171093609
188.5	1.193368827	-1.26167414
188.6	1.062494156	-1.356639122
188.7	0.9218631358	-1.456919649
188.8	0.7709191142	-1.562910067
188.9	0.609102638	-1.674213684
189	0.4359489436	-1.789284243
189.1	0.2512242242	-1.904935989
189.2	0.05511855223	-2.015783653
189.3	-0.1515066282	-2.113751694
189.4	-0.36684062	-2.187915839
189.5	-0.5878573265	-2.225089316
189.6	-0.8101658051	-2.21156154
189.7	-1.028097243	-2.136065424
189.8	-1.235128919	-1.99337387
189.9	-1.424641967	-1.78709979
190	-1.590850582	-1.530103152
190.1	-1.729619049	-1.241862994
190.2	-1.838899807	-0.9438226136
190.3	-1.918689112	-0.6547527962
190.4	-1.97059696	-0.3878658118
190.5	-1.997240938	-0.1501625237
190.6	-2.001665158	0.05658649919
190.7	-1.986897625	0.2341798407
190.8	-1.955676349	0.3863821546
190.9	-1.91031652	0.5177242492
191	-1.85267476	0.6327558646
191.1	-1.784168997	0.7356606728
191.2	-1.705823848	0.8301105367
191.3	-1.618323205	0.9192548735
191.4	-1.522060048	1.005771868
191.5	-1.417180019	1.091938628
191.6	-1.303619195	1.179687897
191.7	-1.18113496	1.270639742
191.8	-1.049341042	1.366085145
191.9	-0.9077380603	1.466910655
192	-0.7557676976	1.573446481
192.1	-0.5928737209	1.685204328
192.2	-0.4186068134	1.800500613
192.3	-0.2327656485	1.915962739
192.4	-0.0355934112	2.025964312
192.5	0.1719701657	2.122152461
192.6	0.3880065502	2.193344199
192.7	0.6093616347	2.226205024
192.8	0.8315125981	2.207112555
192.9	1.048683748	2.125226908
193	1.254305524	1.976080366
193.1	1.441798473	1.7642095
193.2	1.605504919	1.503274031
193.3	1.741479262	1.213162318
193.4	1.847880807	0.915243367
193.5	1.924885107	0.6278409052
193.6	1.974226838	0.3635626075
193.7	1.998588648	0.1288430061
193.8	2.001029487	-0.07496811792
193.9	1.984558832	-0.2499240543
194	1.951877751	-0.3999085032
194.1	1.905257493	-0.5294800213
194.2	1.846510845	-0.6431649985
194.3	1.777015545	-0.7451012445
194.4	1.697760973	-0.8389090092
194.5	1.609400748	-0.9276894809
194.6	1.512302324	-1.014079271
194.7	1.406589493	-1.100319578
194.8	1.292179496	-1.188312439
194.9	1.168815046	-1.279648271
195	1.036096209	-1.375581576
195.1	0.8935169126	-1.476955841
195.2	0.740513914	-1.584032965
195.3	0.5765382534	-1.69622822
195.4	0.4011566648	-1.81172022
195.5	0.2142006057	-1.926940711
195.6	0.0159698756	-2.03601853
195.7	-0.1925136797	-2.130322803
195.8	-0.4092230172	-2.198414259
195.9	-0.6308743359	-2.226832198
196	-0.8528135454	-2.202071323
196.1	-1.069162518	-2.113752705
196.2	-1.273312281	-1.958193606
196.3	-1.458731616	-1.74085652
196.4	-1.619898593	-1.476171295
196.5	-1.753061662	-1.184390703
196.6	-1.856586075	-0.8867665911
196.7	-1.930822108	-0.6011496432
196.8	-1.977623238	-0.3395391835
196.9	-1.999731644	-0.1078144809
197	-2.000217385	0.09307891451
197.1	-1.982068936	0.2654346435
197.2	-1.947949255	0.4132443738
197.3	-1.900085476	0.5410878038
197.4	-1.84024677	0.6534648471
197.5	-1.769771103	0.7544662237
197.6	-1.689613171	0.8476609864
197.7	-1.600396885	0.9361021143
197.8	-1.50246419	1.022385369
197.9	-1.395917769	1.108717102
198	-1.280656335	1.196969033
198.1	-1.156407616	1.288699231
198.2	-1.022759459	1.385129857
198.3	-0.8791977188	1.487054074
198.4	-0.7251580204	1.594667708
198.5	-0.5600961268	1.707285527
198.6	-0.3835975243	1.822938739
198.7	-0.1955300235	1.937863332
198.8	0.003749639313	2.045936474
198.9	0.2131351617	2.138248404
199	0.43048694	2.203115474
199.1	0.6523907409	2.226962149
199.2	0.87406288	2.196432529
199.3	1.089527246	2.101643958
199.4	1.292143193	1.939722985
199.5	1.475436813	1.717056025
199.6	1.634029188	1.448814927
199.7	1.764365876	1.155568022
199.8	1.865016748	0.8584070334
199.9	1.936502226	0.5746876253
200	1.980788844	0.3157987308
200.1	2.0006729	0.08707642704
200.2	1.999231641	-0.1109220984
200.3	1.979430318	-0.280715676
200.4	1.943892861	-0.4263938915
200.5	1.894802052	-0.5525515054
200.6	1.833883737	-0.6636589078
200.7	1.76243661	-0.7637588471
200.8	1.68138108	-0.8563687524
200.9	1.591311759	-0.9444949174
201	1.492545945	-1.030692318
201.1	1.385164822	-1.117132913
201.2	1.269049382	-1.205657268
201.3	1.143912331	-1.297795193
201.4	1.009330112	-1.394729184
201.5	0.8647812422	-1.497206828
201.6	0.7096987717	-1.605350809
201.7	0.5435469471	-1.718371382
201.8	0.365930628	-1.8341526
201.9	0.176754004	-1.948724413
202	-0.02356485866	-2.055710266
202.1	-0.2338319223	-2.145921654
202.2	-0.4517942974	-2.207433028
202.3	-0.6739060046	-2.226580698
202.4	-0.8952549664	-2.190187654
202.5	-1.10977218	-2.088900759
202.6	-1.310793208	-1.920677873
202.7	-1.491910235	-1.692826064
202.8	-1.647894407	-1.421224337
202.9	-1.775391492	-1.126711134
203	-1.873174163	-0.8301773847
203.1	-1.941927998	-0.5484617956
203.2	-1.983726549	-0.29234336
203.3	-2.001415199	-0.06662730339
203.4	-1.998074803	0.1285008356
203.5	-1.976645169	0.2957713657
203.6	-1.939710299	0.4393614233
203.7	-1.889408547	0.5638751398
203.8	-1.827422705	0.6737506826
203.9	-1.755012625	0.7729818562
204	-1.673065016	0.8650352269
204.1	-1.582145736	0.9528700708
204.2	-1.482547319	1.03900167
204.3	-1.374330459	1.125568276
204.4	-1.25735838	1.214380759
204.5	-1.131329161	1.306935457
204.6	-0.9958078639	1.404381435
204.7	-0.8502658618	1.507412572
204.8	-0.6941364096	1.616079642
204.9	-0.5268906769	1.729485556
205	-0.3481547962	1.84535689
205.1	-0.1578734505	1.959516772
205.2	0.04347321265	2.06532896
205.3	0.254601536	2.153325845
205.4	0.4731415809	2.211355023
205.5	0.6954149952	2.225678622
205.6	0.916383592	2.183331571
205.7	1.129890663	2.075525419
205.8	1.329256146	1.901069788
205.9	1.508147294	1.668183949
206	1.661491924	1.393420678
206.1	1.78613813	1.097839489
206.2	1.881059365	0.8020912521
206.3	1.947101386	0.5224801098
206.4	1.986438953	0.2691756327
206.5	2.001961316	0.0464660878
206.6	1.996749353	-0.1458184458
206.7	1.973715611	-0.3106055817
206.8	1.935403307	-0.4521509467
206.9	1.883906289	-0.5750624263
207	1.820864641	-0.683743457
207.1	1.747499888	-0.7821383652
207.2	1.66466546	-0.8736624718
207.3	1.572898759	-0.9612295134
207.4	1.47246848	-1.047315458
207.5	1.363414522	-1.134025028
207.6	1.245582804	-1.223137935
207.7	1.118657189	-1.31612256
207.8	0.9821919552	-1.414084865
207.9	0.8356520369	-1.517672333
208	0.6784699458	-1.626854234
208.1	0.5101269135	-1.740623525
208.2	0.330271353	-1.856547347
208.3	0.1388888455	-1.970233546
208.4	-0.06347400516	-2.074784414
208.5	-0.2754412712	-2.160453465
208.6	-0.4945246767	-2.214868524
208.7	-0.7169127589	-2.22424393
208.8	-0.9374431503	-2.175858314
208.9	-1.149877111	-2.061520333
209	-1.347527253	-1.880909284
209.1	-1.524144565	-1.643147238
209.2	-1.674819943	-1.365422668
209.3	-1.796605916	-1.068969362
209.4	-1.888674123	-0.7741605754
209.5	-1.952025161	-0.496748284
209.6	-1.988929034	-0.2462967948
209.7	-2.002314085	-0.0265909244
209.8	-1.995257931	0.1628783715
209.9	-1.970643863	0.3252227001
210	-1.930973664	0.4647667597
210.1	-1.878296665	0.5861172765
210.2	-1.814210577	0.693640653
210.3	-1.739899033	0.7912310157
210.4	-1.656182779	0.8822532945
210.5	-1.563571259	0.9695754409
210.6	-1.462309268	1.055635249
210.7	-1.352416884	1.142504296
210.8	-1.233722495	1.231932912
210.9	-1.10589675	1.32535594
211	-0.9684821927	1.423843406
211.1	-0.820938788	1.527983802
211.2	-0.6626994542	1.637673183
211.3	-0.4932550631	1.751783267
211.4	-0.3122795716	1.867718171
211.5	-0.1198016803	1.980867083
211.6	0.08356534285	2.084064567
211.7	0.2963487581	2.167290135
211.8	0.5159397353	2.217961803
211.9	0.7383939701	2.222267273
212	0.9584273247	2.167763438
212.1	1.169724924	2.046888913
212.2	1.365600617	1.860208195
212.3	1.539897872	1.61773354
212.4	1.687876456	1.337250583
212.5	1.806794703	1.04011882
212.6	1.896019601	0.7463975022
212.7	1.956701242	0.4712729659
212.8	1.991199286	0.2237085451
212.9	2.002476086	0.007000116805
213	1.993602776	-0.1796841975
213.1	1.967431798	-0.3396266887
213.2	1.926422846	-0.4772128501
213.3	1.872580753	-0.5970433591
213.4	1.807461241	-0.7034455232
213.5	1.73221056	-0.8002627453
213.6	1.647617116	-0.890809692
213.7	1.554163011	-0.977910004
213.8	1.45206968	-1.063962747
213.9	1.341336876	-1.151007754
214	1.221777355	-1.240765181
214.1	1.093046335	-1.334636958
214.2	0.9546778707	-1.433653687
214.3	0.8061255358	-1.538349338
214.4	0.6468237548	-1.648533569
214.5	0.4762757712	-1.762961326
214.6	0.2941801474	-1.878865763
214.7	0.1006112936	-1.991410128
214.8	-0.1037454078	-2.093161515
214.9	-0.3173204846	-2.173824085
215	-0.5373825785	-2.220619566
215.1	-0.7598534838	-2.21973657
215.2	-0.9793304136	-2.159041814
215.3	-1.18942863	-2.031635354
215.4	-1.383471699	-1.838980527
215.5	-1.555404023	-1.591963002
215.6	-1.700660058	-1.308924064
215.7	-1.816704957	-1.01130361
215.8	-1.903097833	-0.7188127466
215.9	-1.96113271	-0.446059144
216	-1.993252768	-0.2014112119
216.1	-2.002450183	0.01230867231
216.2	-1.991786499	0.1962395527
216.3	-1.964081606	0.3538219321
216.4	-1.921752594	0.489493513
216.5	-1.866759895	0.6078445304
216.6	-1.800617608	0.7131613008
216.7	-1.724435085	0.8092363427
216.8	-1.638969041	0.8993344622
216.9	-1.544674363	0.9862348026
217	-1.441749423	1.072299903
217.1	-1.330174967	1.159536697
217.2	-1.209746037	1.249635516
217.3	-1.080106372	1.343966623
217.4	-0.9407784168	1.443518591
217.5	-0.7912119	1.548765573
217.6	-0.6308434342	1.659435671
217.7	-0.4591879644	1.77415532
217.8	-0.2759728501	1.889983435
217.9	-0.08132043614	2.00185468
218	0.1240124096	2.102062453
218.1	0.3383542172	2.180042403
218.2	0.5588490477	2.222832691
218.3	0.7812858366	2.216644669
218.4	1.000146115	2.149691404
218.5	1.208981776	2.015765413
218.6	1.401134994	1.8172392
218.7	1.570659515	1.565853349
218.8	1.713169375	1.280463427
218.9	1.826337065	0.982540954
219	1.90991038	0.6914174331
219.1	1.965321651	0.4211122944
219.2	1.995092261	0.1794058726
219.3	2.002239134	-0.03133767487
219.4	1.989811478	-0.2125483104
219.5	1.960595283	-0.3678125397
219.6	1.916964502	-0.5016127402
219.7	1.86083529	-0.6185244287
219.8	1.793680547	-0.7227913059
219.9	1.716573242	-0.8181545778
220	1.630238681	-0.9078295004
