0	-1	-0.5
0.1	-1.044884952	-0.3966470849
0.2	-1.079158487	-0.2881611961
0.3	-1.102421026	-0.1767810575
0.4	-1.114483864	-0.06446294559
0.5	-1.115335151	0.04722453957
0.6	-1.105098295	0.1571473073
0.7	-1.08398843	0.2646006287
0.8	-1.052271462	0.3692650444
0.9	-1.010228752	0.4711375147
1	-0.9581294828	0.5704499733
1.1	-0.8962114636	0.6675832309
1.2	-0.8246707071	0.7629791644
1.3	-0.7436596361	0.857049866
1.4	-0.6532950433	0.9500834986
1.5	-0.553675188	1.04213714
1.6	-0.444909545	1.132913665
1.7	-0.3271606735	1.221624183
1.8	-0.2007004471	1.306829418
1.9	-0.06598528786	1.386288291
2	0.07626104526	1.456834508
2.1	0.2249481863	1.514343642
2.2	0.3785300414	1.553850002
2.3	0.5349367428	1.569920447
2.4	0.6915561419	1.557285209
2.5	0.84529426	1.511733084
2.6	0.9927298395	1.431087871
2.7	1.130360187	1.315997561
2.8	1.254903686	1.170230884
2.9	1.363598811	1.000298863
3	1.454432755	0.8144605714
3.1	1.526251166	0.621400526
3.2	1.57873603	0.4289766653
3.3	1.612275477	0.2433498465
3.4	1.627771338	0.06861539661
3.5	1.626433407	-0.09312754102
3.6	1.609595149	-0.2414304473
3.7	1.578571102	-0.377044909
3.8	1.534558963	-0.501489213
3.9	1.478581358	-0.6166959951
4	1.411457925	-0.7247574218
4.1	1.333798469	-0.8277568291
4.2	1.246009434	-0.9276628572
4.3	1.148309155	-1.026260179
4.4	1.04074898	-1.125095955
4.5	0.923240288	-1.225407308
4.6	0.7955897738	-1.328032797
4.7	0.6575463663	-1.433252135
4.8	0.508867982	-1.540580021
4.9	0.349410365	-1.648460902
5	0.179254568	-1.75391009
5.1	-0.001132862865	-1.852132032
5.2	-0.1907035813	-1.936239746
5.3	-0.3876138629	-1.997280419
5.4	-0.5890433779	-2.024828171
5.5	-0.7911106501	-2.008383761
5.6	-0.9889688808	-1.939559937
5.7	-1.177143741	-1.814593962
5.8	-1.35010098	-1.636261482
5.9	-1.502932286	-1.414189853
6	-1.631971104	-1.163147255
6.1	-1.735156152	-0.899885087
6.2	-1.812057953	-0.6397852743
6.3	-1.863612491	-0.3945026624
6.4	-1.891692288	-0.1710913787
6.5	-1.898657613	0.02761771254
6.6	-1.88698287	0.2019683121
6.7	-1.85899899	0.3543002619
6.8	-1.816745513	0.487961064
6.9	-1.76190682	0.6066167789
7	-1.69580286	0.7138411623
7.1	-1.619409988	0.8129114204
7.2	-1.533394972	0.906735228
7.3	-1.438152865	0.9978489059
7.4	-1.333842116	1.088442288
7.5	-1.220419101	1.18038227
7.6	-1.097668905	1.2752138
7.7	-0.96524009	1.374112995
7.8	-0.8226863343	1.477790486
7.9	-0.6695201219	1.586292714
8	-0.5052953692	1.698722328
8.1	-0.3297179576	1.812829142
8.2	-0.1428072695	1.924515009
8.3	0.05489261212	2.027334112
8.4	0.2620625869	2.1121704
8.5	0.4763421536	2.167421228
8.6	0.694126277	2.180074812
8.7	0.9105263072	2.137933726
8.8	1.119604725	2.032785266
8.9	1.314937227	1.863556072
9	1.490428583	1.637978886
9.1	1.641168527	1.371617585
9.2	1.764056046	1.084364358
9.3	1.858005415	0.7958917729
9.4	1.923725059	0.5219389642
9.5	1.963218141	0.2725435851
9.6	1.979205971	0.0521706536
9.7	1.974627885	-0.1390233289
9.8	1.952289483	-0.303615847
9.9	1.914660132	-0.4455586587
10	1.863786704	-0.5692273922
10.1	1.801281954	-0.6788631593
10.2	1.728353332	-0.7783048673
10.3	1.645848564	-0.8709039766
10.4	1.554304211	-0.9595376649
10.5	1.453990876	-1.046662203
10.6	1.34495197	-1.134370287
10.7	1.227037818	-1.224430499
10.8	1.099938326	-1.318295202
10.9	0.963215648	-1.417042029
11	0.8163464862	-1.521271938
11.1	0.6587808483	-1.630880993
11.2	0.4900267082	-1.74475416
11.3	0.3097718134	-1.860310965
11.4	0.1180577595	-1.972973368
11.5	-0.08449278215	-2.075638415
11.6	-0.2964083092	-2.158380371
11.7	-0.5150913538	-2.208751697
11.8	-0.7366231806	-2.213096029
11.9	-0.9557608362	-2.159106635
12	-1.166241097	-2.039287158
12.1	-1.361430214	-1.854148121
12.2	-1.535212221	-1.613522145
12.3	-1.682865333	-1.33494071
12.4	-1.801640553	-1.039518824
12.5	-1.890876519	-0.7471496577
12.6	-1.951683597	-0.4729583234
12.7	-1.986380142	-0.2259349453
12.8	-1.997893093	-0.009452074527
12.9	-1.989266515	0.1772320938
13	-1.963334453	0.3373185601
13.1	-1.922545531	0.4751295611
13.2	-1.868898847	0.5952219726
13.3	-1.803947905	0.7018952669
13.4	-1.728838924	0.79897685
13.5	-1.644361532	0.8897730332
13.6	-1.550999388	0.9771035633
13.7	-1.448975886	1.06336725
13.8	-1.338293192	1.150603155
13.9	-1.218764892	1.240530859
14	-1.09005009	1.334552755
14.1	-0.9516832055	1.433693243
14.2	-0.8031223897	1.538482068
14.3	-0.6438042554	1.648717163
14.4	-0.4732376806	1.76313714
14.5	-0.2911281594	1.878955838
14.6	-0.09755886547	1.991310792
14.7	0.1067733937	2.092743645
14.8	0.3202846431	2.172941354
14.9	0.5402288707	2.21912413
15	0.7625145755	2.217514594
15.1	0.9817308634	2.156052698
15.2	1.191494049	2.027944972
15.3	1.385140126	1.834769055
15.4	1.556636127	1.587495287
15.5	1.7014447	1.304488445
15.6	1.817058281	1.007147881
15.7	1.903056824	0.7151020066
15.8	1.960746229	0.4428661738
15.9	1.992572999	0.1987322475
16	2.001526134	-0.01452730695
16.1	1.9906604	-0.1980757274
16.2	1.962787531	-0.3553589209
16.3	1.920316496	-0.4908093084
16.4	1.865200402	-0.6090070085
16.5	1.798947122	-0.7142271632
16.6	1.722660874	-0.8102520423
16.7	1.637094124	-0.9003379948
16.8	1.542698403	-0.9872573667
16.9	1.439669167	-1.073367166
17	1.3279848	-1.160669868
17.1	1.207438636	-1.250852138
17.2	1.077672532	-1.345277605
17.3	0.9382085661	-1.444930187
17.4	0.788495827	-1.550273045
17.5	0.6279726445	-1.661019326
17.6	0.4561567001	-1.775775771
17.7	0.2727802292	-1.891570614
17.8	0.07797506296	-2.003300771
17.9	-0.1274890163	-2.10321599
18	-0.3419235903	-2.180710117
18.1	-0.5624520516	-2.222798024
18.2	-0.7848416244	-2.215703959
18.3	-1.003556439	-2.147707663
18.4	-1.212140385	-2.012723789
18.5	-1.403941604	-1.813276861
18.6	-1.573034683	-1.561241859
18.7	-1.715065168	-1.275547243
18.8	-1.827740261	-0.9776565107
18.9	-1.910838145	-0.6868281071
19	-1.965812397	-0.4169789665
19.1	-1.995195459	-0.1757920608
19.2	-2.00200674	0.03444124725
19.3	-1.989292124	0.2151952512
19.4	-1.959831012	0.3700770186
19.5	-1.915989622	0.5035733389
19.6	-1.859676422	0.6202552873
19.7	-1.792357297	0.7243581924
19.8	-1.715099119	0.8196140735
19.9	-1.628621974	0.9092294023
20	-1.533349765	0.9959331731
20.1	-1.429454724	1.082044185
20.2	-1.316894505	1.169533043
20.3	-1.195446654	1.260054377
20.4	-1.06473784	1.35493957
20.5	-0.9242812919	1.455126914
20.6	-0.7735214238	1.561021896
20.7	-0.6118980299	1.67224395
20.8	-0.438943928	1.787269657
20.9	-0.2544202172	1.902946086
21	-0.05850792696	2.01392978
21.1	0.147945221	2.112193875
21.2	0.3631467173	2.186861358
21.3	0.584092879	2.224773422
21.4	0.806416198	2.212208086
21.5	1.024467272	2.137828406
21.6	1.231732732	1.996277718
21.7	1.421588158	1.791007002
21.8	1.588226419	1.534732549
21.9	1.727479052	1.246854935
22	1.837262178	0.9488239897
22.1	1.917540049	0.659484937
22.2	1.969899942	0.3921549654
22.3	1.996947291	0.153935209
22.4	2.001722819	-0.05332790858
22.5	1.987257362	-0.2313861619
22.6	1.956295152	-0.3839817126
22.7	1.911158944	-0.515639402
22.8	1.853713011	-0.6309123762
22.9	1.78538234	-0.7339920348
23	1.707197757	-0.8285590821
23.1	1.61984846	-0.917771416
23.2	1.523732031	-1.004314624
23.3	1.418997938	-1.090471909
23.4	1.305585491	-1.178181519
23.5	1.18325505	-1.269069263
23.6	1.051622112	-1.36443084
23.7	0.9101895965	-1.465162538
23.8	0.7583982484	-1.571603187
23.9	0.5956930419	-1.683282876
24	0.4216206376	-1.798542404
24.1	0.2359738268	-1.914040115
24.2	0.03898765202	-2.024193605
24.3	-0.1684127791	-2.120697059
24.4	-0.3843280698	-2.19241201
24.5	-0.605626017	-2.226030838
24.6	-0.8278067431	-2.207912524
24.7	-1.045112976	-2.127140781
24.8	-1.250982795	-1.979114433
24.9	-1.438829305	-1.768209306
25	-1.602972142	-1.50794667
25.1	-1.739432398	-1.21814774
25.2	-1.84633354	-0.9201973861
25.3	-1.923820271	-0.6324987811
25.4	-1.973605892	-0.3677645338
25.5	-1.998362142	-0.1325265801
25.6	-2.001145583	0.0717928976
25.7	-1.984969144	0.2472041002
25.8	-1.952540294	0.3975708047
25.9	-1.906137933	0.5274470054
26	-1.847582437	0.6413633539
26.1	-1.778258478	0.743465685
26.2	-1.699161562	0.8373833573
26.3	-1.610950498	0.9262254346
26.4	-1.513997	1.012636203
26.5	-1.408429017	1.098862728
26.6	-1.294166506	1.18681298
26.7	-1.170955445	1.278080917
26.8	-1.038397304	1.373929706
26.9	-0.8959877542	1.475207812
27	-0.7431646738	1.58219205
27.1	-0.579376776	1.694312926
27.2	-0.4041887135	1.809772451
27.3	-0.2174263692	1.925038796
27.4	-0.01937860171	2.034282116
27.5	0.1889466639	2.128920181
27.6	0.4055411429	2.19755944
27.7	0.627143854	2.226756688
27.8	0.8491234097	2.202985682
27.9	1.065619082	2.115785167
28	1.270028222	1.961334469
28.1	1.45581067	1.744935519
28.2	1.617420399	1.48088769
28.3	1.751071948	1.189382839
28.4	1.855094909	0.8916958585
28.5	1.929809618	0.6057614457
28.6	1.977049437	0.3436846304
28.7	1.999546537	0.1114402181
28.8	2.000369312	-0.08995751536
28.9	1.982510013	-0.2627613639
29	1.948638324	-0.410945055
29.1	1.900989011	-0.5390851369
29.2	1.841338793	-0.6516862916
29.3	1.771032508	-0.7528474696
29.4	1.691030788	-0.8461464155
29.5	1.601962686	-0.9346448512
29.6	1.504174682	-1.020945117
29.7	1.397772733	-1.107259869
29.8	1.282659251	-1.195465305
29.9	1.158563719	-1.287127005
30	1.02507739	-1.383470294
30.1	0.8816861905	-1.485299718
30.2	0.7278267981	-1.592820374
30.3	0.5629535962	-1.705366525
30.4	0.3866486199	-1.820994223
30.5	0.1987735792	-1.93597394
30.6	-0.0003248111452	-2.044227132
30.7	-0.2095553541	-2.136891953
30.8	-0.4267980638	-2.202327093
30.9	-0.648661203	-2.226975382
31	-0.8703835811	-2.197452634
31.1	-1.086005715	-2.103787833
31.2	-1.288891876	-1.942965679
31.3	-1.47255759	-1.721212533
31.4	-1.631598672	-1.453573861
31.5	-1.762426244	-1.160566755
31.6	-1.863574846	-0.8633136282
31.7	-1.935535759	-0.5792576123
31.8	-1.980256339	-0.3198934006
31.9	-2.000523879	-0.090650295
32	-1.999414627	0.1078482828
32.1	-1.979898038	0.2780831813
32.2	-1.944604862	0.4241277624
32.3	-1.895725578	0.5505745757
32.4	-1.834993521	0.6618993305
32.5	-1.763714163	0.7621531678
32.6	-1.682813822	0.854862442
32.7	-1.592892137	0.9430414657
32.8	-1.494270667	1.02925235
32.9	-1.387034343	1.115672825
33	-1.271067035	1.20414899
33.1	-1.146084407	1.296215428
33.2	-1.011664263	1.393061634
33.3	-0.867286955	1.495443006
33.4	-0.7123856054	1.603495912
33.5	-0.5464228541	1.716447853
33.6	-0.369000459	1.832209325
33.7	-0.1800159348	1.946846563
33.8	0.0201237777	2.054026894
33.9	0.2302394623	2.144610411
34	0.4480982767	2.206713061
34.1	0.670177212	2.226683985
34.2	0.8915862509	2.191313753
34.3	1.106272118	2.091154768
34.4	1.307573932	1.924019183
34.5	1.489071783	1.697055292
34.6	1.64551031	1.426022099
34.7	1.773500429	1.131714289
34.8	1.871779769	0.8350603648
34.9	1.941005641	0.5529900993
35	1.983233523	0.2963882028
35.1	2.001300621	0.07015096922
35.2	1.998287411	-0.1254728133
35.3	1.977138257	-0.2931778274
35.4	1.940444151	-0.4371266949
35.5	1.890351153	-0.5619223447
35.6	1.828549489	-0.6720087179
35.7	1.756305713	-0.771388126
35.8	1.674512327	-0.8635359768
35.9	1.583740186	-0.9514196703
36	1.484286039	-1.037561177
36.1	1.376214077	-1.124104771
36.2	1.25939077	-1.212866389
36.3	1.133516399	-1.305347937
36.4	0.998158238	-1.402704699
36.5	0.8527887091	-1.505639947
36.6	0.6968411078	-1.614216637
36.7	0.5297853082	-1.727557453
36.8	0.3512434496	-1.843415873
36.9	0.161153241	-1.957651394
37	-0.04001597635	-2.06367336
37.1	-0.2509965583	-2.15206189
37.2	-0.4694389583	-2.210703989
37.3	-0.6916876808	-2.225872708
37.4	-0.9127263265	-2.184563869
37.5	-1.126412994	-2.077888824
37.6	-1.326069727	-1.904508249
37.7	-1.505350126	-1.67248384
37.8	-1.65915443	-1.398254188
37.9	-1.784295475	-1.102843945
38	-1.879712103	-0.8069483758
38.1	-1.946222685	-0.5269655599
38.2	-1.985984845	-0.273170455
38.3	-2.001880591	-0.04993991667
38.4	-1.996991041	0.1428354777
38.5	-1.974233612	0.3080501602
38.6	-1.936158635	0.4499468081
38.7	-1.884867676	0.573133022
38.8	-1.822008198	0.6820184292
38.9	-1.748808332	0.7805559841
39	-1.666127257	0.8721698924
39.1	-1.574507244	0.9597816406
39.2	-1.474221097	1.045874139
39.3	-1.365312383	1.13255772
39.4	-1.247629762	1.221617664
39.5	-1.120860037	1.314526948
39.6	-0.9845585841	1.41239991
39.7	-0.8381921653	1.515889875
39.8	-0.6811927317	1.624984144
39.9	-0.5130398409	1.738691161
40	-0.3333787358	1.85460869
40.1	-0.1421869833	1.968381722
40.2	0.06000118734	2.073157463
40.3	0.2718246031	2.159239486
40.4	0.4908161784	2.214290193
40.5	0.7131878353	2.224531566
40.6	0.933798356	2.177198246
40.7	1.146422805	2.063992558
40.8	1.344374497	1.884441732
40.9	1.521389271	1.647513221
41	1.672529301	1.370287819
41.1	1.794811613	1.073972193
41.2	1.887373611	0.7789899012
41.3	1.951189453	0.5011898722
41.4	1.988513192	0.2502413657
41.5	2.002266626	0.03001530818
41.6	1.995528168	-0.1599398773
41.7	1.971186304	-0.3227046504
41.8	1.931750082	-0.4625924316
41.9	1.879276524	-0.5842105617
42	1.815370662	-0.6919319932
42.1	1.741222662	-0.7896594871
42.2	1.657658845	-0.8807668146
42.3	1.565193637	-0.9681299254
42.4	1.464075811	-1.054192675
42.5	1.3543287	-1.141032927
42.6	1.235784409	-1.230406327
42.7	1.10811463	-1.323751941
42.8	0.9708651732	-1.422148304
42.9	0.823495855	-1.526193299
43	0.6654401036	-1.635794442
43.1	0.4961871614	-1.7498477
43.2	0.3154055152	-1.865783912
43.3	0.1231168536	-1.979030406
43.4	-0.08007668001	-2.082469328
43.5	-0.2927202585	-2.166126022
43.6	-0.5122260231	-2.217455583
43.7	-0.734672303	-2.222648585
43.8	-0.9547960612	-2.169210788
43.9	-1.166295178	-2.049469365
44	-1.362482606	-1.863834496
44.1	-1.53718516	-1.622164698
44.2	-1.685633013	-1.342144958
44.3	-1.805048737	-1.045116847
44.4	-1.894765697	-0.7511967375
44.5	-1.955908454	-0.4756696871
44.6	-1.990821404	-0.2276025571
44.7	-2.002461509	-0.01037524548
44.8	-1.993901227	0.1767894555
44.9	-1.967998431	0.3371453071
45	-1.927220151	0.4750677133
45.1	-1.87357894	0.5951587394
45.2	-1.808637759	0.7017526078
45.3	-1.733549318	0.7987016628
45.4	-1.649107631	0.8893291055
45.5	-1.555799364	0.9764660954
45.6	-1.453850072	1.062518876
45.7	-1.343263242	1.149532211
45.8	-1.223853489	1.239230908
45.9	-1.095279962	1.333025162
46	-0.9570770286	1.431948918
46.1	-0.8087002355	1.536549263
46.2	-0.649582801	1.646648441
46.3	-0.4792263801	1.761022713
46.4	-0.2973249355	1.876935763
46.5	-0.1039446146	1.989589753
46.6	0.1002415806	2.091598672
46.7	0.3136811921	2.172714436
46.8	0.5336643471	2.220190688
46.9	0.7561359848	2.2202153
47	0.975713669	2.160598568
47.1	1.186024303	2.034323446
47.2	1.380389137	1.842696702
47.3	1.552734467	1.596454274
47.4	1.69846412	1.313843694
47.5	1.815007356	1.016294502
47.6	1.901890213	0.7235804044
47.7	1.960382171	0.4504101209
47.8	1.992912341	0.2052548002
47.9	2.002468084	-0.008982249404
48	1.992112801	-0.1933880205
48.1	1.964672127	-0.3513764504
48.2	1.922570582	-0.4873767573
48.3	1.867776281	-0.6059813077
48.4	1.801810507	-0.7114836373
48.5	1.725788974	-0.807685105
48.6	1.640473856	-0.8978591766
48.7	1.546324738	-0.9847925525
48.8	1.443543914	-1.070854171
48.9	1.332115502	-1.158056485
49	1.211837456	-1.248095458
49.1	1.082355623	-1.34234598
49.2	0.9431943515	-1.441805129
49.3	0.7938038949	-1.546956465
49.4	0.6336207466	-1.657543221
49.5	0.4621574288	-1.772214346
49.6	0.2791361489	-1.888058882
49.7	0.08467119231	-2.000051946
49.8	-0.1204935079	-2.100534064
49.9	-0.3347043344	-2.178987415
50	-0.5551269664	-2.222481438
50.1	-0.7775733299	-2.217221155
50.2	-0.9965448234	-2.15135718
50.3	-1.20560383	-2.018559986
50.4	-1.398088647	-1.821043867
50.5	-1.568033515	-1.570402317
50.6	-1.711020961	-1.285405138
50.7	-1.824687524	-0.9875216979
50.8	-1.908748574	-0.6961515937
50.9	-1.964612871	-0.4254168305
51	-1.994788671	-0.18319895
51.1	-2.002288872	0.0280595062
51.2	-1.990165065	0.2097391695
51.3	-1.961209211	0.3654021536
51.4	-1.91780276	0.4995236212
51.5	-1.861869533	0.6166819134
51.6	-1.794889544	0.721128239
51.7	-1.717942044	0.816612748
51.8	-1.631757724	0.9063591261
51.9	-1.536769508	0.9931112168
52	-1.433157215	1.079200319
52.1	-1.320884991	1.166607879
52.2	-1.199735817	1.25699896
52.3	-1.06934066	1.351716222
52.4	-0.9292158988	1.451713156
52.5	-0.7788070495	1.557416531
52.6	-0.6175526827	1.668477159
52.7	-0.4449804287	1.783417677
52.8	-0.2608406422	1.89914854
52.9	-0.06529645943	2.010408777
53	0.1408311631	2.109266991
53.1	0.3557863769	2.18493712
53.2	0.576609543	2.224315661
53.3	0.7989791509	2.213656835
53.4	1.017283878	2.141484202
53.5	1.225028408	2.002184291
53.6	1.41557683	1.798887976
53.7	1.583079402	1.544026749
53.8	1.723302506	1.256847212
53.9	1.834090112	0.9588136742
54	1.915343006	0.668920286
54.1	1.968603578	0.4006936176
54.2	1.996453283	0.1614348034
54.3	2.001926696	-0.04685896684
54.4	1.988060567	-0.2258468305
54.5	1.957611772	-0.3792267937
54.6	1.912918367	-0.5115124247
54.7	1.855860005	-0.6272642798
54.8	1.787875824	-0.7306895726
54.9	1.710009077	-0.8254870721
55	1.622959627	-0.9148316878
55.1	1.52713408	-1.001423776
55.2	1.42268962	-1.087559127
55.3	1.309572114	-1.17518686
55.4	1.187547299	-1.265943097
55.5	1.056235206	-1.361135882
55.6	0.9151415998	-1.461676513
55.7	0.7637085609	-1.567926359
55.8	0.6013793489	-1.679448625
55.9	0.4276950763	-1.794631098
56	0.2424375322	-1.910198319
56.1	0.045822853	-2.020652508
56.2	-0.1612518005	-2.117784359
56.3	-0.3769244367	-2.190546332
56.4	-0.5981076174	-2.225680687
56.5	-0.8203476683	-2.209513493
56.6	-1.037924352	-2.130977399
56.7	-1.244291664	-1.985204358
56.8	-1.432848419	-1.776247014
56.9	-1.597868983	-1.517348901
57	-1.735307674	-1.228190862
57.1	-1.843215679	-0.9301861955
57.2	-1.921675319	-0.6418962033
57.3	-1.972356678	-0.3762452547
57.4	-1.997909139	-0.1399625959
57.5	-2.001384252	0.06538347163
57.6	-1.985801625	0.2417148703
57.7	-1.953881749	0.3928545488
57.8	-1.9079189	0.5233472577
57.9	-1.849748785	0.6377320177
58	-1.780770115	0.7401708357
58.1	-1.701990679	0.8343110575
58.2	-1.614079814	0.9232786643
58.3	-1.517418219	1.009732527
58.4	-1.412141419	1.095932019
58.5	-1.298175829	1.18379594
58.6	-1.175272879	1.274928999
58.7	-1.043038231	1.370606198
58.8	-0.9009705975	1.471692313
58.9	-0.7485086404	1.578487362
59	-0.5850992965	1.690455659
59.1	-0.4103013119	1.805848825
59.2	-0.2239285422	1.921202658
59.3	-0.0262503257	2.030773619
59.4	0.1817540554	2.126076906
59.5	0.3981149	2.195807149
59.6	0.6196165552	2.22656574
59.7	0.8416733962	2.204783615
59.8	1.058460332	2.119836098
59.9	1.263388075	1.967626423
60	1.449899065	1.753132758
60.1	1.612399383	1.490386088
60.2	1.747035532	1.199453724
60.3	1.85206511	0.9016540767
60.4	1.92774752	0.6150884581
60.5	1.975874892	0.3520748979
60.6	1.999158826	0.118781915
60.7	2.000664117	-0.08363557121
60.8	1.983390475	-0.2573472411
60.9	1.95002096	-0.4062895335
61	1.902805805	-0.5350319397
61.1	1.843536972	-0.6480886087
61.2	1.77357318	-0.7495749974
61.3	1.693887192	-0.8430868959
61.4	1.605118458	-0.931702675
61.5	1.507622239	-1.018038994
61.6	1.401512008	-1.10432079
61.7	1.286696595	-1.192434996
61.8	1.162910619	-1.283957498
61.9	1.029749783	-1.380127041
62	0.886702464	-1.481763113
62.1	0.7332063195	-1.589096671
62.2	0.5687132606	-1.701496081
62.3	0.3927991597	-1.817068757
62.4	0.205313091	-1.932155112
62.5	0.006581197359	-2.040764083
62.6	-0.2023349398	-2.134131767
62.7	-0.4193544827	-2.200702752
62.8	-0.6411316241	-2.226957538
62.9	-0.8629504561	-2.199458599
63	-1.078885497	-2.10805953
63.1	-1.282311702	-1.949460578
63.2	-1.466724097	-1.729564801
63.3	-1.626668041	-1.463160316
63.4	-1.758485483	-1.170655716
63.5	-1.860639429	-0.8732315478
63.6	-1.933561894	-0.5885055363
63.7	-1.979161023	-0.3281860813
63.8	-2.000205426	-0.09789199343
63.9	-1.999769026	0.1016184568
64	-1.980829514	0.2727479078
64.1	-1.946031377	0.4195360759
64.2	-1.897580606	0.5465705863
64.3	-1.837225689	0.6583376168
64.4	-1.766285823	0.7589051606
64.5	-1.685699271	0.8518175045
64.6	-1.596075906	0.9401055294
64.7	-1.497745989	1.026345357
64.8	-1.390801754	1.112726812
64.9	-1.275133495	1.201106541
65	-1.150461786	1.293030151
65.1	-1.016368906	1.389699452
65.2	-0.8723374233	1.491887577
65.3	-0.717801029	1.599754954
65.4	-0.5522200574	1.712566585
65.5	-0.3751889684	1.828285594
65.6	-0.1865921337	1.943049256
65.7	0.01318441577	2.050614703
65.8	0.2229925481	2.141939501
65.9	0.4406394235	2.205222317
66	0.6626480528	2.226844415
66.1	0.8841732187	2.193531249
66.2	1.099193917	2.09564793
66.3	1.301057145	1.930714544
66.4	1.483319361	1.705557509
66.5	1.640672345	1.435689574
66.6	1.769656852	1.141814114
66.7	1.868939646	0.8449321419
66.8	1.939120477	0.5621550894
66.9	1.982217612	0.3045812077
67	2.001051424	0.07729179795
67.1	1.998701349	-0.1193350884
67.2	1.978120728	-0.2879209905
67.3	1.941914568	-0.4325983116
67.4	1.892244493	-0.5579670166
67.5	1.830815777	-0.6684824701
67.6	1.758908529	-0.7681641436
67.7	1.677427048	-0.8605053421
67.8	1.586952224	-0.948489665
67.9	1.487789359	-1.03465312
68	1.380009978	-1.121151678
68.1	1.263486561	-1.209811983
68.2	1.137924696	-1.302146691
68.3	1.002895397	-1.399324279
68.4	0.857873573	-1.502065389
68.5	0.7022928277	-1.610459496
68.6	0.5356199721	-1.723666828
68.7	0.3574698117	-1.839495409
68.8	0.1677661896	-1.95387833
68.9	-0.03304389669	-2.060315407
69	-0.2437243399	-2.149484665
69.1	-0.461966349	-2.209352841
69.2	-0.6841609066	-2.226216512
69.3	-0.9053356885	-2.186995894
69.4	-1.119379178	-2.082603201
69.5	-1.319618465	-1.911400034
69.6	-1.49968045	-1.681129064
69.7	-1.654410151	-1.40799536
69.8	-1.780549441	-1.112948394
69.9	-1.876967036	-0.8167694926
70	-1.944425547	-0.5360450236
70.1	-1.985047526	-0.2812628702
70.2	-2.00169985	-0.05698021166
70.3	-1.997463794	0.136788908
70.4	-1.975266457	0.3028705063
70.5	-1.93767247	0.4454804079
70.6	-1.886798973	0.5692251342
70.7	-1.824308364	0.6785265964
70.8	-1.75144217	0.7773551369
70.9	-1.669071163	0.8691527183
71	-1.577747534	0.9568569982
71.1	-1.477752535	1.042964444
71.2	-1.369136793	1.129597121
71.3	-1.251755186	1.218550744
71.4	-1.125299218	1.311309596
71.5	-0.9893284136	1.40900003
71.6	-0.8433116111	1.512297233
71.7	-0.686680755	1.621210641
71.8	-0.5189124664	1.734792233
71.9	-0.3396430053	1.850693786
72	-0.1488358888	1.96463562
72.1	0.05299669807	2.069857994
72.2	0.2645276797	2.156759673
72.3	0.4833311305	2.213081655
72.4	0.7056652195	2.225061616
72.5	0.9264322172	2.179846166
72.6	1.139435606	2.068927253
72.7	1.337990783	1.891526999
72.8	1.515803804	1.656296555
72.9	1.667879478	1.380096306
73	1.791163199	1.084074995
73.1	1.884723217	0.7887558623
73.2	1.949479752	0.5101814525
73.3	1.987653659	0.258232566
73.4	2.002153475	0.0369555356
73.5	1.996058958	-0.1539832316
73.6	1.97226889	-0.3176007657
73.7	1.93330683	-0.4581866358
73.8	1.881245407	-0.5803488353
73.9	1.817704455	-0.6884734129
74	1.743887362	-0.7864807941
74.1	1.66063195	-0.8777623947
74.2	1.56846224	-0.9652097698
74.3	1.46763537	-1.051280828
74.4	1.358181965	-1.138064307
74.5	1.239939315	-1.227326506
74.6	1.112585281	-1.320518286
74.7	0.9756679893	-1.418730949
74.8	0.8286503107	-1.522581022
74.9	0.6709649229	-1.632006727
75	0.5020970402	-1.745941193
75.1	0.3217076311	-1.861875169
75.2	0.1298025677	-1.975313598
75.3	-0.07304081731	-2.079230494
75.4	-0.2854001998	-2.163749478
75.5	-0.5047299981	-2.216396771
75.6	-0.7271556932	-2.223370173
75.7	-0.9474564799	-2.172077257
75.8	-1.159356553	-2.054623085
75.9	-1.356168076	-1.871107076
76	-1.531685084	-1.631077552
76.1	-1.681078191	-1.352012884
76.2	-1.801497871	-1.055212346
76.3	-1.892209279	-0.7609037748
76.4	-1.954284971	-0.4845713842
76.5	-1.990038493	-0.2354922957
76.6	-2.002414896	-0.01721625903
76.7	-1.994489104	0.1709215686
76.8	-1.969129926	0.3321157002
76.9	-1.928819159	0.4707209678
77	-1.875584904	0.5913417898
77.1	-1.811004811	0.6983261728
77.2	-1.73624463	0.7955440608
77.3	-1.652109595	0.8863363884
77.4	-1.55909614	0.9735500971
77.5	-1.457437878	1.059604034
77.6	-1.347144922	1.146555004
77.7	-1.228038755	1.236138848
77.8	-1.099781737	1.329774365
77.9	-0.9619131853	1.428513257
78	-0.8138894337	1.532919125
78.1	-0.655144085	1.642845127
78.2	-0.4851742201	1.757109867
78.3	-0.3036646352	1.873035982
78.4	-0.1106656357	1.985904986
78.5	0.09317467783	2.088425194
78.6	0.3063384987	2.170443607
78.7	0.5261588204	2.219283204
78.8	0.748627277	2.221130014
78.9	0.9684028478	2.163683727
79	1.179136573	2.039694379
79.1	1.374145814	1.85015352
79.2	1.547321085	1.605491795
79.3	1.694004824	1.323764627
79.4	1.811553874	1.02637631
79.5	1.899427225	0.7332241896
79.6	1.958844268	0.4592199216
79.7	1.992205103	0.2130424419
79.8	2.002486995	-0.002239904352
79.9	1.992756863	-0.1876075095
80	1.965851785	-0.346419693
80.1	1.924211219	-0.4830877355
80.2	1.869818823	-0.6022078955
80.3	1.80421042	-0.7080881567
80.4	1.728514607	-0.8045477504
80.5	1.643504666	-0.8948775333
80.6	1.549649595	-0.9818796209
80.7	1.447159765	-1.06793601
80.8	1.336026101	-1.155070392
80.9	1.216052257	-1.244988852
81	1.086888877	-1.339078587
81.1	0.9480635361	-1.438350119
81.2	0.7990283935	-1.543308183
81.3	0.6392188254	-1.653726117
81.4	0.4681429895	-1.76829621
81.5	0.2855136006	-1.884169661
81.6	0.09142770878	-1.996402077
81.7	-0.1133964192	-2.097429437
81.8	-0.327340362	-2.176828402
81.9	-0.5476135013	-2.221731417
82	-0.7700745064	-2.218333597
82.1	-0.9892649823	-2.154663082
82.2	-1.198769136	-2.024146427
82.3	-1.391918344	-1.828679113
82.4	-1.562708127	-1.579556919
82.5	-1.706657854	-1.29537195
82.6	-1.821331471	-0.9975844273
82.7	-1.906378526	-0.7057285607
82.8	-1.963159687	-0.4341329078
82.9	-1.994156226	-0.1908843992
83	-2.002372517	0.02141500889
83.1	-1.990864615	0.204044881
83.2	-1.962436459	0.3605168392
83.3	-1.919484608	0.4952909173
83.4	-1.863948369	0.6129507935
83.5	-1.797322155	0.7177626861
83.6	-1.72069792	0.8134946426
83.7	-1.634817292	0.9033877327
83.8	-1.540122532	0.9902008708
83.9	-1.436801292	1.076278176
84	-1.324824494	1.163612172
84.1	-1.203980743	1.253878647
84.2	-1.073905541	1.348431425
84.3	-0.9341186393	1.448239461
84.4	-0.7840667784	1.553750382
84.5	-0.6231877082	1.664646247
84.6	-0.4510039855	1.779495669
84.7	-0.2672555316	1.895271925
84.8	-0.07208795179	2.006796798
84.9	0.1337043414	2.106234989
85	0.3484020321	2.182892973
85.1	0.5690895994	2.223726223
85.2	0.7914920285	2.214969399
85.3	1.010037049	2.145011212
85.4	1.21824875	2.007984135
85.5	1.409481165	1.806697614
85.6	1.57784302	1.553292452
85.7	1.719035892	1.266853304
85.8	1.830831171	0.9688517329
85.9	1.91306518	0.6784268997
86	1.967234205	0.4093145275
86.1	1.995894624	0.1690180372
86.2	2.00207407	-0.04031140935
86.3	1.988814728	-0.2202373195
86.4	1.958885884	-0.374411412
86.5	1.914640842	-0.5073346069
86.6	1.857974685	-0.6235741494
86.7	1.790340806	-0.7273527888
86.8	1.712794987	-0.8223873204
86.9	1.626047882	-0.9118697183
87	1.530515197	-0.998515251
87.1	1.426361949	-1.084632418
87.2	1.313540623	-1.172181336
87.3	1.191822388	-1.262808106
87.4	1.060831948	-1.357833824
87.5	0.9200776323	-1.458183255
87.6	0.7690041169	-1.564242829
87.7	0.6070513391	-1.675605279
87.8	0.4337564525	-1.790705921
87.9	0.2488901895	-1.906336316
88	0.0526491356	-2.017080944
88.1	-0.1540962308	-2.11482881
88.2	-0.3695208984	-2.188623462
88.3	-0.5905827542	-2.225257778
88.4	-0.812874231	-2.211030367
88.5	-1.03071269	-2.134726811
88.6	-1.237569078	-1.991214927
88.7	-1.426829067	-1.784224262
88.8	-1.592722655	-1.526717985
88.9	-1.73113795	-1.238229416
89	-1.84005365	-0.9401946139
89.1	-1.919489007	-0.6513293656
89.2	-1.971070125	-0.384769646
89.3	-1.997423274	-0.1474438071
89.4	-2.001594493	0.05893181115
89.5	-1.986609638	0.2361887866
89.6	-1.955202121	0.3881075485
89.7	-1.909681557	0.5192228396
89.8	-1.851899008	0.6340815851
89.9	-1.783267289	0.7368617533
90	-1.70480652	0.8312285722
90.1	-1.617196669	0.9203253616
90.2	-1.520827576	1.006825176
90.3	-1.415842059	1.093000164
90.4	-1.302173593	1.180779432
90.5	-1.179578277	1.271779722
90.6	-1.04766706	1.36728592
90.7	-0.9059410313	1.468181506
90.8	-0.7538394457	1.574785845
90.9	-0.5908088242	1.686599329
91	-0.4164009252	1.801922977
91.1	-0.2304178819	1.917357268
91.2	-0.03311097269	2.027246267
91.3	0.1745699097	2.123201741
91.4	0.3906932545	2.194006016
91.5	0.6120883474	2.226310873
91.6	0.8342155018	2.206505774
91.7	1.051285891	2.123807184
91.8	1.256724527	1.973845598
91.9	1.443957519	1.761275032
92	1.607344	1.499853251
92.1	1.742962843	1.209518313
92.2	1.848999542	0.9116272585
92.3	1.925652016	0.6244448377
92.4	1.974670257	0.3605016388
92.5	1.998744782	0.1261610929
92.6	2.000936186	-0.07727888173
92.7	1.984251463	-0.2519031039
92.8	1.951386843	-0.4016095293
92.9	1.904608018	-0.5309596286
93	1.845722231	-0.6444766527
93.1	1.776102138	-0.7462924837
93.2	1.696732739	-0.8400210814
93.3	1.608263859	-0.9287570623
93.4	1.511059516	-1.015132187
93.5	1.405241151	-1.101383113
93.6	1.2907233	-1.189408448
93.7	1.167247091	-1.280792895
93.8	1.034410653	-1.376789458
93.9	0.8917068556	-1.478232561
94	0.7385731306	-1.585378286
94.1	0.5744597874	-1.697628729
94.2	0.3989364666	-1.813142254
94.3	0.2118397547	-1.928328425
94.4	0.01347556815	-2.037283199
94.5	-0.1951236701	-2.131340433
94.6	-0.4119161518	-2.199031608
94.7	-0.6336018268	-2.226877201
94.8	-0.8555102287	-2.201390221
94.9	-1.071750474	-2.112253022
95	-1.275709162	-1.955884206
95.1	-1.460861909	-1.737863271
95.2	-1.621704488	-1.472716962
95.3	-1.754510079	-1.180739664
95.4	-1.857669944	-0.8831649378
95.5	-1.931556253	-0.5977823906
95.6	-1.978037195	-0.3365140097
95.7	-1.999862054	-0.1051696225
95.8	-2.000101976	0.09535560985
95.9	-1.981742614	0.2673843848
96	-1.947442074	0.4149214854
96.1	-1.899421845	0.5425488894
96.2	-1.839445599	0.6547628923
96.3	-1.768846314	0.7556482191
96.4	-1.688574269	0.8487671395
96.5	-1.599249619	0.9371671149
96.6	-1.501211368	1.023438392
96.7	-1.394559108	1.109782972
96.8	-1.279189594	1.198068073
96.9	-1.154828325	1.28985018
97	-1.021062141	1.386343559
97.1	-0.8773758258	1.488338511
97.2	-0.7232038047	1.596019595
97.3	-0.5580041299	1.708688755
97.4	-0.3813641833	1.824360842
97.5	-0.1931554911	1.939243826
97.6	0.006256570558	2.047184066
97.7	0.2157546833	2.139236409
97.8	0.4331856455	2.203683791
97.9	0.6551184011	2.22694173
98	0.8767527369	2.195674175
98.1	1.092100551	2.100063441
98.2	1.294517722	1.937340206
98.3	1.47753817	1.714008139
98.4	1.635801638	1.445329713
98.5	1.76577903	1.15191101
98.6	1.866066011	0.8548207199
98.7	1.937204173	0.5713495771
98.8	1.981173862	0.3128093752
98.9	2.000777956	0.08446804344
99	1.999094416	-0.1131651017
99.1	1.979085322	-0.2826367126
99.2	1.943369586	-0.4280478094
99.3	1.894124386	-0.5539946994
99.4	1.833070081	-0.6649438457
99.5	1.761500394	-0.7649317824
99.6	1.680331484	-0.8574697365
99.7	1.590154318	-0.9455575768
99.8	1.491282821	-1.03174546
99.9	1.383795877	-1.118201065
100	1.267571999	-1.206761784
100.1	1.142322166	-1.29895102
100.2	1.007621112	-1.395950203
100.3	0.8629463588	-1.498497323
100.4	0.7077318387	-1.606708032
100.5	0.5414414424	-1.719779368
100.6	0.3636829203	-1.835573474
100.7	0.1743663746	-1.950096442
100.8	-0.02608321678	-2.056938027
100.9	-0.2364609047	-2.146874127
101	-0.4544983902	-2.207952519
101.1	-0.6766330843	-2.22649582
101.2	-0.8979369618	-2.189352679
101.3	-1.112329558	-2.087240248
101.4	-1.313144023	-1.918223389
101.5	-1.493981625	-1.689724743
101.6	-1.649632967	-1.417711459
101.7	-1.776769231	-1.123051934
101.8	-1.874188723	-0.8266088819
101.9	-1.94259765	-0.5451547071
102	-1.984082773	-0.2893905757
102.1	-2.00149523	-0.06405566407
102.2	-1.997916038	0.1307105498
102.3	-1.97628173	0.2976639866
102.4	-1.939171155	0.4409924558
102.5	-1.888717019	0.5653007744
102.6	-1.826596693	0.6750228402
102.7	-1.754065161	0.7741462947
102.8	-1.672004849	0.8661309099
102.9	-1.580977926	0.9539305737
103	-1.481274127	1.040055371
103.1	-1.372951175	1.126639209
103.2	-1.255870251	1.215488214
103.3	-1.12972748	1.308097882
103.4	-0.9940869203	1.405607706
103.5	-0.8484188355	1.508710613
103.6	-0.6921561182	1.617443001
103.7	-0.5247716179	1.73089617
103.8	-0.3458938929	1.846776558
103.9	-0.1554724434	1.960879705
104	0.04600359816	2.066537321
104.1	0.2572394207	2.154245235
104.2	0.4758503349	2.211823176
104.3	0.6981409672	2.225526311
104.4	0.9190572706	2.182418456
104.5	1.132431841	2.07378488
104.6	1.331583197	1.89854451
104.7	1.510188683	1.665031757
104.8	1.663196512	1.389881828
104.9	1.787480611	1.094179129
105	1.882039701	0.7985416378
105.1	1.947739447	0.5192040709
105.2	1.986766955	0.266259261
105.3	2.002016747	0.04393071872
105.4	1.996569496	-0.1479952869
105.5	1.973334107	-0.3124705332
105.6	1.934848588	-0.4537597867
105.7	1.883201148	-0.5764711016
105.8	1.820026476	-0.6850033404
105.9	1.746541254	-0.7832944672
106	1.663594785	-0.8747535636
106.1	1.571720882	-0.9622881987
106.2	1.471185082	-1.04836978
106.3	1.362025008	-1.135098625
106.4	1.244083983	-1.224251269
106.5	1.117044804	-1.31729036
106.6	0.9804592498	-1.415319859
106.7	0.8337924732	-1.518975875
106.8	0.6764766943	-1.62822377
106.9	0.5079938248	-1.742037039
107	0.3279965281	-1.857964171
107.1	0.136475273	-1.971586157
107.2	-0.06601607417	-2.075970205
107.3	-0.2780881579	-2.161336679
107.4	-0.4972377254	-2.215285057
107.5	-0.7196368752	-2.224024161
107.6	-0.9401074931	-2.174866975
107.7	-1.152400844	-2.059700136
107.8	-1.349829281	-1.87831418
107.9	-1.526155061	-1.639945417
108	-1.676490086	-1.361860404
108.1	-1.797912908	-1.06531081
108.2	-1.889620061	-0.7706317539
108.3	-1.952631436	-0.4935045958
108.4	-1.989228848	-0.2434173624
108.5	-2.002345069	-0.02409183869
108.6	-1.995057069	0.1650227973
108.7	-1.970244346	0.3270603283
108.8	-1.930403398	0.4663537697
108.9	-1.877577892	0.5875093569
109	-1.813360202	0.6948886342
109.1	-1.738929196	0.7923792243
109.2	-1.655101432	0.8833397252
109.3	-1.562383012	0.970632699
109.4	-1.461015708	1.056690357
109.5	-1.351016671	1.143580888
109.6	-1.232213199	1.233050708
109.7	-1.104272518	1.326529668
109.8	-0.9667375343	1.425083724
109.9	-0.8190664096	1.529295505
110	-0.6606925212	1.639047116
110.1	-0.4911088093	1.753199212
110.2	-0.309991142	1.869133076
110.3	-0.1173741931	1.982208801
110.4	0.08611860891	2.085228624
110.5	0.2990036183	2.168135253
110.6	0.518656535	2.218322164
110.7	0.7411156769	2.221976642
110.8	0.9610818321	2.166692175
110.9	1.172230921	2.04498947
111	1.367877501	1.85754643
111.1	1.541877333	1.614486478
111.2	1.689512127	1.333667765
111.3	1.808066402	1.036463419
111.4	1.896931683	0.7428904084
111.5	1.957276595	0.4680619923
111.6	1.991471545	0.2208657049
111.7	2.00248312	0.004536783384
111.8	1.993381389	-0.1817966315
111.9	1.967014693	-0.3414376785
112	1.925837367	-0.4787787415
112.1	1.871848621	-0.5984194502
112.2	1.806598867	-0.7046820075
112.3	1.731229652	-0.8014034757
112.4	1.646525406	-0.8918921581
112.5	1.552964619	-0.9789656818
112.6	1.450765773	-1.065019135
112.7	1.339926612	-1.152087507
112.8	1.220256602	-1.241887133
112.9	1.091411092	-1.33581709
113	0.9529210792	-1.434901703
113.1	0.8042405461	-1.539666346
113.2	0.6448039915	-1.649913808
113.3	0.4741153493	-1.764379782
113.4	0.2918778754	-1.880276604
113.5	0.09817181901	-1.992739733
113.6	-0.1063098782	-2.09430037
113.7	-0.319983737	-2.174630053
113.8	-0.5401026812	-2.220925891
113.9	-0.7625720577	-2.219376521
114	-0.981974124	-2.157891686
114.1	-1.191915725	-2.029657669
114.2	-1.385722372	-1.836252344
114.3	-1.557351881	-1.588671187
114.4	-1.70226109	-1.305323367
114.5	-1.817941403	-1.007654398
114.6	-1.903976082	-0.7153292664
114.7	-1.961677004	-0.4428818872
114.8	-1.993497754	-0.1986055603
114.9	-2.002433647	0.01473640253
115	-1.99154487	0.1983206111
115.1	-1.963647154	0.3556067309
115.2	-1.921152117	0.4910386965
115.3	-1.866014568	0.6092050466
115.4	-1.799743372	0.7143868095
115.5	-1.723443246	0.8103699235
115.6	-1.637866815	0.9004128685
115.7	-1.543465714	0.9872897132
115.8	-1.440435493	1.073357498
115.9	-1.328753882	1.160619863
116	-1.208215123	1.250763224
116.1	-1.07845934	1.345152695
116.2	-0.9390096285	1.444772389
116.3	-0.7893141236	1.550090481
116.4	-0.6288097991	1.66082005
116.5	-0.4570142606	1.775574946
116.6	-0.2736572737	1.891390726
116.7	-0.0788672496	2.003171274
116.8	0.1265878237	2.103177111
116.9	0.3410246811	2.180807958
117	0.5615717518	2.223080005
117.1	0.7840005929	2.216211518
117.2	1.002778424	2.148460716
117.3	1.211449602	2.013709606
117.4	1.403359195	1.814446959
117.5	1.572575378	1.562520171
117.6	1.714735474	1.27684646
117.7	1.827538277	0.9788990155
117.8	1.910755165	0.6879585008
117.9	1.965835615	0.4179689202
118	1.995310271	0.1766370211
118.1	2.002199253	-0.03373005159
118.2	1.989549876	-0.2145982952
118.3	1.960143678	-0.3695717279
118.4	1.916349162	-0.5031377524
118.5	1.860076868	-0.6198698245
118.6	1.792794492	-0.7240060687
118.7	1.715570413	-0.8192812694
118.8	1.629126114	-0.9089045347
118.9	1.533886481	-0.9956061714
119	1.430024395	-1.081707369
119.1	1.317498961	-1.169179334
119.2	1.19608693	-1.259678238
119.3	1.065417519	-1.354537822
119.4	0.925002221	-1.454697053
119.5	0.7742869651	-1.560565271
119.6	0.6127103956	-1.671765991
119.7	0.4398046475	-1.786781862
119.8	0.2553294343	-1.902468962
119.9	0.05946316919	-2.01349509
120	-0.1469505585	-2.111846017
120.1	-0.3621239591	-2.186657027
120.2	-0.5830594551	-2.224775614
120.3	-0.8053957859	-2.212475049
120.4	-1.02348849	-2.138398113
120.5	-1.230826304	-1.997152064
120.6	-1.420782821	-1.792143829
120.7	-1.587544691	-1.536051866
120.8	-1.72693426	-1.248257354
120.9	-1.836857716	-0.9502138646
121	-1.917270744	-0.6607885312
121.1	-1.969754693	-0.3933279522
121.2	-1.996912034	-0.1549606245
121.3	-2.001782801	0.05244672862
121.4	-1.987398865	0.2306336602
121.5	-1.956506342	0.3833368154
121.6	-1.91143017	0.515079919
121.7	-1.854036793	0.6304174154
121.8	-1.785753177	0.7335430898
121.9	-1.707611867	0.8281402124
122	-1.620303509	0.9173691021
122.1	-1.524226972	1.003917489
122.2	-1.419532768	1.090070169
122.3	-1.306161021	1.17776703
122.4	-1.183873064	1.268635405
122.5	-1.052284597	1.363972266
122.6	-0.9108993535	1.46467666
122.7	-0.7591579036	1.571090433
122.8	-0.5965051406	1.682747752
122.9	-0.4224869862	1.797997103
123	-0.2368943394	1.913505731
123.1	-0.03995964175	2.02370305
123.2	0.1673957547	2.120297436
123.3	0.3832779417	2.192162069
123.4	0.6045611994	2.225996945
123.5	0.8267519783	2.208155897
123.6	1.044098202	2.127700661
123.7	1.250040087	1.979991922
123.8	1.437988555	1.769359863
123.9	1.602256702	1.509286833
124	1.738856185	1.219574696
124.1	1.845900236	0.9216133386
124.2	1.923524763	0.6338284088
124.3	1.973437024	0.3689626701
124.4	1.998305686	0.1335759419
124.5	2.001186693	-0.07088912812
124.6	1.985093963	-0.2464304845
124.7	1.952736835	-0.3969062599
124.8	1.906396406	-0.5268692559
124.9	1.84789523	-0.6408513946
125	1.778619964	-0.7430008296
125.1	1.699567857	-0.8369495195
125.2	1.611399214	-0.9258088953
125.3	1.514486995	-1.012225296
125.4	1.408960227	-1.098447605
125.5	1.29473983	-1.186385286
125.6	1.171572417	-1.277633696
125.7	1.039060238	-1.373457971
125.8	0.8966991563	-1.474708755
125.9	0.7439273853	-1.581665888
126	0.5801932848	-1.693765384
126.1	0.4050605006	-1.809215778
126.2	0.2183534234	-1.924495016
126.3	0.02035811119	-2.033785711
126.4	-0.1879219043	-2.128519306
126.5	-0.4044836092	-2.197314968
126.6	-0.6260724772	-2.226735646
126.7	-0.8480636792	-2.20324848
126.8	-1.064601504	-2.116368813
126.9	-1.269085133	-1.962236546
127	-1.454971861	-1.746107392
127.1	-1.616708784	-1.482242869
127.2	-1.750500692	-1.190817512
127.3	-1.854666955	-0.893112772
127.4	-1.929519293	-0.6070873362
127.5	-1.976885235	-0.3448765483
127.6	-1.999494092	-0.1124826905
127.7	-2.00041376	0.08906010953
127.8	-1.982637592	0.2619928868
127.9	-1.948837183	0.4102842155
128	-1.901249501	0.5385096734
128.1	-1.84165344	0.6511753181
128.2	-1.771395812	0.7523824894
128.3	-1.691438975	0.8457114653
128.4	-1.602413424	0.9342263321
128.5	-1.504666936	1.020531576
128.6	-1.398306545	1.106841408
128.7	-1.283235432	1.195033709
128.8	-1.159184176	1.286675639
128.9	-1.025744042	1.382994073
129	-0.8824022408	1.484795947
129.1	-0.7285939962	1.592290102
129.2	-0.5637750822	1.704814598
129.3	-0.3875261249	1.820435361
129.4	-0.1997060208	1.935430733
129.5	-0.0006596394985	2.04373552
129.6	0.2085260295	2.136501888
129.7	0.4257371608	2.202098471
129.8	0.6475885316	2.226976488
129.9	0.8693251456	2.197742981
130	1.084992403	2.104401351
130.1	1.287956029	1.943895591
130.2	1.471728509	1.722406205
130.3	1.630898398	1.454941507
130.4	1.761867092	1.162004146
130.5	1.863158922	0.8647254937
130.6	1.935256728	0.5805731787
130.7	1.980102234	0.3210725366
130.8	2.00048018	0.09167967487
130.9	1.999466578	-0.1069627896
131	1.980032012	-0.2773248914
131.1	1.944809192	-0.4234750774
131.2	1.89599083	-0.5500052821
131.3	1.835312408	-0.6613927464
131.4	1.764081326	-0.7616909587
131.5	1.683225653	-0.8544290812
131.6	1.593346502	-0.9426233658
131.7	1.494766466	-1.028838139
131.8	1.387571802	-1.115252901
131.9	1.271647154	-1.203715759
132	1.14670884	-1.295760918
132.1	1.012335422	-1.392582527
132.2	0.8680071098	-1.494935852
132.3	0.7131581661	-1.602962247
132.4	0.5472497866	-1.715895176
132.5	0.3698827915	-1.831650333
132.6	0.1809537389	-1.946306043
132.7	-0.01913400849	-2.053541649
132.8	-0.2292063306	-2.144230805
132.9	-0.4470352399	-2.206503518
133	-0.6691044231	-2.226711069
133.1	-0.890530395	-2.191634457
133.2	-1.1052644	-2.091799877
133.3	-1.306646638	-1.924977887
133.4	-1.488253826	-1.698270198
133.5	-1.644822975	-1.42740167
133.6	-1.772954865	-1.133153856
133.7	-1.871377114	-0.8364660123
133.8	-1.940738909	-0.5542943333
133.9	-1.983090484	-0.2975535076
134	-2.001266629	-0.07116633672
134.1	-1.99834768	0.1246002598
134.2	-1.977279358	0.2924304252
134.3	-1.940654633	0.4364827779
134.4	-1.890621772	0.5613597818
134.5	-1.82887316	0.6715070164
134.6	-1.756677291	0.7709293301
134.7	-1.674928317	0.8631043749
134.8	-1.584198431	0.951002266
134.9	-1.484785882	1.037146852
135	-1.376755576	1.123683917
135.1	-1.259974963	1.212430092
135.2	-1.134144937	1.304891761
135.3	-0.9988339348	1.402221901
135.4	-0.8535139932	1.50513045
135.5	-0.6976187524	1.613680974
135.6	-0.5306175919	1.72700297
135.7	-0.3521315737	1.84285749
135.8	-0.1620963162	1.957114415
135.9	0.03902178111	2.063196348
136	0.2499597284	2.15169686
136.1	0.4683738694	2.210514538
136.2	0.6906152527	2.225925712
136.3	0.9116737528	2.184915122
136.4	1.125411765	2.078565435
136.5	1.325151978	1.905494574
136.6	1.504544101	1.673718881
136.7	1.658480493	1.399643815
136.8	1.78376386	1.104283788
136.9	1.879323068	0.8083466775
137	1.945968581	0.5282574298
137.1	1.985853047	0.2743213833
137.2	2.001856373	0.05094093237
137.3	1.997059735	-0.1419758402
137.4	1.974381933	-0.3073137622
137.5	1.936375343	-0.4493117157
137.6	1.885143753	-0.5725771994
137.7	1.822336748	-0.6815216091
137.8	1.749184362	-0.7801003724
137.9	1.666547437	-0.8717402796
138	1.574969646	-0.9593650053
138.1	1.474724958	-1.045459491
138.2	1.365858027	-1.132135689
138.3	1.248218286	-1.221180523
138.4	1.121493396	-1.314068101
138.5	0.9852390162	-1.411915254
138.6	0.8389224413	-1.515377304
138.7	0.6819756473	-1.624446164
138.8	0.5138774603	-1.73813548
138.9	0.3342721859	-1.854050837
139	0.1431353428	-1.96784848
139.1	-0.05900235006	-2.072688452
139.2	-0.2707843025	-2.158888083
139.3	-0.4897492922	-2.214121361
139.4	-0.7121159464	-2.224611363
139.5	-0.9327491934	-2.177580357
139.6	-1.145428099	-2.064700524
139.7	-1.343466229	-1.885455435
139.8	-1.520595127	-1.648767614
139.9	-1.671868713	-1.371686935
140	-1.79429379	-1.075411853
140.1	-1.886997921	-0.7803804008
140.2	-1.950947645	-0.5024693207
140.3	-1.988392351	-0.2513780087
140.4	-2.002251937	-0.03100219602
140.5	-1.995605038	0.1590929544
140.6	-1.971341631	0.3219789303
140.7	-1.931972836	0.4619658624
140.8	-1.879557896	0.5836612202
140.9	-1.815703953	0.6914398377
141	-1.741603052	0.7892069753
141.1	-1.658083136	0.8803389112
141.2	-1.56566002	0.9677139147
141.3	-1.464583686	1.053777661
141.4	-1.354878378	1.140609744
141.5	-1.2363772	1.229967179
141.6	-1.108752349	1.323290811
141.7	-0.9715502987	1.421660749
141.8	-0.8242311504	1.525678288
141.9	-0.6662281369	1.63525429
142	-0.4970301782	1.749290789
142.1	-0.3163044477	1.865227132
142.2	-0.1240702586	1.978501396
142.3	0.079073382	2.082009265
142.4	0.2916766041	2.16578965
142.5	0.5111575871	2.217307796
142.6	0.733601317	2.222755425
142.7	0.9537507557	2.169623893
142.8	1.165307492	2.050208434
142.9	1.361584296	1.864874866
143	1.536403234	1.623437582
143.1	1.684985973	1.343552336
143.2	1.804544814	1.046555209
143.3	1.894403414	0.7525786923
143.4	1.955678962	0.4769362247
143.5	1.99071147	0.228724665
143.6	2.002456277	0.01134799458
143.7	1.993986215	-0.1759551361
143.8	1.968160713	-0.3364301469
143.9	1.927448913	-0.4744495376
144	1.873865586	-0.5946157553
144.1	1.808975781	-0.7012649983
144.2	1.733934058	-0.7982521237
144.3	1.649536047	-0.8889029066
144.4	1.556269784	-0.9760506083
144.5	1.454361928	-1.062103446
144.6	1.343817044	-1.149107762
144.7	1.224450483	-1.238790114
144.8	1.095922262	-1.33256152
144.9	0.95776679	-1.431458953
145	0.8094405382	-1.536031518
145.1	0.6503760929	-1.646106329
145.2	0.480074726	-1.760464913
145.3	0.2982291971	-1.876380221
145.4	0.1049032456	-1.989065364
145.5	-0.09923391905	-2.091147785
145.6	-0.3126343981	-2.172393529
145.7	-0.5325946065	-2.220064948
145.8	-0.7550661692	-2.220349995
145.9	-0.9746725032	-2.161043025
146	-1.185043898	-2.035093432
146.1	-1.379500993	-1.843762984
146.2	-1.551964921	-1.597744525
146.3	-1.697830718	-1.315258452
146.4	-1.814517323	-1.017730868
146.5	-1.901541225	-0.7249533048
146.6	-1.960164817	-0.4516635588
146.7	-1.992813164	-0.2063623844
146.8	-2.00247218	0.008023534596
146.9	-1.992205782	0.1925661468
147	-1.964841261	0.3506716423
147.1	-1.922805272	0.4867667711
147.2	-1.868068138	0.6054445009
147.3	-1.80215321	0.711000427
147.4	-1.726178043	0.8072384367
147.5	-1.640906364	0.8974345006
147.6	-1.546799149	0.9843775389
147.7	-1.444059799	1.070438224
147.8	-1.33267337	1.1576307
147.9	-1.212438789	1.247652606
148	-1.083002271	1.341879841
148.1	-0.9438889923	1.441312384
148.2	-0.7945491018	1.546436332
148.3	-0.6344192567	1.656998739
148.4	-0.4630113016	1.7716559
148.5	-0.2800457269	1.887504998
148.6	-0.08563468777	1.999532648
148.7	0.1194814952	2.100093251
148.8	0.333654422	2.178682019
148.9	0.5540561087	2.22237766
149	0.7765049445	2.217383726
149.1	0.9955081119	2.151832893
149.2	1.204631048	2.019360636
149.3	1.397210962	1.822135815
149.4	1.567276522	1.571709425
149.5	1.710401251	1.286826358
149.6	1.824211343	0.9889551214
149.7	1.90841282	0.6975148421
149.8	1.964407606	0.4266568735
149.9	1.994700143	0.1842919678
150	2.00230216	-0.02711472043
150.1	1.990265927	-0.208929528
150.2	1.961385104	-0.3647074854
150.3	1.918043301	-0.4989216319
150.4	1.862166543	-0.6161511017
150.5	1.795236892	-0.7206492541
150.6	1.71833541	-0.8161688163
150.7	1.632194344	-0.9059358976
150.8	1.537247921	-0.9926965139
150.9	1.433677113	-1.078783805
151	1.321447007	-1.166180788
151.1	1.200341374	-1.256553944
151.2	1.069991867	-1.351247777
151.3	0.929915251	-1.451217728
151.4	0.7795573566	-1.556893692
151.5	0.6183564917	-1.667931023
151.6	0.4458395934	-1.782858683
151.7	0.2617555923	-1.898596388
151.8	0.06626506881	-2.009894877
151.9	-0.1398149488	-2.108836426
152	-0.354733671	-2.184648432
152.1	-0.5755378032	-2.224235302
152.2	-0.79791248	-2.213848299
152.3	-1.016251903	-2.141991603
152.4	-1.22406347	-2.003015332
152.5	-1.414709782	-1.800004446
152.6	-1.582335111	-1.545349402
152.7	-1.722696566	-1.258273904
152.8	-1.833627775	-0.9602435786
152.9	-1.915020365	-0.6702734927
153	-1.9684102	-0.4019201007
153.1	-1.99637524	-0.1625132689
153.2	-2.001949053	0.04592797209
153.3	-1.988169199	0.2250492496
153.4	-1.957794336	0.3785420544
153.5	-1.913164694	0.5109182212
153.6	-1.856162122	0.6267392807
153.7	-1.788227788	0.7302146749
153.8	-1.710406728	0.8250457217
153.9	-1.623400325	0.9144097788
154	-1.527616508	1.001009344
154.1	-1.423213556	1.087141945
154.2	-1.310138252	1.174758298
154.3	-1.188157209	1.265496144
154.4	-1.056890928	1.360664854
154.5	-0.9158457943	1.461178398
154.6	-0.7644639011	1.567401072
154.7	-0.6021884297	1.678900518
154.8	-0.4285597084	1.794071739
154.9	-0.2433578019	1.90964832
155	-0.04679632555	2.020144496
155.1	0.1602314703	2.117364943
155.2	0.3758689731	2.1902747
155.3	0.5970352029	2.225623784
155.4	0.819282981	2.209733884
155.5	1.036897438	2.131516368
155.6	1.243334925	1.986065372
155.7	1.431992292	1.777387501
155.8	1.597137539	1.518686257
155.9	1.734715528	1.229622003
156	1.842767129	0.9316116842
156.1	1.921365708	0.6432388297
156.2	1.9721751	0.3774579295
156.3	1.997841441	0.1410264997
156.4	2.00141553	-0.0644661218
156.5	1.9859179	-0.2409291392
156.6	1.954070876	-0.3921795308
156.7	1.908170925	-0.5227606407
156.8	1.850055941	-0.6372126501
156.9	1.78112664	-0.7396998473
157	1.702392574	-0.8338721707
157.1	1.614524589	-0.9228579735
157.2	1.517904644	-1.009318222
157.3	1.412669378	-1.095514089
157.4	1.298746136	-1.183365922
157.5	1.175887073	-1.274479808
157.6	1.043698549	-1.370132729
157.7	0.9016795715	-1.471191532
157.8	0.749269091	-1.577959508
157.9	0.5859137122	-1.689905985
158	0.4111712803	-1.805289315
158.1	0.2248541166	-1.920655036
158.2	0.02722875559	-2.030271871
158.3	-0.1807297228	-2.125668806
158.4	-0.3970569402	-2.195553332
158.5	-0.6185437107	-2.226533246
158.6	-0.840610975	-2.205033567
158.7	-1.057438759	-2.120406787
158.8	-1.262439762	-1.968517079
158.9	-1.449054041	-1.754296359
159	-1.611680925	-1.491737148
159.1	-1.746457239	-1.200888483
159.2	-1.851630309	-0.9030745208
159.3	-1.927450821	-0.6164201195
159.4	-1.975704947	-0.3532736547
159.5	-1.99910134	-0.1198313209
159.6	-2.000704199	0.08273173812
159.7	-1.98351429	0.256573169
159.8	-1.950216568	0.4056240212
159.9	-1.903063467	0.5344527112
160	-1.843849125	0.647574697
160.1	-1.773934247	0.749107795
160.2	-1.694293328	0.8426503309
160.3	-1.605567285	0.9312830733
160.4	-1.508112673	1.017624781
160.5	-1.402044027	1.103902035
160.6	-1.287271034	1.192003351
160.7	-1.163529243	1.283506375
160.8	-1.030414639	1.379650683
160.9	-0.8874163333	1.481259812
161	-0.7339718427	1.588566268
161.1	-0.5695330304	1.700944714
161.2	-0.3936745623	1.816509342
161.3	-0.2062438864	1.9316102
161.4	-0.007564405911	2.040269134
161.5	0.2013066814	2.133735801
161.6	0.4182941636	2.200467206
161.7	0.6400585897	2.226949732
161.8	0.8618905988	2.19973828
161.9	1.077869604	2.108661836
162	1.281372153	1.950380382
162.1	1.465890434	1.730750862
162.2	1.625962703	1.464524117
162.3	1.757921064	1.172093067
162.4	1.860218328	0.874646153
162.5	1.933278012	0.5898257836
162.6	1.979002606	0.3293707309
162.7	2.000158011	0.09892688678
162.8	1.999817771	-0.1007279851
162.9	1.980960748	-0.2719852999
163	1.946233363	-0.4188798789
163.1	1.897843822	-0.5459985616
163.2	1.837542773	-0.6578289952
163.3	1.766651374	-0.7584415711
163.4	1.686109604	-0.8513831644
163.5	1.596528785	-0.9396869234
163.6	1.498240405	-1.025931113
163.7	1.391337828	-1.112307166
163.8	1.275712093	-1.200673424
163.9	1.151084794	-1.292576641
164	1.017038365	-1.389220914
164.1	0.8730561259	-1.491381193
164.2	0.7185717723	-1.599222377
164.3	0.5530450465	-1.712013843
164.4	0.3760697413	-1.827726218
164.5	0.1875283343	-1.942507414
164.6	-0.01219649844	-2.050126833
164.7	-0.2219606143	-2.141556122
164.8	-0.4395769249	-2.205006383
164.9	-0.6615750733	-2.226862381
165	-0.8831162182	-2.193841341
165.1	-1.098183993	-2.096281951
165.2	-1.30012661	-1.931662822
165.3	-1.482497257	-1.706764616
165.4	-1.639980236	-1.437064922
165.5	-1.769106333	-1.143253211
165.6	-1.868532173	-0.8463403487
165.7	-1.938849259	-0.5634635908
165.8	-1.982070551	-0.3057516316
165.9	-2.00101393	-0.07831228745
166	-1.998758633	0.1184578098
166.1	-1.978259272	0.287169636
166.2	-1.942122849	0.4319511947
166.3	-1.892513203	0.5574019796
166.4	-1.831137751	0.6679789586
166.5	-1.759278547	0.7677040305
166.6	-1.67784156	0.8600730466
166.7	-1.587409136	0.9480719771
166.8	-1.4882878	1.034238735
166.9	-1.380550072	1.12073107
167	-1.264069413	1.209377055
167.1	-1.138551992	1.301690978
167.2	-1.003569524	1.398843022
167.3	-0.8585972046	1.501556611
167.4	-0.7030686565	1.609924488
167.5	-0.5364503821	1.723112635
167.6	-0.3583560246	1.838936649
167.7	-0.1687074764	1.953339912
167.8	0.0320512774	2.059835371
167.9	0.2426886982	2.149114668
168	0.4609018484	2.209156161
168.1	0.6830882248	2.226260145
168.2	0.9042818358	2.187336275
168.3	1.118375554	2.0832687
168.4	1.318697262	1.912376603
168.5	1.498870127	1.682357098
168.6	1.653731395	1.409381512
168.7	1.780012837	1.114388248
168.8	1.876573153	0.8181705207
168.9	1.944166959	0.537341332
169	1.984911731	0.2824189439
169.1	2.001672156	0.05798632968
169.2	1.997529499	-0.1359246624
169.3	1.975412215	-0.3021302076
169.4	1.937886967	-0.4448421845
169.5	1.887073115	-0.5686669122
169.6	1.824635184	-0.6780280303
169.7	1.751816617	-0.7768983483
169.8	1.669489854	-0.8687224066
169.9	1.578208492	-0.9564400716
170	1.478254966	-1.042549862
170.1	1.369680994	-1.129175443
170.2	1.252342202	-1.218114187
170.3	1.12593103	-1.310851548
170.4	0.9900072797	-1.408517112
170.5	0.8440402212	-1.511785279
170.6	0.6874618112	-1.620673919
170.7	0.519747924	-1.734236638
170.8	0.340534582	-1.850135348
170.9	0.1497826896	-1.964100874
171	-0.05199973107	-2.06938565
171.1	-0.2634887731	-2.156404174
171.2	-0.4822648795	-2.212906198
171.3	-0.7045931343	-2.225132206
171.4	-0.9253818341	-2.18021757
171.5	-1.138438563	-2.069624063
171.6	-1.337079128	-1.892530312
171.7	-1.515005427	-1.657543367
171.8	-1.667214137	-1.381491648
171.9	-1.790640493	-1.085514749
172	-1.884342782	-0.7901492042
172.1	-1.949233497	-0.5114652723
172.2	-1.987528868	-0.2593741973
172.3	-2.002135368	-0.03794741034
172.4	-1.996132891	0.1531318845
172.5	-1.972421678	0.3168713225
172.6	-1.933527389	0.45755707
172.7	-1.88152485	0.5797972193
172.8	-1.81803601	0.687979642
172.9	-1.744266155	0.7860271865
173	-1.661054678	0.877333849
173.1	-1.568927146	0.9647936538
173.2	-1.468141797	1.050865877
173.3	-1.358730042	1.137641509
173.4	-1.240530746	1.226888225
173.5	-1.113221238	1.320057757
173.6	-0.9763514845	1.418244344
173.7	-0.8293836598	1.522067476
173.8	-0.6717509385	1.631466736
173.9	-0.5029383175	1.745384722
174	-0.3226045215	1.861318366
174.1	-0.1307537983	1.974783106
174.2	0.07203909587	2.078767557
174.3	0.2843576043	2.163407469
174.4	0.5036621734	2.216240682
174.5	0.7260844494	2.223466815
174.6	0.9464098992	2.172479046
174.7	1.158366535	2.055351081
174.8	1.355266408	1.872138344
174.9	1.530898939	1.632344353
175	1.680426437	1.353417432
175.1	1.800989103	1.056650948
175.2	1.891842352	0.7622885476
175.3	1.954051263	0.4858423662
175.4	1.989924758	0.2366192682
175.5	2.002406345	0.01819380947
175.6	1.994571235	-0.1700828822
175.7	1.969289755	-0.3313969299
175.8	1.929045784	-0.4700999572
175.9	1.87586966	-0.5907966603
176	1.811341118	-0.6978369997
176.1	1.736627793	-0.7950935829
176.2	1.652536565	-0.8859096837
176.3	1.559565081	-0.9731343274
176.4	1.457948226	-1.059188873
176.5	1.347697389	-1.146131064
176.6	1.228633913	-1.235697762
176.7	1.100422347	-1.329311892
176.8	0.9626011615	-1.428023586
176.9	0.8146280037	-1.532402473
177	0.6559355196	-1.64230384
177.1	0.4860206989	-1.756552449
177.2	0.3045670514	-1.872480094
177.3	0.1116224032	-1.985379087
177.4	-0.09216858976	-2.087971201
177.5	-0.3052928495	-2.170117533
177.6	-0.5250895888	-2.219149778
177.7	-0.7475571068	-2.221254982
177.8	-0.9673603013	-2.164117294
177.9	-1.178153702	-2.040453613
178	-1.373254204	-1.851210739
178.1	-1.546547304	-1.606776033
178.2	-1.693366756	-1.325176827
178.3	-1.811059092	-1.027813381
178.4	-1.899073697	-0.7346002245
178.5	-1.958622774	-0.4604778579
178.6	-1.992102255	-0.2141550108
178.7	-2.002487912	0.001276384826
178.8	-1.992847122	0.1867813882
178.9	-1.966018585	0.3457113608
179	-1.924443889	0.4824749749
179.1	-1.870108902	0.6016690075
179.2	-1.804551523	0.7076034756
179.3	-1.728902192	0.8041001369
179.4	-1.643935767	0.8944523784
179.5	-1.550122627	0.9814644807
179.6	-1.447674255	1.067520283
179.7	-1.336582561	1.154645067
179.8	-1.216652082	1.244546763
179.9	-1.087533978	1.338613323
180	-0.9487565088	1.437858388
180.1	-0.7997718368	1.542788882
180.2	-0.6400155175	1.653182439
180.3	-0.4689949535	1.767738088
180.4	-0.2864212678	1.8836152
180.5	-0.09238947524	1.995881049
180.6	0.1123858558	2.096985029
180.7	0.3262915202	2.176517236
180.8	0.5465430177	2.221619702
180.9	0.7690055866	2.218486265
181	0.9882266718	2.155127781
181.1	1.197793648	2.024936424
181.2	1.391036963	1.82976239
181.3	1.561946729	1.580858435
181.4	1.706033357	1.296791075
181.5	1.820850457	0.9990189707
181.6	1.906038162	0.7070952239
181.7	1.962950228	0.4353776778
181.8	1.994064006	0.1919825046
181.9	2.002382614	-0.02046538537
182	1.990962741	-0.2032309868
182.1	1.962610007	-0.3598186572
182.2	1.919723116	-0.4946861674
182.3	1.864243586	-0.6124179146
182.4	1.797667886	-0.717282244
182.5	1.721089791	-0.8130497902
182.6	1.635252488	-0.9029640164
182.7	1.540599542	-0.9897860613
182.8	1.437319787	-1.075861877
182.9	1.325385064	-1.16318559
183	1.2045848	-1.253434314
183.1	1.07455517	-1.347963877
183.2	0.934816306	-1.447744929
183.3	0.784815347	-1.553228426
183.4	0.6239896625	-1.66410082
183.5	0.4518612493	-1.778936812
183.6	0.2681686226	-1.894719108
183.7	0.07305481417	-2.006280943
183.8	-0.1326896025	-2.105800705
183.9	-0.3473503175	-2.182598556
184	-0.5680181491	-2.223637803
184.1	-0.7904247328	-2.21515084
184.2	-1.009003383	-2.145507589
184.3	-1.217281026	-2.008804571
184.4	-1.408610362	-1.807805444
184.5	-1.577094269	-1.554609694
184.6	-1.718425136	-1.268278187
184.7	-1.830364003	-0.9702829969
184.8	-1.912737959	-0.6797836965
184.9	-1.967036669	-0.4105457849
185	-1.995812926	-0.1701015944
185.1	-2.002093274	0.0393756021
185.2	-1.988920658	0.2194355461
185.3	-1.95906613	0.3737232204
185.4	-1.914885158	0.5067376977
185.5	-1.858275027	0.6230471364
185.6	-1.790691163	0.7268764825
185.7	-1.713191147	0.8219450721
185.8	-1.626487149	0.9114473594
185.9	-1.530996227	0.9981007463
186	-1.426884474	1.084215473
186.1	-1.314105311	1.171753212
186.2	-1.192430806	1.262362028
186.3	-1.061486074	1.357363615
186.4	-0.9207804346	1.457686737
186.5	-0.769757439	1.563717969
186.6	-0.6078586874	1.675057617
186.7	-0.4346191746	1.790147044
186.8	-0.2498082413	1.905785413
186.9	-0.05362089955	2.01657104
187	0.1530771748	2.114405115
187.1	0.3684664544	2.188344543
187.2	0.5895105852	2.225191867
187.3	0.8118088034	2.211240064
187.4	1.029683943	2.135254364
187.5	1.236609393	1.992065608
187.6	1.425969028	1.785357229
187.7	1.591986673	1.528050754
187.8	1.730540934	1.239659235
187.9	1.839600222	0.9416215942
188	1.919174814	0.6526756583
188.1	1.97088441	0.3859871991
188.2	1.997351953	0.1485127393
188.3	2.001622604	-0.05800976794
188.4	1.986723196	-0.2353989266
188.5	1.955388902	-0.3874291899
188.6	1.909931528	-0.5186336346
188.7	1.852204333	-0.6335602875
188.8	1.783622144	-0.7363894163
188.9	1.705206876	-0.83078894
189	1.617639981	-0.919904211
189.1	1.521312468	-1.006410876
189.2	1.416368606	-1.092582505
189.3	1.302742256	-1.180350323
189.4	1.180191063	-1.27133115
189.5	1.048325639	-1.366813712
189.6	0.9066480982	-1.467680978
189.7	0.7545982693	-1.574259062
189.8	0.5916211221	-1.686050676
189.9	0.417268774	-1.801363098
190	0.2313417916	-1.916808744
190.1	0.03408753057	-2.02674205
190.2	-0.1735472154	-2.122789315
190.3	-0.3896363121	-2.193747144
190.4	-0.6110157318	-2.226270517
190.5	-0.8331523561	-2.20674581
190.6	-1.05026249	-2.124366949
190.7	-1.255773273	-1.974725498
190.8	-1.443108623	-1.76242955
190.9	-1.606621023	-1.501199026
191	-1.74237975	-1.210951836
191.1	-1.848559961	-0.9130495975
191.2	-1.925350758	-0.6257803783
191.3	-1.974496228	-0.3617051829
191.4	-1.998683687	-0.1272155607
191.5	-2.000973187	0.07637037464
191.6	-1.984372618	0.2511250491
191.7	-1.951580161	0.4009407251
191.8	-1.904863687	0.5303778399
191.9	-1.846032614	0.6439608802
192	-1.776461595	0.7458240194
192.1	-1.697137327	0.8395836345
192.2	-1.60871119	0.928337222
192.3	-1.511548577	1.014717958
192.4	-1.405771591	1.100964776
192.5	-1.291296374	1.18897696
192.6	-1.167863666	1.280342454
192.7	-1.035073932	1.376314111
192.8	-0.8924188145	1.477730228
192.9	-0.7393368962	1.584848799
193	-0.575277709	1.697078077
193.1	-0.3998099526	1.812582952
193.2	-0.2127686972	1.927782662
193.3	-0.01445712638	2.036785932
193.4	0.1940968074	2.130940278
193.5	0.4108567076	2.198789662
193.6	0.6325289078	2.226860796
193.7	0.8544495278	2.201659557
193.8	1.070732655	2.112844351
193.9	1.274766617	1.956793957
194	1.460024349	1.739041634
194.1	1.620994658	1.474076431
194.2	1.753940911	1.182176178
194.3	1.857244162	0.8845815961
194.4	1.931267993	0.5991066015
194.5	1.977874849	0.3377035268
194.6	1.99981121	0.1062094988
194.7	2.000147773	-0.09446056725
194.8	1.981871326	-0.2666178627
194.9	1.947641893	-0.4142621225
195	1.899683172	-0.5419744279
195.1	1.839761004	-0.6542524919
195.2	1.769210336	-0.7551834285
195.3	1.688983165	-0.8483320693
195.4	1.599701109	-0.9367482034
195.5	1.501704413	-1.023024207
195.6	1.395093792	-1.109363674
195.7	1.279766745	-1.197635534
195.8	1.155449837	-1.289397502
195.9	1.021729991	-1.385865902
196	0.8780928425	-1.48783317
196.1	0.7239727392	-1.595487922
196.2	0.5588272516	-1.708136475
196.3	0.3822430897	-1.823801403
196.4	0.1940898639	-1.938700923
196.5	-0.005270334482	-2.046693647
196.6	-0.2147240547	-2.138848704
196.7	-0.4321238861	-2.203461143
196.8	-0.6540453729	-2.226950609
196.9	-0.8756947121	-2.195973633
197	-1.091088524	-2.1006864
197.1	-1.293584025	-1.93827844
197.2	-1.476712017	-1.715207771
197.3	-1.635104898	-1.446700978
197.4	-1.765223662	-1.153349555
197.5	-1.865653796	-0.8562312538
197.6	-1.936928548	-0.5726622218
197.7	-1.981022848	-0.3139847747
197.8	-2.000737011	-0.08549357051
197.9	-1.999148738	0.112283227
198	-1.97922133	0.2818814517
198.1	-1.943575684	0.4273975414
198.2	-1.894391191	0.5534272405
198.3	-1.83339036	0.6644385681
198.4	-1.761868863	0.7644704715
198.5	-1.680744538	0.8570367274
198.6	-1.590609829	0.9451396037
198.7	-1.491779872	1.03133112
198.8	-1.38433455	1.117780811
198.9	-1.268153408	1.206327459
199	-1.14294792	1.29849609
199.1	-1.008293628	1.395469892
199.2	-0.8636682706	1.497989533
199.3	-0.7085058617	1.606173761
199.4	-0.5422700178	1.719225627
199.5	-0.3645672443	1.835014564
199.6	-0.1753058204	1.949556785
199.7	0.02509221231	2.056455215
199.8	0.2354264995	2.146499394
199.9	0.45343456	2.207748804
200	0.6755602584	2.226530265
200.1	0.8968819628	2.189682336
200.2	1.111323691	2.087894719
200.3	1.312219523	1.919190216
200.4	1.493167152	1.690945727
200.5	1.648949526	1.419094015
200.6	1.776227755	1.124491628
200.7	1.873790095	0.8280124801
200.8	1.942334671	0.5464553201
200.9	1.983943062	0.2905516946
201	2.001464129	0.06506680135
201.1	1.997978814	-0.1298417576
201.2	1.976424983	-0.296919838
201.3	1.939383493	-0.4403511456
201.4	1.888989272	-0.5647401906
201.5	1.826921829	-0.6745225588
201.6	1.754438066	-0.7736883536
201.7	1.67242209	-0.8656999286
201.8	1.581437479	-0.9535133698
201.9	1.481775156	-1.039640881
202	1.373493975	-1.126217901
202.1	1.256455774	-1.215052315
202.2	1.130357826	-1.307640673
202.3	0.9947640782	-1.405125505
202.4	0.8491458581	-1.50819973
202.5	0.6929352673	-1.616907142
202.6	0.5256052179	-1.730340733
202.7	0.3467837101	-1.846217898
202.8	0.1564173431	-1.960343642
202.9	-0.04500828526	-2.066062233
203	-0.256201706	-2.153885387
203.1	-0.4747846645	-2.211640323
203.2	-0.6970686699	-2.225587347
203.3	-0.9180056787	-2.182778952
203.4	-1.131432497	-2.074470684
203.5	-1.330668206	-1.899538312
203.6	-1.509386137	-1.666271861
203.7	-1.66252646	-1.391273754
203.8	-1.786953042	-1.095618836
203.9	-1.881654581	-0.7999376924
204	-1.947488894	-0.5204921889
204.1	-1.986638303	-0.2674058984
204.2	-2.00199527	-0.04492756072
204.3	-1.996640545	0.1471394506
204.4	-1.973484423	0.3117373336
204.5	-1.935067011	0.4531272206
204.6	-1.88347872	0.5759171988
204.7	-1.820356358	0.6845079163
204.8	-1.746918502	0.7828397446
204.9	-1.664016062	0.8743244288
205	-1.572184398	0.961871843
205.1	-1.471690078	1.047954934
205.2	-1.362571677	1.134676145
205.3	-1.244673898	1.223813786
205.4	-1.117679213	1.316830513
205.5	-0.9811411273	1.414834375
205.6	-0.834524	1.51846313
205.7	-0.677260938	1.627684528
205.8	-0.5088332555	1.741481074
205.9	-0.32889141	1.857407002
206	-0.1374247471	1.971054253
206.1	0.06501581197	2.075504002
206.2	0.2770467302	2.160989175
206.3	0.4961704473	2.215121376
206.4	0.7185652888	2.224111242
206.5	0.9390595182	2.175257828
206.6	1.151408313	2.060417249
206.7	1.348924065	1.87933634
206.8	1.525364602	1.641205996
206.9	1.675833577	1.363262188
207	1.797399254	1.066749928
207.1	1.889248426	0.772019515
207.2	1.952393398	0.4947801818
207.3	1.989111293	0.2445494856
207.4	2.002333209	0.02507434032
207.5	1.995136351	-0.1641796982
207.6	1.970401737	-0.3263378398
207.7	1.930627917	-0.4657298132
207.8	1.877860798	-0.5869619959
207.9	1.813694852	-0.6943978652
208	1.73931084	-0.7919277171
208.1	1.655526958	-0.8829123979
208.2	1.562850526	-0.9702167457
208.3	1.461524672	-1.056275339
208.4	1.351567669	-1.143157394
208.5	1.232806905	-1.232610149
208.6	1.10491146	-1.326068098
208.7	0.9674239137	-1.424594894
208.8	0.8198031926	-1.528779821
208.9	0.6614821285	-1.638506505
209	0.4919534259	-1.752642129
209.1	0.3108916761	-1.868576762
209.2	0.1183291494	-1.98168129
209.3	-0.08511404154	-2.084771405
209.4	-0.2979590685	-2.167803777
209.5	-0.5175877573	-2.218181022
209.6	-0.7400451013	-2.222091905
209.7	-0.9600378302	-2.167114757
209.8	-1.171245497	-2.045737894
209.9	-1.366982328	-1.858594609
210	-1.541099218	-1.615764672
210.1	-1.688869286	-1.335077395
210.2	-1.807566759	-1.037901192
210.3	-1.896573502	-0.7442696132
210.4	-1.957050853	-0.4693245234
210.5	-1.991364935	-0.2219833592
210.6	-2.002480775	-0.005505212841
210.7	-1.993468852	0.1809661511
210.8	-1.967179097	0.3407257206
210.9	-1.926067964	0.4781631138
211	-1.872136878	0.5978783987
211.1	-1.806938335	0.7041957855
211.2	-1.731615726	0.80095486
211.3	-1.646955079	0.8914664627
211.4	-1.553436257	0.9785503801
211.5	-1.45127886	1.064603587
211.6	-1.340481651	1.151662651
211.7	-1.220854918	1.241445699
211.8	-1.092054637	1.335352756
211.9	-0.9536123782	1.434410916
212	-0.8049822581	1.539147873
212.1	-0.6455988682	1.649370939
212.2	-0.4749653986	1.763821926
212.3	-0.2927836815	1.87972156
212.4	-0.09913185945	1.992216936
212.5	0.1053008129	2.093852497
212.6	0.318935972	2.174313309
212.7	0.539032578	2.220806433
212.8	0.7615026262	2.219519415
212.9	0.9809342419	2.158345434
213	1.190937555	2.030436961
213.1	1.384837317	1.837326726
213.2	1.55658608	1.589966883
213.3	1.701631795	1.306740287
213.4	1.81745553	1.009089978
213.5	1.903631083	0.7166993149
213.6	1.961463317	0.4441313639
213.7	1.993401809	0.1997087812
213.8	2.002440526	-0.01378189904
213.9	1.991640239	-0.1975024267
214	1.963818338	-0.3549049896
214.1	1.921388579	-0.4904311427
214.2	1.866307984	-0.6086700635
214.3	1.80008748	-0.7139048816
214.4	1.723833616	-0.8099241127
214.5	1.638300581	-0.8999886403
214.6	1.543941326	-0.9868747839
214.7	1.440952586	-1.072941403
214.8	1.329313009	-1.160193759
214.9	1.208817687	-1.250319611
215	1.079107388	-1.344686015
215.1	0.9397056356	-1.444278753
215.2	0.7900609436	-1.549569426
215.3	0.6296099075	-1.660275285
215.4	0.4578696501	-1.775016254
215.5	0.2745685306	-1.890837253
215.6	0.07983233837	-2.002653518
215.7	-0.1255745493	-2.102739224
215.8	-0.3399739571	-2.180507779
215.9	-0.5605006025	-2.222983463
216	-0.7829326895	-2.216382899
216.1	-1.001743091	-2.148946041
216.2	-1.210479118	-2.014519406
216.3	-1.402484655	-1.815546159
216.4	-1.571822174	-1.563831935
216.5	-1.714119895	-1.278269421
216.6	-1.827066262	-0.9803315419
216.7	-1.910423349	-0.6893188322
216.8	-1.965633911	-0.4192049296
216.9	-1.995224897	-0.1777256852
217	-2.002215283	0.03278940578
217.1	-1.989653087	0.2137922948
217.2	-1.96032159	0.3688800569
217.3	-1.916591455	0.5025381106
217.4	-1.860375426	0.6193407712
217.5	-1.793143239	0.7235283259
217.6	-1.715965076	0.8188381062
217.7	-1.629563957	0.9084817154
217.8	-1.534366113	0.995191565
217.9	-1.430545508	1.081290657
218	-1.318062215	1.168751699
218.1	-1.196693821	1.259232904
218.2	-1.066070072	1.354068482
218.3	-0.9257029885	1.454201076
218.4	-0.7750387713	1.560041463
218.5	-0.6135158521	1.671219309
218.6	-0.4406654075	1.786222814
218.7	-0.2562459586	1.901917344
218.8	-0.06043337054	2.012982865
218.9	0.1459330813	2.111418605
219	0.3610704391	2.186373261
219.1	0.5819874862	2.224702264
219.2	0.8043296695	2.212675174
219.3	1.022457981	2.138914986
219.4	1.229863765	1.997992196
219.5	1.419918997	1.793267727
219.6	1.586804234	1.537379089
219.7	1.726332454	1.249685557
219.8	1.83639951	0.9516425553
219.9	1.916952012	0.6621386196
220	1.969564856	0.3945503295
