0	0.5	1
0.1	0.5991123421	0.9795766164
0.2	0.6953678358	0.9427507531
0.3	0.7871046727	0.8892172602
0.4	0.8726695747	0.8194619182
0.5	0.9504990611	0.7347901469
0.6	1.019197891	0.6372438637
0.7	1.07760456	0.5294101511
0.8	1.124832905	0.414165406
0.9	1.160287023	0.29439313
1	1.18364903	0.1727314906
1.1	1.194844472	0.05138644793
1.2	1.193993151	-0.06797331724
1.3	1.181353444	-0.1842427217
1.4	1.157267397	-0.2968437415
1.5	1.122111642	-0.4056476249
1.6	1.076257305	-0.5108762044
1.7	1.020040171	-0.6129968369
1.8	0.9537412392	-0.7126200899
1.9	0.8775774691	-0.8104019272
2	0.7917019101	-0.9069463521
2.1	0.6962140712	-1.002704278
2.2	0.5911806516	-1.097861951
2.3	0.4766681225	-1.192204155
2.4	0.3527918653	-1.284960005
2.5	0.219778234	-1.374621301
2.6	0.07805042037	-1.458756945
2.7	-0.0716731039	-1.533859382
2.8	-0.2282669115	-1.595289763
2.9	-0.3900880884	-1.637407603
3	-0.5548969765	-1.653992953
3.1	-0.7198334222	-1.639023616
3.2	-0.881488862	-1.587751311
3.3	-1.036093282	-1.49788326
3.4	-1.179810969	-1.37050602
3.5	-1.309099008	-1.210368478
3.6	-1.42105228	-1.025316276
3.7	-1.513653069	-0.824990897
3.8	-1.585870199	-0.6192119642
3.9	-1.637601501	-0.4165383864
4	-1.669497293	-0.2233639109
4.1	-1.682725003	-0.04363616954
4.2	-1.678731841	0.1209303964
4.3	-1.659044452	0.2703705837
4.4	-1.625121648	0.4059162409
4.5	-1.578260119	0.5295051376
4.6	-1.519543601	0.6434066833
4.7	-1.449823349	0.7499681641
4.8	-1.369718802	0.8514586375
4.9	-1.279630264	0.9499797885
5	-1.179758751	1.047414515
5.1	-1.070129064	1.145381566
5.2	-0.9506206212	1.245185631
5.3	-0.8210004892	1.347716713
5.4	-0.6809742128	1.453316868
5.5	-0.5302482363	1.561547783
5.6	-0.3686257568	1.670894476
5.7	-0.1961295907	1.778379293
5.8	-0.01317094361	1.879150671
5.9	0.1792447383	1.966168079
6	0.379297555	2.030185752
6.1	0.584153274	2.060338265
6.2	0.7898657252	2.045572385
6.3	0.9914670184	1.97694415
6.4	1.183313122	1.850307491
6.5	1.359677653	1.668395738
6.6	1.515476518	1.441201275
6.7	1.646921171	1.18417634
6.8	1.751903803	0.9148583786
6.9	1.830022657	0.6492951834
7	1.882295811	0.399552785
7.1	1.910705447	0.1728270172
7.2	1.91772441	-0.02811209478
7.3	1.905927591	-0.2037802917
7.4	1.877726872	-0.3567244905
7.5	1.835222381	-0.4904865656
7.6	1.780141272	-0.6088923234
7.7	1.713832274	-0.7156359699
7.8	1.637290254	-0.8140803386
7.9	1.551193517	-0.9071919095
8	1.455943412	-0.9975460727
8.1	1.351701749	-1.087361335
8.2	1.238425696	-1.178528366
8.3	1.115898347	-1.272616046
8.4	0.983764246	-1.370836492
8.5	0.8415673021	-1.473945643
8.6	0.6888070692	-1.582064148
8.7	0.5250127752	-1.69439752
8.8	0.3498553394	-1.808832945
8.9	0.1633039874	-1.92144944
9	-0.0341683487	-2.025997276
9.1	-0.2413314904	-2.113540917
9.2	-0.455928262	-2.172572846
9.3	-0.6744586123	-2.189994656
9.4	-0.8921179315	-2.153263888
9.5	-1.103003906	-2.053547661
9.6	-1.300655758	-1.888987976
9.7	-1.478864331	-1.666595835
9.8	-1.632546823	-1.401521644
9.9	-1.758409626	-1.113676544
10	-1.85519641	-0.8231274447
10.1	-1.92349566	-0.5461969146
10.2	-1.965249911	-0.2934952888
10.3	-1.983170788	-0.06992479913
10.4	-1.980223144	0.1240925615
10.5	-1.959257002	0.2910152443
10.6	-1.92279263	0.4347764492
10.7	-1.87292652	0.5597887695
10.8	-1.811315999	0.6703536004
10.9	-1.73920674	0.7703740148
11	-1.657478479	0.8632597746
11.1	-1.566694515	0.9519374703
11.2	-1.467147659	1.038903095
11.3	-1.358899601	1.126283512
11.4	-1.241816742	1.215878672
11.5	-1.115600225	1.309172316
11.6	-0.9798209323	1.407287362
11.7	-0.8339593775	1.510883177
11.8	-0.6774609261	1.619946245
11.9	-0.5098191977	1.733490255
12	-0.3306914929	1.849118738
12.1	-0.1400674668	1.962493906
12.2	0.06150834477	2.066800605
12.3	0.2726718902	2.152405344
12.4	0.4909595947	2.207067638
12.5	0.7125979445	2.217132103
12.6	0.932473129	2.169954223
12.7	1.144398104	2.057318314
12.8	1.341728318	1.878750147
12.9	1.518236555	1.643114063
13	1.669007558	1.367312873
13.1	1.79106171	1.072359355
13.2	1.883522137	0.7785259192
13.3	1.947337118	0.5015844138
13.4	1.98473073	0.2511983502
13.5	1.998597089	0.03127973084
13.6	1.991992086	-0.1585624193
13.7	1.967787795	-0.3213486107
13.8	1.928482402	-0.4613423744
13.9	1.876126437	-0.5831143356
14	1.812321465	-0.6910127217
14.1	1.738256168	-0.7889249218
14.2	1.654756656	-0.8802157637
14.3	1.562337587	-0.967756239
14.4	1.461248513	-1.053988516
14.5	1.351513922	-1.140988624
14.6	1.23296613	-1.230511209
14.7	1.105279281	-1.323993784
14.8	0.9679992778	-1.422510165
14.9	0.8205888802	-1.526650851
15	0.6624839487	-1.636315255
15.1	0.4931775288	-1.750379686
15.2	0.3123452027	-1.866254898
15.3	0.1200168376	-1.979341431
15.4	-0.08319488481	-2.082490202
15.5	-0.2958198849	-2.165703134
15.6	-0.5152540929	-2.21642518
15.7	-0.7375607574	-2.220868776
15.8	-0.9574654109	-2.166605047
15.9	-1.168663269	-2.046066492
16	-1.364476377	-1.859786055
16.1	-1.538752191	-1.617724448
16.2	-1.68674895	-1.337612113
16.3	-1.805718484	-1.04076693
16.4	-1.895018291	-0.7472303147
16.5	-1.955788357	-0.4721937407
16.6	-1.990379561	-0.2246401655
16.7	-2.001747771	-0.007890092364
16.8	-1.992960047	0.1788658087
16.9	-1.966866739	0.3388926833
17	-1.925926879	0.4765645622
17.1	-1.872145536	0.5964753798
17.2	-1.807079165	0.7029490733
17.3	-1.731874969	0.7998278186
17.4	-1.647322363	0.8904262409
17.5	-1.55390442	0.9775685973
17.6	-1.451843494	1.063654757
17.7	-1.341140142	1.150725392
17.8	-1.221607878	1.240501349
17.9	-1.092902586	1.334385256
18	-0.9545589282	1.433408067
18.1	-0.8060311023	1.538104346
18.2	-0.6467539817	1.648284141
18.3	-0.4762313532	1.762703005
18.4	-0.2941621645	1.878595383
18.5	-0.1006210087	1.991126298
18.6	0.1037067003	2.092865749
18.7	0.3172518118	2.173522066
18.8	0.5372837865	2.220321593
18.9	0.7597257204	2.219458052
19	0.979176539	2.158801262
19.1	1.189253363	2.031450763
19.2	1.383281347	1.838864863
19.3	1.555205776	1.591920549
19.4	1.70046103	1.308949167
19.5	1.816511283	1.011382873
19.6	1.902914082	0.7189290272
19.7	1.960961724	0.4461956077
19.8	1.993095847	0.2015540389
19.9	2.002307438	-0.01216930632
20	1.991657253	-0.196109662
20.1	1.96396474	-0.3537045134
20.2	1.921646802	-0.489389491
20.3	1.866663847	-0.6077535515
20.4	1.800530047	-0.7130823153
20.5	1.724354879	-0.809167988
20.6	1.638895196	-0.8992753089
20.7	1.544606035	-0.9861834516
20.8	1.441685892	-1.07225505
20.9	1.330115646	-1.159497128
21	1.209690459	-1.249600218
21.1	1.080054154	-1.343934389
21.2	0.9407293142	-1.443488511
21.3	0.7911657244	-1.548736518
21.4	0.6308001727	-1.659406524
21.5	0.4591476858	-1.774124904
21.6	0.2759357029	-1.889950386
21.7	0.08128679306	-2.001817663
21.8	-0.1240420693	-2.102020139
21.9	-0.3383793474	-2.179993774
22	-0.5588690037	-2.222777551
22.1	-0.7812999806	-2.216583741
22.2	-1.000153956	-2.149626634
22.3	-1.208983078	-2.015699922
22.4	-1.40112986	-1.817176738
22.5	-1.570648427	-1.565797346
22.6	-1.713153116	-1.280416357
22.7	-1.826316596	-0.9825038812
22.8	-1.909886696	-0.6913900274
22.9	-1.96529566	-0.4210932391
23	-1.995064708	-0.1793933522
23.1	-2.002210575	0.03134548569
23.2	-1.989782305	0.2125530261
23.3	-1.960565737	0.3678154747
23.4	-1.91693471	0.5016148784
23.5	-1.860805292	0.6185264828
23.6	-1.793650326	0.7227937805
23.7	-1.716542739	0.8181578405
23.8	-1.630207806	0.9078337802
23.9	-1.53507387	0.9945578471
24	-1.431316782	1.080654959
24.1	-1.3188974	1.168101023
24.2	-1.197595911	1.25855605
24.3	-1.067040999	1.353356477
24.4	-0.9267475618	1.4534487
24.5	-0.776160227	1.559248444
24.6	-0.6147184132	1.670390699
24.7	-0.4419521908	1.785375465
24.8	-0.2576171299	1.901080764
24.9	-0.06188540529	2.012204349
25	0.144408455	2.110766638
25.1	0.3594904199	2.185934909
25.2	0.5803785931	2.224577885
25.3	0.80272819	2.212960817
25.4	1.020908564	2.139676472
25.5	1.228415056	1.999240104
25.6	1.418617252	1.794943966
25.7	1.585686653	1.539363476
25.8	1.725422348	1.251824377
25.9	1.835704668	0.9537850792
26	1.916466494	0.6641654944
26.1	1.969273004	0.3963869437
26.2	1.996717851	0.1576496794
26.3	2.001838943	-0.05012549409
26.4	1.987670134	-0.2286448094
26.5	1.956961984	-0.3816288782
26.6	1.912044887	-0.5135971733
26.7	1.854790763	-0.629106693
26.8	1.786631622	-0.7323567669
26.9	1.708604454	-0.8270371549
27	1.621403774	-0.9163141621
27.1	1.525431567	-1.002880682
27.2	1.420841175	-1.089026286
27.3	1.307575185	-1.176694605
27.4	1.185396429	-1.267515966
27.5	1.053923022	-1.36279369
27.6	0.9126585817	-1.463429271
27.7	0.7610459373	-1.569775952
27.8	0.5985272363	-1.681377638
27.9	0.424647724	-1.796598712
28	0.2391947208	-1.91213244
28.1	0.04239262918	-2.022436741
28.2	-0.1648465388	-2.11925526
28.3	-0.3806417799	-2.19149469
28.4	-0.6018837173	-2.225869702
28.5	-0.8240953241	-2.208723937
28.6	-1.041537591	-2.129065217
28.7	-1.247656427	-1.982158833
28.8	-1.435857688	-1.772219785
28.9	-1.600438279	-1.512632928
29	-1.737386045	-1.223149325
29.1	-1.844788443	-0.9251686641
29.2	-1.922759184	-0.6371730977
29.3	-1.972990241	-0.3719810554
29.4	-1.998142305	-0.1362227312
29.5	-2.001269552	0.06860761459
29.6	-1.985388192	0.2444763587
29.7	-1.953212274	0.3952270533
29.8	-1.907028344	0.5254093793
29.9	-1.848664405	0.6395581973
30	-1.77951212	0.7418274043
30.1	-1.700573061	0.8358551585
30.2	-1.612511301	0.9247593776
30.3	-1.515703166	1.011191096
30.4	-1.410279982	1.097403823
30.5	-1.296165464	1.185310306
30.6	-1.173107551	1.276511505
30.7	-1.04071073	1.37227405
30.8	-0.8984716315	1.473457518
30.9	-0.7458279913	1.580346809
31	-0.582228993	1.692391581
31.1	-0.4072352227	1.807819489
31.2	-0.2206663201	1.92312994
31.3	-0.02280262079	2.032537943
31.4	0.1853630267	2.127509206
31.5	0.4018417909	2.196692163
31.6	0.6233949949	2.226669346
31.7	0.8454139938	2.203890682
31.8	1.062055802	2.117813062
31.9	1.26672429	1.964478128
32	1.452870435	1.749026442
32.1	1.614924279	1.485622968
32.2	1.749066444	1.194399445
32.3	1.853590729	0.896653545
32.4	1.928787176	0.6104029751
32.5	1.976468594	0.3478587684
32.6	1.999357084	0.1150918847
32.7	2.000519292	-0.0868133197
32.8	1.982951277	-0.2600686978
32.9	1.949329336	-0.408629573
33	1.901895968	-0.5370689546
33.1	1.84243548	-0.6498963283
33.2	1.772299605	-0.7512188945
33.3	1.692455059	-0.8446235763
33.4	1.603536024	-0.9331798698
33.5	1.505893199	-1.019497825
33.6	1.399636709	-1.105795789
33.7	1.28467152	-1.193956181
33.8	1.1607307	-1.285547682
33.9	1.027406126	-1.381804809
34	0.884186424	-1.483537271
34.1	0.7305078712	-1.590965185
34.2	0.5658239585	-1.703438329
34.3	0.3897137657	-1.819039017
34.4	0.2020324801	-1.93407285
34.5	0.003116367957	-2.042504456
34.6	-0.2059579006	-2.135521122
34.7	-0.4230898675	-2.201524158
34.8	-0.6449108715	-2.226974457
34.9	-0.8666821571	-2.198461159
35	-1.082461101	-2.105925288
35.1	-1.285617191	-1.946209453
35.2	-1.46965561	-1.72537913
35.3	-1.629146899	-1.45835228
35.4	-1.760467724	-1.165592459
35.5	-1.862116991	-0.8682516388
35.6	-1.934556545	-0.5838602191
35.7	-1.979714309	-0.3240194269
35.8	-2.000368341	-0.0942528105
35.9	-1.999593803	0.104749407
36	-1.980364262	0.2754292749
36.1	-1.94531734	0.421843547
36.2	-1.896651242	0.5485824366
36.3	-1.836106845	0.6601269042
36.4	-1.764996449	0.7605364894
36.5	-1.684252308	0.8533464566
36.6	-1.594479161	0.9415794422
36.7	-1.496002915	1.02780439
36.8	-1.388912042	1.114205187
36.9	-1.273093803	1.20263297
37	-1.148265929	1.294628228
37.1	-1.014009035	1.391386148
37.2	-0.8698040282	1.493671506
37.3	-0.7150844656	1.601631787
37.4	-0.5493120544	1.714514189
37.5	-0.3720845277	1.830255252
37.6	-0.1832929016	1.944956246
37.7	0.01666591524	2.052329784
37.8	0.2266287266	2.143284185
37.9	0.4443825241	2.205976087
38	0.6664271485	2.226771604
38.1	0.887894897	2.19242742
38.2	1.102748505	2.093402392
38.3	1.304330886	1.927362967
38.4	1.486210218	1.701296887
38.5	1.643104713	1.43084083
38.6	1.771590293	1.136745122
38.7	1.870369349	0.8399751277
38.8	1.940070597	0.5575512736
38.9	1.982731014	0.3004645714
39	2.001179534	0.07370325387
39.1	1.998496192	-0.1224197489
39.2	1.977629844	-0.2905629114
39.3	1.941178464	-0.4348739483
39.4	1.891295871	-0.5599543877
39.5	1.829679785	-0.6702538964
39.6	1.757603496	-0.7697833613
39.7	1.675965395	-0.8620271095
39.8	1.58534129	-0.9499605089
39.9	1.486032197	-1.03611269
40	1.378106031	-1.122633549
40.1	1.261432049	-1.21134452
40.2	1.135713481	-1.303752728
40.3	1.000519165	-1.40102022
40.4	0.8553228989	-1.503858562
40.5	0.6995581424	-1.612344692
40.6	0.5326930484	-1.725619247
40.7	0.3543463296	-1.841463269
40.8	0.1644487105	-1.955773245
40.9	-0.03654188773	-2.062003188
41	-0.2473733576	-2.15078244
41.1	-0.4657164156	-2.210037368
41.2	-0.6879388738	-2.226052184
41.3	-0.9090462048	-2.185784725
41.4	-1.122911551	-2.080246664
41.5	-1.32285936	-1.907949406
41.6	-1.502529812	-1.676795909
41.7	-1.656795506	-1.403109141
41.8	-1.782433914	-1.107876869
41.9	-1.878348982	-0.8118378041
42	-1.945331386	-0.5314841031
42.1	-1.985521396	-0.2771967223
42.2	-2.001793541	-0.05344218502
42.3	-1.997229065	0.1398277591
42.4	-1.974750241	0.3054736095
42.5	-1.936914537	0.4477248491
42.6	-1.885831272	0.5711886167
42.7	-1.823155346	0.6802806922
42.8	-1.750121558	0.7789627035
42.9	-1.667594834	0.8706676339
43	-1.576122399	0.9583251682
43.1	-1.475981292	1.04442477
43.2	-1.367218462	1.131082764
43.3	-1.249685912	1.220089322
43.4	-1.123072284	1.31292373
43.5	-0.9869358538	1.410705374
43.6	-0.8407434563	1.514099869
43.7	-0.6839278499	1.623103601
43.8	-0.515966714	1.736749076
43.9	-0.336500445	1.852659208
44	-0.1455001293	1.966517153
44.1	0.05651080559	2.07151681
44.2	0.2681889601	2.158008016
44.3	0.4870874734	2.213694191
44.4	0.7094411348	2.224803634
44.5	0.9301304915	2.178526514
44.6	1.142944672	2.066460134
44.7	1.341197865	1.887979561
44.8	1.518610945	1.651894396
44.9	1.670217457	1.375176374
45	1.792998671	1.079004103
45.1	1.88605764	0.7838516632
45.2	1.950341735	0.50566461
45.3	1.988088495	0.2542172488
45.4	2.002213238	0.03346774581
45.5	1.995795094	-0.1569768567
45.6	1.971727718	-0.3201657578
45.7	1.932527369	-0.460400603
45.8	1.880258857	-0.5822890919
45.9	1.816534578	-0.6902107477
46	1.742551282	-0.7880771995
46.1	1.659141034	-0.8792709083
46.2	1.566822936	-0.9666755608
46.3	1.465850021	-1.052742265
46.4	1.356249305	-1.139554009
46.5	1.237855104	-1.228871468
46.6	1.110342878	-1.322140771
46.7	0.9732587994	-1.420445355
46.8	0.8260648812	-1.524393001
46.9	0.6681936335	-1.633907509
47	0.499132319	-1.747901512
47.1	0.3185462714	-1.863837167
47.2	0.1264487156	-1.97718038
47.3	-0.07657092966	-2.080858722
47.4	-0.2890733198	-2.164947397
47.5	-0.5084918884	-2.216935414
47.6	-0.730928684	-2.223016833
47.7	-0.9511415194	-2.170648383
47.8	-1.162841292	-2.052045967
47.9	-1.359340475	-1.867464665
48	-1.534449413	-1.62660927
48.1	-1.683368498	-1.347062393
48.2	-1.803284386	-1.050144924
48.3	-1.893496479	-0.756029096
48.4	-1.955103545	-0.4800995078
48.5	-1.990434781	-0.2315279129
48.6	-2.002441199	-0.01377836854
48.7	-1.994196536	0.1738706051
48.8	-1.968564153	0.3346433347
48.9	-1.928018452	0.4729051917
49	-1.874579718	0.5932594878
49.1	-1.809818229	0.7000473367
49.2	-1.734893174	0.7971297777
49.3	-1.650604125	0.8878389437
49.4	-1.5574427	0.9750138977
49.5	-1.45563839	1.061066849
49.6	-1.345197852	1.148048878
49.7	-1.225939599	1.23769061
49.8	-1.097523604	1.331405093
49.9	-0.9594874162	1.43023717
50	-0.811286363	1.53474029
50.1	-0.6523544175	1.644753271
50.2	-0.4821905832	1.759073576
50.3	-0.3004842357	1.874993725
50.4	-0.1072937946	1.987755843
50.5	0.09672027069	2.090020893
50.6	0.3100229103	2.171587679
50.7	0.5299255462	2.21974529
50.8	0.7523963601	2.22067936
50.9	0.9720735153	2.162144753
51	1.182595843	2.037008106
51.1	1.377282525	1.846418972
51.2	1.550041909	1.600961139
51.3	1.696247151	1.318787407
51.4	1.813291432	1.021315405
51.5	1.900667461	0.7283810065
51.6	1.959619851	0.4547941516
51.7	1.992563333	0.2091292808
51.8	2.002480315	-0.005628257508
51.9	1.992436007	-0.1905125926
52	1.965261762	-0.3489106889
52.1	1.923389542	-0.4852429299
52.2	1.868795208	-0.6041036815
52.3	1.803007278	-0.7097937092
52.4	1.727147875	-0.8061232937
52.5	1.641984705	-0.8963745102
52.6	1.547982008	-0.983341771
52.7	1.445346135	-1.069400517
52.8	1.334064567	-1.156568826
52.9	1.213938057	-1.246547303
53	1.084614951	-1.340717896
53.1	0.9456210434	-1.440083346
53.2	0.7964077316	-1.54513851
53.3	0.6364106712	-1.655641448
53.4	0.4651403365	-1.770262501
53.5	0.2823143645	-1.88612218
53.6	0.08803808091	-1.998235491
53.7	-0.1169573139	-2.098990796
53.8	-0.3310355881	-2.177917324
53.9	-0.551384324	-2.2221151
54	-0.7738387807	-2.217784121
54.1	-0.9929202707	-2.153013563
54.2	-1.202201953	-2.021351849
54.3	-1.395018566	-1.824854308
54.4	-1.565384907	-1.574966852
54.5	-1.708851993	-1.290371239
54.6	-1.823020192	-0.9925328384
54.7	-1.907572142	-0.7009187362
54.8	-1.963892739	-0.4297540038
54.9	-1.994476897	-0.1870224756
55	-2.002333344	0.02475424369
55.1	-1.990515907	0.2069066882
55.2	-1.961822548	0.36297195
55.3	-1.918642251	0.4974178074
55.4	-1.862906547	0.6148253241
55.5	-1.796102614	0.7194532033
55.6	-1.719316015	0.8150604672
55.7	-1.633282888	0.9048795623
55.8	-1.538440838	0.9916617314
55.9	-1.434973503	1.077744668
56	-1.322848467	1.165115288
56.1	-1.201851468	1.255444247
56.2	-1.071615723	1.350079288
56.3	-0.9316593854	1.44998224
56.4	-0.781428323	1.555589729
56.5	-0.6203610265	1.666568332
56.6	-0.4479823627	1.781464126
56.7	-0.2640373989	1.897218273
56.8	-0.06868068882	2.008611457
56.9	0.1372801028	2.107760163
57	0.3521074776	2.183923854
57.1	0.5728637324	2.224028989
57.2	0.7952504922	2.214319292
57.3	1.013675846	2.143250565
57.4	1.221654033	2.005082406
57.5	1.412543987	1.802785525
57.6	1.580475166	1.548646632
57.7	1.721181603	1.261832634
57.8	1.832471129	0.9638122297
57.9	1.914212486	0.6736521944
58	1.967925188	0.4049833374
58.1	1.996178231	0.1652074057
58.2	2.002002864	-0.04360196553
58.3	1.988438571	-0.2230565056
58.4	1.958248417	-0.3768313683
58.5	1.913778063	-0.5094339042
58.6	1.856914845	-0.6254280575
58.7	1.789104995	-0.7290288087
58.8	1.711397994	-0.8239439354
58.9	1.624499095	-0.9133567807
59	1.52881938	-0.9999751439
59.1	1.424519979	-1.086101183
59.2	1.311550043	-1.173689567
59.3	1.189677916	-1.264380607
59.4	1.058526175	-1.359490563
59.5	0.9176015219	-1.459935213
59.6	0.7663478949	-1.566091252
59.7	0.6042059959	-1.677533876
59.8	0.4307158313	-1.792675712
59.9	0.2456533401	-1.908275506
60	0.04922431412	-2.018875342
60.1	-0.1576865573	-2.116315918
60.2	-0.3732359938	-2.189594644
60.3	-0.5943594112	-2.225477735
60.4	-0.8166259261	-2.210278258
60.5	-1.03433395	-2.132854823
60.6	-1.240945829	-1.98820718
60.7	-1.429853694	-1.780227113
60.8	-1.595309658	-1.52201962
60.9	-1.733235069	-1.233192071
61	-1.841644993	-0.9351698704
61.1	-1.920590361	-0.6465914647
61.2	-1.971719496	-0.3804868406
61.3	-1.997670309	-0.1436844226
61.4	-2.00149173	0.06217414499
61.5	-1.98620645	0.2389660402
61.6	-1.954541444	0.3904930889
61.7	-1.908798632	0.5212952366
61.8	-1.850821361	0.6359154983
61.9	-1.782015358	0.7385238175
62	-1.703394531	0.8327764035
62.1	-1.615633543	0.9218080778
62.2	-1.519117672	1.008284418
62.3	-1.413985868	1.094471489
62.4	-1.300168456	1.182292757
62.5	-1.177418515	1.273359791
62.6	-1.045345284	1.368951483
62.7	-0.9034478936	1.469943168
62.8	-0.7511653187	1.576642693
62.9	-0.5879449287	1.68853421
63	-0.4133412124	1.803893612
63.1	-0.2271622543	1.919288089
63.2	-0.02966913301	2.029018865
63.3	0.1781743749	2.124648395
63.4	0.394417481	2.194914935
63.5	0.615866724	2.226445928
63.6	0.8379594124	2.205650247
63.7	1.054888504	2.121823681
63.8	1.260071684	1.970733387
63.9	1.446943101	1.757195895
64	1.609885371	1.495106042
64.1	1.74501123	1.204467853
64.2	1.850542408	0.9066198951
64.3	1.926707769	0.619745314
64.4	1.975278469	0.3562678872
64.5	1.998955748	0.1224529091
64.6	2.000802331	-0.08047352423
64.7	1.983821644	-0.2546391296
64.8	1.950703285	-0.4039613973
64.9	1.903705199	-0.5330058383
65	1.84462696	-0.646291198
65.1	1.774834218	-0.7479411522
65.2	1.695305848	-0.8415606118
65.3	1.60668642	-0.9302357736
65.4	1.509335506	-1.016591178
65.5	1.403370765	-1.102857259
65.6	1.288703457	-1.190927268
65.7	1.165072139	-1.28238058
65.8	1.03207268	-1.378463963
65.9	0.8891966747	-1.480003602
66	0.7358810242	-1.587243987
66.1	0.5715770823	-1.699569256
66.2	0.3958577429	-1.815112903
66.3	0.2085655973	-1.930249937
66.4	0.01001657662	-2.039032377
66.5	-0.1987419617	-2.132745265
66.6	-0.4156488161	-2.19987627
66.7	-0.6373810847	-2.22692524
66.8	-0.8592453818	-2.200429915
66.9	-1.075333392	-2.110157943
67	-1.279025761	-1.95266885
67.1	-1.463807708	-1.733704722
67.2	-1.624199757	-1.467924022
67.3	-1.756509607	-1.175679057
67.4	-1.859164522	-0.8781773935
67.5	-1.932566787	-0.5931226674
67.6	-1.978604736	-0.3323297635
67.7	-2.000037426	-0.1015124716
67.8	-1.999937474	0.09850307027
67.9	-1.981286547	0.2700798872
68	-1.946735943	0.4172404155
68.1	-1.898499372	0.5445695947
68.2	-1.83833288	0.656558682
68.3	-1.767562519	0.757284
68.4	-1.687132528	0.850298802
68.5	-1.597657908	0.9386422555
68.6	-1.499473265	1.024897382
68.7	-1.392674426	1.111260243
68.8	-1.277155096	1.199592526
68.9	-1.152637878	1.291445505
69	-1.018707971	1.388026595
69.1	-0.8748481801	1.490119114
69.2	-0.7204938084	1.59789316
69.3	-0.5551028774	1.710635239
69.4	-0.3782662136	1.826330963
69.5	-0.1898628415	1.941154745
69.6	0.009731972774	2.048908155
69.7	0.2193862077	2.140595975
69.8	0.4369262012	2.20446187
69.9	0.6588976367	2.226901059
70	0.8804780114	2.194608113
70.1	1.095662584	2.097857112
70.2	1.297802641	1.934023846
70.3	1.48044332	1.70977351
70.4	1.638250406	1.440495166
70.5	1.767729656	1.146844102
70.6	1.867512508	0.8498555923
70.7	1.938169879	0.5667312755
70.8	1.981701254	0.308675301
70.9	2.000918323	0.08086181033
71	1.99889979	-0.1162659521
71.1	1.978603471	-0.2852923554
71.2	1.942641279	-0.4303345204
71.3	1.89318258	-0.55599058
71.4	1.831940166	-0.6667214696
71.5	1.760200938	-0.7665552429
71.6	1.678875078	-0.8589939323
71.7	1.588548405	-0.9470294279
71.8	1.489530707	-1.033204891
71.9	1.381897048	-1.119681781
72	1.26552269	-1.208291827
72.1	1.140116519	-1.30055461
72.2	1.005250579	-1.397642719
72.3	0.8604020418	-1.500287136
72.4	0.7050035556	-1.60859075
72.5	0.5385210654	-1.721729785
72.6	0.360566428	-1.837541879
72.7	0.171055508	-1.951995658
72.8	-0.02957567624	-2.058635704
72.9	-0.2401054462	-2.148189431
73	-0.4582459643	-2.208662212
73.1	-0.6804114922	-2.226363934
73.2	-0.9016514912	-2.188179424
73.3	-1.11586985	-2.0849226
73.4	-1.316396573	-1.914806745
73.5	-1.496845619	-1.685416115
73.6	-1.652034792	-1.412837624
73.7	-1.778670851	-1.117980891
73.8	-1.875587371	-0.8216681999
73.9	-1.94351894	-0.5405786156
74	-1.984570429	-0.2853067582
74.1	-2.001600918	-0.06050004285
74.2	-1.997691646	0.1337652918
74.3	-1.975774368	0.30028059
74.4	-1.938420862	0.4432477023
74.5	-1.887756014	0.567272508
74.6	-1.825449665	0.6767829156
74.7	-1.752750023	0.7757577729
74.8	-1.670533663	0.8676482051
74.9	-1.57935787	0.955399687
75	-1.479507852	1.041515291
75.1	-1.371037908	1.128123413
75.2	-1.253806339	1.217025517
75.3	-1.127506368	1.309708807
75.4	-0.9917001552	1.407310434
75.5	-0.8458569055	1.510509721
75.6	-0.6894096039	1.619333175
75.7	-0.5218324649	1.73285136
75.8	-0.3427580179	1.848742772
75.9	-0.1521431134	1.962765925
76	0.04951205899	2.068206251
76.1	0.2608964045	2.155511101
76.2	0.4796044877	2.212461023
76.3	0.7019176118	2.225301206
76.4	0.9227598401	2.181136771
76.5	1.135949058	2.071356325
76.6	1.334802083	1.895030696
76.7	1.51301055	1.660653387
76.8	1.665550991	1.384973292
76.9	1.789333122	1.089107758
77	1.883390623	0.7936276773
77.1	1.948616633	0.5146717874
77.2	1.987215311	0.2622262333
77.3	2.002088257	0.04042548333
77.4	1.996315715	-0.1510045832
77.5	1.972801572	-0.3150486993
77.6	1.93407658	-0.4559842658
77.7	1.882221128	-0.5784193496
77.8	1.818862446	-0.6867464208
77.9	1.745210546	-0.7848946764
78	1.66210894	-0.8762642219
78.1	1.570086509	-0.9637547426
78.2	1.469404655	-1.04983076
78.3	1.36009736	-1.136586821
78.4	1.242004999	-1.225793929
78.5	1.114807828	-1.318909847
78.6	0.9780558677	-1.417030954
78.7	0.8312131423	-1.520784693
78.8	0.6737117755	-1.630121864
78.9	0.50503577	-1.743996056
79	0.3248417973	-1.859927489
79.1	0.1331277247	-1.973458235
79.2	-0.06954062754	-2.077609375
79.3	-0.2817571626	-2.16255276
79.4	-0.5009977395	-2.215849675
79.5	-0.7234109877	-2.223704252
79.6	-0.9437972849	-2.17347633
79.7	-1.155894227	-2.057161372
79.8	-1.353013932	-1.874704711
79.9	-1.528934443	-1.635499915
80	-1.678797093	-1.35692013
80.1	-1.799716541	-1.060241774
80.2	-1.890923752	-0.7657465039
80.3	-1.953465146	-0.4890168682
80.4	-1.98963856	-0.2394351156
80.5	-2.002383014	-0.02063653654
80.6	-1.994774489	0.1679873522
80.7	-1.969687132	0.3296009485
80.8	-1.929610085	0.4685483133
80.9	-1.876579196	0.5894348683
81	-1.812179442	0.6966153845
81.1	-1.737583103	0.7939686154
81.2	-1.653601042	0.8848443287
81.3	-1.560734522	0.972097146
81.4	-1.459221151	1.058152646
81.5	-1.349074658	1.145073221
81.6	-1.230119267	1.234600128
81.7	-1.102019899	1.328157416
81.8	-0.9643175912	1.426804429
81.9	-0.8164694731	1.531113417
82	-0.6579093178	1.640952676
82.1	-0.4881318093	1.755161892
82.2	-0.3068173363	1.871092413
82.3	-0.1140086505	1.984065418
82.4	0.08965877974	2.086835856
82.5	0.3026841304	2.169298164
82.6	0.5224216558	2.218811199
82.7	0.7448862196	2.221560197
82.8	0.9647576313	2.165191775
82.9	1.17569921	2.042341305
83	1.371026784	1.853843935
83.1	1.544613437	1.609977337
83.2	1.691771265	1.328699582
83.3	1.809821073	1.031399928
83.4	1.898188308	0.7380359886
83.5	1.958067163	0.4636200291
83.6	1.991843033	0.2169346324
83.7	2.002487925	0.001131141459
83.8	1.993070379	-0.1847170172
83.9	1.966433112	-0.3439414074
84	1.925022993	-0.4809440112
84.1	1.870831428	-0.6003228284
84.2	1.805401498	-0.7063929561
84.3	1.729868254	-0.8029825373
84.4	1.64501051	-0.8933910227
84.5	1.551301965	-0.9804283671
84.6	1.448957101	-1.066483016
84.7	1.337970138	-1.153584352
84.8	1.218147677	-1.243443029
84.9	1.089142651	-1.337453417
85	0.950484277	-1.436630702
85.1	0.8016262101	-1.541494145
85.2	0.6420021155	-1.651826527
85.3	0.4711195949	-1.766344922
85.4	0.2886854736	-1.882231398
85.5	0.09478809549	-1.994579536
85.6	-0.109865454	-2.095874499
85.7	-0.3236750351	-2.175739282
85.8	-0.5438720916	-2.221336835
85.9	-0.7663381068	-2.218861503
86	-0.9856349553	-2.156280854
86.1	-1.195358024	-2.026900806
86.2	-1.388835571	-1.832458738
86.3	-1.560044178	-1.584101642
86.4	-1.704472135	-1.300330282
86.5	-1.819647261	-1.002599114
86.6	-1.905186067	-0.7105075583
86.7	-1.96242502	-0.4384864144
86.8	-1.993831556	-0.1947256228
86.9	-2.002405835	0.01809273561
87	-1.991205925	0.2011974519
87.1	-1.963041619	0.3580743289
87.2	-1.920317025	0.4931754064
87.3	-1.864979158	0.6110869379
87.4	-1.798529609	0.7160824843
87.5	-1.722066686	0.8119390599
87.6	-1.636337548	0.9019065368
87.7	-1.541789061	0.9887508599
87.8	-1.438612634	1.074823271
87.9	-1.326783156	1.1621211
88	-1.206090923	1.25232624
88.1	-1.076175307	1.346797392
88.2	-0.9365563443	1.446512362
88.3	-0.7866818803	1.551926115
88.4	-0.6259899218	1.662739928
88.5	-0.4539993097	1.777543034
88.6	-0.2704455536	1.893339186
88.7	-0.07546656219	2.004992785
88.8	0.1301581985	2.10471451
88.9	0.3447265834	2.18185861
89	0.5653447329	2.223411433
89.1	0.7877610614	2.215596943
89.2	1.006422952	2.146739069
89.3	1.214864459	2.010845559
89.4	1.406435032	1.810565747
89.5	1.575223128	1.55789398
89.6	1.716898113	1.271832958
89.7	1.829195229	0.9738552188
89.8	1.911918585	0.6831714716
89.9	1.966541176	0.4136212306
90	1.995606845	0.1728086107
90.1	2.002139234	-0.03703755369
90.2	1.989183301	-0.2174322474
90.3	1.959514455	-0.3720038285
90.4	1.915493539	-0.5052465809
90.5	1.85902335	-0.6217308336
90.6	1.791564402	-0.7256870829
90.7	1.714178776	-0.8208410859
90.8	1.627582395	-0.9103930648
90.9	1.532195591	-0.9970664312
91	1.428187554	-1.083175192
91.1	1.315513331	-1.170685771
91.2	1.193948272	-1.261248807
91.3	1.063117261	-1.356191325
91.4	0.9225322212	-1.456445991
91.5	0.7716369552	-1.56241035
91.6	0.6098715871	-1.673692191
91.7	0.4367706851	-1.78875112
91.8	0.2520991434	-1.904410621
91.9	0.05604447547	-2.015296596
92	-0.1505357788	-2.113346547
92.1	-0.3658356765	-2.187649187
92.2	-0.5868352416	-2.225024585
92.3	-0.8091498702	-2.211758632
92.4	-1.027115909	-2.136564995
92.5	-1.23421305	-1.99418119
92.6	-1.423820795	-1.78817616
92.7	-1.590147432	-1.531371527
92.8	-1.729048287	-1.243225506
92.9	-1.838465947	-0.945183723
93	-1.918388044	-0.6560376489
93.1	-1.970418495	-0.3890282172
93.2	-1.997171731	-0.1511834017
93.3	-2.001690956	0.05570579422
93.4	-1.987005028	0.2334254293
93.5	-1.955853694	0.3857342454
93.6	-1.910554216	0.517161587
93.7	-1.852965313	0.6322581996
93.8	-1.784506833	0.7352099247
93.9	-1.706205081	0.829691021
94	-1.618745369	0.9188532601
94.1	-1.52252197	1.005376882
94.2	-1.417681533	1.091540539
94.3	-1.304160968	1.179278512
94.4	-1.181718637	1.270212807
94.5	-1.049968422	1.365634745
94.6	-0.9084121298	1.466434984
94.7	-0.7564900618	1.572944221
94.8	-0.5936477572	1.684680558
94.9	-0.419433886	1.799967535
95	-0.2336452803	1.915439527
95.1	-0.03652380036	2.025483393
95.2	0.1709953149	2.121758275
95.3	0.3869990822	2.19309299
95.4	0.6083390614	2.22616202
95.5	0.8304987105	2.207336754
95.6	1.047707426	2.125756191
95.7	1.25339766	1.976916105
95.8	1.440987838	1.765309107
95.9	1.604814077	1.504556254
96	1.74092163	1.214528519
96.1	1.847460029	0.9165996507
96.2	1.924596406	0.6291153145
96.3	1.97405956	0.3647117178
96.4	1.998529205	0.1298498785
96.5	2.001063656	-0.07410039549
96.6	1.984673407	-0.2491808504
96.7	1.952061238	-0.3992698174
96.8	1.905500511	-0.5289245441
96.9	1.846806096	-0.6426726409
97	1.777357618	-0.7446541277
97.1	1.698146168	-0.8384918971
97.2	1.609826769	-0.9272889565
97.3	1.512767913	-1.013684357
97.4	1.407094816	-1.099920731
97.5	1.292725109	-1.187902155
97.6	1.169402825	-1.279218753
97.7	1.036727903	-1.375129318
97.8	0.8941949651	-1.476476475
97.9	0.7412415719	-1.583528614
98	0.5773171228	-1.695703913
98.1	0.4019884486	-1.811186476
98.2	0.2150857622	-1.926419936
98.3	0.01690502362	-2.035543258
98.4	-0.191535422	-2.12993914
98.5	-0.4082133836	-2.198182406
98.6	-0.6298515285	-2.226814341
98.7	-0.8518020261	-2.202324965
98.8	-1.068191451	-2.114312754
98.9	-1.272412555	-1.959057043
99	-1.457931682	-1.741976255
99.1	-1.619220238	-1.477465453
99.2	-1.752517329	-1.185760012
99.3	-1.856178413	-0.8881179934
99.4	-1.930545608	-0.6024135068
99.5	-1.977466954	-0.3406749069
99.6	-1.999681859	-0.108807684
99.7	-2.000259927	0.09222401994
99.8	-1.98219066	0.2647024971
99.9	-1.948138908	0.4126145925
100	-1.900333873	0.5405392273
100.1	-1.840546801	0.6529776056
100.2	-1.77011755	0.7540227154
100.3	-1.690002407	0.8472458299
100.4	-1.600826702	0.9357026967
100.5	-1.502933761	1.021990512
100.6	-1.396426847	1.108317566
100.7	-1.281206091	1.196556185
100.8	-1.156999082	1.288268153
100.9	-1.023395583	1.384674257
101	-0.8798805448	1.486573064
101.1	-0.7258903901	1.594160912
101.2	-0.5608803365	1.70675926
101.3	-0.3844347744	1.822405699
101.4	-0.1964199656	1.937345479
101.5	0.002809955597	2.045468338
101.6	0.2121530116	2.137877314
101.7	0.4294750531	2.202900421
101.8	0.6513678528	2.226967415
101.9	0.873053962	2.196714281
102	1.088561818	2.102234053
102.1	1.291252084	1.940614346
102.2	1.474647919	1.718197646
102.3	1.633363482	1.450121058
102.4	1.763834851	1.156939208
102.5	1.864622227	0.8597523852
102.6	1.936238056	0.5759403264
102.7	1.980643614	0.3169209132
102.8	2.000632757	0.08805571121
102.9	1.999282465	-0.1100798806
103	1.97955916	-0.2799943833
103.1	1.944088635	-0.4257729569
103.2	1.895055788	-0.5520097576
103.3	1.834188517	-0.6631766489
103.4	1.762787373	-0.7633186882
103.5	1.681774394	-0.855955781
103.6	1.591745558	-0.9440963308
103.7	1.493019311	-1.030297392
103.8	1.385677945	-1.116732397
103.9	1.269603079	-1.205243603
104	1.144508529	-1.297361749
104.1	1.009970643	-1.394271717
104.2	0.8654688626	-1.496722684
104.3	0.7104361532	-1.604841978
104.4	0.5443360919	-1.717843779
104.5	0.366772998	-1.833619504
104.6	0.1776491821	-1.948209529
104.7	-0.02262070848	-2.055248921
104.8	-0.2328463277	-2.145562689
104.9	-0.4507803637	-2.207237146
105	-0.672883218	-2.226610875
105.1	-0.8942488322	-2.190498577
105.2	-1.10881249	-2.089521012
105.3	-1.309910719	-1.921595949
105.4	-1.491132362	-1.693987125
105.5	-1.647241263	-1.422540946
105.6	-1.774873629	-1.128083617
105.7	-1.872792504	-0.8315164193
105.8	-1.941675737	-0.5497032228
105.9	-1.983591989	-0.2934520172
106	-2.001384375	-0.06759299232
106.1	-1.998133645	0.1276710379
106.2	-1.976780871	0.2950606256
106.3	-1.939911984	0.438748969
106.4	-1.889667447	0.5633398956
106.5	-1.82773209	0.6732731635
106.6	-1.755367604	0.7725448982
106.7	-1.673462272	0.8646240837
106.8	-1.582583349	0.952472299
106.9	-1.483024522	1.03860652
107	-1.374847371	1.125166797
107.1	-1.257916177	1.213965254
107.2	-1.131929378	1.306499893
107.3	-0.9964528646	1.403921275
107.4	-0.8509582013	1.506926287
107.5	-0.694878603	1.615568409
107.6	-0.5276850413	1.728956578
107.7	-0.3490023794	1.844824564
107.8	-0.1587733638	1.959005302
107.9	0.0425245998	2.064875419
108	0.2536124217	2.15297997
108.1	0.4721258205	2.21117755
108.2	0.6943926092	2.225733356
108.3	0.9153806003	2.183671389
108.4	1.128937136	2.076175582
108.5	1.328382695	1.902014653
108.6	1.507380744	1.669364684
108.7	1.660851549	1.394747133
108.8	1.785633519	1.099212208
108.9	1.880690624	0.8034231058
109	1.946861121	0.5237097197
109.1	1.986315067	0.2702705642
109.2	2.001939758	0.04741811027
109.3	1.996816153	-0.1450009688
109.4	1.973858134	-0.309905274
109.5	1.93561087	-0.4515468674
109.6	1.884170329	-0.5745335822
109.7	1.821178617	-0.6832705604
109.8	1.747859065	-0.7817044895
109.9	1.665066696	-0.8732531887
110	1.573340232	-0.9608323817
110.1	1.47294946	-1.04692009
110.2	1.363935396	-1.133622468
110.3	1.246144514	-1.222720998
110.4	1.119261857	-1.315684711
110.5	0.9828414177	-1.413623126
110.6	0.8363491892	-1.517182867
110.7	0.6792171455	-1.626341535
110.8	0.510926036	-1.740093223
110.9	0.3311240577	-1.856015348
111	0.1397940893	-1.969725729
111.1	-0.06252131392	-2.074338347
111.2	-0.2744491671	-2.160121931
111.3	-0.4935073616	-2.214711769
111.4	-0.715891083	-2.224324772
111.5	-0.9364436172	-2.176227904
111.6	-1.148929992	-2.062200251
111.7	-1.346663017	-1.881879248
111.8	-1.523389497	-1.644345314
111.9	-1.674192408	-1.366757365
112	-1.796114559	-1.07034159
112.1	-1.888318153	-0.7754848086
112.2	-1.951796567	-0.4979658275
112.3	-1.988815561	-0.2473779217
112.4	-2.002301594	-0.027529416
112.5	-1.995332506	0.1620731253
112.6	-1.970793028	0.3245326381
112.7	-1.931186958	0.4641708283
112.8	-1.878565721	0.5855946378
112.9	-1.814529037	0.6931722561
113	-1.740262334	0.7908001089
113.1	-1.656587835	0.8818456158
113.2	-1.564016477	0.9691790616
113.3	-1.462794065	1.055239472
113.4	-1.352941405	1.142100595
113.5	-1.234288484	1.231514293
113.6	-1.106505229	1.324915637
113.7	-0.9691361552	1.423378182
113.8	-0.8216403572	1.527492953
113.9	-0.6634513668	1.63715728
114	-0.4940597998	1.751252316
114.1	-0.3131372675	1.867187947
114.2	-0.1207110145	1.980363605
114.3	0.08260811499	2.083627838
114.4	0.2953531657	2.166971338
114.5	0.5149210171	2.217823545
114.6	0.7373732203	2.222373001
114.7	0.9574315701	2.168161992
114.8	1.168784672	2.04759848
114.9	1.364746045	1.861204709
115	1.539154552	1.618950368
115.1	1.687261902	1.338593558
115.2	1.806316616	1.041489463
115.3	1.895676478	0.747713256
115.4	1.956484578	0.4724781452
115.5	1.991096281	0.2247756774
115.6	2.002472628	0.007925006502
115.7	1.993685106	-0.1788909168
115.8	1.967587619	-0.3389467074
115.9	1.926641877	-0.4766249764
116	1.872854841	-0.5965268106
116.1	1.807784206	-0.7029814182
116.2	1.732578004	-0.7998347559
116.3	1.648026217	-0.8904037231
116.4	1.554612075	-0.9775138804
116.5	1.452558204	-1.063566736
116.6	1.341865619	-1.150602985
116.7	1.222346827	-1.240343643
116.8	1.093659289	-1.334194886
116.9	0.9553360957	-1.433185528
117	0.8068321486	-1.537855497
117.1	0.6475808748	-1.648016539
117.2	0.4770854346	-1.762429518
117.3	0.2950431337	-1.878336517
117.4	0.1015259561	-1.99091117
117.5	-0.1027840935	-2.092733464
117.6	-0.3163220819	-2.173521065
117.7	-0.5363626328	-2.220503498
117.8	-0.7588339007	-2.219869728
117.9	-0.9783386605	-2.159470858
118	-1.188495339	-2.032374567
118.1	-1.382626844	-1.840001238
118.2	-1.554672584	-1.593195867
118.3	-1.700058604	-1.310273869
118.4	-1.816240211	-1.012672446
118.5	-1.902767444	-0.7201199269
118.6	-1.960927614	-0.4472517626
118.7	-1.993160081	-0.2024645909
118.8	-2.002455701	0.01139710963
118.9	-1.991876527	0.1954581645
119	-1.964244037	0.3531517886
119.1	-1.921977363	0.4889134011
119.2	-1.867039039	0.6073338413
119.3	-1.800945135	0.7127014028
119.4	-1.724806748	0.808811018
119.5	-1.63938208	0.8989298998
119.6	-1.54512733	0.9858392399
119.7	-1.442241917	1.071903309
119.8	-1.330707518	1.159130537
119.9	-1.210320022	1.249213121
120	-1.080723619	1.343521827
120.1	-0.9414414392	1.44304848
120.2	-0.791923154	1.54826922
120.3	-0.6316055786	1.658916354
120.4	-0.4600028865	1.773622925
120.5	-0.2768408295	1.889455683
120.6	-0.08223982748	2.001360587
120.7	0.1230468622	2.101643829
120.8	0.3373528213	2.179753769
120.9	0.5578279997	2.222737473
121	0.7802675625	2.216804359
121.1	0.9991585353	2.150150142
121.2	1.208055662	2.016533829
121.3	1.400300002	1.81828454
121.4	1.569939948	1.567102273
121.5	1.712580875	1.281819345
121.6	1.825885417	0.9839069634
121.7	1.909592488	0.6927154229
121.8	1.965127963	0.4222922502
121.9	1.995009631	0.1804454478
122	2.002253326	-0.03043929435
122.1	1.98990894	-0.2117784689
122.2	1.960764092	-0.3671519633
122.3	1.917194791	-0.5010401625
122.4	1.861119296	-0.6180193729
122.5	1.794012457	-0.7223353609
122.6	1.716948973	-0.817731826
122.7	1.630655621	-0.9074262482
122.8	1.53556199	-0.9941570514
122.9	1.431845075	-1.080250944
123	1.319466612	-1.167685396
123.1	1.198207563	-1.258121678
123.2	1.067697267	-1.352898285
123.3	0.9274509369	-1.452963272
123.4	0.7769135962	-1.55873572
123.5	0.6155242245	-1.669855122
123.6	0.4428122631	-1.78482759
123.7	0.2585318506	-1.90054067
123.8	0.0628525234	-2.011703595
123.9	-0.1433951172	-2.110350365
124	-0.3584420701	-2.185661648
124.1	-0.5793127708	-2.224513441
124.2	-0.8016690079	-2.213167737
124.3	-1.019885541	-2.140197571
124.4	-1.227460289	-2.000081648
124.5	-1.417761219	-1.796066561
124.6	-1.584953756	-1.540687455
124.7	-1.724827707	-1.253247892
124.8	-1.835253122	-0.9552082403
124.9	-1.916153838	-0.6655096698
125	-1.96908864	-0.3976033639
125.1	-1.996647816	-0.1587180327
125.2	-2.001868325	0.04920400114
125.3	-1.987784884	0.2278557756
125.4	-1.957149867	0.3809516001
125.5	-1.912295841	0.5130093667
125.6	-1.855096916	0.6285871187
125.7	-1.786987124	0.7318864464
125.8	-1.709005225	0.8265996453
125.9	-1.621847227	0.915895493
126	-1.525916461	1.002469005
126.1	-1.421367321	1.088611446
126.2	-1.308143306	1.176267995
126.3	-1.18600817	1.267071012
126.4	-1.054580359	1.362324236
126.5	-0.9133645313	1.462933408
126.6	-0.7618023271	1.569251902
126.7	-0.5993375536	1.680831141
126.8	-0.4255132922	1.796041891
126.9	-0.2401153131	1.911585052
127	-0.04336646889	2.021932457
127.1	0.1638260867	2.118839986
127.2	0.3795869185	2.191227423
127.3	0.600812468	2.225818609
127.4	0.8230324473	2.208950965
127.5	1.040513202	2.129610959
127.6	1.246702871	1.98302616
127.7	1.435005262	1.773365466
127.8	1.599710898	1.513972841
127.9	1.736798044	1.224580403
128	1.844343908	0.926591927
128.1	1.922453332	0.6385122995
128.2	1.972812056	0.3731897959
128.3	1.998077601	0.1372825077
128.4	2.001303391	-0.06769410129
128.5	1.985506678	-0.2436939542
128.6	1.953403299	-0.3945548895
128.7	1.907282003	-0.5248251092
128.8	1.848972984	-0.6390406881
128.9	1.779869899	-0.7413578484
129	1.700976108	-0.835417462
129.1	1.612957153	-0.9243394362
129.2	1.516190503	-1.010777386
129.3	1.410808943	-1.096986235
129.4	1.296736557	-1.184880882
129.5	1.17372283	-1.276062232
129.6	1.041371872	-1.371800929
129.7	0.8991813504	-1.472955991
129.8	0.74658957	-1.579819142
129.9	0.5830441235	-1.691842494
130	0.4081058884	-1.807260015
130.1	0.2215929554	-1.922583214
130.2	0.02378165974	-2.032037581
130.3	-0.1843384017	-2.127103331
130.4	-0.4007837482	-2.196443212
130.5	-0.622322443	-2.226642356
130.6	-0.844352379	-2.204146699
130.7	-1.061035589	-2.118389772
130.8	-1.265777869	-1.965373687
130.9	-1.452027778	-1.750193051
131	-1.614208507	-1.486975738
131.1	-1.748490973	-1.19583453
131.2	-1.85315867	-0.8980728238
131.3	-1.928492967	-0.6117323713
131.4	-1.976300914	-0.3490546691
131.5	-1.999301569	-0.1161384505
131.6	-2.000561095	0.08591216444
131.7	-1.983076548	0.259296964
131.8	-1.949526197	0.4079659327
131.9	-1.902154719	0.5364911974
132	-1.842748593	0.6493835532
132.1	-1.772661541	0.7507525329
132.2	-1.692861959	0.8441874544
132.3	-1.60398556	0.9327606887
132.4	-1.506384429	1.01908372
132.5	-1.400169336	1.105377103
132.6	-1.285246822	1.193523892
132.7	-1.161349585	1.28509616
132.8	-1.028071852	1.381328236
132.9	-0.8849009772	1.483033561
133	-0.7312743534	1.590434582
133.1	-0.5666446671	1.702886942
133.2	-0.3905901037	1.818479833
133.3	-0.2029641989	1.933528704
133.4	-0.004100393389	2.042010941
133.5	0.2049290551	2.135127578
133.6	0.4220292496	2.201292186
133.7	0.6438379488	2.226971341
133.8	0.8656229216	2.198746342
133.9	1.081446395	2.106533325
134	1.284679378	1.947134439
134.1	1.468824137	1.726569003
134.2	1.62844406	1.459718164
134.3	1.759905923	1.167030104
134.4	1.861698459	0.8696650559
134.5	1.934275055	0.5851782946
134.6	1.979558039	0.3252014415
134.7	2.000322806	0.09528503304
134.8	1.999644171	-0.1038613969
134.9	1.980496889	-0.274668778
135	1.94552053	-0.4211890659
135.1	1.896915509	-0.5480117466
135.2	1.836424863	-0.6596192738
135.3	1.765362851	-0.7600735952
135.4	1.684663432	-0.8529125392
135.5	1.594932798	-0.9411610573
135.6	1.496498085	-1.02739018
135.7	1.389448865	-1.113785417
135.8	1.27367318	-1.202199558
135.9	1.148889728	-1.294174393
136	1.014679338	-1.390907137
136.1	0.8705236275	-1.493164799
136.2	0.7158561057	-1.60109885
136.3	0.5501380087	-1.713961171
136.4	0.3729662821	-1.829696023
136.5	0.1842300064	-1.944415039
136.6	-0.01567717579	-2.05184329
136.7	-0.225596133	-2.142903248
136.8	-0.4433196577	-2.205763531
136.9	-0.6653542045	-2.226793998
137	-0.8868384383	-2.192742822
137.1	-1.101739687	-2.09404197
137.2	-1.303401997	-1.928316223
137.3	-1.485390195	-1.702507717
137.4	-1.642414965	-1.432218104
137.5	-1.771042242	-1.138184389
137.6	-1.869964297	-0.8413821121
137.7	-1.939801635	-0.5588576417
137.8	-1.982585963	-0.3016324685
137.9	-2.001143791	-0.07472120405
138	-1.998554985	0.1215447824
138.1	-1.977769682	0.2898135244
138.2	-1.941387861	0.4342284179
138.3	-1.891565557	0.5593905686
138.4	-1.830002631	0.6697512724
138.5	-1.757974311	0.7693238484
138.6	-1.676380654	0.8615951684
138.7	-1.585798929	0.9495429773
138.8	-1.486531359	1.035698271
138.9	-1.37864685	1.122212764
139	-1.262015667	1.210909293
139.1	-1.136341559	1.303296609
139.2	-1.001194127	1.400538535
139.3	-0.8560474037	1.503349348
139.4	-0.7003348903	1.611809239
139.5	-0.5335244333	1.725064819
139.6	-0.3552335031	1.840904634
139.7	-0.1653909048	1.955235458
139.8	0.03554843705	2.061524531
139.9	0.2463370721	2.150414822
140	0.4646515697	2.2098442
140.1	0.6868662532	2.226100436
140.2	0.9079929177	2.186130496
140.3	1.121909046	2.080917706
140.4	1.321939803	1.908930889
140.5	1.501721565	1.678027503
140.6	1.656119096	1.4044971
140.7	1.781899748	1.109316804
140.8	1.877957472	0.8132375387
140.9	1.945074994	0.5327782657
141	1.985387561	0.2783502901
141.1	2.001767555	0.05444580289
141.2	1.997296238	-0.1389657731
141.3	1.974897259	-0.30473522
141.4	1.937130121	-0.4470881572
141.5	1.886106366	-0.5706315639
141.6	1.823483018	-0.6797829696
141.7	1.750496787	-0.7785064785
141.8	1.668014263	-0.8702376471
141.9	1.576584071	-0.9579083565
142	1.476484433	-1.044010144
142.1	1.367763399	-1.130660885
142.2	1.250273666	-1.219652466
142.3	1.123704934	-1.312465307
142.4	0.9876153854	-1.410220916
142.5	0.8414729998	-1.513587898
142.6	0.6847097517	-1.622566074
142.7	0.516803404	-1.736193297
142.8	0.3373930872	-1.852101216
142.9	0.146447538	-1.96598319
143	-0.0555128199	-2.071046422
143.1	-0.2671492331	-2.157654752
143.2	-0.4860208518	-2.213521591
143.3	-0.7083691222	-2.224878559
143.4	-0.9290807106	-2.178903133
143.5	-1.141948805	-2.067162564
143.6	-1.340287925	-1.888988451
143.7	-1.517814709	-1.653145446
143.8	-1.669554504	-1.376573745
143.9	-1.792478418	-1.080443752
144	-1.885679622	-0.785243548
144.1	-1.950097787	-0.506946202
144.2	-1.987965729	-0.255356355
144.3	-2.002196866	-0.03445711114
144.4	-1.995870526	0.1561277043
144.5	-1.971881808	0.3194381805
144.6	-1.932749054	0.4597725483
144.7	-1.880539292	0.5817386206
144.8	-1.81686703	0.6897177766
144.9	-1.742930894	0.7876241305
145	-1.659564591	0.878842731
145.1	-1.567288629	0.9662594343
145.2	-1.466357163	1.052327301
145.3	-1.356798281	1.13913093
145.4	-1.238447127	1.228432822
145.5	-1.110979813	1.321679896
145.6	-0.9739431267	1.419958491
145.7	-0.8267992046	1.523878348
145.8	-0.6689807967	1.633367678
145.9	-0.499974427	1.747344955
146	-0.3194441298	1.863280194
146.1	-0.1274012514	1.976650685
146.2	0.0755683162	2.080396967
146.3	0.2880302251	2.164607965
146.4	0.5074237149	2.216783668
146.5	0.7298574975	2.223118799
146.6	0.9500954829	2.171055969
146.7	1.16185232	2.052779636
146.8	1.358440362	1.868500661
146.9	1.533665314	1.627879213
147	1.682719076	1.348468545
147.1	1.802778016	1.051583601
147.2	1.893131848	0.757412572
147.3	1.954871902	0.4813683948
147.4	1.990322951	0.2326526086
147.5	2.002434322	0.01475357215
147.6	1.994280107	-0.1730340987
147.7	1.968725221	-0.3339263409
147.8	1.928246164	-0.4722855668
147.9	1.874865439	-0.5927154074
148	1.810155419	-0.6995589433
148.1	1.735277154	-0.7966797498
148.2	1.651031819	-0.8874124333
148.3	1.557912393	-0.9745983245
148.4	1.456149555	-1.060651497
148.5	1.345750917	-1.14762467
148.6	1.226535859	-1.237249901
148.7	1.098165017	-1.330941969
148.8	0.9601764284	-1.429747498
148.9	0.8120257628	-1.534223061
149	0.6531467801	-1.644211412
149.1	0.4830380309	-1.758515943
149.2	0.3013875781	-1.874437955
149.3	0.1082514523	-1.987230636
149.4	-0.09571334058	-2.089568434
149.5	-0.3089766367	-2.171263972
149.6	-0.5288560131	-2.219615483
149.7	-0.7513263173	-2.220809065
149.8	-0.9710316038	-2.162583681
149.9	-1.181614152	-2.037772717
150	-1.376392596	-1.847480836
150.1	-1.549270193	-1.602248534
150.2	-1.695611367	-1.320200963
150.3	-1.81279898	-1.022752159
150.4	-1.90031617	-0.7297555113
150.5	-1.95940041	-0.4560498787
150.6	-1.992462299	-0.2102393932
150.7	-2.002482798	0.004667111254
150.8	-1.992527608	0.189688559
150.9	-1.965429713	0.3482040902
151	-1.923623207	0.4846315358
151.1	-1.869086163	0.603565813
151.2	-1.803349172	0.7093097409
151.3	-1.727536192	0.8056761358
151.4	-1.642416511	0.8959495855
151.5	-1.548455728	0.9829266638
151.6	-1.445861315	1.068984675
151.7	-1.334621746	1.156143272
151.8	-1.2145386	1.246104782
151.9	-1.085260846	1.340252276
152	-0.9463148249	1.439591109
152.1	-0.797152085	1.544618664
152.2	-0.6372082973	1.65509751
152.3	-0.4659932105	1.769704223
152.4	-0.2832230034	1.885567927
152.5	-0.08900077589	1.997715308
152.6	0.1159460004	2.098548112
152.7	0.3299862325	2.177609008
152.8	0.5503136346	2.222007476
152.9	0.7727701043	2.217941842
153	0.9918827262	2.153483833
153.1	1.201227771	2.02214723
153.2	1.394138989	1.825941956
153.3	1.564625693	1.576271194
153.4	1.708229883	1.291791476
153.5	1.822541591	0.993966906
153.6	1.907234072	0.702283738
153.7	1.963685363	0.4309964455
153.8	1.994386519	0.1881180492
153.9	2.002345038	-0.02380703684
154	1.990615403	-0.2060949189
154.1	1.961997271	-0.3622755219
154.2	1.918881778	-0.496814436
154.3	1.863202662	-0.6142934762
154.4	1.796449156	-0.7189734878
154.5	1.719708638	-0.814616075
154.6	1.633718799	-0.9044560817
154.7	1.538918551	-0.9912469759
154.8	1.435492704	-1.077328258
154.9	1.323409756	-1.164688459
155	1.202456283	-1.254999581
155.1	1.07226614	-1.349611304
155.2	0.9323579011	-1.449487202
155.3	0.7821777835	-1.555067328
155.4	0.6211639046	-1.666022551
155.5	0.4488405878	-1.780905161
155.6	0.2649514528	-1.896665769
155.7	0.06964840072	-2.008096571
155.8	-0.1362646174	-2.107327757
155.9	-0.3510552505	-2.18363234
156	-0.5717921238	-2.223944582
156.1	-0.7941834969	-2.21450574
156.2	-1.012643017	-2.143752469
156.3	-1.220687698	-2.005908153
156.4	-1.411675059	-1.803897691
156.5	-1.579728643	-1.549966599
156.6	-1.720573256	-1.263258438
156.7	-1.832006379	-0.9652428298
156.8	-1.91388756	-0.6750072058
156.9	-1.967729738	-0.4062122021
157	-1.996098363	-0.1662884163
157.1	-2.002023649	0.04266856545
157.2	-1.988545856	0.2222568326
157.3	-1.958429826	0.3761449076
157.4	-1.914023388	0.5088383489
157.5	-1.857216078	0.624902053
157.6	-1.789456159	0.7285532036
157.7	-1.711794901	0.8235021305
157.8	-1.624939082	0.9129346523
157.9	-1.529301113	0.9995606646
158	-1.425043207	1.085684121
158.1	-1.312115469	1.173261183
158.2	-1.190287069	1.263934188
158.3	-1.059181117	1.359019965
158.4	-0.9183048091	1.459437786
158.5	-0.7671023623	1.56556615
158.6	-0.60501422	1.676986233
158.7	-0.4315794322	1.792116467
158.8	-0.2465726626	1.907725021
158.9	-0.05019709601	2.018366214
159	0.1566669277	2.115894292
159.1	0.3721810519	2.189319911
159.2	0.5932871008	2.225416816
159.3	0.815560864	2.210493652
159.4	1.033306107	2.133388313
159.5	1.239987597	1.989063065
159.6	1.42899561	1.781363551
159.7	1.59457596	1.52335453
159.8	1.73264052	1.234622598
159.9	1.841194036	0.9365962325
160	1.920278474	0.6479359859
160.1	1.971535852	0.3817019616
160.2	1.997600819	0.1447508935
160.3	2.001521465	-0.06125444092
160.4	1.9863214	-0.2381782619
160.5	1.954729434	-0.3898163889
160.6	1.909049668	-0.5207073141
160.7	1.851127641	-0.6353951621
160.8	1.782371093	-0.7380521731
160.9	1.703795694	-0.8323370971
161	1.616077596	-0.9213871615
161.1	1.519603394	-1.007870137
161.2	1.414513149	-1.094053693
161.3	1.300737986	-1.18186302
161.4	1.178032057	-1.27291108
161.5	1.046004738	-1.368478411
161.6	0.9041560545	-1.469442808
161.7	0.7519248768	-1.576115458
161.8	0.5887583363	-1.687984683
161.9	0.4142102769	-1.80333408
162	0.2280869713	-1.918740074
162.1	0.03064658365	-2.028515951
162.2	-0.1771507681	-2.124238568
162.3	-0.3933599238	-2.194658035
162.4	-0.6147939386	-2.226409114
162.5	-0.8368965951	-2.205895003
162.6	-1.053865994	-2.122388822
162.7	-1.259121897	-1.971618818
162.8	-1.44609614	-1.75835543
162.9	-1.609164636	-1.496454597
163	-1.744430517	-1.205901897
163.1	-1.850105222	-0.9080412495
163.2	-1.92640883	-0.621078897
163.3	-1.975106513	-0.3574690354
163.4	-1.998896483	-0.1235048231
163.5	-2.000840882	0.07956733932
163.6	-1.983944147	0.2538630452
163.7	-1.950897762	0.4032942465
163.8	-1.903961877	0.5324253358
163.9	-1.84493824	0.6457763497
164	-1.775194487	0.7474732908
164.1	-1.695711231	0.8411236479
164.2	-1.607134541	0.9298160117
164.3	-1.509825239	1.01617693
164.4	-1.403902049	1.102438668
164.5	-1.28927721	1.190495949
164.6	-1.165689911	1.281929649
164.7	-1.032736781	1.377988368
164.8	-0.889909657	1.479500656
164.9	-0.7366456826	1.586714043
165	-0.572395903	1.699018212
165.1	-0.3967321796	1.814553438
165.2	-0.2094955063	1.929704542
165.3	-0.01099900204	2.038536168
165.4	0.1977143955	2.132347111
165.5	0.4145888986	2.199637519
165.6	0.6363080657	2.226913138
165.7	0.8581850549	2.200704422
165.8	1.074316482	2.11075476
165.9	1.278084655	1.95358363
166	1.462972042	1.734886882
166.1	1.623492126	1.469285669
166.2	1.755942772	1.17711604
166.3	1.858741041	0.8795930862
166.4	1.93228068	0.5944449466
166.5	1.978444322	0.333516881
166.6	1.99998827	0.1025499028
166.7	1.999984724	-0.09761028125
166.8	1.981416501	-0.2693152917
166.9	1.94693683	-0.4165826071
167	1.898761631	-0.5439963268
167.1	1.838649114	-0.6560491491
167.2	1.767927299	-0.7568197959
167.3	1.687542137	-0.8498640707
167.4	1.598110082	-0.9382234794
167.5	1.499966995	-1.024483156
167.6	1.3932098	-1.110840751
167.7	1.27773297	-1.199159634
167.8	1.153260142	-1.290992462
167.9	1.019376649	-1.387548959
168	0.8755663444	-1.489613361
168.1	0.7212634245	-1.597361421
168.2	0.5559267899	-1.71008207
168.3	0.3791462671	-1.825771552
168.4	0.190797995	-1.940612435
168.5	-0.008745170334	-2.048419175
168.6	-0.2183549924	-2.140211561
168.7	-0.4358640194	-2.204242089
168.8	-0.6578246826	-2.22691395
168.9	-0.8794205749	-2.1949125
169	-1.094651703	-2.098485375
169.1	-1.296870641	-1.93496698
169.2	-1.479619283	-1.710976965
169.3	-1.637555977	-1.441868193
169.4	-1.76717669	-1.148282462
169.5	-1.867102675	-0.8512647462
169.6	-1.937896497	-0.568041599
169.7	-1.981552203	-0.309848041
169.8	-2.000879035	-0.08188474523
169.9	-1.998955542	0.1153863812
170	-1.978740691	0.2845391044
170.1	-1.942848405	0.4296858628
170.2	-1.893450274	0.5554243571
170.3	-1.832261233	0.666217097
170.4	-1.760570102	0.766094499
170.5	-1.679288777	0.8585613483
170.6	-1.589004587	0.9466116361
170.7	-1.490028355	1.032790468
170.8	-1.382436334	1.11926126
170.9	-1.266104816	1.207857578
171	-1.140742913	1.300098937
171.1	-1.005923945	1.397162152
171.2	-0.8611245265	1.499778936
171.3	-0.7057784609	1.608055734
171.4	-0.5393506343	1.721176202
171.5	-0.3614513771	1.836983193
171.6	-0.1719956804	1.951456698
171.7	0.02858365487	2.058154094
171.8	0.2390704669	2.147816196
171.9	0.457181919	2.208461484
172	0.6793387823	2.226402861
172.1	0.9005970688	2.188514288
172.2	1.114865076	2.085582551
172.3	1.315473666	1.915778882
172.4	1.496033196	1.686641068
172.5	1.651353725	1.414222301
172.6	1.778131816	1.119420746
172.7	1.875191111	0.8230704209
172.8	1.943258161	0.5418771171
172.9	1.984432678	0.286465319
173	2.001571526	0.06150861343
173.1	1.997755861	-0.1328988534
173.2	1.975918854	-0.2995383755
173.3	1.938634256	-0.4426079695
173.4	1.888029177	-0.5667131413
173.5	1.825775604	-0.6762835142
173.6	1.753123676	-0.7753005214
173.7	1.670951621	-0.867217518
173.8	1.57981802	-0.9549825832
173.9	1.48000956	-1.041100854
174	1.37158138	-1.127702015
174.1	1.254392451	-1.216588377
174.2	1.128137112	-1.309251555
174.3	0.9923780083	-1.406826254
174.4	0.8465845953	-1.509998936
174.5	0.6901896906	-1.618796469
174.6	0.522667291	-1.732296186
174.7	0.3436487434	-1.848184683
174.8	0.1530886533	-1.962230723
174.9	-0.04851569242	-2.06773314
175	-0.2598579258	-2.155152789
175.1	-0.4785385354	-2.212281294
175.2	-0.7008454491	-2.225366846
175.3	-0.921708908	-2.181502667
175.4	-1.134950963	-2.072047862
175.5	-1.333888886	-1.896030078
175.6	-1.512210217	-1.661897723
175.7	-1.664883434	-1.386367487
175.8	-1.788808108	-1.090547509
175.9	-1.883007994	-0.7950222783
176	-1.948368442	-0.5159577013
176.1	-1.987088772	-0.2633703
176.2	-2.002068607	-0.04141972816
176.3	-1.996388334	0.1501510435
176.4	-1.972953254	0.3143174421
176.5	-1.934296187	0.4553532813
176.6	-1.882499742	0.577866657
176.7	-1.819193265	0.6862518591
176.8	-1.745588656	0.7844405628
176.9	-1.662531082	0.8758354739
177	-1.570550822	0.9633384265
177.1	-1.469910411	1.049415957
177.2	-1.360644929	1.136164223
177.3	-1.242595535	1.225355973
177.4	-1.11544326	1.318449888
177.5	-0.9787385357	1.416545069
177.6	-0.8319457452	1.520270872
177.7	-0.6744971688	1.629582807
177.8	-0.5058759589	1.743439906
177.9	-0.3257377738	1.859370109
178	-0.1340784834	1.972927021
178.1	0.06853960861	2.0771445
178.2	0.2807152577	2.162208128
178.3	0.4999301024	2.215690685
178.4	0.7223394872	2.22379684
178.5	0.9427499001	2.173873133
178.6	1.154902794	2.057884193
178.7	1.352110336	1.875731348
178.8	1.528146076	1.636763358
178.9	1.678142941	1.35832342
179	1.799205324	1.061680956
179.1	1.890554447	0.7671329991
179.2	1.953229215	0.4902902394
179.3	1.989522929	0.2405648853
179.4	2.002372844	0.02161667468
179.5	1.994855234	-0.1671464543
179.6	1.969845779	-0.3288802772
179.7	1.929835705	-0.4679257678
179.8	1.876863081	-0.5888885786
179.9	1.812514986	-0.6961254151
180	1.737965564	-0.7935175493
180.1	1.654027297	-0.8844172366
180.2	1.56120281	-0.9716814009
180.3	1.459730928	-1.05773745
180.4	1.34962628	-1.144649468
180.5	1.230714058	-1.234160092
180.6	1.102659741	-1.327695165
180.7	0.9650049469	-1.426315608
180.8	0.8172071454	-1.530597137
180.9	0.6586998316	-1.640411559
181	0.4889773742	-1.754604516
181.1	0.3077188302	-1.87053619
181.2	0.114964497	-1.983538565
181.3	-0.0886533922	-2.086380151
181.4	-0.3016389588	-2.168969155
181.5	-0.5213525698	-2.218673738
181.6	-0.7438157618	-2.221680185
181.7	-0.9637142604	-2.165619742
181.8	-1.174714951	-2.043095111
181.9	-1.37013328	-1.854896748
182	-1.543837381	-1.611258671
182.1	-1.691130709	-1.33011057
182.2	-1.809323765	-1.032837422
182.3	-1.897832371	-0.7394136922
182.4	-1.957843477	-0.4648803422
182.5	-1.99173824	-0.2180498241
182.6	-2.00248715	-0.002097192915
182.7	-1.993159189	0.1838886443
182.8	-1.966598669	0.3432312002
182.9	-1.925254587	0.4803297615
183	-1.871120562	0.5997828088
183.1	-1.805741756	0.7059074599
183.2	-1.730255056	0.8025343759
183.3	-1.645440879	0.8929655754
183.4	-1.551774293	0.9800131109
183.5	-1.449470867	1.066067355
183.6	-1.338525884	1.153159239
183.7	-1.218746715	1.243001346
183.8	-1.089787026	1.336988639
183.9	-0.9511765601	1.436140336
184	-0.802368664	1.540974539
184.1	-0.6427981006	1.651283433
184.2	-0.4719703298	1.765787175
184.3	-0.289592007	1.881676247
184.4	-0.09574933543	1.994057427
184.5	0.1088556587	2.095427787
184.6	0.3226269442	2.175424723
184.7	0.5428018466	2.221221793
184.8	0.7652689364	2.219009676
184.9	0.9845958058	2.156740192
185	1.194381072	2.027685529
185.1	1.387952231	1.833537572
185.2	1.55928053	1.585400071
185.3	1.703845216	1.301748513
185.4	1.819163757	1.004034331
185.5	1.904843289	0.7118759482
185.6	1.962213304	0.4397336118
185.7	1.993737422	0.1958263656
185.8	2.002414277	-0.01714070807
185.9	1.991302608	-0.2003814472
186	1.963213928	-0.3573743511
186.1	1.920554451	-0.4925692548
186.2	1.865273411	-0.6105530083
186.3	1.798874473	-0.715601339
186.4	1.72245776	-0.8114937514
186.5	1.636771937	-0.9014824793
186.6	1.542265271	-0.9883361182
186.7	1.439130455	-1.074407061
186.8	1.327342781	-1.16169494
186.9	1.20669445	-1.251882391
187	1.076823925	-1.346330402
187.1	0.9372531055	-1.446017757
187.2	0.7874295798	-1.551405174
187.3	0.6267906453	-1.662194667
187.4	0.454855629	-1.776983961
187.5	0.2713579152	-1.892786194
187.6	0.07643209955	-2.004475872
187.7	-0.1291443892	-2.104279104
187.8	-0.3436753741	-2.181561965
187.9	-0.5642735025	-2.223318745
188	-0.7866935855	-2.215773158
188.1	-1.005388601	-2.147229832
188.2	-1.213895525	-2.011660394
188.3	-1.40556252	-1.811668767
188.4	-1.574472223	-1.559208062
188.5	-1.716284985	-1.273256346
188.6	-1.828725693	-0.975286878
188.7	-1.911589124	-0.6845298759
188.8	-1.966341658	-0.4148545858
188.9	-1.995523262	-0.1738945492
189	-2.002156823	0.03609937073
189.1	-1.989287851	0.2166284357
189.2	-1.959693496	0.3713139773
189.3	-1.915736804	0.5046483562
189.4	-1.85932276	0.6212028476
189.5	-1.791913911	0.7252100732
189.6	-1.7145741	0.8203983569
189.7	-1.628020917	0.909970632
189.8	-1.532675933	0.9966517994
189.9	-1.428709208	1.082758481
190	-1.316077457	1.170257911
190.1	-1.194555414	1.260802507
190.2	-1.063770696	1.355721762
190.3	-0.9232336343	1.455949214
190.4	-0.7723896821	1.561886369
190.5	-0.6106779437	1.673145347
190.6	-0.4376323951	1.788192095
190.7	-0.2530166078	1.903859549
190.8	-0.05701548755	2.014785556
190.9	0.1495176371	2.112921201
191	0.3647817325	2.187368667
191.1	0.5857632283	2.224955586
191.2	0.8080841902	2.211964022
191.3	1.026086385	2.137087546
191.4	1.233252053	1.995026653
191.5	1.422959001	1.789304177
191.6	1.589409346	1.532701296
191.7	1.728449019	1.244654451
191.8	1.838010275	0.94661159
191.9	1.918071699	0.6573858136
192	1.970230811	0.3902480965
192.1	1.997098706	0.1522548727
192.2	2.001717646	-0.05478140116
192.3	1.987117371	-0.2326335902
192.4	1.956039447	-0.3850542225
192.5	1.910803312	-0.5165710786
192.6	1.853269876	-0.6317359546
192.7	1.784861012	-0.7347369635
192.8	1.706604793	-0.8292508992
192.9	1.619188028	-0.9184319659
193	1.523006324	-1.004962582
193.1	1.418207419	-1.091123036
193.2	1.304729077	-1.178849289
193.3	1.182330666	-1.269764903
193.4	1.050626303	-1.365162524
193.5	0.9091186389	-1.465935589
193.6	0.7572478263	-1.572417862
193.7	0.5944593347	-1.68413159
193.8	0.4203011119	-1.799408063
193.9	0.2345681075	-1.914890691
194	0.03749955403	-2.024978316
194.1	-0.1699730889	-2.12134447
194.2	-0.385942377	-2.192829823
194.3	-0.6072664214	-2.22611663
194.4	-0.8294350929	-2.207571153
194.5	-1.046683054	-2.126310258
194.6	-1.252444943	-1.977791245
194.7	-1.440137015	-1.766460643
194.8	-1.604088809	-1.505900216
194.9	-1.740336082	-1.215961357
195	-1.847018049	-0.9180227903
195.1	-1.924292975	-0.6304527421
195.2	-1.973883557	-0.3659177411
195.3	-1.998466391	-0.1309068547
195.4	-2.001099147	0.07318950163
195.5	-1.984793291	0.2484007042
195.6	-1.952253465	0.3985993595
195.7	-1.905755232	0.528341474
195.8	-1.847115641	0.6421558985
195.9	-1.777716311	0.7441849564
196	-1.698550081	0.8380541345
196.1	-1.610273479	0.9268688108
196.2	-1.513256251	1.013270087
196.3	-1.407624694	1.099502427
196.4	-1.293297415	1.187471402
196.5	-1.170019079	1.278768544
196.6	-1.037390417	1.374654626
196.7	-0.8949062411	1.475974476
196.8	-0.7420044515	1.582999501
196.9	-0.5781340961	1.695153458
197	-0.4028609845	1.810626995
197.1	-0.2160138341	1.925873563
197.2	-0.01788579482	2.035044656
197.3	0.1905092084	2.129536684
197.4	0.4071542795	2.197937186
197.5	0.6287785567	2.226793556
197.6	0.8507407788	2.202589042
197.7	1.067172529	2.114898508
197.8	1.27146836	1.95996167
197.9	1.457092024	1.743150652
198	1.618508005	1.478822728
198.1	1.751945635	1.187196156
198.2	1.855750136	0.8895357696
198.3	1.930255022	0.603739806
198.4	1.977302518	0.3418669657
198.5	1.999629188	0.1098501956
198.6	2.000304152	-0.09132656112
198.7	1.982318025	-0.2639338944
198.8	1.948337569	-0.4119535334
198.9	1.900594193	-0.5399634478
199	1.840861313	-0.6524662283
199.1	1.770480764	-0.7535572542
199.2	1.690410555	-0.8468103321
199.3	1.601277461	-0.9352835686
199.4	1.503426097	-1.021576308
199.5	1.396960813	-1.107898387
199.6	1.281782498	-1.196123825
199.7	1.15761985	-1.287815976
199.8	1.024062623	-1.384197193
199.9	0.8805970679	-1.486068431
200	0.7266581486	-1.593629828
200.1	0.561702453	-1.706206603
200.2	0.3853129803	-1.821846297
200.3	0.1973531547	-1.936802066
200.4	-0.001824772722	-2.044977016
200.5	-0.2111230207	-2.137488261
200.6	-0.4284136169	-2.202673611
200.7	-0.650294869	-2.226971178
200.8	-0.8719955147	-2.197007959
200.9	-1.087548841	-2.102851199
201	-1.290316929	-1.941547651
201.1	-1.473819838	-1.71939396
201.2	-1.632664423	-1.451490269
201.3	-1.763277018	-1.158377053
201.4	-1.86420762	-0.8611637722
201.5	-1.935960256	-0.5772547788
201.6	-1.98049061	-0.3180986389
201.7	-2.000590016	-0.08908364869
201.8	-1.999335234	0.109195707
201.9	-1.97969383	0.2792372047
202	-1.944293563	0.4251211434
202.1	-1.895321562	0.5514411058
202.2	-1.834507872	0.6626704998
202.3	-1.763154971	0.7628567332
202.4	-1.682186641	0.855522519
202.5	-1.592200336	0.9436782018
202.6	-1.493515534	1.029883035
202.7	-1.386215844	1.116312227
202.8	-1.270183671	1.204810056
202.9	-1.145133466	1.296906848
203	-1.01064235	1.393792178
203.1	-0.8661896071	1.496215101
203.2	-0.7112093439	1.604307903
203.3	-0.5451636982	1.717290818
203.4	-0.3676560149	1.833060466
203.5	-0.178587653	1.947669321
203.6	0.02163031799	2.054764516
203.7	0.231812689	2.145184606
203.8	0.4497170178	2.207029915
203.9	0.6718103956	2.226641075
204	0.8931932899	2.190822996
204.1	1.107805474	2.090170018
204.2	1.308984502	1.922558183
204.3	1.490315791	1.695204664
204.4	1.646555514	1.423921916
204.5	1.774329726	1.129523341
204.6	1.872391476	0.8329212393
204.7	1.941410519	0.5510060138
204.8	1.983450302	0.2946155994
204.9	2.001351558	0.06860662154
205	1.998194922	-0.1268000549
205.1	1.976922836	-0.2943145531
205.2	1.940123209	-0.4381061196
205.3	1.889938716	-0.5627781445
205.4	1.828056341	-0.6727720433
205.5	1.755739714	-0.7720864868
205.6	1.673878766	-0.8641926984
205.7	1.583042083	-0.9520549616
205.8	1.483524851	-1.038192143
205.9	1.375389371	-1.124745788
206	1.258500883	-1.213528699
206.1	1.132558461	-1.306043406
206.2	0.9971291428	-1.40343814
206.3	0.8516841017	-1.506416425
206.4	0.6956569007	-1.615032446
206.5	0.5285179983	-1.728401918
206.6	0.3498911833	-1.844266238
206.7	0.1597171015	-1.95846877
206.8	-0.04152981723	-2.064399393
206.9	-0.2525751424	-2.152616652
207	-0.47106049	-2.210990639
207.1	-0.6933202325	-2.225789678
207.2	-0.9143284388	-2.184026499
207.3	-1.127936713	-2.076856138
207.4	-1.327466127	-1.903004446
207.5	-1.506576202	-1.67060221
207.6	-1.660179284	-1.396138001
207.7	-1.785103636	-1.100652067
207.8	-1.880303272	-0.8048204589
207.9	-1.946608571	-0.5250000425
208	-1.986184654	-0.2714196973
208.1	-2.001916745	-0.04841734708
208.2	-1.996885882	0.1441429359
208.3	-1.974007341	0.3091702285
208.4	-1.935828343	0.4509128563
208.5	-1.884447075	0.5739785832
208.6	-1.821507766	0.6827743337
208.7	-1.748235645	0.7812492724
208.8	-1.665487395	0.8728237993
208.9	-1.573803137	0.9604158273
209	-1.473453824	1.0465054
209.1	-1.36448155	1.13320029
209.2	-1.246733569	1.22228362
209.3	-1.11989577	1.315225567
209.4	-0.9835224406	1.413138129
209.5	-0.8370800898	1.516669968
209.6	-0.6800007139	1.625803271
209.7	-0.511764335	1.739537395
209.8	-0.3320181892	1.85545761
209.9	-0.1407430942	1.969192998
210	0.06152190329	2.073870419
210.1	0.273408435	2.159772341
210.2	0.4924402667	2.214545548
210.3	0.7148192877	2.224407947
210.4	0.9353949158	2.176613902
210.5	1.147936143	2.062912147
210.6	1.345755979	1.882896356
210.7	1.522596874	1.645602096
210.8	1.673533516	1.368157594
210.9	1.795598481	1.071781146
211	1.887944149	0.7768742709
211.1	1.951556312	0.4992436759
211.2	1.988696099	0.2485127493
211.3	2.002288102	0.02851452295
211.4	1.995410403	-0.1612277947
211.5	1.970949234	-0.3238082537
211.6	1.931410472	-0.4635453237
211.7	1.87884776	-0.5850461041
211.8	1.814862926	-0.6926806797
211.9	1.740643274	-0.7903479793
212	1.657012646	-0.8814179274
212.1	1.564483366	-0.968763122
212.2	1.463302445	-1.054824409
212.3	1.353491599	-1.141677259
212.4	1.234881807	-1.231074909
212.5	1.107143509	-1.324454206
212.6	0.9698218745	-1.422890294
212.7	0.8223762804	-1.526977606
212.8	0.6642400592	-1.636616861
212.9	0.494903495	-1.750695283
213	0.3140368785	-1.866631309
213.1	0.1216650656	-1.979835155
213.2	-0.08160425596	-2.083168915
213.3	-0.2943091014	-2.166636865
213.4	-0.5138524006	-2.21767847
213.5	-0.7363023629	-2.222483304
213.6	-0.9563867651	-2.168579022
213.7	-1.16779788	-2.048341456
213.8	-1.363848996	-1.8622484
213.9	-1.53837417	-1.620225515
214	-1.686616571	-1.340001923
214.1	-1.805814439	-1.042927619
214.2	-1.895315872	-0.7490941042
214.3	-1.956256622	-0.4737430498
214.4	-1.990987709	-0.2258959627
214.5	-2.002468576	-0.008895986946
214.6	-1.993771107	0.1780581694
214.7	-1.967750769	0.3382328581
214.8	-1.92687139	0.4760078403
214.9	-1.873142146	0.5959846119
215	-1.80812282	0.7024943686
215.1	-1.73296329	0.7993855828
215.2	-1.648455152	0.8899777237
215.3	-1.555083	0.9770984537
215.4	-1.453070567	1.063151247
215.5	-1.342419937	1.150178375
215.6	-1.22294436	1.239902605
215.7	-1.094302153	1.33373094
215.8	-0.9560264563	1.432695224
215.9	-0.8075730798	1.537337424
216	-0.6483748282	1.647474165
216.1	-0.4779344607	1.761871621
216.2	-0.2959480706	1.877781154
216.3	-0.102485226	1.990387389
216.4	0.101775881	2.092283788
216.5	0.3152748957	2.173202108
216.6	0.5352927382	2.220380546
216.7	0.7577642479	2.220007945
216.8	0.9772980337	2.159919261
216.9	1.187515868	2.033148429
217	1.381739995	1.841070763
217.1	1.553904606	1.594488268
217.2	1.699426921	1.311689498
217.3	1.815751922	1.014108504
217.4	1.902420122	0.7214916525
217.5	1.96071178	0.4485035363
217.6	1.993062249	0.2035703479
217.7	2.002460961	-0.01044015009
217.8	1.991970507	-0.1946378389
217.9	1.964414027	-0.3524482654
218	1.922212793	-0.4883044293
218.1	1.867331548	-0.606797797
218.2	1.801288425	-0.7122187329
218.3	1.725196361	-0.8083646987
218.4	1.639815104	-0.8985054096
218.5	1.545602247	-0.9854242742
218.6	1.442758309	-1.071487292
218.7	1.331265904	-1.158704582
218.8	1.210921896	-1.248770021
218.9	1.081370836	-1.343055379
219	0.9421366803	-1.442555397
219.1	0.7926689951	-1.547748763
219.2	0.6324047517	-1.658371624
219.3	0.4608574398	-1.773064398
219.4	0.2777510834	-1.888902011
219.5	0.08320395565	-2.000841949
219.6	-0.1220343132	-2.101204304
219.7	-0.3363025364	-2.179450419
219.8	-0.5567570153	-2.222636565
219.9	-0.779199375	-2.21697051
220	-0.9981224029	-2.150629821
