0	-0.5	-0.5
0.1	-0.5483145803	-0.4650707189
0.2	-0.5927749289	-0.4229713506
0.3	-0.6326835266	-0.3741176723
0.4	-0.66739245	-0.3190877456
0.5	-0.6963186904	-0.2585895214
0.6	-0.7189546676	-0.1934215764
0.7	-0.7348754217	-0.124426545
0.8	-0.743740504	-0.05244551065
0.9	-0.7452917179	0.02172219857
1	-0.7393474271	0.09735155104
1.1	-0.7257938339	0.1738122014
1.2	-0.7045749863	0.250577003
1.3	-0.6756826267	0.3272185719
1.4	-0.639146891	0.4033940784
1.5	-0.5950288064	0.4788211041
1.6	-0.5434161036	0.5532444486
1.7	-0.4844222704	0.6263950631
1.8	-0.4181903553	0.6979442863
1.9	-0.3449013	0.7674502779
2	-0.2647884941	0.8343029809
2.1	-0.1781566446	0.8976672802
2.2	-0.08540802086	0.9564303696
2.3	0.01292874689	1.009162289
2.4	0.1161651086	1.054103047
2.5	0.2234207953	1.089182672
2.6	0.3335966432	1.112110684
2.7	0.44535862	1.12051568
2.8	0.5571410314	1.112173991
2.9	0.6671742125	1.08528038
3	0.7735412175	1.038741335
3.1	0.8742621197	0.9724284497
3.2	0.9673991532	0.887322518
3.3	1.05116849	0.7855030589
3.4	1.124041958	0.6699666988
3.5	1.184823856	0.5442978955
3.6	1.232689871	0.4122722147
3.7	1.26718619	0.2774648762
3.8	1.288193086	0.1429400679
3.9	1.295863235	0.01106041168
4	1.290547292	-0.1165793338
4.1	1.272718157	-0.2391161585
4.2	1.242902513	-0.3563161137
4.3	1.20162459	-0.4684387936
4.4	1.149363874	-0.5760956819
4.5	1.086526702	-0.6801180823
4.6	1.013430275	-0.7814396474
4.7	0.9302976346	-0.880991041
4.8	0.8372631878	-0.9796017366
4.9	0.7343874693	-1.077894875
5	0.6216843653	-1.176165177
5.1	0.4991604914	-1.274234144
5.2	0.3668711017	-1.371262295
5.3	0.2249984747	-1.465539443
5.4	0.07394714499	-1.554255343
5.5	-0.08553224737	-1.633310507
5.6	-0.252212086	-1.697247076
5.7	-0.4242570936	-1.739427426
5.8	-0.5991299944	-1.752589487
5.9	-0.7735762608	-1.729848298
6	-0.9437283045	-1.666075568
6.1	-1.105354548	-1.559341019
6.2	-1.254235674	-1.4119262
6.3	-1.38660004	-1.230430177
6.4	-1.499514936	-1.024782657
6.5	-1.591134334	-0.8064509301
6.6	-1.660751661	-0.5864445055
6.7	-1.70867015	-0.3737485379
6.8	-1.735953719	-0.1745257347
6.9	-1.744136986	0.007927681341
7	-1.734958746	0.1727220742
7.1	-1.710154218	0.3207026372
7.2	-1.671315195	0.4537917451
7.3	-1.61981006	0.574460609
7.4	-1.556748625	0.6853607923
7.5	-1.482976512	0.7890966872
7.6	-1.399086704	0.8881010097
7.7	-1.305440296	0.9845746262
7.8	-1.202190657	1.080458408
7.9	-1.089312931	1.17740292
8	-0.9666302636	1.276726139
8.1	-0.8338579783	1.379323094
8.2	-0.6906451628	1.485515491
8.3	-0.5366497658	1.594822032
8.4	-0.3716291522	1.705634829
8.5	-0.1955750807	1.814805586
8.6	-0.008890809494	1.917210274
8.7	0.1873955948	2.005404997
8.8	0.3913929011	2.069621402
8.9	0.6001393578	2.098410138
9	0.8095060067	2.08020978
9.1	1.014303263	2.005846522
9.2	1.208664166	1.871404292
9.3	1.3866886	1.680360937
9.4	1.543213316	1.443813777
9.5	1.674485803	1.178356865
9.6	1.778536225	0.9023750031
9.7	1.855162493	0.6322897972
9.8	1.905596288	0.3800905934
9.9	1.932009443	0.1526025589
10	1.937020384	-0.04788692308
10.1	1.923301619	-0.2223529114
10.2	1.893321038	-0.3737098388
10.3	1.849203402	-0.5057596159
10.4	1.792679401	-0.6224935454
10.5	1.725088507	-0.7277000992
10.6	1.647409492	-0.8247882
10.7	1.560301589	-0.9167407218
10.8	1.464146314	-1.00613304
10.9	1.359086109	-1.095175999
11	1.245059698	-1.185750289
11.1	1.121832632	-1.279415818
11.2	0.9890328257	-1.377377578
11.3	0.8461880818	-1.480387351
11.4	0.6927821174	-1.588561613
11.5	0.5283290368	-1.701100635
11.6	0.3524852254	-1.815879118
11.7	0.1652072534	-1.928949381
11.8	-0.03304055293	-2.034012055
11.9	-0.2410303985	-2.122048935
12	-0.45649745	-2.181434746
12.1	-0.6759205335	-2.198927438
12.2	-0.8944595685	-2.161845062
12.3	-1.106165023	-2.061268594
12.4	-1.304525049	-1.895356288
12.5	-1.483287151	-1.671256649
12.6	-1.637343934	-1.404346459
12.7	-1.763401289	-1.114780108
12.8	-1.860224355	-0.8228100601
12.9	-1.928436962	-0.544848376
13	-1.970021165	-0.2915039073
13.1	-1.98772476	-0.06761849722
13.2	-1.984541275	0.1264693284
13.3	-1.963341039	0.29329932
13.4	-1.926657163	0.4368707546
13.5	-1.876593318	0.5616439941
13.6	-1.814810064	0.6719519585
13.7	-1.742553814	0.7717168037
13.8	-1.660703605	0.8643587214
13.9	-1.569821239	0.952809248
14	-1.470197769	1.039566507
14.1	-1.361893083	1.126757602
14.2	-1.244771266	1.216182426
14.3	-1.118531738	1.30932798
14.4	-0.982743808	1.407318184
14.5	-0.8368838399	1.510818765
14.6	-0.680395449	1.619825299
14.7	-0.5127664025	1.733366655
14.8	-0.3336480804	1.84906309
14.9	-0.1430226317	1.962601279
15	0.0585768338	2.067189872
15.1	0.2697992479	2.153214101
15.2	0.4881949569	2.208439386
15.3	0.7100035792	2.219182565
15.4	0.9301203353	2.172737399
15.5	1.142358927	2.060791097
15.6	1.340064915	1.882758959
15.7	1.516990972	1.64741638
15.8	1.668195324	1.371631302
15.9	1.790671409	1.076443759
16	1.883520838	0.7822003124
16.1	1.947678797	0.5047626944
16.2	1.985364841	0.2538722212
16.3	1.99947512	0.03349449146
16.4	1.993071608	-0.156733719
16.5	1.969034273	-0.3198248304
16.6	1.929869267	-0.4600462066
16.7	1.877634413	-0.5819777897
16.8	1.813937534	-0.689978723
16.9	1.739972516	-0.7879466815
17	1.656569666	-0.8792549418
17.1	1.564247077	-0.9667817379
17.2	1.46325731	-1.052974521
17.3	1.353626956	-1.139913925
17.4	1.235190438	-1.229357913
17.5	1.107623193	-1.3227508
17.6	0.9704722962	-1.421168856
17.7	0.8232010373	-1.525216789
17.8	0.6652433733	-1.634800763
17.9	0.4960914533	-1.748820027
18	0.3154149713	-1.864711999
18.1	0.1232356442	-1.977910499
18.2	-0.07984386026	-2.081309964
18.3	-0.292370363	-2.164952401
18.4	-0.5117596041	-2.216309765
18.5	-0.7340953237	-2.22159411
18.6	-0.9541212911	-2.168321942
18.7	-1.165542829	-2.048817203
18.8	-1.361679095	-1.863468571
18.9	-1.536360122	-1.622098692
19	-1.684815396	-1.342351669
19.1	-1.804263141	-1.045538383
19.2	-1.894029989	-0.7517603726
19.3	-1.955233232	-0.476305013
19.4	-1.990210862	-0.2282530095
19.5	-2.001915054	-0.01100139342
19.6	-1.993415153	0.1762108459
19.7	-1.967567354	0.3366247924
19.8	-1.926838114	0.4746073222
19.9	-1.873240051	0.5947554171
20	-1.808336585	0.7014006461
20.1	-1.733281037	0.7983942401
20.2	-1.648868139	0.8890594834
20.3	-1.555585279	0.9762275853
20.4	-1.453658467	1.062305465
20.5	-1.343091979	1.149338323
20.6	-1.22370084	1.239052552
20.7	-1.095144762	1.332855953
20.8	-0.9569584331	1.431786935
20.9	-0.8085974745	1.536387082
21	-0.6494966766	1.646484889
21.1	-0.4791565012	1.760853487
21.2	-0.2972722897	1.876756734
21.3	-0.1039110665	1.989399624
21.4	0.1002557378	2.091395762
21.5	0.3136748243	2.172500715
21.6	0.5336362802	2.219972875
21.7	0.7560861152	2.220000766
21.8	0.9756429088	2.160398828
21.9	1.185934797	2.034151687
22	1.3802843	1.842564127
22.1	1.552618667	1.596366759
22.2	1.698341894	1.313801866
22.3	1.81488294	1.016292378
22.4	1.901767145	0.723608783
22.5	1.960263003	0.4504590409
22.6	1.992798787	0.2053148108
22.7	2.002360755	-0.00891856278
22.8	1.992011791	-0.1933255621
22.9	1.964577179	-0.3513182795
23	1.922481157	-0.4873246055
23.1	1.867691735	-0.6059358285
23.2	1.801730174	-0.7114449139
23.3	1.725712214	-0.8076528355
23.4	1.640399978	-0.8978327165
23.5	1.546253184	-0.9847717848
23.6	1.443474351	-1.070838163
23.7	1.332047023	-1.158045127
23.8	1.211770435	-1.248087871
23.9	1.082288734	-1.342341786
24	0.9431278628	-1.441802848
24.1	0.7937376307	-1.546957477
24.2	0.6335539737	-1.657544423
24.3	0.4620908885	-1.772214888
24.4	0.2790698095	-1.888057932
24.5	0.08460448257	-2.000046242
24.6	-0.120559093	-2.100521799
24.7	-0.3347678779	-2.178965129
24.8	-0.5551876171	-2.222444509
24.9	-0.7776295887	-2.217168461
25	-0.9965950535	-2.151288355
25.1	-1.205646471	-2.018476457
25.2	-1.398122405	-1.82094974
25.3	-1.568057553	-1.570304104
25.4	-1.711035226	-1.28530871
25.5	-1.824692536	-0.9874325349
25.6	-1.908745198	-0.6960728081
25.7	-1.964602228	-0.4253494328
25.8	-1.994771757	-0.1831428351
25.9	-2.002266886	0.02810560759
26	-1.990138902	0.209777221
26.1	-1.961179558	0.3654339806
26.2	-1.917770173	0.4995508634
26.3	-1.861834394	0.6167060627
26.4	-1.794852089	0.7211504668
26.5	-1.717902386	0.8166340184
26.6	-1.631715983	0.9063804734
26.7	-1.536725678	0.9931328786
26.8	-1.433110987	1.079223222
26.9	-1.320836707	1.166632021
27	-1.199684459	1.257025125
27.1	-1.069287066	1.351744491
27.2	-0.9291592744	1.451744455
27.3	-0.778747049	1.557448584
27.4	-0.6174897653	1.668511524
27.5	-0.4449137023	1.783453153
27.6	-0.2607701943	1.899182465
27.7	-0.06522340267	2.010439706
27.8	0.140907158	2.109290509
27.9	0.3558645509	2.184949087
28	0.5766881954	2.224312926
28.1	0.7990565163	2.213634115
28.2	1.017357813	2.141438579
28.3	1.225096597	2.002116143
28.4	1.415637152	1.798800656
28.5	1.583130267	1.543925565
28.6	1.723342852	1.256739912
28.7	1.834119665	0.9587073185
28.8	1.915362225	0.6688207218
28.9	1.968613305	0.4006043724
29	1.99645473	0.1613568631
29.1	2.001920872	-0.04692592429
29.2	1.988048553	-0.225903849
29.3	1.957594487	-0.3792755995
29.4	1.912896531	-0.5115547527
29.5	1.85583419	-0.6273016952
29.6	1.787846457	-0.7307235339
29.7	1.70997647	-0.8255188462
29.8	1.622923894	-0.9148620476
29.9	1.527095251	-1.001453995
30	1.422647944	-1.087589599
30.1	1.30952704	-1.175218706
30.2	1.187499549	-1.265976204
30.3	1.056183556	-1.361171004
30.4	0.9150864056	-1.461712875
30.5	0.7636498107	-1.567966096
30.6	0.6013161337	-1.679489578
30.7	0.4276279842	-1.794672322
30.8	0.2423666353	-1.910239339
30.9	0.04574737943	-2.020689854
31	-0.1613306321	-2.117815516
31.1	-0.3770055416	-2.190566752
31.2	-0.5981899138	-2.225683736
31.3	-0.8204292427	-2.209495087
31.4	-1.038002865	-2.130934494
31.5	-1.244364643	-1.985136355
31.6	-1.432913533	-1.77615724
31.7	-1.597924341	-1.517244701
31.8	-1.735352265	-1.228080098
31.9	-1.84324923	-0.9300765459
32	-1.921698161	-0.6417931507
32.1	-1.972369725	-0.3761522149
32.2	-1.997913402	-0.1398812079
32.3	-2.001380991	0.06545350896
32.4	-1.985791868	0.2417748703
32.5	-1.953866433	0.3929060295
32.6	-1.907898795	0.5233919707
32.7	-1.849724481	0.6377716377
32.8	-1.780742041	0.7402067801
32.9	-1.7019591	0.8343444974
33	-1.614044975	0.9233109638
33.1	-1.51738028	1.009764182
33.2	-1.412100101	1.095964141
33.3	-1.298131578	1.183828614
33.4	-1.175224633	1.274963399
33.5	-1.042987008	1.370642437
33.6	-0.9009152726	1.471731162
33.7	-0.7484496304	1.57852767
33.8	-0.5850362975	1.690498217
33.9	-0.410233769	1.805892168
34	-0.2238567308	1.92124479
34.1	-0.02617481041	2.030812186
34.2	0.1818333251	2.126107895
34.3	0.3981968604	2.195826158
34.4	0.6196995816	2.226568014
34.5	0.8417555658	2.204764002
34.6	1.058539293	2.119791671
34.7	1.263461324	1.967557498
34.8	1.449964307	1.753042822
34.9	1.612454872	1.490281637
35	1.747080168	1.199342789
35.1	1.85209862	0.9015441663
35.2	1.927770357	0.6149854433
35.3	1.975887907	0.3519822226
35.4	1.999163176	0.1187007866
35.5	2.00066091	-0.08370548764
35.6	1.983380794	-0.2574070772
35.7	1.950005729	-0.4063409904
35.8	1.902785772	-0.5350767353
35.9	1.843512722	-0.6481283451
36	1.773545156	-0.7496111568
36.1	1.693855699	-0.8431206749
36.2	1.605083624	-0.9317350697
36.3	1.507584183	-1.018071127
36.4	1.401470829	-1.104353169
36.5	1.286651933	-1.192468449
36.6	1.162862995	-1.283992784
36.7	1.029698108	-1.380163782
36.8	0.8866474911	-1.481802334
36.9	0.7331467092	-1.58913808
37	0.5686495613	-1.701538092
37.1	0.3927315313	-1.817112095
37.2	0.2052408137	-1.932197329
37.3	0.006504622543	-2.040802615
37.4	-0.202414642	-2.134163325
37.5	-0.4194365873	-2.200720527
37.6	-0.6412147986	-2.226957292
37.7	-0.8630326298	-2.199436309
37.8	-1.078964293	-2.108012443
37.9	-1.282384603	-1.949388874
38	-1.466788739	-1.729472822
38.1	-1.626722623	-1.463054259
38.2	-1.75852912	-1.170543853
38.3	-1.86067199	-0.873121698
38.4	-1.933583848	-0.5884030554
38.5	-1.97917322	-0.3280941929
38.6	-2.00020898	-0.09781173037
38.7	-1.999765138	0.1016874058
38.8	-1.980819242	0.2728070061
38.9	-1.946015613	0.4195869356
39	-1.897560101	0.5466149141
39.1	-1.837201014	0.6583770259
39.2	-1.766257374	0.7589410167
39.3	-1.685667357	0.851851251
39.4	-1.596040769	0.9401379936
39.5	-1.49770753	1.026377385
39.6	-1.390760103	1.112759284
39.7	-1.275088609	1.201140674
39.8	-1.150413468	1.293064913
39.9	-1.016317002	1.389736898
40	-0.8722813564	1.491926605
40.1	-0.7177413573	1.599795801
40.2	-0.5521561234	1.712610016
40.3	-0.3751202966	1.828328916
40.4	-0.18651949	1.943091169
40.5	0.01326077242	2.050652166
40.6	0.223072619	2.141967953
40.7	0.44072193	2.205239006
40.8	0.6627312632	2.226843341
40.9	0.8842551296	2.19350729
41	1.099272113	2.095598753
41.1	1.301129136	1.930641223
41.2	1.483382973	1.705463957
41.3	1.640725964	1.435583243
41.4	1.769699483	1.141702845
41.5	1.868971148	0.8448230472
41.6	1.939141396	0.562053806
41.7	1.982228952	0.304490559
41.8	2.001054303	0.07721274081
41.9	1.998696858	-0.1194031217
42	1.978109943	-0.2879791901
42.1	1.941898384	-0.432648449
42.2	1.89222362	-0.5580108065
42.3	1.830790773	-0.6685214962
42.4	1.75887982	-0.7681998839
42.5	1.677394896	-0.8605387871
42.6	1.586916701	-0.9485220081
42.7	1.487750707	-1.034685347
42.8	1.379968088	-1.121184383
42.9	1.263441236	-1.20984509
43	1.13787595	-1.302182459
43.1	1.002843007	-1.399361292
43.2	0.8578176825	-1.50210502
43.3	0.7022324858	-1.610501549
43.4	0.5355553734	-1.723709307
43.5	0.3574013386	-1.839538726
43.6	0.1676931972	-1.953920139
43.7	-0.03312122827	-2.060352929
43.8	-0.2438047667	-2.149514743
43.9	-0.4620489155	-2.209368325
44	-0.6842441968	-2.22621292
44.1	-0.9054175603	-2.186969401
44.2	-1.119457184	-2.082551412
44.3	-1.319690095	-1.911323706
44.4	-1.499743428	-1.681033309
44.5	-1.654462831	-1.407887256
44.6	-1.780591099	-1.112836305
44.7	-1.876997645	-0.816660697
44.8	-1.944445651	-0.5359442277
44.9	-1.985058055	-0.2811730686
45	-2.001701972	-0.05690212284
45.1	-1.997458696	0.1368559532
45.2	-1.975255135	0.3029279941
45.3	-1.937655813	0.4455299452
45.4	-1.886777694	0.5692684581
45.5	-1.824282997	0.6785653
45.6	-1.75141309	0.77739052
45.7	-1.66903863	0.8691861794
45.8	-1.577711806	0.9568894266
45.9	-1.477713509	1.042996541
46	-1.369094507	1.129629748
46.1	-1.251709737	1.218585354
46.2	-1.125250239	1.311344724
46.3	-0.9892758941	1.409038761
46.4	-0.8432548575	1.512336562
46.5	-0.6866202138	1.621252214
46.6	-0.5188475198	1.734835557
46.7	-0.3395735094	1.850736943
46.8	-0.1487625203	1.96467705
46.9	0.05307406126	2.069894091
47	0.264608411	2.156786587
47.1	0.4834139469	2.213095302
47.2	0.705748404	2.22505617
47.3	0.9265136643	2.179817244
47.4	1.139512869	2.068873009
47.5	1.338061383	1.891448929
47.6	1.515865629	1.656199555
47.7	1.667931021	1.379987993
47.8	1.791203663	1.083963404
47.9	1.884752606	0.788647781
48	1.949498699	0.5100819943
48.1	1.987663221	0.2581440627
48.2	2.002154792	0.03687860745
48.3	1.996053121	-0.1540492815
48.4	1.972256941	-0.3176573156
48.5	1.933289628	-0.4582354539
48.6	1.881223635	-0.5803916138
48.7	1.817678639	-0.6885117117
48.8	1.743857902	-0.7865160367
48.9	1.660599063	-0.8777955555
49	1.568426033	-0.9652420811
49.1	1.467596043	-1.051313037
49.2	1.358139305	-1.13809722
49.3	1.239893404	-1.22735987
49.4	1.112535609	-1.32055424
49.5	0.9756148362	-1.418767594
49.6	0.8285933783	-1.522621771
49.7	0.6709036689	-1.632048189
49.8	0.5020319782	-1.745984232
49.9	0.3216381547	-1.861918863
50	0.1297282719	-1.97535485
50.1	-0.07311858765	-2.079267082
50.2	-0.2854809581	-2.163776328
50.3	-0.5048128933	-2.216408105
50.4	-0.7272389123	-2.223362056
50.5	-0.9475378325	-2.17204572
50.6	-1.159433571	-2.054566459
50.7	-1.356238251	-1.871027252
50.8	-1.531746208	-1.630979623
50.9	-1.68112883	-1.351903758
51	-1.801537415	-1.055100383
51.1	-1.892237857	-0.7607961308
51.2	-1.95430327	-0.48447258
51.3	-1.990047382	-0.2354046175
51.4	-2.002415587	-0.01714031077
51.5	-1.994482768	0.1709866456
51.6	-1.969117558	0.3321715334
51.7	-1.928801596	0.4707692244
51.8	-1.875562825	0.5913841406
51.9	-1.810978724	0.6983641355
52	-1.736214896	0.7955790507
52.1	-1.652076525	0.8863696345
52.2	-1.559059795	0.973582237
52.3	-1.457398193	1.059636352
52.4	-1.347102253	1.146587872
52.5	-1.227992239	1.236172797
52.6	-1.099732201	1.329810374
52.7	-0.9618597435	1.428551784
52.8	-0.8138321182	1.532958552
52.9	-0.6550829177	1.642887648
53	-0.4851083132	1.757153416
53.1	-0.3035944507	1.873078825
53.2	-0.1105918338	1.985945821
53.3	0.09325275039	2.088459865
53.4	0.3064198402	2.170468658
53.5	0.5262418381	2.219294344
53.6	0.748710313	2.221120889
53.7	0.9684836979	2.163650376
53.8	1.179212731	2.039635561
53.9	1.374214882	1.85007133
54	1.547381096	1.605391842
54.1	1.694054347	1.323655244
54.2	1.811592258	1.026265053
54.3	1.899454602	0.7331175245
54.4	1.958861339	0.4591224513
54.5	1.99221308	0.212956265
54.6	2.002486941	-0.002314649727
54.7	1.992749855	-0.1876716464
54.8	1.965838845	-0.3464746289
54.9	1.924193172	-0.4831352627
55	1.869796319	-0.6022497042
55.1	1.804183959	-0.7081258013
55.2	1.728484556	-0.8045825081
55.3	1.643471175	-0.8949104207
55.4	1.549612845	-0.98191198
55.5	1.447119934	-1.067968215
55.6	1.335982723	-1.155103481
55.7	1.216006052	-1.245023458
55.8	1.08683864	-1.339114625
55.9	0.9480097809	-1.438387688
56	0.7989707304	-1.543349175
56.1	0.6391567236	-1.653767909
56.2	0.468077063	-1.768339173
56.3	0.2854433625	-1.884212952
56.4	0.09135260972	-1.996442487
56.5	-0.1134749079	-2.097464521
56.6	-0.3274215783	-2.176853009
56.7	-0.5476965374	-2.221739389
56.8	-0.7701574661	-2.218321183
56.9	-0.9893456092	-2.15462673
57	-1.198844941	-2.024084855
57.1	-1.391986834	-1.828594836
57.2	-1.562767202	-1.579455879
57.3	-1.706706262	-1.29526146
57.4	-1.821368776	-0.9974728824
57.5	-1.906404957	-0.7056224487
57.6	-1.963176019	-0.4340361894
57.7	-1.994163338	-0.1907991064
57.8	-2.002371691	0.0214886363
57.9	-1.990856982	0.2041079797
58	-1.962422966	0.3605710122
58.1	-1.919466079	0.4953378271
58.2	-1.863925445	0.6129921285
58.3	-1.79729531	0.7177999185
58.4	-1.720667472	0.8135291132
58.5	-1.63478354	0.9034207195
58.6	-1.540085558	0.9902329211
58.7	-1.436760947	1.076310529
58.8	-1.324781186	1.163645146
58.9	-1.203933494	1.253912853
59	-1.073855296	1.348467749
59.1	-0.9340644889	1.448278479
59.2	-0.7840086149	1.553790226
59.3	-0.6231257508	1.664688895
59.4	-0.4509373055	1.779539455
59.5	-0.2671844105	1.895314616
59.6	-0.07201335276	2.006836891
59.7	0.1337829623	2.106268013
59.8	0.3484838	2.182915057
59.9	0.5691727669	2.223733389
60	0.7915748152	2.214955548
60.1	1.010117173	2.144972729
60.2	1.218323701	2.007920707
60.3	1.409548604	1.806612076
60.4	1.577901091	1.55319052
60.5	1.719083283	1.266743151
60.6	1.830867388	0.9687408539
60.7	1.913090515	0.6783216955
60.8	1.96724943	0.4092191852
60.9	1.995900989	0.1689340614
61	2.00207259	-0.04038405963
61.1	1.988806505	-0.2202995238
61.2	1.958871906	-0.3744647855
61.3	1.914621887	-0.5073809276
61.4	1.857951378	-0.6236150416
61.5	1.790313623	-0.7273897839
61.6	1.71276428	-0.8224216947
61.7	1.626013776	-0.9119023767
61.8	1.530477813	-0.9985475472
61.9	1.426321513	-1.084664725
62	1.313496593	-1.172214708
62.1	1.191775589	-1.262843093
62.2	1.060781006	-1.357870272
62.3	0.9200233823	-1.45822179
62.4	0.7689455097	-1.564283723
62.5	0.6069885184	-1.675647383
62.6	0.4336895706	-1.790749196
62.7	0.2488188767	-1.906379064
62.8	0.05257335365	-2.017120533
62.9	-0.1541753317	-2.114861993
63	-0.3696026944	-2.188644816
63.1	-0.5906659751	-2.22526221
63.2	-0.8129569245	-2.211013556
63.3	-1.030792547	-2.134685501
63.4	-1.237643583	-1.99114859
63.5	-1.426895802	-1.784136291
63.6	-1.5927797	-1.526614434
63.7	-1.731184184	-1.238118189
63.8	-1.840088754	-0.9400837054
63.9	-1.919513324	-0.6512248172
64	-1.971084522	-0.3846750746
64.1	-1.997428706	-0.1473608042
64.2	-2.001592208	0.05900332165
64.3	-1.986600733	0.2362500485
64.4	-1.955187529	0.3881601876
64.5	-1.909662065	0.5192685508
64.6	-1.851875224	0.6341220289
64.7	-1.783239653	0.7368983605
64.8	-1.704775341	0.8312626953
64.9	-1.617162215	0.920358098
65	-1.520789863	1.006857251
65.1	-1.415801065	1.093032626
65.2	-1.30212947	1.180812911
65.3	-1.179530373	1.271814011
65.4	-1.047615978	1.367322998
65.5	-0.9058856946	1.46821971
65.6	-0.7537808128	1.574826767
65.7	-0.5907456974	1.686642656
65.8	-0.4163332896	1.801966168
65.9	-0.2303464097	1.917399817
66	-0.0330353274	2.027285155
66.1	0.1746494658	2.123233169
66.2	0.3907754368	2.194027305
66.3	0.6121716491	2.226315008
66.4	0.834298054	2.20648781
66.5	1.051365321	2.12376406
66.6	1.256798315	1.973777131
66.7	1.444023382	1.761184505
66.8	1.607400149	1.499748431
66.9	1.743008163	1.209407244
67	1.849033691	0.9115170826
67.1	1.92567537	0.6243412904
67.2	1.974683743	0.360408259
67.3	1.99874953	0.1260793604
67.4	2.00093336	-0.0773493962
67.5	1.98424209	-0.2519635172
67.6	1.951371877	-0.4016614053
67.7	1.904588217	-0.53100476
67.8	1.845698185	-0.6445166861
67.9	1.776074297	-0.7463288987
68	1.696701368	-0.8400549296
68.1	1.608229117	-0.9287897118
68.2	1.511021663	-1.015164388
68.3	1.405199952	-1.101415653
68.4	1.290678903	-1.189441406
68.5	1.16719906	-1.280828239
68.6	1.034359174	-1.376825979
68.7	0.8916518589	-1.478272086
68.8	0.7385136465	-1.585419493
68.9	0.5743963795	-1.697670895
69	0.3988689702	-1.813185978
69.1	0.2117674513	-1.928370907
69.2	0.01339920784	-2.037322186
69.3	-0.1952032395	-2.131372316
69.4	-0.4119982851	-2.199049526
69.5	-0.6336851045	-2.226877667
69.6	-0.8555925876	-2.201368781
69.7	-1.071829547	-2.112206869
69.8	-1.275782434	-1.955813685
69.9	-1.460927002	-1.737772444
70	-1.621759594	-1.472611575
70.1	-1.754554243	-1.180627883
70.2	-1.857703021	-0.8830547812
70.3	-1.931578704	-0.5976794896
70.4	-1.978049847	-0.3364216414
70.5	-1.999866013	-0.1050888167
70.6	-2.000098422	0.09542505401
70.7	-1.981732637	0.2674438877
70.8	-1.947426566	0.4149727026
70.9	-1.899401561	0.5425935052
71	-1.839421118	0.6548025194
71.1	-1.768818041	0.7556842443
71.2	-1.688542529	0.8488010188
71.3	-1.599214636	0.9371996123
71.4	-1.501173037	1.023470495
71.5	-1.394517649	1.109815452
71.6	-1.27914478	1.198102246
71.7	-1.154780267	1.289884931
71.8	-1.02101034	1.386380999
71.9	-0.877319913	1.488377278
72	-0.7231443408	1.596060642
72.1	-0.5579402447	1.708732207
72.2	-0.3812956693	1.824404036
72.3	-0.193083147	1.939285857
72.4	0.006332869307	2.047221688
72.5	0.2158347402	2.13926539
72.6	0.4332681027	2.203701625
72.7	0.6552016254	2.226941633
72.8	0.876834751	2.195651284
72.9	1.092178939	2.100015218
73	1.294589985	1.937267361
73.1	1.477602124	1.713914664
73.2	1.635855631	1.445223414
73.3	1.765822068	1.151799766
73.4	1.866097904	0.8547115053
73.5	1.937225429	0.571247964
73.6	1.981185502	0.3127183204
73.7	2.000781109	0.08438861197
73.8	1.999090173	-0.1132334998
73.9	1.979074743	-0.2826952311
74	1.943353584	-0.4280981885
74.1	1.894103675	-0.5540386733
74.2	1.833045223	-0.6649830143
74.3	1.761471821	-0.7649676175
74.4	1.680299444	-0.857503212
74.5	1.590118913	-0.9455899957
74.6	1.491244312	-1.031777654
74.7	1.383754053	-1.118233758
74.8	1.267526885	-1.20679479
74.9	1.142273425	-1.298986722
75	1.007568897	-1.395987115
75.1	0.8628906163	-1.498537131
75.2	0.7076715834	-1.60674979
75.3	0.5413771148	-1.719821763
75.4	0.3636146186	-1.835616992
75.5	0.1742933559	-1.950138364
75.6	-0.02616037118	-2.056975908
75.7	-0.2365411321	-2.146904506
75.8	-0.4545808893	-2.207967969
75.9	-0.6767163768	-2.226492629
76	-0.8980189124	-2.189326784
76.1	-1.112407743	-2.087189277
76.2	-1.313215921	-1.918148166
76.3	-1.494044933	-1.68963004
76.4	-1.64968602	-1.417603863
76.5	-1.776811266	-1.122939844
76.6	-1.87421971	-0.8264998175
76.7	-1.942618142	-0.5450535608
76.8	-1.984093644	-0.2893003782
76.9	-2.001497631	-0.06397715297
77	-1.997911176	0.1307779412
77.1	-1.976270618	0.2977217765
77.2	-1.939154675	0.4410422505
77.3	-1.888695892	0.5653442958
77.4	-1.826571465	0.6750616758
77.5	-1.754036201	0.7741817656
77.6	-1.671972455	0.8661644678
77.7	-1.580942324	0.9539629629
77.8	-1.481235184	1.040087495
77.9	-1.372909078	1.126671789
78	-1.255824812	1.21552287
78.1	-1.129678801	1.308132958
78.2	-0.9940344312	1.405646234
78.3	-0.8483623498	1.508749703
78.4	-0.6920957111	1.617484777
78.5	-0.5247067388	1.730939312
78.6	-0.3458246351	1.846819607
78.7	-0.1553992933	1.960921257
78.8	0.04608088541	2.066573621
78.9	0.2573201248	2.154273016
79	0.4759330869	2.211837622
79.1	0.6982241788	2.225521754
79.2	0.919138828	2.182390484
79.3	1.132509279	2.073731523
79.4	1.331654049	1.898467112
79.5	1.510250849	1.664935121
79.6	1.663248418	1.389773631
79.7	1.787521458	1.094067484
79.8	1.882069465	0.7984333563
79.9	1.947758728	0.519104235
80	1.98677681	0.266170333
80.1	2.002018316	0.04385342779
80.2	1.996563882	-0.1480616909
80.3	1.973322346	-0.3125273763
80.4	1.93483155	-0.4538088278
80.5	1.883179521	-0.5765140509
80.6	1.820000793	-0.6850417703
80.7	1.746511914	-0.7833297839
80.8	1.663561998	-0.8747867652
80.9	1.571684788	-0.962320559
81	1.47114587	-1.048401945
81.1	1.36198241	-1.135131443
81.2	1.244038258	-1.224284585
81.3	1.116995038	-1.317326057
81.4	0.9804063724	-1.415356859
81.5	0.8337354714	-1.51901646
81.6	0.6764156826	-1.628265032
81.7	0.5079289702	-1.742080405
81.8	0.3279269906	-1.858007941
81.9	0.1364011514	-1.971627621
82	-0.06609355712	-2.076006835
82.1	-0.278168797	-2.16136302
82.2	-0.4973205977	-2.215296714
82.3	-0.7197200742	-2.224016702
82.4	-0.9401888823	-2.174836201
82.5	-1.152477987	-2.059644403
82.6	-1.349899654	-1.878235413
82.7	-1.526216471	-1.639848291
82.8	-1.676541084	-1.361751854
82.9	-1.797952803	-1.065198948
83	-1.889648974	-0.7705238918
83.1	-1.952650042	-0.4934055988
83.2	-1.989238039	-0.2433293895
83.3	-2.002346029	-0.02401549697
83.4	-1.995050949	0.1650882152
83.5	-1.97023217	0.3271164262
83.6	-1.930385999	0.4664022525
83.7	-1.877555956	0.5875518789
83.8	-1.813334242	0.6949267181
83.9	-1.73889959	0.7924143314
84	-1.655068485	0.883372973
84.1	-1.562346745	0.9706648477
84.2	-1.460976161	1.056722681
84.3	-1.3509741	1.143613829
84.4	-1.232166809	1.233084302
84.5	-1.104223083	1.326565746
84.6	-0.9666841953	1.425121914
84.7	-0.8190093673	1.52933504
84.8	-0.6606314063	1.639089712
84.9	-0.4910430107	1.753242434
85	-0.3099212909	1.869175952
85.1	-0.1173005383	1.982249654
85.2	0.0861967213	2.085263677
85.3	0.2990848975	2.16816172
85.4	0.5187395225	2.218334182
85.5	0.7411987959	2.221968389
85.6	0.9611628648	2.166659788
85.7	1.172307372	2.044931378
85.8	1.367946946	1.857464374
85.9	1.541937732	1.614386551
86	1.689562048	1.33355822
86.1	1.808105215	1.036352016
86.2	1.896959458	0.742783492
86.3	1.957294019	0.4679640351
86.4	1.99147981	0.2207790411
86.5	2.002483327	0.004461664528
86.6	1.993374615	-0.1818611251
86.7	1.967001946	-0.3414929222
86.8	1.925819491	-0.4788264972
86.9	1.871826271	-0.598461435
87	1.806572545	-0.7047197795
87.1	1.731199719	-0.8014382785
87.2	1.64649202	-0.8919251287
87.3	1.552928014	-0.9789980586
87.4	1.450726032	-1.065051317
87.5	1.339883388	-1.152120429
87.6	1.220210502	-1.241921837
87.7	1.091360979	-1.335852889
87.8	0.9528675208	-1.434939535
87.9	0.8041828808	-1.539707215
88	0.644742105	-1.649955357
88.1	0.4740496384	-1.764423012
88.2	0.2918076054	-1.880320007
88.3	0.09809688221	-1.992780385
88.4	-0.1063881285	-2.094335684
88.5	-0.3200648301	-2.174654214
88.6	-0.5401856828	-2.220934182
88.7	-0.7626550318	-2.219364712
88.8	-0.982054838	-2.157856045
88.9	-1.191991695	-2.029597073
89	-1.385791105	-1.836169361
89.1	-1.557411281	-1.588571032
89.2	-1.702309858	-1.305213276
89.3	-1.817979059	-1.00754277
89.4	-1.904002858	-0.715222873
89.5	-1.96169367	-0.4427849006
89.6	-1.993505171	-0.1985198815
89.7	-2.002433066	0.01481043656
89.8	-1.991537447	0.1983840218
89.9	-1.963633845	0.3556611777
90	-1.921133741	0.4910858353
90.1	-1.865991777	0.6092465467
90.2	-1.799716642	0.714424152
90.3	-1.723412919	0.8104045201
90.4	-1.637833192	0.9004458629
90.5	-1.543428815	0.9873217581
90.6	-1.440395276	1.073389848
90.7	-1.328710676	1.160653
90.8	-1.208167981	1.250796821
90.9	-1.078409152	1.345189144
91	-0.9389554275	1.444810196
91.1	-0.7892563641	1.550130953
91.2	-0.628747771	1.660862633
91.3	-0.4569478929	1.775618238
91.4	-0.2735866869	1.891433727
91.5	-0.0787924991	2.003211487
91.6	0.1266664509	2.103210995
91.7	0.3411062059	2.180831853
91.8	0.5616548431	2.223088014
91.9	0.7840834422	2.216198585
92	1.002858751	2.148423305
92.1	1.211524896	2.013646803
92.2	1.403427056	1.814361338
92.3	1.572633836	1.562418266
92.4	1.714783269	1.276736128
92.5	1.827574944	0.978788009
92.6	1.910780941	0.6878530661
92.7	1.965851271	0.4178730904
92.8	1.995316943	0.1765526105
92.9	2.002198073	-0.03380298668
93	1.98954193	-0.2146608155
93.1	1.96012994	-0.3696253697
93.2	1.916330434	-0.5031842504
93.3	1.860053777	-0.6199108591
93.4	1.792767505	-0.724043135
93.5	1.715539869	-0.8193156234
93.6	1.629092192	-0.9089373258
93.7	1.533849343	-0.9956383571
93.8	1.429984036	-1.081739666
93.9	1.317455302	-1.169212288
94	1.196040008	-1.259713272
94.1	1.065366923	-1.354573949
94.2	0.9249482086	-1.454736398
94.3	0.7742284085	-1.560605358
94.4	0.6126481301	-1.671808081
94.5	0.4397379448	-1.786825633
94.6	0.2552580012	-1.902511591
94.7	0.05938805209	-2.013534974
94.8	-0.1470292586	-2.111878789
94.9	-0.3622056605	-2.186677568
95	-0.5831425603	-2.224780492
95.1	-0.8054783769	-2.212458951
95.2	-1.023568301	-2.138357625
95.3	-1.230900832	-1.997087066
95.4	-1.420849674	-1.792057633
95.5	-1.587602021	-1.535949523
95.6	-1.726980831	-1.248146882
95.7	-1.836893131	-0.9501030233
95.8	-1.917295386	-0.6606838252
95.9	-1.96976935	-0.3932332913
96	-1.996917814	-0.1548773735
96.1	-2.001780788	0.05251860343
96.2	-1.987390201	0.2306951619
96.3	-1.956491974	0.3833896634
96.4	-1.911410873	0.5151258188
96.5	-1.854013182	0.6304579764
96.6	-1.785725712	0.7335797985
96.7	-1.707580899	0.8281744648
96.8	-1.62026922	0.9174016971
96.9	-1.524189346	1.003949651
97	-1.419492085	1.090102496
97.1	-1.30611684	1.177800695
97.2	-1.183825864	1.268669914
97.3	-1.052233529	1.364009199
97.4	-0.9108444152	1.464714652
97.5	-0.7590994033	1.571131526
97.6	-0.5964420284	1.6827907
97.7	-0.4224195981	1.798040035
97.8	-0.2368231296	1.913548292
97.9	-0.03988389272	2.023741988
98	0.1674751998	2.120329549
98.1	0.383359933	2.192183942
98.2	0.604644408	2.226001499
98.3	0.8268345323	2.208138548
98.4	1.044177721	2.12765828
98.5	1.250114054	1.979924026
98.6	1.438054659	1.769269762
98.7	1.602313086	1.509182122
98.8	1.738901764	1.219463505
98.9	1.845934674	0.9215030425
99	1.923548383	0.6337246297
99.1	1.973450762	0.3688689389
99.2	1.998310615	0.1334938611
99.3	2.00118403	-0.07095989463
99.4	1.985084727	-0.2464911443
99.5	1.952721982	-0.3969583303
99.6	1.906376705	-0.5269145205
99.7	1.847871275	-0.6408915224
99.8	1.778592199	-0.7430372727
99.9	1.699536545	-0.8369833813
100	1.611364566	-0.9258415863
100.1	1.514449233	-1.012257402
100.2	1.408919064	-1.098480109
100.3	1.294695614	-1.1864182
100.4	1.171524309	-1.277668751
100.5	1.039008953	-1.373494231
100.6	0.8966438944	-1.474748075
100.7	0.7438682876	-1.581706547
100.8	0.5801301945	-1.693808146
100.9	0.4049928997	-1.809259475
101	0.2182814232	-1.924537432
101.1	0.02028228423	-2.033824541
101.2	-0.1880013329	-2.128550559
101.3	-0.4045657524	-2.197333837
101.4	-0.6261556901	-2.226737481
101.5	-0.8481460106	-2.203228336
101.6	-1.064680596	-2.116323809
101.7	-1.269158472	-1.962167018
101.8	-1.455037129	-1.746017064
101.9	-1.616764236	-1.482138059
102	-1.750545255	-1.190706302
102.1	-1.854700397	-0.893002761
102.2	-1.929542052	-0.606984373
102.3	-1.976898198	-0.3447839753
102.4	-1.99949838	-0.1124016396
102.5	-2.000410499	0.08912990913
102.6	-1.982627869	0.2620526446
102.7	-1.948821914	0.4103356302
102.8	-1.901229435	0.538554449
102.9	-1.841629158	0.6512150606
103	-1.771367748	0.7524186517
103.1	-1.691407431	0.845745301
103.2	-1.602378567	0.934258811
103.3	-1.504628824	1.020563754
103.4	-1.398265298	1.106873899
103.5	-1.283190737	1.195067411
103.6	-1.159136376	1.286710713
103.7	-1.02569232	1.383031115
103.8	-0.8823467825	1.484834749
103.9	-0.7285346194	1.592331538
104	-0.5637112847	1.704857407
104.1	-0.3874581222	1.820478526
104.2	-0.1996339727	1.935472886
104.3	-0.0005831949871	2.04377353
104.4	0.2086059059	2.136532369
104.5	0.4258193947	2.202116973
104.6	0.6476716845	2.226976711
104.7	0.8694072162	2.197720752
104.8	1.085070991	2.104353946
104.9	1.288028622	1.943823156
105	1.471792825	1.722313096
105.1	1.630952717	1.454835108
105.2	1.761910489	1.161892665
105.3	1.863191215	0.8646161074
105.4	1.935278368	0.5804711989
105.5	1.980114191	0.3209810973
105.6	2.000483588	0.09159985803
105.7	1.999462584	-0.1070314508
105.8	1.980021653	-0.2773837103
105.9	1.944793376	-0.423525694
106	1.895970292	-0.5500494283
106.1	1.835287711	-0.66143203
106.2	1.764052887	-0.7617267877
106.3	1.683193732	-0.8544626621
106.4	1.593311307	-0.9426558312
106.5	1.494728071	-1.02887021
106.6	1.387530116	-1.115285472
106.7	1.271602292	-1.203749378
106.8	1.146660407	-1.295796118
106.9	1.012283447	-1.392619651
107	0.8679512726	-1.494975384
107.1	0.713098266	-1.603003328
107.2	0.54718582	-1.715938019
107.3	0.369814393	-1.831693812
107.4	0.1808809521	-1.946347904
107.5	-0.01921065042	-2.053579292
107.6	-0.2292863058	-2.144260076
107.7	-0.4471176332	-2.206519426
107.8	-0.6691875584	-2.226708803
107.9	-0.8906122187	-2.191609513
108	-1.105342508	-2.091749892
108.1	-1.306718522	-1.924903798
108.2	-1.488317225	-1.698176359
108.3	-1.644876272	-1.427294923
108.4	-1.772997172	-1.13304233
108.5	-1.871408348	-0.8363570384
108.6	-1.940759623	-0.5541932493
108.7	-1.983101606	-0.297463206
108.8	-2.001269297	-0.07108760003
108.9	-1.998343031	0.1246679059
109	-1.977268447	0.2924883663
109.1	-1.94063834	0.4365327104
109.2	-1.890600816	0.561403403
109.3	-1.828848089	0.6715459057
109.4	-1.756648504	0.770964891
109.5	-1.674896101	0.8631378506
109.6	-1.584162936	0.951034572
109.7	-1.484747135	1.037179003
109.8	-1.376713692	1.123716525
109.9	-1.259929609	1.212464076
110	-1.134096503	1.304927208
110.1	-0.9987815033	1.402259766
110.2	-0.8534580556	1.505169664
110.3	-0.6975583876	1.613723102
110.4	-0.5305528096	1.727045421
110.5	-0.3520629218	1.842900483
110.6	-0.1620234058	1.957155981
110.7	0.03909916836	2.063233236
110.8	0.2500402711	2.151726407
110.9	0.4684564193	2.210529869
111	0.6906984346	2.225921766
111.1	0.9117554204	2.184888045
111.2	1.125489452	2.078512907
111.3	1.325223197	1.905417417
111.4	1.504606649	1.673622362
111.5	1.658532731	1.39953547
111.6	1.78380508	1.104171895
111.7	1.879353236	0.8082382389
111.8	1.945988242	0.5281571037
111.9	1.985863205	0.2742320534
112	2.001858192	0.05086332103
112.1	1.997054373	-0.1420425068
112.2	1.974370383	-0.3073708973
112.3	1.936358494	-0.4493609554
112.4	1.885122305	-0.5726202906
112.5	1.822311234	-0.6815601438
112.6	1.749155158	-0.7801356478
112.7	1.666514769	-0.8717735912
112.8	1.574933779	-0.9593974114
112.9	1.474685856	-1.045491544
113	1.365815578	-1.132168317
113.1	1.24817281	-1.221214899
113.2	1.121444134	-1.314103338
113.3	0.9851863255	-1.41195294
113.4	0.83886556	-1.515417392
113.5	0.6819148649	-1.624487217
113.6	0.5138127355	-1.738178849
113.7	0.3342026699	-1.854094401
113.8	0.1430614561	-1.967889921
113.9	-0.05907959048	-2.072724917
114	-0.2708648276	-2.158914291
114.1	-0.4898320661	-2.214133452
114.2	-0.7121990549	-2.224604622
114.3	-0.9328305281	-2.177550339
114.4	-1.145505232	-2.064645598
114.5	-1.343536655	-1.885377518
114.6	-1.520656694	-1.64867112
114.7	-1.671919948	-1.371578829
114.8	-1.794333928	-1.075300188
114.9	-1.88702706	-0.7802724367
115	-1.950966454	-0.5023701603
115.1	-1.988401742	-0.2512898294
115.2	-2.002253079	-0.03092557272
115.3	-1.995599062	0.1591586378
115.4	-1.97132958	0.322035214
115.5	-1.931955545	0.4620144962
115.6	-1.879536053	0.5837038503
115.7	-1.815678077	0.6914779937
115.8	-1.741573533	0.7892421386
115.9	-1.658050264	0.8803721133
116	-1.565623804	0.9677460558
116.1	-1.464544252	1.053809941
116.2	-1.354835855	1.140642642
116.3	-1.236330956	1.230000474
116.4	-1.108702886	1.32332691
116.5	-0.9714969725	1.421697724
116.6	-0.8241743019	1.525718381
116.7	-0.6661669989	1.635296453
116.8	-0.4969648199	1.749333801
116.9	-0.3162349356	1.865270372
117	-0.1239963443	1.97854251
117.1	0.07915125149	2.082045171
117.2	0.2917575568	2.165816697
117.3	0.5112404404	2.217319472
117.4	0.7336844192	2.222747339
117.5	0.9538318872	2.169592055
117.6	1.165384171	2.050151233
117.7	1.361654061	1.864794094
117.8	1.536463978	1.623338848
117.9	1.685036257	1.343443022
118	1.804584013	1.046443606
118.1	1.894431633	0.7524714884
118.2	1.95569687	0.4768378584
118.3	1.990720087	0.2286375535
118.4	2.002456768	0.01127249953
118.5	1.99397971	-0.176019906
118.6	1.968148203	-0.3364856695
118.7	1.927431244	-0.4744975241
118.8	1.873843425	-0.5946579038
118.9	1.808949635	-0.701302848
119	1.733904276	-0.7982869781
119.1	1.649502869	-0.888936006
119.2	1.556233381	-0.9760828524
119.3	1.454322269	-1.06213565
119.4	1.343774145	-1.149140534
119.5	1.224404264	-1.238824731
119.6	1.095872519	-1.332597285
119.7	0.9577135734	-1.431497995
119.8	0.809382924	-1.536070971
119.9	0.6503148228	-1.6461484
120	0.4800088287	-1.76050861
120.1	0.2981587718	-1.876423002
120.2	0.104829198	-1.989106046
120.3	-0.09931189403	-2.091182197
120.4	-0.3127156696	-2.172417139
120.5	-0.5326775644	-2.220074807
120.6	-0.7551490631	-2.220339744
120.7	-0.9747531225	-2.161008582
120.8	-1.185119753	-2.035033921
120.9	-1.379569687	-1.843680838
121	-1.552024514	-1.597644757
121.1	-1.697879797	-1.315149173
121.2	-1.814555255	-1.017619699
121.3	-1.901568194	-0.7248468938
121.4	-1.960181558	-0.4515665423
121.5	-1.99282084	-0.2062766449
121.6	-2.002471838	0.008097895551
121.7	-1.992198527	0.1926298911
121.8	-1.964828113	0.3507262596
121.9	-1.922787038	0.4868140588
122	-1.868045467	0.6054861136
122.1	-1.802126603	0.7110379121
122.2	-1.726147861	0.8072731167
122.3	-1.640872781	0.8974673172
122.4	-1.546762274	0.984409812
122.5	-1.444019855	1.070470441
122.6	-1.332629914	1.157663944
122.7	-1.212392386	1.247686908
122.8	-1.082951978	1.341916219
122.9	-0.9438350248	1.441349891
123	-0.7944914634	1.546477155
123.1	-0.6343570583	1.657040976
123.2	-0.4629450735	1.77169875
123.3	-0.2799754899	1.887548054
123.4	-0.08555963212	1.999572776
123.5	0.119560153	2.10012796
123.6	0.3337358209	2.17870681
123.7	0.5541391688	2.22238581
123.8	0.7765878753	2.217371131
123.9	0.9955886192	2.151796083
124	1.204706621	2.019298321
124.1	1.397279162	1.822050441
124.2	1.567335284	1.571607612
124.3	1.710449342	1.286715672
124.4	1.82424833	0.9888438128
124.5	1.908438916	0.6974090519
124.6	1.964423604	0.4265604835
124.7	1.994706971	0.1842070572
124.8	2.002301121	-0.02718798828
124.9	1.990258109	-0.2089923535
125	1.961371454	-0.3647614083
125.1	1.918024639	-0.4989683324
125.2	1.862143506	-0.6161922856
125.3	1.795209946	-0.720686392
125.4	1.718304862	-0.8162031783
125.5	1.632160476	-0.9059688492
125.6	1.537210875	-0.9927285833
125.7	1.433636674	-1.078816171
125.8	1.321403601	-1.166213681
125.9	1.200294049	-1.256588406
126	1.069941482	-1.351284017
126.1	0.9298610723	-1.451256885
126.2	0.7794989926	-1.556933657
126.3	0.6182944136	-1.667973453
126.4	0.4457728987	-1.782902568
126.5	0.2616843096	-1.89863908
126.6	0.06619024204	-2.009934934
126.7	-0.1398935971	-2.108869374
126.8	-0.3548154359	-2.184669689
126.9	-0.5756209664	-2.224241373
127	-0.7979952004	-2.213833399
127.1	-1.016331906	-2.141952192
127.2	-1.224138249	-2.002951237
127.3	-1.414776975	-1.799918755
127.4	-1.582392877	-1.545247355
127.5	-1.722743616	-1.258163608
127.6	-1.833663653	-0.9601326893
127.7	-1.915045408	-0.6701684817
127.8	-1.968425195	-0.4018250505
127.9	-1.996381362	-0.1624296072
128	-2.001947349	0.04600030422
128.1	-1.98816079	0.2251111548
128.2	-1.957780194	0.3785952117
128.3	-1.913145593	0.5109643744
128.4	-1.856138684	0.6267800403
128.5	-1.788200485	0.7302515558
128.6	-1.710375909	0.8250800624
128.7	-1.623366144	0.9144424183
128.8	-1.527579014	1.001041592
128.9	-1.423173014	1.087174279
129	-1.310094152	1.174791881
129.1	-1.188110221	1.265530807
129.2	-1.056839928	1.360701611
129.3	-0.9157910665	1.461216308
129.4	-0.7644054987	1.567442309
129.5	-0.602125396	1.67894316
129.6	-0.4284925863	1.794114643
129.7	-0.2432867488	1.909691059
129.8	-0.04672053841	2.020183662
129.9	0.1603108269	2.117397885
130	0.3759508309	2.190297054
130.1	0.5971184105	2.225628736
130.2	0.8193656364	2.209717159
130.3	1.036977172	2.131474788
130.4	1.243409221	1.985998234
130.5	1.432058787	1.777298044
130.6	1.597194302	1.518581879
130.7	1.734761491	1.229510654
130.8	1.842801971	0.9315011327
130.9	1.92138973	0.6431346744
131	1.972189212	0.3773637102
131.1	1.997846653	0.140943948
131.2	2.001413107	-0.06453726138
131.3	1.985908875	-0.2409901363
131.4	1.954056198	-0.3922318925
131.5	1.908151376	-0.5228061252
131.6	1.850032121	-0.6372529416
131.7	1.781098989	-0.7397363807
131.8	1.702361362	-0.833906115
131.9	1.614490064	-0.9228907222
132	1.517866984	-1.00935029
132.1	1.412628301	-1.095546581
132.2	1.298702079	-1.18339892
132.3	1.175839002	-1.274514557
132.4	1.043647448	-1.370169291
132.5	0.9016243825	-1.471230626
132.6	0.7492101653	-1.578000166
132.7	0.5858507353	-1.689948805
132.8	0.4111037854	-1.805332963
132.9	0.2247823026	-1.920697538
133	0.02715313657	-2.030310843
133.1	-0.1808090924	-2.125700304
133.2	-0.3971390273	-2.195572829
133.3	-0.6186269197	-2.226535928
133.4	-0.840693375	-2.205014351
133.5	-1.057517995	-2.120362703
133.6	-1.26251332	-1.968448359
133.7	-1.449119608	-1.754206511
133.8	-1.611736734	-1.491632653
133.9	-1.746502187	-1.200777392
134	-1.851664119	-0.9029643928
134.1	-1.927473933	-0.6163168395
134.2	-1.975718219	-0.3531806788
134.3	-1.999105905	-0.1197499064
134.4	-2.000701182	0.0828019068
134.5	-1.983504774	0.2566332389
134.6	-1.950201481	0.4056756816
134.7	-1.903043559	0.5344976795
134.8	-1.843824985	0.6476145826
134.9	-1.773906317	0.7491440709
135	-1.694261913	0.8426842165
135.1	-1.60553253	0.9313155744
135.2	-1.508074684	1.017656973
135.3	-1.402002892	1.103934491
135.4	-1.287226452	1.192036898
135.5	-1.163481586	1.283541551
135.6	-1.030363042	1.379687794
135.7	-0.8873613828	1.481298912
135.8	-0.7339123014	1.588607858
135.9	-0.5694693137	1.700986812
136	-0.3936069573	1.816552679
136.1	-0.2061716758	1.931652535
136.2	-0.007487838424	2.040307736
136.3	0.201386425	2.133767512
136.4	0.4183762728	2.200485261
136.5	0.6401417952	2.226949755
136.6	0.8619728235	2.199716234
136.7	1.077948465	2.108614956
136.8	1.281445134	1.950308807
136.9	1.465955174	1.730658864
137	1.626017386	1.464418053
137.1	1.757964807	1.171981188
137.2	1.86025099	0.8745362694
137.3	1.933300059	0.5897232221
137.4	1.979014887	0.3292787334
137.5	2.000161637	0.09884654527
137.6	1.999813952	-0.1007970177
137.7	1.980950535	-0.272044473
137.8	1.946217654	-0.4189307947
137.9	1.897823366	-0.5460429349
138	1.837518143	-0.6578684443
138.1	1.766622967	-0.7584774631
138.2	1.686077725	-0.8514169166
138.3	1.596493678	-0.9397194174
138.4	1.498201991	-1.02596314
138.5	1.391296188	-1.112339645
138.6	1.275667268	-1.200707446
138.7	1.15103642	-1.292611426
138.8	1.016986525	-1.389258287
138.9	0.8730001116	-1.491420419
139	0.718512083	-1.599263174
139.1	0.5529811934	-1.712057204
139.2	0.3760011279	-1.827769663
139.3	0.1874556276	-1.942549384
139.4	-0.01227280241	-2.050164424
139.5	-0.2220406301	-2.141584769
139.6	-0.439659411	-2.205022825
139.7	-0.6616582797	-2.226861204
139.8	-0.8831981398	-2.193817375
139.9	-1.098262222	-2.09623287
140	-1.300198653	-1.931589758
140.1	-1.482560928	-1.706671402
140.2	-1.640033918	-1.436958715
140.3	-1.769149026	-1.143141907
140.4	-1.868563746	-0.8462311867
140.5	-1.938870267	-0.563362224
140.6	-1.98208196	-0.3056609092
140.7	-2.001016859	-0.07823317096
140.8	-1.998754187	0.1185258966
140.9	-1.978248528	0.2872278814
141	-1.942106701	0.4320013713
141.1	-1.892492361	0.557445801
141.2	-1.831112777	0.6680180056
141.3	-1.759249863	0.7677397859
141.4	-1.677809438	0.8601065095
141.5	-1.58737364	0.9481043104
141.6	-1.488249165	1.034270966
141.7	-1.38050822	1.120763755
141.8	-1.264024091	1.209410155
141.9	-1.138503279	1.301726714
142	-1.003517166	1.398880064
142.1	-0.8585413387	1.501596178
142.2	-0.7030083609	1.609966568
142.3	-0.5363858011	1.723155116
142.4	-0.3582875727	1.838979939
142.5	-0.1686345388	1.953381751
142.6	0.03212857768	2.059872864
142.7	0.2427691263	2.149144804
142.8	0.4609843965	2.209171781
142.9	0.683171504	2.226256711
143	0.9043637055	2.187309937
143.1	1.118453565	2.083217058
143.2	1.318768906	1.912300399
143.3	1.498933142	1.682261407
143.4	1.65378412	1.409273457
143.5	1.780054543	1.114276178
143.6	1.876603809	0.8180617178
143.7	1.944187103	0.5372405117
143.8	1.9849223	0.2823290955
143.9	2.001674314	0.05790820008
144	1.997524432	-0.1359917514
144.1	1.975400922	-0.3021877281
144.2	1.937870335	-0.4448917471
144.3	1.887051857	-0.5687102551
144.4	1.824609839	-0.6780667477
144.5	1.751787559	-0.7769337472
144.6	1.669457339	-0.868755855
144.7	1.578172776	-0.9564725049
144.8	1.478215967	-1.042581949
144.9	1.369638712	-1.129208063
145	1.252296793	-1.218148669
145.1	1.125881993	-1.310886684
145.2	0.9899547121	-1.408554916
145.3	0.8439834409	-1.51182503
145.4	0.6874012763	-1.620714987
145.5	0.519683299	-1.734280144
145.6	0.3404651353	-1.850178828
145.7	0.1497090639	-1.964142415
145.8	-0.05207681233	-2.069422163
145.9	-0.2635692708	-2.156430501
146	-0.4823476278	-2.21291915
146.1	-0.7046762612	-2.225126517
146.2	-0.925463246	-2.180188567
146.3	-1.138515828	-2.069570074
146.4	-1.337149758	-1.892453162
146.5	-1.515067301	-1.657447333
146.6	-1.667265748	-1.381383898
146.7	-1.790681017	-1.085403227
146.8	-1.884372266	-0.7900410776
146.9	-1.949252609	-0.5113658198
147	-1.987538561	-0.2592856811
147.1	-2.002136784	-0.03787041707
147.2	-1.996127143	0.153197938
147.3	-1.972409826	0.3169278878
147.4	-1.933510274	0.4576059274
147.5	-1.88150316	0.5798400233
147.6	-1.818010274	0.688017934
147.7	-1.74423677	0.7860624493
147.8	-1.661021918	0.877367056
147.9	-1.568891026	0.9648258433
148	-1.468102512	1.050898143
148.1	-1.358687583	1.137674408
148.2	-1.240484698	1.226921361
148.3	-1.113171783	1.320093867
148.4	-0.9762983512	1.418281113
148.5	-0.8293269054	1.52210761
148.6	-0.6716899342	1.631508746
148.7	-0.5028731361	1.745427749
148.8	-0.3225351615	1.861361692
148.9	-0.1306799548	1.974824338
149	0.07211681465	2.078803824
149.1	0.2844384394	2.16343465
149.2	0.5037449725	2.21625291
149.3	0.7261675776	2.223459428
149.4	0.9464911509	2.172448042
149.5	1.158443418	2.055294769
149.6	1.355336461	1.872058467
149.7	1.530960028	1.632246223
149.8	1.680477087	1.353308408
149.9	1.801028675	1.056539286
150	1.891870938	0.7621811026
150.1	1.954069523	0.4857436426
150.2	1.989933684	0.2365317604
150.3	2.002407093	0.01811793936
150.4	1.994564955	-0.17014798
150.5	1.96927744	-0.3314527381
150.6	1.929028283	-0.4701481666
150.7	1.875847648	-0.5908389765
150.8	1.811315108	-0.6978749679
150.9	1.736598132	-0.7951285085
151	1.652503514	-0.8859428474
151.1	1.559528807	-0.9731665747
151.2	1.457908672	-1.059221076
151.3	1.347654626	-1.146163868
151.4	1.228587773	-1.235732411
151.5	1.10037285	-1.329347639
151.6	0.96254796	-1.428062624
151.7	0.8145706458	-1.532441768
151.8	0.655874401	-1.642346102
151.9	0.4859548447	-1.756595967
152	0.3044968553	-1.872522831
152.1	0.1115486235	-1.9854198
152.2	-0.09224656165	-2.088005788
152.3	-0.3053740978	-2.170142147
152.4	-0.5251725206	-2.21916079
152.5	-0.7476400554	-2.22124583
152.6	-0.9674410583	-2.164083927
152.7	-1.178229769	-2.040394893
152.8	-1.373323189	-1.851128815
152.9	-1.546607242	-1.606676283
153	-1.693416214	-1.325067596
153.1	-1.811097416	-1.027702198
153.2	-1.899101024	-0.7344936134
153.3	-1.958639811	-0.4603804588
153.4	-1.9921102	-0.2140688795
153.5	-2.002487824	0.001351094016
153.6	-1.992840085	0.1868454796
153.7	-1.966005621	0.3457662584
153.8	-1.92442582	0.4825224676
153.9	-1.870086379	0.6017107802
154	-1.804525048	0.7076410827
154.1	-1.72887213	0.8041348679
154.2	-1.643902278	0.8944852295
154.3	-1.550085874	0.9814967974
154.4	-1.447634427	1.067552467
154.5	-1.3365392	1.154678193
154.6	-1.216605851	1.244581168
154.7	-1.08748377	1.338649459
154.8	-0.9487027423	1.437895876
154.9	-0.7997142511	1.542829793
155	-0.6399534506	1.653224313
155.1	-0.468928993	1.767780971
155.2	-0.2863511178	1.883658417
155.3	-0.09231445305	1.995921372
155.4	0.1124643636	2.097020136
155.5	0.3263727509	2.176542114
155.6	0.5466260349	2.22162801
155.7	0.7690885469	2.21847412
155.8	0.9883073051	2.155091643
155.9	1.197869459	2.024874966
156	1.391105477	1.829678024
156.1	1.562005839	1.580757305
156.2	1.706081808	1.29668059
156.3	1.820887805	0.9989074622
156.4	1.906064629	0.7069891175
156.5	1.962966583	0.4352809122
156.6	1.99407114	0.1918971724
156.7	2.002381816	-0.02053904383
156.8	1.990955134	-0.2032941222
156.9	1.962596537	-0.3598728547
157	1.919704607	-0.4947330928
157.1	1.864220682	-0.612459261
157.2	1.79764106	-0.7173194881
157.3	1.721059358	-0.8130842462
157.4	1.635218746	-0.9029970047
157.5	1.540562594	-0.9898181168
157.6	1.437279459	-1.075894228
157.7	1.325341778	-1.16321853
157.8	1.204537574	-1.253468558
157.9	1.074504934	-1.348000153
158	0.9347622091	-1.447783972
158.1	0.7847571775	-1.553268274
158.2	0.6239277375	-1.664143371
158.3	0.451794622	-1.778980631
158.4	0.2680975278	-1.894761798
158.5	0.07298021161	-2.006321061
158.6	-0.132768184	-2.105833852
158.7	-0.3474320544	-2.182620547
158.8	-0.5681013004	-2.223644911
158.9	-0.7905075143	-2.215137007
159	-1.009083516	-2.145469182
159.1	-1.217356002	-2.008741275
159.2	-1.408677836	-1.807720133
159.3	-1.577152381	-1.554507878
159.4	-1.718472571	-1.268168053
159.5	-1.830400264	-0.970172092
159.6	-1.912763344	-0.679678447
159.7	-1.967051953	-0.4104503858
159.8	-1.995819328	-0.1700175697
159.9	-2.002091824	0.03944830091
160	-1.988912462	0.2194977899
160.1	-1.959052173	0.3737766312
160.2	-1.914866221	0.506784049
160.3	-1.858251736	0.6230880487
160.4	-1.790663996	0.7269134862
160.5	-1.713160451	0.8219794585
160.6	-1.626453066	0.9114800267
160.7	-1.530958858	0.9981330284
160.8	-1.42684405	1.084247788
160.9	-1.314061314	1.171786665
161	-1.192383974	1.262396792
161.1	-1.06143517	1.357400172
161.2	-0.9207259019	1.457724614
161.3	-0.7696991144	1.563759245
161.4	-0.6077957856	1.675099975
161.5	-0.4345523016	1.79018996
161.6	-0.2497373178	1.905828266
161.7	-0.05354515941	2.016610434
161.8	0.1531563997	2.114438618
161.9	0.3685481772	2.18836719
162	0.5895937643	2.22519712
162.1	0.8118915134	2.211223891
162.2	1.029763838	2.135213542
162.3	1.236683961	1.991999289
162.4	1.426035859	1.785268585
162.5	1.592043792	1.52794683
162.6	1.730587261	1.239547914
162.7	1.839635438	0.9415108213
162.8	1.919199215	0.6525711669
162.9	1.970898881	0.3858925543
163	1.997357444	0.1484297533
163.1	2.001620416	-0.05808126612
163.2	1.986714378	-0.2354602378
163.3	1.955374397	-0.3874818291
163.4	1.909912128	-0.518679331
163.5	1.852180644	-0.6336007319
163.6	1.783594608	-0.7364260369
163.7	1.705175772	-0.8308229678
163.8	1.617605582	-0.9199369994
163.9	1.521274909	-1.006442916
164	1.416327634	-1.092614971
164.1	1.302698334	-1.180383419
164.2	1.180143075	-1.271365571
164.3	1.0482747	-1.366850412
164.4	0.9065930308	-1.467719795
164.5	0.7545395071	-1.574299826
164.6	0.5915582503	-1.686093505
164.7	0.4172014266	-1.801406668
164.8	0.2312701698	-1.916851341
164.9	0.03401201711	-2.026781204
165	-0.1736265044	-2.122821128
165.1	-0.3897183207	-2.193767317
165.2	-0.6110989268	-2.226274016
165.3	-0.8332348195	-2.206727504
165.4	-1.050341871	-2.12432378
165.5	-1.255847058	-1.974657547
165.6	-1.443174495	-1.762340159
165.7	-1.606677183	-1.501094826
165.8	-1.742425075	-1.210840839
165.9	-1.848594143	-0.9129393571
166	-1.925374214	-0.6256767995
166.1	-1.974509793	-0.3616118447
166.2	-1.998688525	-0.1271337758
166.3	-2.000970412	0.07644089882
166.4	-1.984363309	0.251185436
166.5	-1.951565253	0.4009926279
166.6	-1.904843937	0.530422996
166.7	-1.846008616	0.6440009069
166.8	-1.776433797	0.7458603984
166.9	-1.697106036	0.8396175727
167	-1.608676546	0.9283697567
167.1	-1.511510714	1.014750144
167.2	-1.405730556	1.100997202
167.3	-1.291251929	1.189010346
167.4	-1.167816095	1.280377696
167.5	-1.035022479	1.376350833
167.6	-0.8923640322	1.477769525
167.7	-0.7392774399	1.584890045
167.8	-0.5752142657	1.697120113
167.9	-0.3997425058	1.812626453
168	-0.2126964795	1.927825044
168.1	-0.01438076702	2.036824823
168.2	0.1941763449	2.130972108
168.3	0.4109387488	2.198807694
168.4	0.632612105	2.226861313
168.5	0.8545318092	2.20163818
168.6	1.070811654	2.112798263
168.7	1.27483982	1.956723442
168.8	1.460089386	1.738950752
168.9	1.621049701	1.473971064
169	1.75398502	1.182064447
169.1	1.857277186	0.8844715007
169.2	1.931290398	0.5990037384
169.3	1.97788746	0.33761118
169.4	1.999815129	0.106128737
169.5	2.000144187	-0.09452997063
169.6	1.981861318	-0.2666773314
169.7	1.94762636	-0.4143132988
169.8	1.899662868	-0.5420190031
169.9	1.839736507	-0.654292084
170	1.76918205	-0.7552194194
170.1	1.688951414	-0.8483659095
170.2	1.599666117	-0.9367806821
170.3	1.501666088	-1.023056258
170.4	1.395052308	-1.109396123
170.5	1.279721966	-1.197669582
170.6	1.155401684	-1.289432211
170.7	1.021678238	-1.385903283
170.8	0.8780369574	-1.487872011
170.9	0.7239132655	-1.595528842
171	0.5587634417	-1.708179887
171.1	0.3821746128	-1.823844656
171.2	0.1940174555	-1.938742949
171.3	-0.005346558332	-2.046731362
171.4	-0.2148040513	-2.138877699
171.5	-0.4322063191	-2.203478698
171.6	-0.6541285898	-2.226950527
171.7	-0.8757767232	-2.195950763
171.8	-1.091166914	-2.100638266
171.9	-1.293656303	-1.938205914
172	-1.476776	-1.715114682
172.1	-1.635158931	-1.446594898
172.2	-1.765266736	-1.153238336
172.3	-1.865685729	-0.8561219908
172.4	-1.936949861	-0.5725605538
172.5	-1.981034537	-0.313893668
172.6	-2.000740198	-0.0854140909
172.7	-1.999144521	0.112351667
172.8	-1.979210775	0.2819400013
172.9	-1.943559703	0.4274479465
173	-1.894370498	0.553471235
173.1	-1.833365518	0.6644777497
173.2	-1.761840304	0.7645063158
173.3	-1.68071252	0.8570702197
173.4	-1.590574437	0.9451719981
173.5	-1.491741368	1.031363321
173.6	-1.384292759	1.117813479
173.7	-1.268108273	1.206360448
173.8	-1.142899202	1.298531759
173.9	-1.008241386	1.3955061
174	-0.8636123336	1.498029326
174.1	-0.7084457888	1.606215139
174.2	-0.5422058697	1.71926856
174.3	-0.3644988238	1.835058143
174.4	-0.175232862	1.949598712
174.5	0.02516905726	2.056493127
174.6	0.2355066105	2.146528617
174.7	0.453517046	2.20776445
174.8	0.6756434824	2.226527477
174.9	0.8969638372	2.189656777
175	1.111401804	2.087844066
175.1	1.312291358	1.919115424
175.2	1.493230435	1.690851354
175.3	1.649002631	1.418986902
175.4	1.776269848	1.124379915
175.5	1.873821122	0.8279035399
175.6	1.942355203	0.5463543406
175.7	1.983954011	0.2904615718
175.8	2.001466631	0.06498828993
175.9	1.99797403	-0.1299091815
176	1.976413953	-0.2969776147
176.1	1.939367097	-0.4404009413
176.2	1.888968226	-0.5647837131
176.3	1.826896677	-0.6745613907
176.4	1.754409196	-0.7737238656
176.5	1.672389797	-0.8657334354
176.6	1.581401926	-0.9535457186
176.7	1.481736321	-1.039673039
176.8	1.373451971	-1.126250569
176.9	1.256410364	-1.215086484
177	1.130309157	-1.307676047
177.1	0.9947115768	-1.405163172
177.2	0.8490894599	-1.508238854
177.3	0.6928750497	-1.61694873
177.4	0.5255405365	-1.730384055
177.5	0.3467146448	-1.846260983
177.6	0.1563442682	-1.960385162
177.7	-0.04508537504	-2.06609886
177.8	-0.2562821982	-2.153912699
177.9	-0.4748672615	-2.211655001
178	-0.6971517584	-2.225583139
178.1	-0.9180871425	-2.182751329
178.2	-1.131509876	-2.074417724
178.3	-1.33073904	-1.899461368
178.4	-1.509448307	-1.666175623
178.5	-1.662578397	-1.391166036
178.6	-1.786993936	-1.095507466
178.7	-1.8816844	-0.7998295883
178.8	-1.947508271	-0.5203924148
178.9	-1.986648278	-0.2673170951
179	-2.001996948	-0.04485032219
179.1	-1.996635049	0.1472058057
179.2	-1.97347278	0.3117941676
179.3	-1.935050093	0.4531762378
179.4	-1.883457218	0.575960123
179.5	-1.820330804	0.6845463229
179.6	-1.746889279	0.7828749885
179.7	-1.663983408	0.8743576454
179.8	-1.57214847	0.9619041545
179.9	-1.471650985	1.047987067
180	-1.362529259	1.13470894
180.1	-1.24462828	1.223847688
180.2	-1.117630008	1.316866232
180.3	-0.9810882815	1.414871697
180.4	-0.8344673626	1.518503065
180.5	-0.6772000843	1.627726248
180.6	-0.5087682329	1.741524077
180.7	-0.3288221569	1.857450265
180.8	-0.1373510399	1.971095454
180.9	0.06509333598	2.075540381
181	0.2771273891	2.161016192
181.1	0.4962531382	2.215133944
181.2	0.7186483479	2.224104392
181.3	0.9391407713	2.17522752
181.4	1.151485293	2.060361705
181.5	1.348994292	1.879257188
181.6	1.525425908	1.641108401
181.7	1.675884481	1.363153558
181.8	1.797439089	1.066638307
181.9	1.889277271	0.7719119208
182	1.952411904	0.4946812267
182.1	1.989120438	0.2444616905
182.2	2.002334145	0.02499817072
182.3	1.995130228	-0.1642450466
182.4	1.970389557	-0.32639386
182.5	1.930610531	-0.4657781867
182.6	1.877838888	-0.5870044277
182.7	1.813668932	-0.6944359042
182.8	1.739281265	-0.7919626841
182.9	1.655493999	-0.8829455729
183	1.562814335	-0.9702489595
183.1	1.461485206	-1.056307513
183.2	1.351525022	-1.143190202
183.3	1.232760836	-1.232644674
183.4	1.104862179	-1.326103782
183.5	0.9673707458	-1.424633724
183.6	0.8197461067	-1.528819055
183.7	0.661421087	-1.638548847
183.8	0.4918876568	-1.752685349
183.9	0.3108217667	-1.868619461
184	0.1182555464	-1.981722009
184.1	-0.08519202485	-2.084806256
184.2	-0.2980402567	-2.167829543
184.3	-0.5176706505	-2.218192905
184.4	-0.740128097	-2.222083599
184.5	-0.960118731	-2.167082352
184.6	-1.171321802	-2.0456799
184.7	-1.36705163	-1.858512863
184.8	-1.5411595	-1.615664952
184.9	-1.688919109	-1.334968083
185	-1.807605473	-1.037789921
185.1	-1.896601188	-0.7441627782
185.2	-1.957068203	-0.469226688
185.3	-1.99137314	-0.2218968003
185.4	-2.002480926	-0.005430154341
185.5	-1.993462024	0.1810305829
185.6	-1.967166306	0.3407809015
185.7	-1.926050048	0.4782108156
185.8	-1.872114492	0.5979203317
185.9	-1.806911982	0.7042335088
186	-1.731585769	0.8009896322
186.1	-1.646921678	0.8914993692
186.2	-1.553399622	0.9785827152
186.3	-1.451239124	1.064635736
186.4	-1.340438404	1.151695624
186.5	-1.220808817	1.241480206
186.6	-1.092004528	1.335388626
186.7	-0.9535587975	1.43444852
186.8	-0.8049246857	1.539188757
186.9	-0.6455369641	1.649412517
187	-0.4748996674	1.763864966
187.1	-0.2927135391	1.879764912
187.2	-0.09905693281	1.992257487
187.3	0.1053791134	2.093887853
187.4	0.3190170674	2.17433798
187.5	0.5391155642	2.220814974
187.6	0.761585612	2.219507797
187.7	0.9810149775	2.158309961
187.8	1.191013561	2.030376406
187.9	1.3849061	1.837243527
188	1.556645523	1.589866567
188.1	1.701680605	1.306630104
188.2	1.817493234	1.00897834
188.3	1.903657902	0.716592905
188.4	1.961480011	0.4440342801
188.5	1.993409244	0.1996230431
188.6	2.002439969	-0.01385596294
188.7	1.991632837	-0.1975658775
188.8	1.963805046	-0.3549594658
188.9	1.921370219	-0.4904782985
189	1.866285208	-0.6087115771
189.1	1.800060767	-0.7139422369
189.2	1.723803296	-0.8099586817
189.3	1.638266959	-0.9000216549
189.4	1.54390446	-0.9869068328
189.5	1.440912371	-1.072973746
189.6	1.329269827	-1.160226808
189.7	1.208770559	-1.250353482
189.8	1.07905728	-1.344722333
189.9	0.9396513994	-1.444316775
190	0.7900031618	-1.549609856
190.1	0.6295479262	-1.660317886
190.2	0.4578032685	-1.77505959
190.3	0.2744979204	-1.890880236
190.4	0.07975771062	-2.002693726
190.5	-0.125653175	-2.102773065
190.6	-0.3400554949	-2.180531636
190.7	-0.5605836987	-2.222991625
190.8	-0.7830155492	-2.21637012
190.9	-1.001823431	-2.148908755
191	-1.210554429	-2.014456751
191.1	-1.402552545	-1.815460697
191.2	-1.57188068	-1.563730074
191.3	-1.714167744	-1.278159134
191.4	-1.827102977	-0.9802205324
191.5	-1.910449162	-0.6892133586
191.6	-1.965649589	-0.4191090714
191.7	-1.995231606	-0.1776412158
191.8	-2.002214132	0.03286240346
191.9	-1.989645163	0.2138548661
192	-1.960307871	0.3689337351
192.1	-1.916572741	0.5025846432
192.2	-1.860352345	0.6193818308
192.3	-1.793116262	0.7235654195
192.4	-1.715934544	0.8188724833
192.5	-1.629530038	0.9085144966
192.6	-1.534328978	0.9952237777
192.7	-1.430505171	1.081322947
192.8	-1.31801854	1.16878473
192.9	-1.196646949	1.259267784
193	-1.066019459	1.354104622
193.1	-0.9256490725	1.454240138
193.2	-0.7749802042	1.560081911
193.3	-0.6134535015	1.671261144
193.4	-0.4405988464	1.786266484
193.5	-0.2561745706	1.90196013
193.6	-0.0603580408	2.013022827
193.7	0.1460117886	2.111451821
193.8	0.3611520411	2.186393933
193.9	0.5820705881	2.224706994
194	0.8044122876	2.212659018
194.1	1.022537856	2.138874545
194.2	1.2299384	1.997927219
194.3	1.419985961	1.793181524
194.4	1.586861624	1.537276753
194.5	1.72637907	1.249574925
194.6	1.836434985	0.9515315929
194.7	1.916976727	0.6620338244
194.8	1.969579593	0.3944555549
194.9	1.996842931	0.1559513921
195	2.001805862	-0.05159176884
195.1	1.987501162	-0.2299012002
195.2	1.956676536	-0.3827079046
195.3	1.911658932	-0.5145339442
195.4	1.85431683	-0.6299347083
195.5	1.786079058	-0.7331060977
195.6	1.707979833	-0.8277338818
195.7	1.62071116	-0.9169801757
195.8	1.524672981	-1.003535249
195.9	1.42001723	-1.0896851
196	1.306684256	-1.177371724
196.1	1.184437036	-1.268222202
196.2	1.052890666	-1.363537488
196.3	0.9115500232	-1.464215756
196.4	0.759856305	-1.570605381
196.5	0.5972527477	-1.682242213
196.6	0.4232857983	-1.797480632
196.7	0.237745009	-1.912998948
196.8	0.04085895393	-2.02323581
196.9	-0.1664536436	-2.119913352
197	-0.382303734	-2.191917672
197.1	-0.6035718472	-2.225952085
197.2	-0.8257705064	-2.20836797
197.3	-1.04315239	-2.128206927
197.4	-1.249159824	-1.980794133
197.5	-1.437201866	-1.770417331
197.6	-1.60158558	-1.510523752
197.7	-1.738313836	-1.220895894
197.8	-1.845490313	-0.9229271074
197.9	-1.923242704	-0.6350639831
198	-1.973272722	-0.370077422
198.1	-1.998246041	-0.1345533689
198.2	-2.001218004	0.07004668107
198.3	-1.985203311	0.2457089857
198.4	-1.952913094	0.3962862243
198.5	-1.906630455	0.5263301735
198.6	-1.848179959	0.6403738341
198.7	-1.778950115	0.7425674646
198.8	-1.69993974	0.8365452132
198.9	-1.611810567	0.9254212279
199	-1.514936879	1.011843163
199.1	-1.409448272	1.098061937
199.2	-1.295267148	1.185987678
199.3	-1.172139909	1.277219084
199.4	-1.039670618	1.373020186
199.5	-0.8973547179	1.47424666
199.6	-0.7446300299	1.581178162
199.7	-0.5809461233	1.693257375
199.8	-0.4058647399	1.808700027
199.9	-0.2192083615	1.923990683
200	-0.0212618906	2.033325147
200.1	0.1869757829	2.128146683
200.2	0.4035069995	2.197084897
200.3	0.6250828114	2.226711664
200.4	0.8470844009	2.203486742
200.5	1.063660821	2.116903788
200.6	1.268212929	1.963066458
200.7	1.454195633	1.747187839
200.8	1.616049753	1.483493116
200.9	1.74997114	1.192141616
201	1.854269745	0.8944212163
201.1	1.929249279	0.6083124076
201.2	1.976731774	0.3459783218
201.3	1.999443922	0.1134464892
201.4	2.000453163	-0.08823017016
201.5	1.982753893	-0.2612821104
201.6	1.949019402	-0.4096730214
201.7	1.901488722	-0.5379774649
201.8	1.841942744	-0.6507027988
201.9	1.771730092	-0.7519525289
202	1.691814767	-0.8453095285
202.1	1.602828605	-0.9338395419
202.2	1.50512035	-1.020149486
202.3	1.398798466	-1.106454847
202.4	1.28376639	-1.194635728
202.5	1.159756197	-1.28625845
202.6	1.026358593	-1.382554623
202.7	0.8830618199	-1.484330187
202.8	0.7293018123	-1.591800372
202.9	0.5645325686	-1.704306161
203	0.3883348322	-1.819918996
203.1	0.2005663835	-1.93492889
203.2	0.001567996861	-2.043280478
203.3	-0.2075766783	-2.13613937
203.4	-0.4247585366	-2.201887526
203.5	-0.6465987176	-2.226977198
203.6	-0.8683482355	-2.198009905
203.7	-1.084056864	-2.104965987
203.8	-1.287091725	-1.944751821
203.9	-1.470962627	-1.723505484
204	-1.630251418	-1.456202616
204.1	-1.76135032	-1.163330813
204.2	-1.862774243	-0.8660288575
204.3	-1.934998312	-0.5817879116
204.4	-1.979959222	-0.3221613798
204.5	-2.000439196	-0.09263039284
204.6	-1.999513922	0.1061450868
204.7	-1.980155094	0.2766245628
204.8	-1.944997267	0.4228722716
204.9	-1.896235163	0.549479551
205	-1.835606263	0.6609250005
205.1	-1.76441979	0.7612643598
205.2	-1.683605318	0.8540288821
205.3	-1.593765315	0.9422375455
205.4	-1.49522373	1.028456003
205.5	-1.388067322	1.114865638
205.6	-1.272182144	1.203314969
205.7	-1.147284323	1.295342273
205.8	-1.012954284	1.392139557
205.9	-0.8686713906	1.494468702
206	-0.7138704934	1.602469986
206.1	-0.5480125357	1.715384872
206.2	-0.370696866	1.831134884
206.3	-0.181818559	1.94580721
206.4	0.01822130817	2.053094087
206.5	0.2282532045	2.143880934
206.6	0.4460545595	2.206309033
206.7	0.6681147178	2.226734367
206.8	0.8895562358	2.191928716
206.9	1.104334586	2.092393515
207	1.305790929	1.925860905
207.1	1.487498804	1.699390219
207.2	1.644188327	1.428673722
207.3	1.772450989	1.134481657
207.4	1.871005122	0.8377629917
207.5	1.940492382	0.5554979467
207.6	1.982958087	0.2986291739
207.7	2.001234875	0.07210360514
207.8	1.998402955	-0.1237946899
207.9	1.977409256	-0.2917404727
208	1.940848572	-0.4358883933
208.1	1.890871228	-0.5608405227
208.2	1.829171581	-0.671043967
208.3	1.757019902	-0.7705058407
208.4	1.675311922	-0.862706241
208.5	1.584621116	-0.9506171423
208.6	1.485246793	-1.036764607
208.7	1.37725508	-1.123295618
208.8	1.260513702	-1.212028811
208.9	1.13472526	-1.304470764
209	0.999457032	-1.40177788
209.1	0.8541831566	-1.504659793
209.2	0.698335889	-1.613187489
209.3	0.5313847901	-1.726491
209.4	0.35295072	-1.842341777
209.5	0.1629663977	-1.956618664
209.6	-0.03810513528	-2.062755485
209.7	-0.249003616	-2.151360295
209.8	-0.4673913596	-2.210339703
209.9	-0.6896258919	-2.22597376
210	-0.9107025691	-2.185237962
210.1	-1.124487761	-2.079188072
210.2	-1.324304831	-1.906402394
210.3	-1.503799929	-1.674856301
210.4	-1.657858052	-1.400924711
210.5	-1.783272708	-1.105611929
210.6	-1.878963447	-0.8096370467
210.7	-1.945733416	-0.5294497151
210.8	-1.985730796	-0.27538377
210.9	-2.00183345	-0.05186511269
211	-1.997122613	0.1411821973
211.1	-1.974518313	0.3066339142
211.2	-1.936574866	0.4487253815
211.3	-1.885398088	0.5720640939
211.4	-1.822639523	0.6810630511
211.5	-1.749530956	0.7796798527
211.6	-1.666934719	0.8713438131
211.7	-1.575395951	0.9589807315
211.8	-1.475189535	1.04507687
211.9	-1.366360978	1.131746337
212	-1.248761175	1.220777668
212.1	-1.122077194	1.31364466
212.2	-0.9858665381	1.411468166
212.3	-0.8395956505	1.514905167
212.4	-0.6826974427	1.6239493
212.5	-0.514650126	1.737623074
212.6	-0.3350959541	1.853536586
212.7	-0.1440094816	1.967356471
212.8	0.05808099252	2.072255666
212.9	0.2698246421	2.15856249
213	0.4887652431	2.213963462
213.1	0.7111271403	2.224682957
213.2	0.931781222	2.177930908
213.3	1.144510259	2.065352042
213.4	1.342627992	1.886389897
213.5	1.519862012	1.64992466
213.6	1.671258735	1.372977453
213.7	1.793815463	1.076739771
213.8	1.886650769	0.7816632726
213.9	1.950724101	0.5036501374
214	1.988280396	0.2524270893
214.1	2.002237943	0.03191310723
214.2	1.995675552	-0.1583111175
214.3	1.971484579	-0.3213090105
214.4	1.932178015	-0.4613875392
214.5	1.879817177	-0.5831542129
214.6	1.816011145	-0.69098562
214.7	1.741953711	-0.7887894649
214.8	1.658474365	-0.879944174
214.9	1.56609002	-0.9673299958
215	1.465051907	-1.053394949
215.1	1.355385382	-1.140219479
215.2	1.23692349	-1.22956165
215.3	1.109340528	-1.322865772
215.4	0.9721819703	-1.421211412
215.5	0.8249093028	-1.525202824
215.6	0.6669549338	-1.634756785
215.7	0.4978072787	-1.748777041
215.8	0.317133436	-1.864713158
215.9	0.1249499273	-1.978013141
216	-0.0781483124	-2.081584077
216.1	-0.2907142926	-2.165479621
216.2	-0.5101721562	-2.217171615
216.3	-0.7326134269	-2.22285347
216.4	-0.9527864029	-2.170004003
216.5	-1.164396107	-2.050888798
216.6	-1.360755223	-1.86583263
216.7	-1.535681454	-1.624610141
216.8	-1.684388576	-1.344849905
216.9	-1.804079425	-1.047882168
217	-1.894068641	-0.7538539003
217.1	-1.955466647	-0.4781050454
217.2	-1.990609573	-0.2297603783
217.3	-2.002451052	-0.01224590851
217.4	-1.99406426	0.1751850643
217.5	-1.968310099	0.3357700267
217.6	-1.92765967	0.4738789506
217.7	-1.874129767	0.5941146281
217.8	-1.809287378	0.7008150669
217.9	-1.734288769	0.7978373263
218	-1.649930985	0.8885096387
218.1	-1.556703512	0.9756674881
218.2	-1.454833957	1.061720194
218.3	-1.344327529	1.148716218
218.4	-1.22500129	1.238383979
218.5	-1.096514279	1.332133755
218.6	-0.9584031899	1.431007712
218.7	-0.8101228414	1.53555407
218.8	-0.6511075947	1.645605761
218.9	-0.4808570847	1.759950789
219	-0.2990628002	1.875867749
219.1	-0.1057870234	1.98858146
219.2	0.09830451197	2.090731559
219.3	0.3116689145	2.172095266
219.4	0.5316079451	2.219947229
219.5	0.7540792994	2.220472526
219.6	0.9737119107	2.161451216
219.7	1.1841392	2.03580233
219.8	1.378681259	1.844746118
219.9	1.551254484	1.598934441
220	1.697245796	1.316563327
