0	0	-0.5
0.1	-0.05118514984	-0.5230302177
0.2	-0.1044618414	-0.5417341504
0.3	-0.1593681172	-0.5555227002
0.4	-0.2153829341	-0.5638088484
0.5	-0.2719276746	-0.5660314984
0.6	-0.3283701402	-0.5616843882
0.7	-0.3840313948	-0.5503471184
0.8	-0.4381963354	-0.5317187855
0.9	-0.4901268227	-0.5056461755
1	-0.5390777943	-0.472147178
1.1	-0.5843151935	-0.4314220948
1.2	-0.6251339015	-0.3838530887
1.3	-0.6608757743	-0.3299878252
1.4	-0.690944351	-0.2705119902
1.5	-0.7148172021	-0.2062091245
1.6	-0.7320531816	-0.1379161157
1.7	-0.7422955916	-0.06647738123
1.8	-0.74527085	0.007297788979
1.9	-0.7407829781	0.08266837382
2	-0.7287057449	0.1589849979
2.1	-0.7089727932	0.2357007255
2.2	-0.6815672947	0.3123695593
2.3	-0.646512431	0.3886340522
2.4	-0.6038637373	0.4642021319
2.5	-0.5537038298	0.5388157345
2.6	-0.496141106	0.6122121418
2.7	-0.4313123132	0.6840771944
2.8	-0.359390402	0.7539952791
2.9	-0.2805969952	0.8213931049
3	-0.195221727	0.8854829975
3.1	-0.1036454561	0.9452098108
3.2	-0.006370324222	0.9992079629
3.3	0.09594885529	1.045779861
3.4	0.2024714278	1.082915713
3.5	0.3121421606	1.108355484
3.6	0.4236736479	1.119734196
3.7	0.5355441848	1.114779746
3.8	0.6460208149	1.091584561
3.9	0.7532103004	1.048898385
4	0.8551385312	0.9863904736
4.1	0.9498518787	0.9048222326
4.2	1.035529068	0.8060688953
4.3	1.110586592	0.6929672471
4.4	1.173760587	0.5690158104
4.5	1.224153861	0.4379821055
4.6	1.261242727	0.3035044206
4.7	1.28484669	0.1687622959
4.8	1.295070783	0.03626156491
4.9	1.292232699	-0.09225492698
5	1.276786617	-0.2157889681
5.1	1.249253083	-0.3339943098
5.2	1.210159971	-0.4470453424
5.3	1.159997645	-0.5554952723
5.4	1.099187868	-0.6601412305
5.5	1.02806551	-0.7619043154
5.6	0.946871712	-0.8617232258
5.7	0.8557569082	-0.9604534596
5.8	0.7547945895	-1.058765437
5.9	0.6440049636	-1.1570289
6	0.5233921724	-1.255166826
6.1	0.3929980465	-1.352484749
6.2	0.2529721535	-1.447457286
6.3	0.1036692398	-1.537503655
6.4	-0.0542376252	-1.618783976
6.5	-0.2196236262	-1.686101314
6.6	-0.3907788829	-1.733018458
6.7	-0.5653068291	-1.752330397
6.8	-0.7400881006	-1.736986184
6.9	-0.9113595886	-1.68140579
7	-1.074935244	-1.582943814
7.1	-1.226561441	-1.443026879
7.2	-1.362348158	-1.267460847
7.3	-1.479176714	-1.0656511
7.4	-1.574981268	-0.8489214823
7.5	-1.648840293	-0.6285070305
7.6	-1.70087837	-0.4138679306
7.7	-1.732034058	-0.2117346589
7.8	-1.743772462	-0.02593183381
7.9	-1.737810344	0.1422348532
8	-1.715895889	0.2933281457
8.1	-1.679655886	0.4291069803
8.2	-1.630505313	0.5519688542
8.3	-1.569604758	0.664550927
8.4	-1.497850109	0.7694780265
8.5	-1.415881678	0.8692216383
8.6	-1.324103284	0.9660300705
8.7	-1.22270673	1.061894664
8.8	-1.111698394	1.158526128
8.9	-0.9909292113	1.257309458
9	-0.8601312124	1.359232873
9.1	-0.7189623006	1.46474085
9.2	-0.5670725167	1.573531586
9.3	-0.4041905078	1.684241234
9.4	-0.2302518117	1.794053098
9.5	-0.04556448023	1.898256209
9.6	0.1489821855	1.989867985
9.7	0.3516804372	2.05954466
9.8	0.5597867448	2.096068714
9.9	0.7693966724	2.087733334
10	0.975504206	2.024683196
10.1	1.172330194	1.901784475
10.2	1.353922767	1.721002826
10.3	1.514918687	1.492064435
10.4	1.651254048	1.230760906
10.5	1.760605405	0.9554427659
10.6	1.84244831	0.6831511781
10.7	1.897774142	0.4268362789
10.8	1.928613539	0.1943006596
10.9	1.937533202	-0.01138362144
11	1.927219113	-0.1906707952
11.1	1.900192319	-0.3461938096
11.2	1.858649601	-0.4816480221
11.3	1.804398389	-0.6010264869
11.4	1.738851547	-0.7081754387
11.5	1.663054186	-0.8065832496
11.6	1.577723688	-0.8993142718
11.7	1.483291734	-0.9890193709
11.8	1.379944312	-1.077976051
11.9	1.26765625	-1.168126885
12	1.146224657	-1.26109417
12.1	1.015300553	-1.35815739
12.2	0.8744275609	-1.460164865
12.3	0.7230931825	-1.567376256
12.4	0.5607975467	-1.679193479
12.5	0.3871599616	-1.79378281
12.6	0.202064643	-1.907589948
12.7	0.005858905762	-2.014803401
12.8	-0.2003967395	-2.10694007
12.9	-0.4146565881	-2.172831857
13	-0.6336527678	-2.199415823
13.1	-0.8527922088	-2.17367923
13.2	-1.066306658	-2.085707348
13.3	-1.267735111	-1.932083994
13.4	-1.450704741	-1.718196434
13.5	-1.609825762	-1.458038148
13.6	-1.74142203	-1.171197522
13.7	-1.843865912	-0.8782606147
13.8	-1.917456419	-0.5965976294
13.9	-1.963960464	-0.337983791
14	-1.986022776	-0.1082959543
14.1	-1.986623332	0.09138722826
14.2	-1.968677062	0.2631734325
14.3	-1.934792186	0.4108723984
14.4	-1.887157786	0.5389129692
14.5	-1.827518206	0.6516821926
14.6	-1.757196089	0.7531925815
14.7	-1.677137141	0.8469620562
14.8	-1.587960456	0.9360124524
14.9	-1.490005701	1.022919812
15	-1.38337428	1.109878736
15.1	-1.267965835	1.198750265
15.2	-1.143508524	1.291081212
15.3	-1.009593692	1.38807268
15.4	-0.8657123964	1.490490976
15.5	-0.711308751	1.598479674
15.6	-0.5458546446	1.711284012
15.7	-0.3689585074	1.826833428
15.8	-0.1805233992	1.941229726
15.9	0.01904279605	2.048195047
16	0.2285684777	2.138663548
16.1	0.4458349826	2.20084897
16.2	0.6673435866	2.221198037
16.3	0.8882380436	2.186572416
16.4	1.102502837	2.087532747
16.5	1.303511111	1.921807562
16.6	1.484864162	1.696375515
16.7	1.641308577	1.426789089
16.8	1.769437294	1.133665677
16.9	1.867956117	0.8378355109
17	1.937485189	0.556219708
17.1	1.98004539	0.2997596328
17.2	1.998446929	0.07343849812
17.3	1.995752139	-0.1224080753
17.4	1.974895231	-0.290404571
17.5	1.938462905	-0.4346645257
17.6	1.888600934	-0.5597603156
17.7	1.827001563	-0.6701194688
17.8	1.7549345	-0.7697372504
17.9	1.673295833	-0.8620873662
18	1.582659833	-0.9501385386
18.1	1.483326756	-1.036415788
18.2	1.375363909	-1.123065755
18.3	1.258640001	-1.211907053
18.4	1.132858885	-1.304444959
18.5	0.9975889541	-1.401834745
18.6	0.8523059219	-1.504781665
18.7	0.6964442479	-1.613351658
18.8	0.5294758229	-1.726665438
18.9	0.3510255508	-1.842481612
19	0.1610314716	-1.956664283
19.1	-0.04003672359	-2.062629812
19.2	-0.2509103984	-2.150971674
19.3	-0.4692421127	-2.209591922
19.4	-0.6913802269	-2.224781966
19.5	-0.9123132948	-2.183554715
19.6	-1.125905872	-2.077028073
19.7	-1.32548649	-1.903854509
19.8	-1.504713572	-1.672072803
19.9	-1.658489195	-1.398088775
20	-1.783624911	-1.102894969
20.1	-1.879055398	-0.8071656709
20.2	-1.945593599	-0.5272920884
20.3	-1.98539177	-0.2735543969
20.4	-2.001326989	-0.0503407851
20.5	-1.996477165	0.1424459631
20.6	-1.973757363	0.3076889035
20.7	-1.935716729	0.4496222318
20.8	-1.88445626	0.5728480001
20.9	-1.821623327	0.6817723487
21	-1.748446215	0.7803462186
21.1	-1.665784382	0.8719931816
21.2	-1.574180615	0.9596344638
21.3	-1.473907885	1.045752551
21.4	-1.365010004	1.132458616
21.5	-1.247336687	1.221538359
21.6	-1.120573793	1.314462779
21.7	-0.9842782293	1.412348546
21.8	-0.8379161992	1.515847857
21.9	-0.6809208631	1.624945565
22	-0.5127720647	1.738652419
22.1	-0.3331148162	1.854561851
22.2	-0.1419283201	1.968317822
22.3	0.06025158677	2.073066607
22.4	0.2720641192	2.159108795
22.5	0.491040542	2.214110617
22.6	0.7133915207	2.22429586
22.7	0.9339756072	2.176904901
22.8	1.146568163	2.063649222
22.9	1.344483654	1.884065144
23	1.521459909	1.647125338
23.1	1.672561513	1.369911965
23.2	1.79480763	1.073627818
23.3	1.887337359	0.7786895396
23.4	1.951125651	0.5009378935
23.5	1.988426492	0.2500353868
23.6	2.002161359	0.02984917441
23.7	1.995407957	-0.160073784
23.8	1.97105399	-0.3228142543
23.9	1.931607715	-0.4626847902
24	1.879125532	-0.5842915565
24.1	1.815211931	-0.6920064134
24.2	1.741056651	-0.7897312573
24.3	1.657485725	-0.8808389431
24.4	1.565013126	-0.9682046985
24.5	1.463887555	-1.054272463
24.6	1.35413233	-1.141119142
24.7	1.235578665	-1.230499738
24.8	1.107899493	-1.32385466
24.9	0.970639085	-1.422259769
25	0.8232584597	-1.526312731
25.1	0.6651903076	-1.63592208
25.2	0.4959240427	-1.749978372
25.3	0.3151297106	-1.865912562
25.4	0.1228288685	-1.97914885
25.5	-0.08037603421	-2.082564773
25.6	-0.2930274609	-2.166183946
25.7	-0.512536053	-2.217456863
25.8	-0.7349787677	-2.222574812
25.9	-0.9550907483	-2.169049102
26	-1.166569035	-2.049216438
26.1	-1.362726964	-1.863499638
26.2	-1.537392938	-1.621770179
26.3	-1.685799643	-1.34172035
26.4	-1.805172656	-1.044691595
26.5	-1.89484801	-0.7507944124
26.6	-1.955952282	-0.4753055195
26.7	-1.990831116	-0.2272834881
26.8	-2.002441601	-0.01010107965
26.9	-1.993855972	0.1770230581
27	-1.967931589	0.3373445433
27.1	-1.927134822	0.4752395075
27.2	-1.873477525	0.5953097026
27.3	-1.808522048	0.7018886319
27.4	-1.733420538	0.7988276712
27.5	-1.648966498	0.8894494416
27.6	-1.555646383	0.9765845582
27.7	-1.453685283	1.062638095
27.8	-1.343086143	1.149654995
27.9	-1.223664315	1.239360243
28	-1.095077214	1.333160745
28.1	-0.9568605039	1.432093793
28.2	-0.8084685008	1.536701964
28.3	-0.6493355485	1.646808409
28.4	-0.4789628472	1.76118756
28.5	-0.2970447828	1.877099408
28.6	-0.1036485737	1.989743319
28.7	0.1005518373	2.091729108
28.8	0.3140026665	2.172803863
28.9	0.5339920158	2.220220311
29	0.7564627812	2.220165023
29.1	0.9760307905	2.16045362
29.2	1.186321968	2.034079714
29.3	1.380657807	1.84236378
29.4	1.552966235	1.59605424
29.5	1.698653775	1.313407232
29.6	1.815152852	1.015852973
29.7	1.901992425	0.7231596604
29.8	1.960444107	0.4500270017
29.9	1.992938191	0.2049169255
30	2.002462447	-0.009274237381
30.1	1.992080111	-0.1936379961
30.2	1.964616287	-0.3515906495
30.3	1.92249482	-0.4875620788
30.4	1.867683151	-0.6061444199
30.5	1.801701922	-0.7116305606
30.6	1.725666287	-0.8078210921
30.7	1.640337948	-0.8979886231
30.8	1.546176026	-0.984919264
30.9	1.443382547	-1.070981396
31	1.331941282	-1.158187047
31.1	1.211649876	-1.24823095
31.2	1.082154182	-1.342489251
31.3	0.9429778948	-1.441955631
31.4	0.7935724175	-1.547117024
31.5	0.6333724414	-1.657710723
31.6	0.4618923823	-1.772385573
31.7	0.2788542501	-1.888229291
31.8	0.08437221196	-2.000211195
31.9	-0.1208073619	-2.100669431
32	-0.3350294802	-2.179081617
32.1	-0.5554584897	-2.222512005
32.2	-0.7779039633	-2.217169023
32.3	-0.9968654995	-2.151208155
32.4	-1.205904566	-2.018310144
32.5	-1.398359788	-1.820703541
32.6	-1.568267076	-1.569996067
32.7	-1.711211911	-1.284964109
32.8	-1.824834026	-0.987077573
32.9	-1.90885159	-0.6957295928
33	-1.964675505	-0.4250330413
33.1	-1.99481513	-0.1828608525
33.2	-2.002283877	0.02835152606
33.3	-1.990133013	0.2099894103
33.4	-1.961153962	0.3656168393
33.5	-1.91772754	0.4997096331
33.6	-1.861776869	0.6168459586
33.7	-1.794781318	0.7212762871
33.8	-1.717819567	0.8167499351
33.9	-1.631621881	0.9064901246
34	-1.536620809	0.9932394699
34.1	-1.432995527	1.079329263
34.2	-1.320710498	1.166739814
34.3	-1.199547467	1.257136912
34.4	-1.069138483	1.351861015
34.5	-0.9289988454	1.451867366
34.6	-0.7785738551	1.557578188
34.7	-0.6173033635	1.668646115
34.8	-0.4447138231	1.783591319
34.9	-0.2605563375	1.899319545
35	-0.06499607707	2.010568079
35.1	0.1411463168	2.109399956
35.2	0.3561129592	2.185024946
35.3	0.5769419973	2.224339555
35.4	0.7993099354	2.213596536
35.5	1.017603835	2.141325991
35.6	1.225327517	2.001926227
35.7	1.41584552	1.798542114
35.8	1.583310011	1.54361674
35.9	1.723490168	1.2564048
36	1.834233198	0.9583700571
36.1	1.915442797	0.6685005741
36.2	1.968663265	0.4003134328
36.3	1.996477289	0.1611004706
36.4	2.001919521	-0.04714762604
36.5	1.988026647	-0.2260940433
36.6	1.95755494	-0.3794390534
36.7	1.91284176	-0.5116966516
36.8	1.855766096	-0.627427044
36.9	1.787766462	-0.730836824
37	1.709885586	-0.8256240323
37.1	1.622822775	-0.9149624231
37.2	1.52698419	-1.001552385
37.3	1.42252704	-1.087688479
37.4	1.309396161	-1.17532016
37.5	1.187358292	-1.266081715
37.6	1.056031532	-1.36128219
37.7	0.9149228548	-1.461830372
37.8	0.7634742589	-1.568089858
37.9	0.6011279465	-1.679618822
38	0.4274266246	-1.79480413
38.1	0.2421522069	-1.910368984
38.2	0.04552052272	-2.020809742
38.3	-0.1615686839	-2.117914636
38.4	-0.3772519478	-2.190631598
38.5	-0.5984403998	-2.225698619
38.6	-0.8206780576	-2.209445121
38.7	-1.038242981	-2.130809974
38.8	-1.244588483	-1.984936486
38.9	-1.433113989	-1.775891804
39	-1.598095781	-1.516933125
39.1	-1.735491239	-1.227746443
39.2	-1.8433547	-0.9297439653
39.3	-1.921771197	-0.6414797257
39.4	-1.972412839	-0.3758690331
39.5	-1.997929955	-0.1396326603
39.6	-2.001374415	0.06566792264
39.7	-1.98576542	0.241958564
39.8	-1.953822954	0.3930638621
39.9	-1.907840607	0.5235291542
40	-1.849653399	0.6378930956
40.1	-1.780659418	0.7403169339
40.2	-1.701865876	0.8344471083
40.3	-1.613941701	0.9234092689
40.4	-1.517267284	1.009861029
40.5	-1.411977425	1.096061747
40.6	-1.297998943	1.183928961
40.7	-1.175081925	1.275068537
40.8	-1.042833354	1.370752836
40.9	-0.9007506697	1.471848465
41	-0.7482723553	1.578650847
41.1	-0.5848467191	1.69062591
41.2	-0.4100314205	1.806022906
41.3	-0.2236409065	1.921372584
41.4	-0.02594675477	2.030929586
41.5	0.1820717928	2.126203523
41.6	0.3984432208	2.195884483
41.7	0.6199495011	2.226574796
41.8	0.8420030665	2.204705219
41.9	1.058777322	2.119658426
42	1.263682323	1.967350087
42.1	1.450161215	1.752772407
42.2	1.612622236	1.489967235
42.3	1.747214853	1.199008462
42.4	1.852199908	0.9012131393
42.5	1.927839533	0.6146752109
42.6	1.975927553	0.3517030331
42.7	1.999176605	0.1184563031
42.8	2.000651591	-0.08391596791
42.9	1.983351989	-0.2575873426
43	1.949960195	-0.4064960231
43.1	1.902725782	-0.5352116712
43.2	1.843440039	-0.6482480571
43.3	1.773461064	-0.7497199459
43.4	1.693761132	-0.8432224811
43.5	1.604979159	-0.9318327872
43.6	1.507469912	-1.018167587
43.7	1.401346971	-1.10445067
43.8	1.286518115	-1.192569463
43.9	1.16271904	-1.284097571
44	1.029543298	-1.380275045
44.1	0.8864810105	-1.48191914
44.2	0.7329686155	-1.589261484
44.3	0.5684586211	-1.7016671
44.4	0.3925273862	-1.81724216
44.5	0.2050241641	-1.932324137
44.6	0.006275833567	-2.040917553
44.7	-0.2026542018	-2.134254569
44.8	-0.4196835911	-2.200775839
44.9	-0.6414646687	-2.226959685
45	-0.8632793784	-2.199371432
45.1	-1.079200729	-2.107872162
45.2	-1.2826032	-1.949174535
45.3	-1.466982699	-1.729196146
45.4	-1.626886757	-1.462736689
45.5	-1.758660451	-1.170209471
45.6	-1.860769908	-0.8727925245
45.7	-1.933649791	-0.5880958475
45.8	-1.979209992	-0.3278185128
45.9	-2.000219952	-0.09757095772
46	-1.999753732	0.1018946723
46.1	-1.980788629	0.2729844709
46.2	-1.945968545	0.4197396184
46.3	-1.897498783	0.5467480271
46.4	-1.837127158	0.6584954106
46.5	-1.766172253	0.7590489912
46.6	-1.685571799	0.8519522751
46.7	-1.595935239	0.9402354738
46.8	-1.497592445	1.026473888
46.9	-1.390635215	1.112857083
47	-1.274953874	1.201240891
47.1	-1.150268112	1.293170834
47.2	-1.016161069	1.389847591
47.3	-0.8721139384	1.492044843
47.4	-0.7175618786	1.599919732
47.5	-0.5519641255	1.712738787
47.6	-0.3749152737	1.82845936
47.7	-0.1863014324	1.943217365
47.8	0.01349079468	2.050765983
47.9	0.2233128084	2.142057183
48	0.4409693198	2.205289038
48.1	0.6629810886	2.226838909
48.2	0.8845012291	2.193434873
48.3	1.099507256	2.095450965
48.4	1.301345791	1.930420365
48.5	1.483574353	1.705183006
48.6	1.640887071	1.435263069
48.7	1.769827622	1.141367821
48.8	1.869065987	0.8444952093
48.9	1.939204533	0.5617492284
49	1.982263187	0.3042181628
49.1	2.001063035	0.07697520479
49.2	1.998683526	-0.1196072972
49.3	1.9780777	-0.2881540688
49.4	1.941849907	-0.4327990811
49.5	1.892161078	-0.5581423382
49.6	1.83071583	-0.6686387078
49.7	1.758793688	-0.7683069854
49.8	1.677298418	-0.8606394737
49.9	1.586810361	-0.948619241
50	1.487634659	-1.034781845
50.1	1.3798424	-1.121282326
50.2	1.26330551	-1.209946593
50.3	1.137730069	-1.302288523
50.4	1.002686024	-1.399473486
50.5	0.8576491779	-1.502223129
50.6	0.702051973	-1.610626168
50.7	0.5353619738	-1.723838505
50.8	0.3571949611	-1.839668614
50.9	0.167474213	-1.954045386
51	-0.0333523127	-2.060464472
51.1	-0.244045907	-2.149600395
51.2	-0.4622967158	-2.209414469
51.3	-0.6844938715	-2.22620299
51.4	-0.9056628195	-2.186890196
51.5	-1.119690704	-2.082396365
51.6	-1.319904399	-1.91109606
51.7	-1.499931925	-1.680747022
51.8	-1.654620708	-1.407564545
51.9	-1.780715891	-1.112501307
52	-1.877089193	-0.8163347437
52.1	-1.944505687	-0.535642671
52.2	-1.985089566	-0.2809041255
52.3	-2.001708345	-0.05666808118
52.4	-1.99744334	0.1370570162
52.5	-1.975221153	0.3031002158
52.6	-1.937605843	0.4456784151
52.7	-1.886713849	0.5693983274
52.8	-1.824206896	0.6786813109
52.9	-1.751325909	0.7774968151
53	-1.668941139	0.869286297
53.1	-1.577604482	0.9569864967
53.2	-1.477596561	1.043093031
53.3	-1.368967777	1.129727949
53.4	-1.251573135	1.218686991
53.5	-1.125103136	1.311451422
53.6	-0.989117859	1.409151212
53.7	-0.8430852756	1.512455792
53.8	-0.686438329	1.62137721
53.9	-0.5186529686	1.734964814
54	-0.3393660018	1.850866909
54.1	-0.1485420834	1.964801435
54.2	0.0533062148	2.070004055
54.3	0.2648502506	2.156869376
54.4	0.4836621349	2.213136034
54.5	0.7059979484	2.225039484
54.6	0.9267581444	2.179730536
54.7	1.139744921	2.06871052
54.8	1.338273541	1.891215
54.9	1.516051375	1.655909051
55	1.668085772	1.379663034
55.1	1.791325213	1.083628226
55.2	1.884841048	0.7883235238
55.3	1.949555916	0.5097832203
55.4	1.987692171	0.2578784375
55.5	2.002158918	0.03664785688
55.6	1.99603584	-0.1542473313
55.7	1.972221312	-0.3178270236
55.8	1.933238234	-0.4583819207
55.9	1.881158543	-0.5805199533
56	1.817601422	-0.6886266053
56.1	1.743769686	-0.7866215642
56.2	1.660500623	-0.8778953211
56.3	1.568317802	-0.9653389411
56.4	1.467478113	-1.051409616
56.5	1.358011705	-1.138195637
56.6	1.239755704	-1.227462267
56.7	1.112387712	-1.32066134
56.8	0.975455738	-1.41888178
56.9	0.8284226613	-1.522740835
57	0.6707207104	-1.632174259
57.1	0.5018358325	-1.746113676
57.2	0.3214292713	-1.862048135
57.3	0.1295071067	-1.975478125
57.4	-0.07335199227	-2.079374318
57.5	-0.2857238715	-2.16385616
57.6	-0.5050615314	-2.216445002
57.7	-0.7274883042	-2.223339739
57.8	-0.9477814348	-2.171952144
57.9	-1.159663951	-2.054396616
58	-1.356448026	-1.870786261
58.1	-1.531929079	-1.63068381
58.2	-1.681280407	-1.351576462
58.3	-1.801655707	-1.054765566
58.4	-1.892323081	-0.7604738968
58.5	-1.954357428	-0.4841768234
58.6	-1.990073681	-0.2351424062
58.7	-2.002417442	-0.01691289174
58.8	-1.994463519	0.1711818084
58.9	-1.969080227	0.3323387611
59	-1.928748731	0.470913696
59.1	-1.875496436	0.5915109756
59.2	-1.810900339	0.6984779884
59.3	-1.736125617	0.7956838866
59.4	-1.651976998	0.8864688896
59.5	-1.55895052	0.9736791227
59.6	-1.457279349	1.059732951
59.7	-1.346973437	1.146686584
59.8	-1.227853822	1.236275594
59.9	-1.09958282	1.32991793
60	-0.9616995291	1.428665374
60.1	-0.8136600418	1.533079536
60.2	-0.6548983835	1.643013151
60.3	-0.4849113929	1.757283098
60.4	-0.3033843425	1.873208596
60.5	-0.1103685983	1.986068266
60.6	0.09348703767	2.088566029
60.7	0.3066631575	2.170544329
60.8	0.5264908025	2.219324451
60.9	0.7489595095	2.221090964
61	0.9687264822	2.163548844
61.1	1.179441648	2.039458423
61.2	1.374422529	1.84982519
61.3	1.547561205	1.605092978
61.4	1.6942028	1.323326224
61.5	1.811707356	1.025930197
61.6	1.899536856	0.7327970705
61.7	1.958912922	0.4588295576
61.8	1.992236942	0.2126971822
61.9	2.002486632	-0.002538911154
62	1.992728773	-0.1878638689
62.1	1.965799945	-0.3466395069
62.2	1.924138936	-0.4832779011
62.3	1.869728722	-0.6023751455
62.4	1.80410448	-0.7082385932
62.5	1.728394247	-0.8046867187
62.6	1.643370798	-0.8950094927
62.7	1.549502686	-0.9820085015
62.8	1.447000021	-1.06806509
62.9	1.335853306	-1.155202546
63	1.215866004	-1.245125768
63.1	1.086688506	-1.339223118
63.2	0.9478481984	-1.43850179
63.3	0.7987977319	-1.54347016
63.4	0.6389712366	-1.653894759
63.5	0.467878674	-1.768469124
63.6	0.2852320578	-1.884342125
63.7	0.09112876817	-1.996563848
63.8	-0.1137102437	-2.097567897
63.9	-0.3276658117	-2.176925826
64	-0.5479457909	-2.22176563
64.1	-0.7704063469	-2.218285717
64.2	-0.9895873524	-2.154518519
64.3	-1.19907204	-2.023900757
64.4	-1.392192011	-1.828342243
64.5	-1.562944437	-1.579152632
64.6	-1.706851624	-1.294931025
64.7	-1.821480738	-0.9971389722
64.8	-1.906484166	-0.7053043656
64.9	-1.963224736	-0.4337464845
65	-1.994184793	-0.1905435489
65.1	-2.002369342	0.02170963159
65.2	-1.990834143	0.2042974083
65.3	-1.962382574	0.3607335086
65.4	-1.919410569	0.4954785775
65.5	-1.863856737	0.6131161647
65.6	-1.79721484	0.717911763
65.7	-1.720576267	0.8136326685
65.8	-1.63468223	0.9035193582
65.9	-1.539974525	0.9903295236
66	-1.436640259	1.076407438
66.1	-1.32465067	1.163744376
66.2	-1.203792949	1.254016537
66.3	-1.073704038	1.348576411
66.4	-0.9339021219	1.448393658
66.5	-0.7838342739	1.553911883
66.6	-0.62293903	1.664815636
66.7	-0.4507378417	1.779669574
66.8	-0.2669717775	1.895443393
66.9	-0.07178818331	2.006957027
67	0.1340191661	2.106369084
67.1	0.3487285354	2.182983232
67.2	0.5694221563	2.223753432
67.3	0.7918232155	2.214912847
67.4	1.010357741	2.144856819
67.5	1.218548925	2.007729504
67.6	1.409751236	1.806354238
67.7	1.578075275	1.552883959
67.8	1.719225327	1.266411469
67.9	1.830976011	0.9684076477
68	1.913166593	0.6780059269
68.1	1.967295339	0.4089326972
68.2	1.995919942	0.1686819405
68.3	2.002068048	-0.04060176902
68.4	1.988781792	-0.2204860352
68.5	1.958829903	-0.3746248951
68.6	1.914564976	-0.507519808
68.7	1.857881432	-0.6237376646
68.8	1.790232035	-0.7275006053
68.9	1.712672043	-0.8225246373
69	1.62591152	-0.9120006712
69.1	1.530365807	-0.9986439996
69.2	1.426199863	-1.084761759
69.3	1.313365132	-1.172314403
69.4	1.191633943	-1.262946853
69.5	1.060628753	-1.357979766
69.6	0.9198597756	-1.458337507
69.7	0.7687701091	-1.564405782
69.8	0.606800603	-1.675774965
69.9	0.433488666	-1.79087933
70	0.2486050713	-1.906507232
70.1	0.05234721666	-2.017239175
70.2	-0.1544125396	-2.114960262
70.3	-0.3698481786	-2.188709448
70.4	-0.5909155401	-2.225277449
70.5	-0.8132048827	-2.210964565
70.6	-1.031031928	-2.134562456
70.7	-1.237866851	-1.990950407
70.8	-1.427095858	-1.78387245
70.9	-1.592950889	-1.526304186
71	-1.731323024	-1.237785459
71.1	-1.840194163	-0.9397516331
71.2	-1.919586326	-0.6509115652
71.3	-1.971127605	-0.3843918567
71.4	-1.997445223	-0.1471121391
71.5	-2.001585586	0.05921783347
71.6	-1.986574231	0.2364337897
71.7	-1.955143996	0.3883179905
71.8	-1.90960383	0.5194056283
71.9	-1.851804109	0.6342433152
72	-1.783157017	0.7370082819
72.1	-1.704682128	0.8313650137
72.2	-1.617058981	0.9204560773
72.3	-1.520676948	1.006953719
72.4	-1.415678498	1.093129818
72.5	-1.301997005	1.180912736
72.6	-1.179387857	1.271918784
72.7	-1.047462587	1.367432748
72.8	-0.9057213612	1.468336731
72.9	-0.7536038897	1.574949156
73	-0.5905566142	1.686770021
73.1	-0.4161313061	1.802096701
73.2	-0.2301309905	1.917527408
73.3	-0.03280787615	2.027402697
73.4	0.1748874614	2.123329043
73.5	0.3910215082	2.194086513
73.6	0.6124213651	2.226323441
73.7	0.8345455179	2.206431136
73.8	1.051603523	2.123633152
73.9	1.257019706	1.973572076
74	1.444220894	1.76091614
74.1	1.607568316	1.499435311
74.2	1.743143732	1.209073484
74.3	1.849135852	0.9111858283
74.4	1.925745365	0.6240303942
74.5	1.974724135	0.3601281948
74.6	1.998763629	0.1258339184
74.7	2.000924604	-0.07756079811
74.8	1.984213763	-0.252144538
74.9	1.951326754	-0.4018170516
75	1.904528582	-0.5311401624
75.1	1.845625815	-0.6446367187
75.2	1.775990498	-0.7464378998
75.3	1.696607085	-0.8401568318
75.4	1.608124919	-0.92888741
75.5	1.510907657	-1.015260817
75.6	1.405076413	-1.101513023
75.7	1.290545328	-1.189542251
75.8	1.167055529	-1.280932856
75.9	1.034204649	-1.376936994
76	0.8914857714	-1.478388456
76.1	0.7383359825	-1.585542872
76.2	0.5742057629	-1.697799671
76.3	0.3986652891	-1.813315859
76.4	0.2115513462	-1.928497895
76.5	0.01317068505	-2.03743758
76.6	-0.1954425277	-2.131464742
76.7	-0.4122450766	-2.199106742
76.8	-0.6339349393	-2.226882097
76.9	-0.8558395335	-2.201306356
77	-1.072066445	-2.112069155
77.1	-1.276001742	-1.955601394
77.2	-1.461121868	-1.737497117
77.3	-1.621924752	-1.472294688
77.4	-1.754686666	-1.1802936
77.5	-1.857802022	-0.8827251643
77.6	-1.931645639	-0.5973713601
77.7	-1.9780875	-0.3361448297
77.8	-1.999877749	-0.1048469056
77.9	-2.000087686	0.09563335607
78	-1.981702593	0.2676222669
78.1	-1.947379986	0.4151261072
78.2	-1.89934067	0.54272717
78.3	-1.839347642	0.6549213091
78.4	-1.768733263	0.7557924777
78.5	-1.688447279	0.8489021903
78.6	-1.599109426	0.9372971977
78.7	-1.501058274	1.023566949
78.8	-1.394393041	1.109913175
78.9	-1.279010436	1.198202366
79	-1.154635168	1.289990542
79.1	-1.020854823	1.386491753
79.2	-0.8771528279	1.488495243
79.3	-0.7229653	1.59618433
79.4	-0.5577486948	1.708860868
79.5	-0.3810910455	1.824534499
79.6	-0.1928655303	1.939412299
79.7	0.006562479197	2.047335957
79.8	0.2160746322	2.139355608
79.9	0.433515328	2.203753188
80	0.6554514551	2.2269393
80.1	0.8770810768	2.195581334
80.2	1.092414555	2.099870002
80.3	1.294807355	1.937048859
80.4	1.477794427	1.713635457
80.5	1.636017812	1.444904203
80.6	1.765951331	1.151464879
80.7	1.866193846	0.8543831463
80.8	1.937289584	0.5709424519
80.9	1.981220652	0.3124447892
81	2.000790645	0.08414991614
81.1	1.999077529	-0.1134387411
81.2	1.979043092	-0.2828710104
81.3	1.943305617	-0.4282495507
81.4	1.894041578	-0.5541707668
81.5	1.832970676	-0.6651006336
81.6	1.761386054	-0.7650750025
81.7	1.680203304	-0.8576040463
81.8	1.590012895	-0.9456872878
81.9	1.491128594	-1.03187415
82	1.383628707	-1.118331611
82.1	1.267391491	-1.206896112
82.2	1.142127938	-1.299092648
82.3	1.007412275	-1.396099026
82.4	0.8627225321	-1.498655099
82.5	0.7074914603	-1.606874313
82.6	0.5411841289	-1.719950755
82.7	0.3634087152	-1.835746921
82.8	0.1740748257	-1.950263914
82.9	-0.02639113276	-2.057088077
83	-0.2367819878	-2.146991481
83.1	-0.4548285257	-2.208015878
83.2	-0.6769660787	-2.226484746
83.3	-0.8982644453	-2.189250069
83.4	-1.112641808	-2.087036759
83.5	-1.31343102	-1.91792256
83.6	-1.494234403	-1.689345176
83.7	-1.649844981	-1.417281795
83.8	-1.776937193	-1.122604817
83.9	-1.874312373	-0.8261732699
84	-1.9426792	-0.5447509956
84.1	-1.984126043	-0.2890302735
84.2	-2.001504791	-0.06374194387
84.3	-1.997896499	0.1309800531
84.4	-1.976237215	0.2978948898
84.5	-1.939105205	0.4411914353
84.6	-1.888632486	0.5654747082
84.7	-1.826495753	0.6751780796
84.8	-1.753949379	0.7742883206
84.9	-1.671875293	0.86626473
85	-1.58083533	0.9540601148
85.1	-1.481118567	1.040183946
85.2	-1.372782664	1.126769902
85.3	-1.25568859	1.215624371
85.4	-1.129532034	1.308239441
85.5	-0.9938767884	1.405758544
85.6	-0.8481931484	1.508868823
85.7	-0.691914235	1.61760945
85.8	-0.5245126918	1.731068446
85.9	-0.3456175505	1.846949707
86	-0.1551792253	1.961045944
86.1	0.04631265512	2.066684272
86.2	0.2575616378	2.154356912
86.3	0.4761811355	2.211879869
86.4	0.6984737673	2.225507133
86.5	0.9193835867	2.182306214
86.6	1.132741872	2.073571562
86.7	1.331866992	1.898235467
86.8	1.510437565	1.664646299
86.9	1.663404263	1.389449465
87	1.787644137	1.093732288
87.1	1.882159001	0.7981084403
87.2	1.94781696	0.5188044425
87.3	1.986806661	0.2659035499
87.4	2.002023226	0.04362150726
87.5	1.996547272	-0.1482607761
87.6	1.973287293	-0.3126979603
87.7	1.934780651	-0.4539560004
87.8	1.883114862	-0.5766429269
87.9	1.819923962	-0.6851570443
88	1.746424052	-0.7834355682
88.1	1.6634639	-0.874886682
88.2	1.571576885	-0.9624174479
88.3	1.471028258	-1.048498516
88.4	1.36185518	-1.135229756
88.5	1.243900858	-1.224386897
88.6	1.116847657	-1.317433081
88.7	0.9802475432	-1.415470426
88.8	0.8335653188	-1.519135495
88.9	0.6762330178	-1.628391033
89	0.5077332597	-1.742209449
89.1	0.3277187077	-1.858137323
89.2	0.1361803126	-1.971751242
89.3	-0.06632668766	-2.076115004
89.4	-0.2784114325	-2.161444815
89.5	-0.4975690899	-2.215335255
89.6	-0.7199695679	-2.223996458
89.7	-0.9404328481	-2.174745097
89.8	-1.152708992	-2.059477038
89.9	-1.350110297	-1.877996487
90	-1.526400373	-1.639553934
90.1	-1.676693768	-1.361424966
90.2	-1.798072243	-1.064863863
90.3	-1.889735329	-0.7702009168
90.4	-1.952705243	-0.4931086798
90.5	-1.989265229	-0.2430659137
90.6	-2.002348645	-0.02378692547
90.7	-1.995032366	0.1652844032
90.8	-1.970195404	0.3272845362
90.9	-1.930333622	0.4665474145
91	-1.877489996	0.5876792359
91.1	-1.813256244	0.6950409408
91.2	-1.738810656	0.7925193838
91.3	-1.65496929	0.8834724141
91.4	-1.562237828	0.9707617697
91.5	-1.460857605	1.056819233
91.6	-1.350845642	1.143712328
91.7	-1.232028697	1.233187248
91.8	-1.104074101	1.326672968
91.9	-0.9665243826	1.425235595
92	-0.8188375675	1.529455579
92.1	-0.6604474012	1.639214958
92.2	-0.4908465568	1.753372339
92.3	-0.3097114291	1.869305799
92.4	-0.1170777528	1.982372587
92.5	0.0864304964	2.085370399
92.6	0.2993279414	2.168237777
92.7	0.5189883761	2.21836579
92.8	0.74144803	2.221940627
92.9	0.9614059019	2.166560699
93	1.172536787	2.044756841
93.1	1.368155318	1.857220785
93.2	1.542118794	1.614089489
93.3	1.689711586	1.333230168
93.4	1.808221396	1.036017111
93.5	1.897042758	0.742462316
93.6	1.957346563	0.4676702197
93.7	1.991504551	0.2205188764
93.8	2.002483776	0.004236250229
93.9	1.993354169	-0.1820543442
94	1.9669636	-0.3416586123
94.1	1.925765731	-0.4789697969
94.2	1.871759089	-0.5985873712
94.3	1.806493439	-0.7048329211
94.4	1.731109768	-0.8015427583
94.5	1.646391983	-0.8920242712
94.6	1.55281814	-0.9790946159
94.7	1.450606475	-1.065148152
94.8	1.339754255	-1.152219458
94.9	1.220070844	-1.242023772
95	1.091211106	-1.335961363
95.1	0.9527063495	-1.435053067
95.2	0.8040103363	-1.539828069
95.3	0.6445569916	-1.650082075
95.4	0.4738517011	-1.76455276
95.5	0.2915968554	-1.880449274
95.6	0.09787335024	-1.992902144
95.7	-0.1066231274	-2.09443996
95.8	-0.3203088061	-2.174728697
95.9	-0.5404348278	-2.220962101
96	-0.7629040204	-2.219331428
96.1	-0.9822969425	-2.157750373
96.2	-1.192219427	-2.029415407
96.3	-1.385997144	-1.835918675
96.4	-1.557589538	-1.588269082
96.5	-1.702456334	-1.304883268
96.6	-1.818092156	-1.00720861
96.7	-1.904083157	-0.7149040117
96.8	-1.961743388	-0.4424940494
96.9	-1.993527492	-0.198263134
97	-2.002431469	0.0150325535
97.1	-1.991515255	0.1985744475
97.2	-1.963594007	0.3558244953
97.3	-1.921078714	0.4912272329
97.4	-1.865923495	0.6093710679
97.5	-1.799636562	0.7145363358
97.6	-1.723322063	0.8105082675
97.7	-1.63773222	0.900544647
97.8	-1.543318134	0.9874183738
97.9	-1.4402749	1.073486708
98	-1.328580519	1.160752014
98.1	-1.208027759	1.250900735
98.2	-1.078258362	1.34529759
98.3	-0.9387935714	1.444926196
98.4	-0.7890822659	1.55025158
98.5	-0.6285617023	1.66098951
98.6	-0.4567486039	1.775748711
98.7	-0.2733741834	1.891562286
98.8	-0.07856810747	2.003332017
98.9	0.1269022132	2.103312229
99	0.3413509352	2.180900377
99.1	0.5619042132	2.223110152
99.2	0.784331965	2.216158384
99.3	1.003099617	2.148309922
99.4	1.211750593	2.013458236
99.5	1.40363039	1.814105947
99.6	1.572809	1.56211317
99.7	1.714926409	1.276405219
99.8	1.827684628	0.9784546663
99.9	1.910857984	0.6875364977
100	1.96589801	0.4175856402
100.1	1.995336715	0.1762993912
100.2	2.002194225	-0.03402188908
100.3	1.989517786	-0.2148483296
100.4	1.960088425	-0.3697862756
100.5	1.916273933	-0.5033237805
100.6	1.859984179	-0.6200339625
100.7	1.792686234	-0.7241543309
100.8	1.715447941	-0.8194188357
100.9	1.628990184	-0.9090356296
101	1.533737545	-0.9957349654
101.1	1.42986275	-1.081836636
101.2	1.317323917	-1.169312117
101.3	1.195898974	-1.259817013
101.4	1.065214797	-1.354683399
101.5	0.9247848919	-1.45485121
101.6	0.7740534899	-1.560727794
101.7	0.6124602784	-1.671935437
101.8	0.4395374511	-1.786955296
101.9	0.2550448754	-1.902640069
102	0.05916183216	-2.013653942
102.1	-0.1472663909	-2.111978651
102.2	-0.3624509418	-2.186744681
102.3	-0.5833921579	-2.224797722
102.4	-0.8057266378	-2.212412315
102.5	-1.02380826	-2.138237149
102.6	-1.231124948	-1.996890847
102.7	-1.42105078	-1.791794805
102.8	-1.587774312	-1.535639755
102.9	-1.727120825	-1.247813922
103	-1.836999715	-0.9497704061
103.1	-1.917369478	-0.6603695753
103.2	-1.969813464	-0.3929486599
103.3	-1.996935106	-0.1546273885
103.4	-2.001774859	0.05273423635
103.5	-1.987364286	0.2308799473
103.6	-1.956448927	0.3835483141
103.7	-1.911353058	0.5152635341
103.8	-1.853942438	0.6305797556
103.9	-1.785643397	0.7336900398
104	-1.707487935	0.828276926
104.1	-1.620166266	0.9174999409
104.2	-1.524076771	1.004046049
104.3	-1.419369656	1.090199744
104.4	-1.305984873	1.177900255
104.5	-1.183683132	1.268774123
104.6	-1.052080608	1.36411877
104.7	-0.9106798614	1.464831163
104.8	-0.758923179	1.571253676
104.9	-0.5962534449	1.682918641
105	-0.422217828	1.798170553
105.1	-0.2366084091	1.913676149
105.2	-0.03965718476	2.023859799
105.3	0.1677130025	2.12042609
105.4	0.3836059171	2.192245573
105.5	0.6048941297	2.226013054
105.6	0.8270822362	2.20808511
105.7	1.044416382	2.12753046
105.8	1.25033613	1.979721556
105.9	1.438253119	1.769002794
106	1.60248243	1.508869942
106.1	1.739038618	1.219130227
106.2	1.846038086	0.9211716041
106.3	1.923619524	0.6334128984
106.4	1.973492175	0.3685877249
106.5	1.998325661	0.133247316
106.6	2.001176131	-0.07117246566
106.7	1.985057134	-0.2466731828
106.8	1.95267751	-0.397114764
106.9	1.906317649	-0.527050546
107	1.847799429	-0.6410120293
107.1	1.7785089	-0.743146668
107.2	1.699442719	-0.8370854028
107.3	1.611260738	-0.9259393905
107.4	1.514335705	-1.012353929
107.5	1.408795952	-1.098577448
107.6	1.294562459	-1.186518523
107.7	1.171381301	-1.277773668
107.8	1.038854807	-1.373604847
107.9	0.8964788565	-1.474864921
108	0.7436906611	-1.581830101
108.1	0.5799400186	-1.693935593
108.2	0.4047901975	-1.809389699
108.3	0.2180654847	-1.924664815
108.4	0.02005376927	-2.033941034
108.5	-0.1882401125	-2.128645515
108.6	-0.404812121	-2.197391196
108.7	-0.6264054652	-2.226742399
108.8	-0.8483931784	-2.203167339
108.9	-1.064918054	-2.116188216
109	-1.269378671	-1.961957114
109.1	-1.455233043	-1.745744419
109.2	-1.616930439	-1.481822254
109.3	-1.750678745	-1.190371637
109.4	-1.854800527	-0.8926723114
109.5	-1.929610128	-0.6066750909
109.6	-1.976936843	-0.3445058912
109.7	-1.999510917	-0.1121583741
109.8	-2.000400428	0.08933924442
109.9	-1.982598413	0.262231957
110	-1.948775816	0.4104898535
110.1	-1.901168957	0.5386887368
110.2	-1.841556047	0.651334284
110.3	-1.771283268	0.752527074
110.4	-1.69131249	0.8458468371
110.5	-1.602273763	0.9343564296
110.6	-1.504514248	1.020660095
110.7	-1.39814106	1.106971404
110.8	-1.283056688	1.195168419
110.9	-1.158991967	1.286815573
111	-1.025537234	1.383142415
111.1	-0.882179924	1.484952078
111.2	-0.7283560799	1.59245473
111.3	-0.5635201136	1.704986415
111.4	-0.3872535783	1.820608777
111.5	-0.19941678	1.935599422
111.6	-0.0003542284255	2.043887957
111.7	0.2088456092	2.136622535
111.8	0.426066535	2.202170157
111.9	0.647921512	2.226976895
112	0.8696537087	2.197653441
112.1	1.085306952	2.104211316
112.2	1.28824653	1.943607107
112.3	1.471985912	1.72203548
112.4	1.631115889	1.454517021
112.5	1.762040798	1.161558199
112.6	1.863288143	0.8642873466
112.7	1.935343413	0.5801648513
112.8	1.980150158	0.320706474
112.9	2.000493854	0.09136011109
113	1.999450553	-0.1072377672
113.1	1.979990513	-0.2775603386
113.2	1.944745853	-0.4236777219
113.3	1.895908574	-0.5501820373
113.4	1.835213497	-0.661550033
113.5	1.763967442	-0.7618345065
113.6	1.683097887	-0.8545635426
113.7	1.593205487	-0.9427531752
113.8	1.494612675	-1.028966753
113.9	1.387405007	-1.115383308
114	1.27146716	-1.203849787
114.1	1.146514954	-1.295902275
114.2	1.012127133	-1.392730961
114.3	0.8677838115	-1.495093636
114.4	0.7129182688	-1.603128045
114.5	0.5469931658	-1.7160663
114.6	0.3696091873	-1.831824009
114.7	0.1806625906	-1.946473895
114.8	-0.01944135756	-2.053692601
114.9	-0.2295269258	-2.1443496
115	-0.4473651371	-2.206568366
115.1	-0.6694374253	-2.226702368
115.2	-0.890858193	-2.19153485
115.3	-1.105577319	-2.09159972
115.4	-1.30693464	-1.924680382
115.5	-1.488507868	-1.697893339
115.6	-1.645036425	-1.426973339
115.7	-1.773124313	-1.13270677
115.8	-1.871502232	-0.8360295559
115.9	-1.940821857	-0.5538892908
116	-1.983134988	-0.2971916584
116.1	-2.001277247	-0.07085103548
116.2	-1.998329044	0.1248711591
116.3	-1.977235623	0.2926625163
116.4	-1.940589349	0.4366827302
116.5	-1.890537819	0.5615344596
116.6	-1.828772736	0.6716627821
116.7	-1.756561979	0.7710717141
116.8	-1.674799221	0.863238428
116.9	-1.584056273	0.9511318373
117	-1.484630726	1.037275425
117.1	-1.37658756	1.123814466
117.2	-1.259793667	1.212566081
117.3	-1.133950091	1.3050331
117.4	-0.9986242513	1.402372324
117.5	-0.8532889044	1.505288311
117.6	-0.6973774206	1.613847279
117.7	-0.5303592086	1.72717504
117.8	-0.3518558488	1.843030655
117.9	-0.161803687	1.957281067
118	0.0393303632	2.063344179
118.1	0.2502816136	2.15181015
118.2	0.4687044703	2.210573555
118.3	0.6909481209	2.225909485
118.4	0.9120004531	2.184806268
118.5	1.125722516	2.078355539
118.6	1.325436815	1.905188472
118.7	1.504794296	1.673335464
118.8	1.658689702	1.399212472
118.9	1.783928895	1.103836895
119	1.879443834	0.8079126344
119.1	1.946047444	0.5278564201
119.2	1.985893951	0.2739640837
119.3	2.00186389	0.05063017709
119.4	1.997038405	-0.1422427295
119.5	1.974335882	-0.3075423688
119.6	1.936308064	-0.4495088679
119.7	1.885058043	-0.5727497406
119.8	1.822234749	-0.6816758336
119.9	1.749067632	-0.7802418197
120	1.666416989	-0.8718735879
120.1	1.574826079	-0.9594943447
120.2	1.474568566	-1.04558818
120.3	1.365688603	-1.132266681
120.4	1.248035645	-1.221315919
120.5	1.121296599	-1.314210576
120.6	0.9850277754	-1.41206474
120.7	0.8386956888	-1.515537001
120.8	0.6817325582	-1.624612617
120.9	0.5136177811	-1.738308107
121	0.3339948863	-1.854224411
121.1	0.1428406125	-1.968014162
121.2	-0.05931216208	-2.072834551
121.3	-0.2711069937	-2.158996694
121.4	-0.4900804275	-2.214172945
121.5	-0.7124486557	-2.224586205
121.6	-0.9330748846	-2.1774616
121.7	-1.145736942	-2.064480994
121.8	-1.343748272	-1.885141681
121.9	-1.52084174	-1.648379208
122	-1.672073873	-1.371253079
122.1	-1.794454623	-1.074964899
122.2	-1.88711468	-0.779948637
122.3	-1.951022913	-0.5020720925
122.4	-1.988430007	-0.2510250743
122.5	-2.002256601	-0.03069572515
122.6	-1.995581272	0.1593558887
122.7	-1.971293512	0.3222042623
122.8	-1.931903772	0.4621604353
122.9	-1.879470629	0.5838317973
123	-1.815600563	0.6915926186
123.1	-1.741485035	0.7893474791
123.2	-1.657951551	0.8804718168
123.3	-1.565515329	0.9678429238
123.4	-1.464426046	1.053906561
123.5	-1.354707963	1.1407411
123.6	-1.236192989	1.23010324
123.7	-1.108554624	1.32343412
123.8	-0.9713376186	1.42181233
123.9	-0.8240030656	1.525837487
124	-0.6659837817	1.635422539
124.1	-0.4967683364	1.749463689
124.2	-0.3160254761	1.865399593
124.3	-0.1237747939	1.978665597
124.4	0.07938480431	2.082151684
124.5	0.2920006929	2.165894494
124.6	0.5114891944	2.217354676
124.7	0.7339337138	2.222723087
124.8	0.9540751655	2.169496247
124.9	1.16561398	2.049979342
125	1.361863055	1.864551806
125.1	1.53664596	1.623042207
125.2	1.685186883	1.343115559
125.3	1.804701308	1.046109006
125.4	1.894515906	0.7521498587
125.5	1.955750172	0.4765431119
125.6	1.990745649	0.2283764545
125.7	2.002457977	0.01104605089
125.8	1.993959896	-0.1762141943
125.9	1.968110396	-0.3366521514
126	1.927377966	-0.4746414174
126.1	1.87377667	-0.5947843015
126.2	1.808870923	-0.701416391
126.3	1.7338147	-0.7983916381
126.4	1.649403068	-0.8890351193
126.5	1.556123806	-0.9761797083
126.6	1.454203171	-1.0622323
126.7	1.343645016	-1.149239454
126.8	1.224265556	-1.238927542
126.9	1.09572283	-1.332705222
127	0.9575529668	-1.431611483
127.1	0.8092106284	-1.536192158
127.2	0.6501298691	-1.646274253
127.3	0.4798114629	-1.760638109
127.4	0.2979484531	-1.876552604
127.5	0.1046055978	-1.989228078
127.6	-0.09954659719	-2.091287778
127.7	-0.3129592499	-2.172492492
127.8	-0.5329266113	-2.220103639
127.9	-0.7553981973	-2.220308042
128	-0.9749956362	-2.160904984
128.1	-1.18534818	-2.03485456
128.2	-1.379776645	-1.843432465
128.3	-1.552203769	-1.59734437
128.4	-1.698027309	-1.314819442
128.5	-1.814669406	-1.017284991
128.6	-1.901649541	-0.7245271078
128.7	-1.960232298	-0.4512744795
128.8	-1.992843945	-0.2060185546
128.9	-2.002470887	0.008321163073
129	-1.992176898	0.192821263
129.1	-1.96478874	0.3508904254
129.2	-1.922732397	0.4869561251
129.3	-1.867977517	0.6056111271
129.4	-1.802046809	0.7111504052
129.5	-1.726057249	0.8073770888
129.6	-1.640772109	0.8975663143
129.7	-1.546651869	0.9845063185
129.8	-1.443899646	1.070567344
129.9	-1.33250022	1.157762962
130	-1.212252043	1.247789788
130.1	-1.082801578	1.342024753
130.2	-0.943673303	1.441465262
130.3	-0.7943178787	1.546597623
130.4	-0.6341714186	1.657168023
130.5	-0.4627461235	1.771829188
130.6	-0.2797634703	1.887676814
130.7	-0.08533571605	1.999693757
130.8	0.1197956881	2.10023007
130.9	0.3339804288	2.178777248
131	0.5543885422	2.222410462
131.1	0.7768366313	2.217333721
131.2	0.9958299649	2.151685552
131.3	1.204933041	2.019112242
131.4	1.397483458	1.821796662
131.5	1.567511581	1.57130349
131.6	1.710593711	1.286385154
131.7	1.824359245	0.9885102151
131.8	1.908517103	0.6970916397
131.9	1.964471358	0.4262718475
132	1.994727656	0.1839525929
132.1	2.002298081	-0.02740807922
132.2	1.990234654	-0.2091809456
132.3	1.961330533	-0.3649231836
132.4	1.917968657	-0.4991085442
132.5	1.862074367	-0.6163159125
132.6	1.795129089	-0.7207979786
132.7	1.718213312	-0.816306614
132.8	1.632058805	-0.9060672937
132.9	1.537099437	-0.9928252764
133	1.433515735	-1.078913113
133.1	1.321272555	-1.166313315
133.2	1.200153417	-1.256692201
133.3	1.069789701	-1.351393123
133.4	0.9296982235	-1.451371565
133.5	0.7793244061	-1.557056024
133.6	0.618106984	-1.668100401
133.7	0.4455729582	-1.783032274
133.8	0.2614715757	-1.898767818
133.9	0.06596432716	-2.010054479
134	-0.1401303717	-2.108970308
134.1	-0.3550604328	-2.184737907
134.2	-0.5758705046	-2.224260081
134.3	-0.7982436236	-2.21378882
134.4	-1.0165723	-2.141834155
134.5	-1.224363083	-2.002757507
134.6	-1.414979015	-1.799658186
134.7	-1.582566237	-1.544938963
134.8	-1.722884741	-1.25783099
134.9	-1.833771372	-0.9597996023
135	-1.915120605	-0.6698533122
135.1	-1.968470329	-0.401539243
135.2	-1.996399519	-0.1621783805
135.3	-2.001942152	0.04621706922
135.4	-1.988135511	0.2252969142
135.5	-1.957737688	0.3787546905
135.6	-1.913088245	0.5111027377
135.7	-1.85606835	0.6269022971
135.8	-1.788118538	0.7303621142
135.9	-1.710283288	0.8251827612
136	-1.623263544	0.9145407784
136.1	-1.527466754	1.001137977
136.2	-1.423050911	1.087271472
136.3	-1.309962544	1.174891475
136.4	-1.187967798	1.265634555
136.5	-1.056687419	1.360811291
136.6	-0.9156268819	1.461332342
136.7	-0.7642297269	1.567564478
136.8	-0.6019371842	1.679071049
136.9	-0.4282912484	1.794245036
137	-0.2430725166	1.909819148
137.1	-0.04649419224	2.020301988
137.2	0.1605483487	2.117495351
137.3	0.376196596	2.190360396
137.4	0.5973680941	2.225642461
137.5	0.8196135276	2.209666257
137.6	1.037216271	2.131349623
137.7	1.243631985	1.985798133
137.8	1.432258159	1.777032734
137.9	1.597364703	1.518270718
138	1.734899478	1.229177673
138.1	1.842906512	0.9311693293
138.2	1.921461916	0.642822077
138.3	1.972231549	0.3770813866
138.4	1.997862533	0.1406962344
138.5	2.001405935	-0.06475092686
138.6	1.985881902	-0.2411731362
138.7	1.954012262	-0.3923890943
138.8	1.908092789	-0.5229427473
138.9	1.849960692	-0.6373738944
139	1.78101607	-0.7398460921
139.1	1.702267891	-0.8340083192
139.2	1.614386565	-0.9229886284
139.3	1.517753802	-1.009446819
139.4	1.412505503	-1.095643848
139.5	1.298569289	-1.18349897
139.6	1.175696315	-1.274619475
139.7	1.043493694	-1.370279303
139.8	0.9014597697	-1.471347631
139.9	0.7490328865	-1.578123187
140	0.5856611419	-1.690076089
140.1	0.4109015226	-1.805463395
140.2	0.2245666232	-1.920825096
140.3	0.02692511948	-2.030427946
140.4	-0.181047445	-2.125795997
140.5	-0.3973852022	-2.195631039
140.6	-0.6188766702	-2.226542667
140.7	-0.8409407257	-2.204955631
140.8	-1.05775588	-2.120229609
140.9	-1.262734195	-1.968241127
141	-1.449316418	-1.753936289
141.1	-1.611904005	-1.491318317
141.2	-1.746636798	-1.200443088
141.3	-1.851765357	-0.9026334502
141.4	-1.927543064	-0.6160066491
141.5	-1.97575782	-0.3529014969
141.6	-1.999119286	-0.1195054427
141.7	-2.000691819	0.08301235346
141.8	-1.983475929	0.2568134748
141.9	-1.950155909	0.4058306774
142	-1.902983536	0.5346325699
142.1	-1.843752274	0.6477342435
142.2	-1.773822201	0.749252798
142.3	-1.694167324	0.842785958
142.4	-1.605428058	0.9314132372
142.5	-1.507960414	1.017753346
142.6	-1.401879028	1.104031922
142.7	-1.287092674	1.192137851
142.8	-1.163337641	1.283646223
142.9	-1.030208283	1.379798966
143	-0.8871949153	1.48141571
143.1	-0.7337342487	1.588731057
143.2	-0.5692784679	1.701115769
143.3	-0.3934028471	1.816682736
143.4	-0.2059550671	1.931779289
143.5	-0.007259179066	2.040422663
143.6	0.2016259018	2.133858746
143.7	0.4186232384	2.200540619
143.8	0.6403916299	2.226952339
143.9	0.862219558	2.199651628
144	1.078184918	2.108474993
144.1	1.281663776	1.950094828
144.2	1.466149205	1.7303825
144.3	1.626181627	1.464100684
144.4	1.758096254	1.171646886
144.5	1.860349025	0.8742070653
144.6	1.933366111	0.5894159367
144.7	1.979051757	0.3290029485
144.8	2.000172699	0.09860564449
144.9	1.999802619	-0.1010044058
145	1.980919987	-0.2722220324
145.1	1.946170641	-0.4190835597
145.2	1.897762095	-0.5461761098
145.3	1.837444328	-0.6579868665
145.4	1.766537886	-0.7585854635
145.5	1.68598221	-0.8515179524
145.6	1.596388184	-0.9398168725
145.7	1.498086937	-1.026059654
145.8	1.391171369	-1.112437412
145.9	1.275532535	-1.200807693
146	1.150891242	-1.2927174
146.1	1.016830609	-1.389369364
146.2	0.8728330515	-1.491538618
146.3	0.7183324596	-1.599387532
146.4	0.5527890537	-1.712185342
146.5	0.3757963677	-1.827900022
146.6	0.1872375701	-1.942675651
146.7	-0.01250309562	-2.050278446
146.8	-0.22228088	-2.141675256
146.9	-0.4399067429	-2.205072917
147	-0.661908166	-2.226856661
147.1	-0.8834443596	-2.193745012
147.2	-1.098497539	-2.096085222
147.3	-1.30041553	-1.931368889
147.4	-1.48275253	-1.70639047
147.5	-1.640195164	-1.436638229
147.6	-1.769277298	-1.142806432
147.7	-1.86865874	-0.8459030794
147.8	-1.938933556	-0.5630572745
147.9	-1.982116286	-0.3053881919
148	-2.001025621	-0.07799540546
148.1	-1.99874089	0.1187302199
148.2	-1.9782163	0.2874029407
148.3	-1.942058221	0.4321521342
148.4	-1.892429809	0.55757743
148.5	-1.831037821	0.6681352933
148.6	-1.759163695	0.7678468869
148.7	-1.67771291	0.8602072809
148.8	-1.587267312	0.9482016099
148.9	-1.488133063	1.034367394
149	-1.380382458	1.120861609
149.1	-1.263888429	1.209512069
149.2	-1.13835731	1.30183241
149.3	-1.003360268	1.398992454
149.4	-0.858372582	1.501714375
149.5	-0.7028278747	1.610090706
149.6	-0.5361925547	1.723284707
149.7	-0.3580809183	1.839110016
149.8	-0.1684153764	1.953507105
149.9	0.03235940707	2.05998434
150	0.2430102491	2.149229631
150.1	0.4612323063	2.209217538
150.2	0.6834212343	2.226246903
150.3	0.9046090111	2.187230871
150.4	1.118687139	2.083062305
150.5	1.31898327	1.912073526
150.6	1.499121746	1.681975833
150.7	1.653942178	1.4089512
150.8	1.780179493	1.11394126
150.9	1.876695497	0.8177355667
151	1.944247283	0.5369388541
151.1	1.984953935	0.2820599648
151.2	2.001680798	0.05767392761
151.3	1.99750914	-0.1361930343
151.4	1.975366998	-0.3023600815
151.5	1.937820407	-0.4450403538
151.6	1.886988034	-0.5688402377
151.7	1.824533748	-0.6781828333
151.8	1.751700399	-0.777040185
151.9	1.669359887	-0.8688559708
152	1.578065397	-0.9565695325
152.1	1.478099028	-1.042678544
152.2	1.369512021	-1.12930635
152.3	1.252160046	-1.21824948
152.4	1.125734701	-1.31099373
152.5	0.9897966086	-1.40866656
152.6	0.8438138956	-1.511944498
152.7	0.687219407	-1.620840078
152.8	0.5194888141	-1.73440943
152.9	0.3402577443	-1.85030897
153	0.1494886094	-1.964266976
153.1	-0.05230897786	-2.069532517
153.2	-0.2638111164	-2.156513735
153.3	-0.4825958562	-2.212960223
153.4	-0.7049259096	-2.225110208
153.5	-0.9257078872	-2.180102297
153.6	-1.138748097	-2.069408011
153.7	-1.337362179	-1.892219571
153.8	-1.515253323	-1.65715706
153.9	-1.667420772	-1.381058996
154	-1.79080284	-1.08506791
154.1	-1.884460976	-0.7897166167
154.2	-1.949310079	-0.5110667509
154.3	-1.987567728	-0.2590197682
154.4	-2.002141091	-0.03763940338
154.5	-1.996110024	0.1533962172
154.6	-1.972374335	0.317097805
154.7	-1.933458998	0.4577525645
154.8	-1.881438172	0.5799684998
154.9	-1.81793315	0.6881329356
155	-1.744148631	0.7861680441
155.1	-1.660923553	0.8774669079
155.2	-1.56878288	0.9649227449
155.3	-1.467984634	1.050994749
155.4	-1.358560053	1.137772823
155.5	-1.240347047	1.227023951
155.6	-1.113023996	1.320200933
155.7	-0.9761392991	1.418395383
155.8	-0.8291562153	1.522226517
155.9	-0.6715070926	1.631634794
156	-0.5026770437	1.745557318
156.1	-0.3223262796	1.861490951
156.2	-0.1304588437	1.974947716
156.3	0.07235012514	2.07891113
156.4	0.2846813335	2.163514341
156.5	0.5039936012	2.216290053
156.6	0.7264169747	2.223437499
156.7	0.9467347806	2.172354853
156.8	1.158673848	2.055125354
156.9	1.355546317	1.871817957
157	1.53114303	1.631950743
157.1	1.680628827	1.352981325
157.2	1.801147127	1.056204508
157.3	1.891956317	0.7618587721
157.4	1.954123829	0.4854477503
157.5	1.989960119	0.2362694239
157.6	2.002409066	0.0178903493
157.7	1.994545804	-0.1703432991
157.8	1.969240195	-0.3316200877
157.9	1.928975493	-0.4702927392
158	1.875781323	-0.5909658886
158.1	1.811236782	-0.6979888792
158.2	1.736508906	-0.7952333865
158.3	1.652404038	-0.8860421101
158.4	1.559419572	-0.973263478
158.5	1.45778989	-1.059317674
158.6	1.347525838	-1.1462626
158.7	1.228449424	-1.235835196
158.8	1.100223513	-1.329455229
158.9	0.9623877824	-1.428176033
159	0.8143986682	-1.53256276
159.1	0.6556898909	-1.642471642
159.2	0.4857579819	-1.756725548
159.3	0.304286865	-1.872652614
159.4	0.1113254084	-1.985542295
159.5	-0.09248081294	-2.088112101
159.6	-0.305617381	-2.170218238
159.7	-0.5254214639	-2.219191139
159.8	-0.7478892715	-2.221216219
159.9	-0.9676838948	-2.163982749
160	-1.178458774	-2.040218095
160.1	-1.373530957	-1.850882927
160.2	-1.546787498	-1.606377618
160.3	-1.693564829	-1.324738606
160.4	-1.811212682	-1.027367303
160.5	-1.899183442	-0.734173052
160.6	-1.958691542	-0.4600873795
160.7	-1.992134191	-0.2138096204
160.8	-2.002487627	0.001575518618
160.9	-1.9928191	0.1870378502
161	-1.965966803	0.3459312578
161.1	-1.924371656	0.4826652008
161.2	-1.870018847	0.6018362931
161.3	-1.804445629	0.7077539263
161.4	-1.728781872	0.8042390945
161.5	-1.643801949	0.8945843378
161.6	-1.549975778	0.9815933267
161.7	-1.44751455	1.067649332
161.8	-1.336409833	1.154777181
161.9	-1.216465854	1.244683743
162	-1.087333748	1.338757868
162.1	-0.9485413725	1.438010924
162.2	-0.7995411447	1.54295006
162.3	-0.6397682206	1.653351295
162.4	-0.4687304301	1.767911234
162.5	-0.2861396103	1.883787271
162.6	-0.09209097936	1.996042694
162.7	0.1126996314	2.097123053
162.8	0.3266171504	2.176614329
162.9	0.5468753374	2.221654849
163	0.7693374522	2.218439233
163.1	0.9885490502	2.154983818
163.2	1.198096531	2.024691302
163.3	1.391310656	1.829425901
163.4	1.562183176	1.580454208
163.5	1.706227308	1.296350462
163.6	1.820999866	0.9985736335
163.7	1.906143896	0.706670926
163.8	1.963015304	0.4349911405
163.9	1.994092676	0.1916415254
164	2.002379528	-0.0207602477
164.1	1.990932321	-0.2034837251
164.2	1.962556166	-0.3600354542
164.3	1.919649106	-0.4948739414
164.4	1.864151969	-0.6125833711
164.5	1.797560586	-0.7174314211
164.6	1.720968158	-0.8131878746
164.7	1.635117395	-0.9030955721
164.8	1.540451497	-0.9899148496
164.9	1.437158845	-1.075991115
165	1.325211074	-1.163317953
165.1	1.204397305	-1.253572329
165.2	1.074353507	-1.348108927
165.3	0.9345997976	-1.447898553
165.4	0.7845829202	-1.553390475
165.5	0.6237407501	-1.664269982
165.6	0.4515951955	-1.779110402
165.7	0.2678851505	-1.894890757
165.8	0.07275466126	-2.006441148
165.9	-0.1330045611	-2.105935689
166	-0.3476767765	-2.182689724
166.1	-0.5683507604	-2.22366512
166.2	-0.7907560677	-2.215094502
166.3	-1.009324297	-2.14535357
166.4	-1.217581493	-2.008550079
166.5	-1.408880753	-1.807461916
166.6	-1.57732678	-1.554200978
166.7	-1.718614808	-1.267835873
166.8	-1.830509099	-0.9698386122
166.9	-1.912839618	-0.679362408
167	-1.967098083	-0.4101634692
167.1	-1.995838347	-0.1697651256
167.2	-2.002087355	0.0396661986
167.3	-1.988887812	0.2196845102
167.4	-1.959010205	0.373936923
167.5	-1.914809336	0.5069230562
167.6	-1.858181808	0.6232107781
167.7	-1.790582417	0.7270243667
167.8	-1.713068177	0.8220823969
167.9	-1.626350814	0.9115784876
168	-1.530846909	0.9982294145
168.1	-1.42672228	1.084344921
168.2	-1.313930042	1.171886281
168.3	-1.192241891	1.2625001
168.4	-1.061283045	1.357509739
168.5	-0.9205621168	1.457840182
168.6	-0.7695238002	1.563881353
168.7	-0.6076079556	1.675227756
168.8	-0.4343514157	1.790320234
168.9	-0.2495235503	1.905956581
169	-0.05331913525	2.016729265
169.1	0.1533936134	2.114537033
169.2	0.3687937151	2.188432194
169.3	0.589843402	2.225212922
169.4	0.8121395835	2.21117546
169.5	1.030003369	2.135091007
169.6	1.236907413	1.991801553
169.7	1.42623614	1.785004991
169.8	1.592215244	1.527636733
169.9	1.730726376	1.239215234
170	1.839741111	0.941178655
170.1	1.919272456	0.6522577189
170.2	1.970942165	0.3856091116
170.3	1.997374162	0.1481808448
170.4	2.00161397	-0.05829602735
170.5	1.986688027	-0.235644197
170.6	1.955330997	-0.3876398101
170.7	1.909854009	-0.5188165569
170.8	1.852109632	-0.6337221366
170.9	1.783512065	-0.7365360601
171	1.705082648	-0.8309253556
171.1	1.617502417	-0.9200350157
171.2	1.521162065	-1.006539439
171.3	1.416205149	-1.092712175
171.4	1.302565911	-1.180483225
171.5	1.180000692	-1.271470465
171.6	1.048121347	-1.366960061
171.7	0.906428784	-1.467836831
171.8	0.7543626271	-1.574422288
171.9	0.5913692133	-1.686220759
172	0.4169995501	-1.801537206
172.1	0.2310548196	-1.91697902
172.2	0.03378457913	-2.026898826
172.3	-0.1738644693	-2.122917369
172.4	-0.3899643299	-2.193826729
172.5	-0.6113486432	-2.22628268
172.6	-0.8334823283	-2.206671144
172.7	-1.050580164	-2.124193238
172.8	-1.25606859	-1.974452837
172.9	-1.443372177	-1.76207207
173	-1.606845514	-1.500781871
173.1	-1.742560812	-1.210507021
173.2	-1.848696479	-0.9126080049
173.3	-1.925444383	-0.6253657398
173.4	-1.974550339	-0.3613315804
173.5	-1.998702751	-0.1268881463
173.6	-2.000961764	0.0766524637
173.7	-1.984335077	0.2513665996
173.8	-1.951520211	0.4011483933
173.9	-1.904784373	0.5305584904
174	-1.84593631	0.6441210081
174.1	-1.776350053	0.7459694419
174.2	-1.697011803	0.8397195081
174.3	-1.608572401	0.9284674698
174.4	-1.511396757	1.01484656
174.5	-1.405607063	1.10109456
174.6	-1.291118423	1.189111197
174.7	-1.167672615	1.280482242
174.8	-1.034868032	1.376461817
174.9	-0.8921979763	1.47788593
175	-0.7390998368	1.585013316
175.1	-0.5750237425	1.697248904
175.2	-0.39953886	1.812756375
175.3	-0.2124804273	1.92795205
175.4	-0.01415235165	2.036940268
175.5	0.1944155787	2.131064614
175.6	0.4111855184	2.198865056
175.7	0.6328619301	2.226866033
175.8	0.8547787738	2.2015761
175.9	1.071048602	2.112660921
176	1.275059212	1.956511532
176.1	1.460284368	1.738675724
176.2	1.621215008	1.473654348
176.3	1.754117602	1.181730221
176.4	1.857376343	0.8841418326
176.5	1.931357481	0.5986954931
176.6	1.977925246	0.3373342132
176.7	1.999826985	0.1058866707
176.8	2.000133554	-0.0947384251
176.9	1.981831364	-0.2668558347
177	1.947579857	-0.4144668079
177.1	1.899602044	-0.54215275
177.2	1.839663091	-0.6544109304
177.3	1.76909733	-0.7553276984
177.4	1.688856223	-0.8484671059
177.5	1.599560954	-0.9368782611
177.6	1.501551372	-1.023152729
177.7	1.39492777	-1.109493825
177.8	1.279587647	-1.197769683
177.9	1.155256741	-1.289537937
178	1.021522723	-1.386013615
178.1	0.8778699884	-1.487990144
178.2	0.7237342245	-1.595652383
178.3	0.5585719955	-1.708308493
178.4	0.3819700865	-1.823975212
178.5	0.1937998158	-1.938869398
178.6	-0.005576108138	-2.046845866
178.7	-0.2150438392	-2.138968038
178.8	-0.4324535213	-2.203530263
178.9	-0.6543784217	-2.226948319
179	-0.8760230843	-2.19588105
179.1	-1.091402612	-2.100493364
179.2	-1.293873795	-1.937987782
179.3	-1.476968446	-1.714835892
179.4	-1.635321268	-1.446275883
179.5	-1.765396159	-1.15290346
179.6	-1.865781829	-0.8557935086
179.7	-1.937014176	-0.5722548803
179.8	-1.981069827	-0.3136199716
179.9	-2.000749852	-0.08517519978
180	-1.999131973	0.1125570645
180.1	-1.979179207	0.2821159162
180.2	-1.943511805	0.4275994261
180.3	-1.894308459	0.5536034187
180.4	-1.833291022	0.6645954314
180.5	-1.761754579	0.7646137331
180.6	-1.680616428	0.8571711111
180.7	-1.590468473	0.9452692871
180.8	-1.491625673	1.031459825
180.9	-1.384167478	1.117911324
181	-1.267972886	1.206461913
181.1	-1.142753853	1.298637628
181.2	-1.008084831	1.395618795
181.3	-0.8634444798	1.498146909
181.4	-0.7082656612	1.606340126
181.5	-0.5420126931	1.719397153
181.6	-0.3642930607	1.835187826
181.7	-0.1750144855	1.949724291
181.8	0.0254000493	2.056605254
181.9	0.2357476079	2.146616703
182	0.4537646728	2.20781288
182.1	0.6758932568	2.226519957
182.2	0.8972094829	2.189580411
182.3	1.111635999	2.087691805
182.4	1.312506613	1.918889761
182.5	1.49342009	1.690566247
182.6	1.649161734	1.418664509
182.7	1.776395922	1.124044611
182.8	1.873913925	0.8275768238
182.9	1.942416366	0.546051469
183	1.983986487	0.2901911743
183.1	2.001473829	0.06475288382
183.2	1.997959397	-0.1301114616
183.3	1.976380569	-0.2971509056
183.4	1.939317631	-0.4405502477
183.5	1.888904816	-0.5649142185
183.6	1.826820958	-0.6746778738
183.7	1.754322351	-0.773830437
183.8	1.672292585	-0.8658337454
183.9	1.581294929	-0.9536429531
184	1.481619677	-1.039769431
184.1	1.37332547	-1.126348599
184.2	1.256274241	-1.215188279
184.3	1.130162274	-1.307782212
184.4	0.9945540177	-1.405275511
184.5	0.8489200697	-1.508358252
184.6	0.6926935142	-1.617072957
184.7	0.5253466554	-1.730513427
184.8	0.3465073694	-1.846391362
184.9	0.15612398	-1.960509987
185	-0.04531696402	-2.066209611
185.1	-0.2565236533	-2.153996076
185.2	-0.4751154043	-2.211696701
185.3	-0.6974014181	-2.225568384
185.4	-0.9183319858	-2.182667064
185.5	-1.131742592	-2.074257998
185.6	-1.330952125	-1.899230436
185.7	-1.50963518	-1.665887532
185.8	-1.662734438	-1.39084219
185.9	-1.787116788	-1.095172194
186	-1.881774109	-0.7995044019
186.1	-1.947566679	-0.5200924926
186.2	-1.986678268	-0.2670500408
186.3	-2.002001969	-0.04461812661
186.4	-1.996618506	0.1474051017
186.5	-1.973437789	0.3119648951
186.6	-1.934999235	0.4533235674
186.7	-1.883392581	0.5760891235
186.8	-1.820253981	0.6846616719
186.9	-1.746801433	0.782980913
187	-1.663885355	0.874457595
187.1	-1.572040524	0.9620009883
187.2	-1.471533361	1.048083737
187.3	-1.362402087	1.134807335
187.4	-1.244490702	1.223949118
187.5	-1.117482386	1.316973477
187.6	-0.9809294451	1.414984882
187.7	-0.8342971577	1.518622108
187.8	-0.677017551	1.627852335
187.9	-0.508572576	1.741653365
188	-0.3286138702	1.857579754
188.1	-0.1371302884	1.971219275
188.2	0.06532642768	2.075648714
188.3	0.2773700544	2.161098016
188.4	0.4965016862	2.215172979
188.5	0.7188979226	2.224084718
188.6	0.9393848529	2.175136946
188.7	1.151716448	2.06019483
188.8	1.349205123	1.879018666
188.9	1.525610046	1.640814255
189	1.67603743	1.362826812
189.1	1.797558789	1.066303219
189.2	1.88936386	0.7715887932
189.3	1.952467315	0.4943841094
189.4	1.989147831	0.2441979932
189.5	2.002336943	0.0247693516
189.6	1.995111798	-0.1644414661
189.7	1.970352926	-0.3265621583
189.8	1.930558271	-0.4659235068
189.9	1.87777303	-0.5871319126
190	1.813591024	-0.6945502309
190.1	1.739192415	-0.7920678246
190.2	1.655394877	-0.8830450463
190.3	1.562705473	-0.9703459339
190.4	1.461366737	-1.056404092
190.5	1.351396608	-1.143288758
190.6	1.232622819	-1.232747506
190.7	1.104713223	-1.326211076
190.8	0.9672109929	-1.42474722
190.9	0.8195744247	-1.52893973
191	0.6612370832	-1.638674131
191.1	0.4916912684	-1.752815141
191.2	0.3106120481	-1.868749388
191.3	0.1180327725	-1.981844995
191.4	-0.08542580052	-2.084913215
191.5	-0.298283271	-2.167906148
191.6	-0.5179195027	-2.218224819
191.7	-0.7403773829	-2.22205616
191.8	-0.9603618688	-2.16698365
191.9	-1.171551364	-2.045505696
192	-1.367260187	-1.858269457
192.1	-1.541340754	-1.61536801
192.2	-1.689068839	-1.334639985
192.3	-1.807721855	-1.037454921
192.4	-1.896684681	-0.7438414657
192.5	-1.957120921	-0.4689326431
192.6	-1.991398028	-0.2216364022
192.7	-2.002481499	-0.005204557322
192.8	-1.993441691	0.1812239691
192.9	-1.967128053	0.3409467402
193	-1.925996371	0.4783542282
193.1	-1.872047384	0.5980463559
193.2	-1.806832941	0.704346715
193.3	-1.731495873	0.8010941389
193.4	-1.646821696	0.8915985712
193.5	-1.553289821	0.9786792794
193.6	-1.451119597	1.064732575
193.7	-1.340309349	1.151794611
193.8	-1.220669182	1.241582349
193.9	-1.09185482	1.335496969
194	-0.9533976129	1.434562214
194.1	-0.8047522205	1.539309505
194.2	-0.6453519282	1.6495393
194.3	-0.4747017523	1.763994714
194.4	-0.29250281	1.879894194
194.5	-0.09883355587	1.992379298
194.6	0.1056140941	2.093992152
194.7	0.3192610372	2.174412711
194.8	0.5393647153	2.220843346
194.9	0.7618346298	2.21947495
195	0.9812571474	2.15820472
195.1	1.191241385	2.030195098
195.2	1.385112265	1.836993055
195.3	1.556823934	1.589564701
195.4	1.701827249	1.306300164
195.5	1.8176065	1.00864416
195.6	1.90373835	0.7162739346
195.7	1.96152985	0.4437432885
195.8	1.993431684	0.1993661244
195.9	2.00243848	-0.01407824653
196	1.991610736	-0.1977564578
196.1	1.963765284	-0.3551229102
196.2	1.921315258	-0.4906197909
196.3	1.866216983	-0.6088361728
196.4	1.799980734	-0.7140544782
196.5	1.72371249	-0.8100624731
196.6	1.638166022	-0.9001204402
196.7	1.54379381	-0.9870034749
196.8	1.440792049	-1.073070589
196.9	1.329139689	-1.160325798
197	1.208630434	-1.250457269
197.1	1.078906437	-1.344830677
197.2	0.9394897093	-1.444432617
197.3	0.7898290576	-1.549730608
197.4	0.6293618773	-1.660444435
197.5	0.4576041693	-1.775190086
197.6	0.2742854413	-1.891008934
197.7	0.07953319434	-2.002814402
197.8	-0.1258888592	-2.102874604
197.9	-0.3403001078	-2.180600106
198	-0.560833052	-2.223013588
198.1	-0.7832640884	-2.21632995
198.2	-1.002064369	-2.148795582
198.3	-1.210780263	-2.014268506
198.4	-1.40275604	-1.815205779
198.5	-1.572055997	-1.563425325
198.6	-1.714311034	-1.277828262
198.7	-1.827212814	-0.9798870358
198.8	-1.910526379	-0.6888966149
198.9	-1.965696516	-0.4188214189
199	-1.99525151	-0.1773878069
199.1	-2.002210385	0.0330814704
199.2	-1.989621108	0.2140425123
199.3	-1.960266431	0.3690947656
199.4	-1.916516304	0.5027242718
199.5	-1.860282802	0.6195050052
199.6	-1.793035037	0.7236766486
199.7	-1.715842658	0.8189757387
199.8	-1.629428093	0.908612832
199.9	-1.534217219	0.995320349
200	-1.430383916	1.081419919
200.1	-1.317887235	1.168884588
200.2	-1.196505885	1.25937134
200.3	-1.065867436	1.354214177
200.4	-0.925485747	1.454354934
200.5	-0.7748053927	1.560204155
200.6	-0.6132657536	1.671388733
200.7	-0.4403983106	1.786396167
200.8	-0.2559615053	1.902088552
200.9	-0.06013201564	2.01314184
201	0.146248874	2.111551461
201.1	0.3613973691	2.186461352
201.2	0.5823201868	2.224724795
201.3	0.8046605663	2.212612925
201.4	1.022777847	2.138754534
201.5	1.230162557	1.997731397
201.6	1.420187147	1.792918892
201.7	1.587034063	1.536967139
201.8	1.72651924	1.249242142
201.9	1.836541736	0.9511990159
202	1.917050956	0.6617195014
202.1	1.969623813	0.3941708177
202.2	1.996860345	0.1557012634
202.3	2.001800049	-0.05180756853
202.4	1.987475344	-0.2300861307
202.5	1.956633575	-0.3828666637
202.6	1.911601193	-0.5146717464
202.7	1.854246153	-0.6300565537
202.8	1.785996808	-0.7332164008
202.9	1.707886933	-0.8278363648
203	1.620608246	-0.9170784231
203.1	1.524560462	-1.003631684
203.2	1.419894866	-1.089782333
203.3	1.30655231	-1.177471204
203.4	1.184294427	-1.268326578
203.5	1.052737759	-1.363647061
203.6	0.9113859004	-1.464332611
203.7	0.7596798724	-1.570727455
203.8	0.5970642243	-1.682369648
203.9	0.423084247	-1.797611368
204	0.2375300345	-1.913126853
204.1	0.04063206777	-2.023354025
204.2	-0.1666912926	-2.120010193
204.3	-0.3825496629	-2.191978497
204.4	-0.6038215952	-2.225962974
204.5	-0.8260182494	-2.208314199
204.6	-1.043391152	-2.128079067
204.7	-1.249382058	-1.980591984
204.8	-1.437400481	-1.770151262
204.9	-1.601755061	-1.510212009
205	-1.738450803	-1.220562557
205.1	-1.845593841	-0.9225953526
205.2	-1.923313987	-0.634751988
205.3	-1.973314273	-0.3697959952
205.4	-1.998261175	-0.1343065196
205.5	-2.001210136	0.07025943984
205.6	-1.985175746	0.2458911596
205.7	-1.952868629	0.396442818
205.8	-1.906571392	0.5264663259
205.9	-1.848108094	0.6404944262
206	-1.778866778	0.7426768764
206.1	-1.699845892	0.8366473736
206.2	-1.611706767	0.9255190396
206.3	-1.514823265	1.011939661
206.4	-1.409325155	1.098159256
206.5	-1.295133937	1.186088396
206.6	-1.171996888	1.277323604
206.7	-1.039516489	1.373130936
206.8	-0.8971891161	1.474362764
206.9	-0.7444528466	1.581301525
207	-0.5807559398	1.693385908
207.1	-0.4056616014	1.808829889
207.2	-0.2189928134	1.924117988
207.3	-0.02103370054	2.033441166
207.4	0.187214751	2.128240622
207.5	0.4037535504	2.197143954
207.6	0.6253326371	2.226718431
207.7	0.8473316185	2.203427122
207.8	1.063898279	2.116769045
207.9	1.26843309	1.962856811
208	1.454391593	1.746914456
208.1	1.616216145	1.483177165
208.2	1.75010487	1.191807397
208.3	1.854370054	0.8940910396
208.4	1.92931743	0.6080031835
208.5	1.976770511	0.3457001517
208.6	1.999456591	0.1132032147
208.7	2.000443244	-0.08843970476
208.8	1.982724548	-0.2614615796
208.9	1.94897342	-0.4098273011
209	1.901428354	-0.5381118028
209.1	1.841869735	-0.6508220857
209.2	1.771645736	-0.7520610911
209.3	1.691719903	-0.8454109033
209.4	1.602723782	-0.933937249
209.5	1.505005968	-1.020245912
209.6	1.39867422	-1.106552488
209.7	1.283632483	-1.194735756
209.8	1.159611495	-1.286363823
209.9	1.026203538	-1.382665115
210	0.8828951588	-1.484448027
210.1	0.7291232381	-1.591923656
210.2	0.5643415813	-1.704434702
210.3	0.3881306818	-1.820049566
210.4	0.2003492102	-1.935055586
210.5	0.001338915521	-2.04339538
210.6	-0.2078161873	-2.136230649
210.7	-0.4250055702	-2.201940671
210.8	-0.6468485432	-2.226977165
210.9	-0.8685948092	-2.197942715
211	-1.084293014	-2.104823697
211.1	-1.28730991	-1.944536082
211.2	-1.471155984	-1.723228436
211.3	-1.630414828	-1.455884607
211.4	-1.761480872	-1.162996135
211.5	-1.862871455	-0.8656999058
211.6	-1.935063648	-0.5814813334
211.7	-1.979995432	-0.3218865574
211.8	-2.000449664	-0.09239035549
211.9	-1.999502075	0.1063515599
212	-1.980124127	0.2768013799
212.1	-1.94494989	0.4230244841
212.2	-1.896173578	0.5496123011
212.3	-1.835532171	0.6610430942
212.4	-1.764334441	0.7613720734
212.5	-1.683509576	0.8541299116
212.6	-1.593659672	0.9423348937
212.7	-1.495108377	1.028552513
212.8	-1.387942388	1.114963389
212.9	-1.272047094	1.203416183
213	-1.147139381	1.295448086
213.1	-1.01279806	1.392251626
213.2	-0.8685040715	1.494586415
213.3	-0.7136906501	1.602594768
213.4	-0.5478198405	1.715513136
213.5	-0.3704916702	1.831264766
213.6	-0.1816004594	1.945933113
213.7	0.01845196247	2.053207114
213.8	0.2284938369	2.143970358
213.9	0.4463019924	2.206358665
214	0.6683645189	2.226728523
214.1	0.8898021614	2.191854576
214.2	1.104569354	2.092243729
214.3	1.306007023	1.925637573
214.4	1.48768947	1.699107007
214.5	1.644348529	1.428352163
214.6	1.772578198	1.134146225
214.7	1.871099062	0.8374355889
214.8	1.940554632	0.555193997
214.9	1.982991499	0.2983575656
215	2.00124287	0.07186698341
215.1	1.998389009	-0.1239980205
215.2	1.977376463	-0.2919146783
215.3	1.94079961	-0.4360384438
215.4	1.890808258	-0.5609715955
215.5	1.829096253	-0.6711608548
215.6	1.756933407	-0.7706126715
215.7	1.675215055	-0.8628067596
215.8	1.584514466	-0.95071442
215.9	1.485130444	-1.036860981
216	1.377128935	-1.123393543
216.1	1.260377869	-1.212130606
216.2	1.134578777	-1.304576681
216.3	0.999299852	-1.401890219
216.4	0.8540140988	-1.504778731
216.5	0.6981548765	-1.613311526
216.6	0.5311913252	-1.726620438
216.7	0.3527437804	-1.842472108
216.8	0.1627465953	-1.956743791
216.9	-0.03833627845	-2.062866697
217	-0.2492448341	-2.151444462
217.1	-0.4676393726	-2.2103832
217.2	-0.68987558	-2.225961407
217.3	-0.9109476506	-2.18515632
217.4	-1.124720938	-2.079030969
217.5	-1.324518606	-1.906173814
217.6	-1.503987727	-1.674569841
217.7	-1.658015176	-1.400601807
217.8	-1.78339668	-1.10527682
217.9	-1.879054221	-0.8093112912
218	-1.945792807	-0.5291488274
218.1	-1.985761677	-0.2751156212
218.2	-2.001839258	-0.05163178431
218.3	-1.997106741	0.1413825539
218.4	-1.974483896	0.3068055124
218.5	-1.936524506	0.4488734032
218.6	-1.885333886	0.5721936252
218.7	-1.822563091	0.68117879
218.8	-1.749443473	0.7797860451
218.9	-1.666836997	0.8714438749
219	-1.575288315	0.9590776368
219.1	-1.47507226	1.045173516
219.2	-1.366234106	1.131844652
219.3	-1.248623984	1.220878863
219.4	-1.121929869	1.313751786
219.5	-0.9857080847	1.411580951
219.6	-0.8394258976	1.515024186
219.7	-0.6825152509	1.624075226
219.8	-0.5144549264	1.737752118
219.9	-0.3348881881	1.853666222
220	-0.1437890622	1.967480658
