0	0.5	-0.5
0.1	0.4465834949	-0.56810495
0.2	0.386430545	-0.6346610135
0.3	0.3197180973	-0.6992077637
0.4	0.2466754599	-0.7611552014
0.5	0.1675988784	-0.8197389906
0.6	0.08287211908	-0.8739814352
0.7	-0.007012346806	-0.9226623613
0.8	-0.1014261127	-0.9643083634
0.9	-0.1995827486	-0.9972125037
1	-0.3005146163	-1.019494171
1.1	-0.4030623714	-1.029206645
1.2	-0.5058749496	-1.024499632
1.3	-0.6074292045	-1.003816726
1.4	-0.7060702848	-0.9661178809
1.5	-0.8000736771	-0.9110764732
1.6	-0.8877238817	-0.8392128452
1.7	-0.9674013014	-0.7519255417
1.8	-1.037666875	-0.6513956176
1.9	-1.097330616	-0.5403810579
2	-1.145495378	-0.4219336167
2.1	-1.181571245	-0.2990940365
2.2	-1.205260345	-0.1746232148
2.3	-1.216518376	-0.05080646206
2.4	-1.215500956	0.07065220764
2.5	-1.202503902	0.188650392
2.6	-1.177904947	0.3026413894
2.7	-1.142112206	0.4125466061
2.8	-1.095522704	0.5186480641
2.9	-1.03849185	0.6214771711
3	-0.9713139166	0.721708076
3.1	-0.8942128938	0.8200571403
3.2	-0.8073430051	0.9171841304
3.3	-0.7107997295	1.013592091
3.4	-0.6046403694	1.109512001
3.5	-0.4889187788	1.204766666
3.6	-0.3637332568	1.298612404
3.7	-0.2292920108	1.389548666
3.8	-0.08600083736	1.475127411
3.9	0.06543726062	1.551785639
4	0.2239022628	1.614780597
4.1	0.3877451331	1.65831032
4.2	0.5547010256	1.67595008
4.3	0.7218622598	1.661444955
4.4	0.8857504092	1.609837727
4.5	1.042508452	1.518710475
4.6	1.18820745	1.389160437
4.7	1.31922009	1.226102906
4.8	1.432580324	1.037674219
4.9	1.526242077	0.8338631188
5	1.599179848	0.6248110879
5.1	1.651325346	0.4193116893
5.2	1.683380728	0.223881789
5.3	1.696572268	0.04249100991
5.4	1.692404378	-0.1231962399
5.5	1.672453694	-0.2733033548
5.6	1.638219411	-0.4091623141
5.7	1.591028765	-0.532805381
5.8	1.531987251	-0.6465824375
5.9	1.461960643	-0.7529050307
6	1.381577223	-0.8540916967
6.1	1.291241845	-0.9522821497
6.2	1.191156534	-1.049389549
6.3	1.081344716	-1.147058678
6.4	0.9616810269	-1.246620512
6.5	0.8319263782	-1.348993529
6.6	0.6917753447	-1.454555318
6.7	0.540920951	-1.562910501
6.8	0.3791472638	-1.672597753
6.9	0.2064523804	-1.780698257
7	0.02321744701	-1.882419649
7.1	-0.1695881743	-1.97076345
7.2	-0.3701827793	-2.036484648
7.3	-0.575766987	-2.068648895
7.4	-0.7824179482	-2.056036853
7.5	-0.98516982	-1.989446893
7.6	-1.178351754	-1.864425943
7.7	-1.356180812	-1.683435187
7.8	-1.513494814	-1.456320918
7.9	-1.646421097	-1.198565611
8	-1.752779081	-0.927893633
8.1	-1.832117801	-0.6606219015
8.2	-1.885433524	-0.4090821346
8.3	-1.914710365	-0.1806733167
8.4	-1.922439328	0.02171334695
8.5	-1.911221809	0.1985445587
8.6	-1.883498434	0.352367759
8.7	-1.841396498	0.4867525546
8.8	-1.786666904	0.6055630152
8.9	-1.720678226	0.7125320205
9	-1.644441508	0.8110565942
9.1	-1.558648115	0.9041313744
9.2	-1.463709916	0.9943543257
9.3	-1.359797231	1.083962451
9.4	-1.246873973	1.174862873
9.5	-1.124728325	1.268641824
9.6	-0.9930080621	1.366532636
9.7	-0.8512577761	1.469320974
9.8	-0.6989741195	1.577170263
9.9	-0.5356782574	1.689348218
10	-0.3610256044	1.803828778
10.1	-0.1749598424	1.916805148
10.2	0.02208428328	2.022164675
10.3	0.2289288947	2.11111262
10.4	0.4433819347	2.172247397
10.5	0.662014795	2.1924823
10.6	0.8800881711	2.159129471
10.7	1.091741105	2.063023069
10.8	1.290512912	1.901827533
10.9	1.47014457	1.682058713
11	1.625459884	1.418516596
11.1	1.753049005	1.131016488
11.2	1.851542989	0.8397835457
11.3	1.921442475	0.5614567259
11.4	1.964636462	0.306996944
11.5	1.983815756	0.08159957279
11.6	1.981949062	-0.1141154069
11.7	1.961905336	-0.2824998956
11.8	1.926230806	-0.4274486209
11.9	1.877049471	-0.5533775936
12	1.816044629	-0.6646127038
12.1	1.744485017	-0.7650889745
12.2	1.663270207	-0.8582479641
12.3	1.572980295	-0.9470444615
12.4	1.473922324	-1.033998405
12.5	1.366170025	-1.12125682
12.6	1.249599786	-1.210638177
12.7	1.123921138	-1.30364574
12.8	0.9887109145	-1.401425981
12.9	0.8434530686	-1.504671806
13	0.6875921493	-1.613417772
13.1	0.5206151644	-1.726748764
13.2	0.3421642311	-1.842368657
13.3	0.1522021934	-1.956073782
13.4	-0.0487682711	-2.061212054
13.5	-0.259441888	-2.148320379
13.6	-0.4774294817	-2.205290422
13.7	-0.699040274	-2.218489163
13.8	-0.9192368594	-2.175110883
13.9	-1.131881462	-2.066559522
14	-1.330331605	-1.891814869
14.1	-1.508305247	-1.659180199
14.2	-1.660783338	-1.385168823
14.3	-1.784657544	-1.090694067
14.4	-1.878927021	-0.7962103341
14.5	-1.94444384	-0.5178396004
14.6	-1.983373475	-0.2656262652
14.7	-1.99858675	-0.04379713318
14.8	-1.993142675	0.1478278082
14.9	-1.969932491	0.3121557439
15	-1.931481035	0.4534085991
15.1	-1.879867256	0.5761592541
15.2	-1.816719655	0.6847803005
15.3	-1.743250932	0.7831914154
15.4	-1.660307928	0.8747897527
15.5	-1.568422963	0.9624751663
15.6	-1.467860599	1.048714321
15.7	-1.358658043	1.135604177
15.8	-1.240658382	1.22491854
15.9	-1.113544527	1.318115231
16	-0.9768689875	1.416293154
16.1	-0.830098137	1.52007781
16.2	-0.6726671711	1.629419918
16.3	-0.5040622508	1.743270769
16.4	-0.3239430962	1.859147392
16.5	-0.1323112378	1.97259149
16.6	0.0702645932	2.076624532
16.7	0.282375827	2.161424426
16.8	0.5014959647	2.214567663
16.9	0.7237736271	2.222279165
17	0.9440117569	2.171947577
17.1	1.155953373	2.055597406
17.2	1.352918477	1.873192513
17.3	1.528694005	1.634125688
17.4	1.678429022	1.355750198
17.5	1.799243177	1.059309088
17.6	1.890369055	0.7650496463
17.7	1.952851488	0.4885284474
17.8	1.98898476	0.2391130446
17.9	2.001703476	0.02043660909
18	1.994079347	-0.1681055866
18.1	1.968982845	-0.3296705527
18.2	1.928900182	-0.4685945841
18.3	1.875865039	-0.5894762092
18.4	1.811460838	-0.6966648307
18.5	1.736858759	-0.7940352812
18.6	1.652868902	-0.8849345134
18.7	1.559991962	-0.972215453
18.8	1.458465255	-1.058302309
18.9	1.348302074	-1.145256627
19	1.229326651	-1.234818548
19.1	1.101203644	-1.328411425
19.2	0.9634741819	-1.427092147
19.3	0.8155958467	-1.531431668
19.4	0.6570025083	-1.641293469
19.5	0.4871903795	-1.755511306
19.6	0.3058414946	-1.871429546
19.7	0.1130008363	-1.984358542
19.8	-0.0906919874	-2.087041913
19.9	-0.3037313323	-2.16936374
20	-0.5234657812	-2.218675299
20.1	-0.7459043615	-2.221167879
20.2	-0.9657220845	-2.164506803
20.3	-1.176580289	-2.041361933
20.4	-1.371796761	-1.852611398
20.5	-1.545250726	-1.608571613
20.6	-1.692263476	-1.327220702
20.7	-1.810165891	-1.029945414
20.8	-1.898392159	-0.7366812164
20.9	-1.958142519	-0.4624099144
21	-1.991805388	-0.2158854456
21.1	-2.002353254	-0.000237532985
21.2	-1.992853405	0.1854731843
21.3	-1.966146413	0.3445838256
21.4	-1.924676714	0.4814972305
21.5	-1.870433326	0.6008096438
21.6	-1.804957194	0.7068333235
21.7	-1.72938151	0.8033933733
21.8	-1.644483546	0.8937866326
21.9	-1.550735731	0.9808205953
22	-1.44835135	1.066881881
22.1	-1.337323825	1.153998177
22.2	-1.217458933	1.243879368
22.3	-1.088409014	1.337916461
22.4	-0.9497029709	1.43712522
22.5	-0.8007936136	1.54201724
22.6	-0.6411162122	1.652376207
22.7	-0.4701774827	1.76690946
22.8	-0.2876868971	1.882789231
22.9	-0.09373591258	1.995098983
23	0.1109659435	2.096307684
23.1	0.3248123765	2.176025118
23.2	0.545027757	2.221406835
23.3	0.7674869406	2.2186461
23.4	0.986745724	2.155730657
23.5	1.196396302	2.026004472
23.6	1.389768212	1.831253389
23.7	1.560844145	1.582669014
23.8	1.705121998	1.298779778
23.9	1.820140734	1.00104015
24	1.905527008	0.7090288136
24.1	1.962624571	0.4371447147
24.2	1.993905021	0.1935457124
24.3	2.002369474	-0.01911052109
24.4	1.991075303	-0.2020678645
24.5	1.962830415	-0.3588198196
24.6	1.920036483	-0.4938206367
24.7	1.86463811	-0.6116554722
24.8	1.798134657	-0.7165955054
24.9	1.721622457	-0.8124148609
25	1.635846913	-0.9023604984
25.1	1.5412535	-0.9891965501
25.2	1.438032616	-1.07527155
25.3	1.326157502	-1.16258185
25.4	1.205418725	-1.252806801
25.5	1.075453379	-1.347304277
25.6	0.9357823413	-1.447048198
25.7	0.7858529283	-1.552493477
25.8	0.6251025007	-1.663332722
25.9	0.4530520233	-1.778149881
26	0.2694379622	-1.89393983
26.1	0.07439995374	-2.005552331
26.2	-0.1312765825	-2.105184885
26.3	-0.345884649	-2.182176015
26.4	-0.5665237757	-2.223501534
26.5	-0.7889348654	-2.215390498
26.6	-1.007559114	-2.146186778
26.7	-1.21592749	-2.009937027
26.8	-1.407390908	-1.809341111
26.9	-1.576044191	-1.556439959
27	-1.717566951	-1.270261307
27.1	-1.829705801	-0.9722776133
27.2	-1.912274921	-0.6816765469
27.3	-1.966754665	-0.4122649522
27.4	-1.995692679	-0.1716155479
27.5	-2.002114037	0.03806743322
27.6	-1.989062682	0.2183143495
27.7	-1.959312083	0.3727607064
27.8	-1.915220721	0.5059028538
27.9	-1.858688944	0.622310166
28	-1.791175014	0.7262106222
28.1	-1.713739007	0.8213271326
28.2	-1.627095258	0.9108575224
28.3	-1.531662618	0.9975221606
28.4	-1.427608765	1.08363386
28.5	-1.314888446	1.171156482
28.6	-1.193274758	1.261739843
28.7	-1.062393875	1.356708719
28.8	-0.9217552528	1.456993585
28.9	-0.7708040127	1.562987776
29	-0.6089796431	1.674295445
29.1	-0.435817442	1.78936756
29.2	-0.2510845366	1.905017782
29.3	-0.0549713097	2.015859227
29.4	0.1516611927	2.113813752
29.5	0.3670004771	2.187956228
29.6	0.5880196284	2.225097976
29.7	0.8103269002	2.211528433
29.8	1.028252603	2.135984186
29.9	1.235273657	1.993243973
30	1.424771514	1.786927325
30.1	1.590961311	1.529900658
30.2	1.729708681	1.241646143
30.3	1.838967626	0.9436062811
30.4	1.91873581	0.6545488099
30.5	1.970624151	0.3876815267
30.6	1.997250897	0.1500008165
30.7	2.001660068	-0.05672598413
30.8	1.986879607	-0.2342992457
30.9	1.95564727	-0.3864846461
31	1.91027789	-0.5178132608
31.1	1.852627767	-0.6328346059
31.2	1.78411453	-0.7357320605
31.3	1.705762524	-0.8301769821
31.4	1.61825534	-0.9193184662
31.5	1.5219859	-1.005834615
31.6	1.417099655	-1.092001781
31.7	1.303532266	-1.179752843
31.8	1.181041777	-1.270708061
31.9	1.04924049	-1.366156475
32	0.9076306386	-1.466986891
32.1	0.7556518025	-1.573526508
32.2	0.5927499072	-1.685286893
32.3	0.4184748289	-1.800585667
32.4	0.2326247729	-1.916046009
32.5	0.03544444828	-2.026040999
32.6	-0.1721257697	-2.122215608
32.7	-0.3881673272	-2.193382642
32.8	-0.6095248794	-2.226210244
32.9	-0.8316744129	-2.207075423
33	-1.048839544	-2.125141422
33.1	-1.254450377	-1.975946459
33.2	-1.441927724	-1.764034302
33.3	-1.605614933	-1.50306928
33.4	-1.741567949	-1.212943749
33.5	-1.847947665	-0.9150265035
33.6	-1.924930933	-0.6276373319
33.7	-1.974253281	-0.3633791791
33.8	-1.998597851	-0.12868224
33.9	-2.001023713	0.07510652759
34	-1.984540251	0.2500425654
34.1	-1.95184817	0.4000104007
34.2	-1.905218413	0.5295686412
34.3	-1.846463434	0.6432435352
34.4	-1.776960649	0.7451725172
34.5	-1.697699221	0.8389756799
34.6	-1.609332544	0.9277533596
34.7	-1.512227669	1.014142253
34.8	-1.406508613	1.100383208
34.9	-1.292092106	1.188378497
35	-1.168721091	1.279716453
35.1	-1.035995156	1.375654246
35.2	-0.8934081253	1.477031857
35.3	-0.7403977351	1.584113364
35.4	-0.5764136119	1.69631268
35.5	-0.4010232857	1.811805168
35.6	-0.2140592218	1.927023746
35.7	-0.01582055925	2.036094011
35.8	0.1926702427	2.130383006
35.9	0.4093845647	2.198452008
36	0.6310378594	2.226835757
36.1	0.8529752055	2.202031136
36.2	1.069317631	2.113663192
36.3	1.273455914	1.958055309
36.4	1.458859309	1.740676707
36.5	1.620006919	1.475964227
36.6	1.753148579	1.184172104
36.7	1.856651092	0.8865507875
36.8	1.930866112	0.6009477913
36.9	1.977648059	0.3393577652
37	1.999739491	0.1076559067
37.1	2.000210496	-0.09321552089
37.2	1.982049383	-0.2655516013
37.3	1.947918864	-0.4133449417
37.4	1.900045701	-0.5411754172
37.5	1.840198745	-0.6535426885
37.6	1.769715682	-0.7545371557
37.7	1.689550895	-0.8477272153
37.8	1.600328049	-0.9361659763
37.9	1.502389136	-1.022448551
38	1.395836287	-1.108781052
38.1	1.280568403	-1.19703437
38.2	1.156312792	-1.288768586
38.3	1.022657661	-1.385202269
38.4	0.879088745	-1.487131448
38.5	0.7250406707	-1.594749007
38.6	0.559970689	-1.707369099
38.7	0.3834639174	-1.82302419
38.8	0.1953875272	-1.937946237
38.9	-0.003900191796	-2.046011728
39	-0.2132921724	-2.138308781
39.1	-0.4306487002	-2.203149246
39.2	-0.6525543566	-2.226960564
39.3	-0.8742242916	-2.196386946
39.4	-1.089681743	-2.101549282
39.5	-1.292285833	-1.939580269
39.6	-1.475563057	-1.716873679
39.7	-1.634135636	-1.448605855
39.8	-1.764450767	-1.155348346
39.9	-1.865079847	-0.8581916896
40	-1.936544522	-0.5744871278
40.1	-1.980812076	-0.3156192067
40.2	-2.000679282	-0.08691976326
40.3	-1.999223488	0.1110567345
40.4	-1.979409693	0.2808310413
40.5	-1.943861524	0.426493213
40.6	-1.894761449	0.5526381557
40.7	-1.833834973	0.663736038
40.8	-1.76238047	0.7638291766
40.9	-1.681318144	0.8564349049
41	-1.591242421	0.9445586761
41.1	-1.492470164	1.030755423
41.2	-1.385082753	1.117196894
41.3	-1.268960826	1.205724093
41.4	-1.143817102	1.297864108
41.5	-1.009227698	1.394802726
41.6	-0.8646709749	1.497283882
41.7	-0.7095810089	1.605431837
41.8	-0.5434207742	1.718456354
41.9	-0.3657955658	1.834237728
42	-0.1766109026	1.948806677
42.1	0.0237155947	2.055783615
42.2	0.2339895842	2.145977664
42.3	0.4519565127	2.207464485
42.4	0.6740695281	2.226576243
42.5	0.8954157645	2.190138044
42.6	1.109925482	2.088801564
42.7	1.310934116	1.920531184
42.8	1.492034453	1.692640332
42.9	1.64799876	1.421014108
43	1.775474207	1.126492033
43.1	1.873235062	0.8299634336
43.2	1.941968186	0.5482635597
43.3	1.983747979	0.2921662485
43.4	2.001420086	0.06647300904
43.5	1.998065337	-0.1286334826
43.6	1.976623425	-0.2958849137
43.7	1.939678015	-0.4394592833
43.8	1.889367114	-0.5639606759
43.9	1.827373202	-0.6738270032
44	1.754955855	-0.7730517796
44.1	1.673001488	-0.8651008626
44.2	1.582075674	-0.9529336424
44.3	1.482471038	-1.039064919
44.4	1.374247771	-1.125632588
44.5	1.257269119	-1.214446422
44.6	1.131232968	-1.307005541
44.7	0.9957046105	-1.404453949
44.8	0.8501552193	-1.507490805
44.9	0.6940176391	-1.616161355
45	0.5267637447	-1.729570082
45.1	0.3480194453	-1.845442247
45.2	0.1577293902	-1.959598593
45.3	-0.04362491898	-2.065401975
45.4	-0.2547595963	-2.153381354
45.5	-0.4733039741	-2.211383154
45.6	-0.6955784936	-2.225669596
45.7	-0.9165440176	-2.183277079
45.8	-1.130043217	-2.07542139
45.9	-1.329395914	-1.90091871
46	-1.50826992	-1.667995299
46.1	-1.661594336	-1.393208612
46.2	-1.786218831	-1.097619875
46.3	-1.881118368	-0.8018782654
46.4	-1.947139881	-0.5222834252
46.5	-1.986458816	-0.2690005592
46.6	-2.001964795	-0.04631387254
46.7	-1.996738713	0.1459491088
46.8	-1.973692864	0.3107175601
46.9	-1.935370159	0.4522475381
47	-1.883864113	0.5751469879
47.1	-1.820814481	0.6838190706
47.2	-1.747442483	0.782207697
47.3	-1.664601353	0.8737280062
47.4	-1.572828253	0.9612929908
47.5	-1.472391564	1.047378694
47.6	-1.363331337	1.134089373
47.7	-1.245492941	1.223205203
47.8	-1.118560849	1.31619247
47.9	-0.9820881293	1.414159853
48	-0.8355406512	1.517749716
48.1	-0.6783506348	1.626936811
48.2	-0.5099987784	1.740708258
48.3	-0.3301349432	1.856631858
48.4	-0.1387445516	1.970314571
48.5	0.06362651324	2.074855074
48.6	0.2756001509	2.160506717
48.7	0.4946873523	2.214894559
48.8	0.7170760927	2.224231587
48.9	0.9376028894	2.175799475
49	1.15002839	2.061411483
49.1	1.347665247	1.880753405
49.2	1.52426515	1.642954761
49.3	1.674920159	1.365208963
49.4	1.796684365	1.068750154
49.5	1.888730872	0.7739490356
49.6	1.952061475	0.4965537261
49.7	1.988947026	0.2461241275
49.8	2.002315977	0.02644102233
49.9	1.99524591	-0.1630070842
50	1.970619916	-0.3253329565
50.1	1.930939481	-0.4648619472
50.2	1.878253574	-0.5862007728
50.3	1.814159595	-0.6937155327
50.4	1.73984089	-0.7912998606
50.5	1.656117889	-0.8823183648
50.6	1.563499991	-0.969638966
50.7	1.462231771	-1.05569843
50.8	1.352332766	-1.142568843
50.9	1.233632283	-1.232000198
51	1.1057992	-1.325426149
51.1	0.9683776519	-1.423917368
51.2	0.820826473	-1.528063072
51.3	0.662578917	-1.637755028
51.4	0.4931266124	-1.751868044
51.5	0.3121424249	-1.867803365
51.6	0.1196557123	-1.980947607
51.7	-0.08371838163	-2.084134929
51.8	-0.296507763	-2.167340784
51.9	-0.5161026352	-2.217982721
52	-0.738557216	-2.222249428
52.1	-0.9585866011	-2.167699082
52.2	-1.169875366	-2.046775165
52.3	-1.365737348	-1.86004913
52.4	-1.540016715	-1.617539401
52.5	-1.687974652	-1.337035727
52.6	-1.806871078	-1.039899341
52.7	-1.896074448	-0.7461869724
52.8	-1.956735947	-0.4710802011
52.9	-1.991215712	-0.2235377984
53	-2.002476565	-0.006852231618
53.1	-1.99358956	0.1798109536
53.2	-1.967406833	0.3397354075
53.3	-1.926387769	0.4773068549
53.4	-1.872536875	0.5971259504
53.5	-1.807409543	0.7035196869
53.6	-1.732151742	0.8003311852
53.7	-1.647551713	0.8908747139
53.8	-1.554091193	0.9779731844
53.9	-1.451991426	1.064026164
54	-1.3412525	1.151072488
54.1	-1.221685863	1.240832082
54.2	-1.092948463	1.334707839
54.3	-0.9545724969	1.433728979
54.4	-0.8060125471	1.538427679
54.5	-0.646702895	1.648616778
54.6	-0.4761460244	1.763046608
54.7	-0.2940419936	1.878950106
54.8	-0.1004654673	1.991489869
54.9	0.1038991947	2.093229356
55	0.3174803816	2.173872499
55.1	0.5375457522	2.220638988
55.2	0.7600165513	2.219715843
55.3	0.9794889813	2.158973444
55.4	1.189577779	2.031517142
55.5	1.383606698	1.838816951
55.6	1.555520958	1.591765445
55.7	1.700756238	1.308708366
55.8	1.81677925	1.011084941
55.9	1.903150592	0.7186038182
56	1.961165365	0.4458685581
56.1	1.993267567	0.201242908
56.2	2.002449299	-0.01245441794
56.3	1.991772082	-0.1963645241
56.4	1.96405562	-0.3539290596
56.5	1.921716644	-0.489586255
56.6	1.866715248	-0.607926187
56.7	1.800565227	-0.7132348829
56.8	1.724375662	-0.809304376
56.9	1.638902934	-0.8993990617
57	1.544601873	-0.9862982134
57.1	1.441670745	-1.072363279
57.2	1.330089592	-1.159601706
57.3	1.209654595	-1.249703474
57.4	1.080007458	-1.344037629
57.5	0.9406724075	-1.443593265
57.6	0.7910981244	-1.548845654
57.7	0.6307212577	-1.659518276
57.8	0.4590578251	-1.774240165
57.9	0.2758341901	-1.890068098
58	0.0811729134	-2.001933689
58.1	-0.1241669031	-2.102130027
58.2	-0.3385141908	-2.180088812
58.3	-0.5590123107	-2.222847113
58.4	-0.7814486914	-2.216618481
58.5	-1.000304096	-2.149617665
58.6	-1.209129976	-2.015642181
58.7	-1.401268594	-1.817071817
58.8	-1.570774544	-1.565653517
58.9	-1.713263401	-1.280246188
59	-1.826409237	-0.982322276
59.1	-1.909961203	-0.6912098047
59.2	-1.965352679	-0.4209234928
59.3	-1.995105401	-0.1792395768
59.4	-2.002236795	0.03148124983
59.5	-1.989795847	0.2126713471
59.6	-1.960568238	0.3679181557
59.7	-1.916927631	0.5017042746
59.8	-1.860789835	0.6186051712
59.9	-1.793627429	0.7228641605
60	-1.716513094	0.8182221436
60.1	-1.630172012	0.9078940921
60.2	-1.535032216	0.9946154372
60.3	-1.431269262	1.080711707
60.4	-1.318844523	1.168157863
60.5	-1.197536672	1.258613708
60.6	-1.066976439	1.353416847
60.7	-0.9266764169	1.453511536
60.8	-0.776083021	1.559314344
60.9	-0.6146344562	1.670459701
61	-0.44186111	1.78544589
61.1	-0.2575191071	1.901150869
61.2	-0.06178074055	2.012270766
61.3	0.1445196465	2.110824157
61.4	0.359606717	2.185977802
61.5	0.5804980326	2.224598221
61.6	0.8028481495	2.212950733
61.7	1.021025708	2.139630528
61.8	1.228525702	1.999156945
61.9	1.418717867	1.794827162
62	1.585774311	1.539221947
62.1	1.725495097	1.251669488
62.2	1.835761709	0.9536280036
62.3	1.916508079	0.6640154264
62.4	1.969300146	0.3962499208
62.5	1.996732139	0.1575283902
62.6	2.00184191	-0.05023079442
62.7	1.987663315	-0.2287353921
62.8	1.956946762	-0.3817068411
62.9	1.912022398	-0.5136649231
63	1.854761912	-0.6291665377
63.1	1.786597098	-0.732410827
63.2	1.708564751	-0.827087192
63.3	1.621359153	-0.9163617523
63.4	1.525382275	-1.002927295
63.5	1.420787262	-1.089072867
63.6	1.307516465	-1.176742105
63.7	1.18533312	-1.267565911
63.8	1.053854369	-1.362845311
63.9	0.9125850426	-1.4634847
64	0.7609660727	-1.569833542
64.1	0.5984418331	-1.681437155
64.2	0.4245563666	-1.796660376
64.3	0.2390967276	-1.912192897
64.4	0.04228895102	-2.022493002
64.5	-0.1649550983	-2.119302147
64.6	-0.3807543293	-2.191524248
64.7	-0.6019983367	-2.225876475
64.8	-0.8242092747	-2.208701291
64.9	-1.041647693	-2.129008696
65	-1.247759202	-1.982068217
65.1	-1.435949803	-1.772099844
65.2	-1.600517118	-1.512491342
65.3	-1.73745004	-1.222996963
65.4	-1.844837164	-0.9250165719
65.5	-1.922793152	-0.6370297988
65.6	-1.973010552	-0.3718515882
65.7	-1.998150434	-0.1361089577
65.8	-2.001267054	0.06870572999
65.9	-1.985376617	0.2445604229
66	-1.953192892	0.3952993775
66.1	-1.907002218	0.5254722639
66.2	-1.848632369	0.639613866
66.3	-1.779474781	0.7418778438
66.4	-1.700530886	0.8359022891
66.5	-1.612464577	0.9248043748
66.6	-1.515651863	1.011235408
66.7	-1.410224363	1.097448475
66.8	-1.296105198	1.185356726
66.9	-1.173042818	1.276559134
67	-1.040640933	1.372324972
67.1	-0.8983963915	1.47351037
67.2	-0.7457477291	1.58040309
67.3	-0.5821426636	1.692450765
67.4	-0.4071427966	1.807878761
67.5	-0.2205684645	1.923188156
67.6	-0.0226990459	2.032590999
67.7	0.1854717632	2.127551894
67.8	0.4019540462	2.196720087
67.9	0.6235087332	2.226673537
68	0.8455265876	2.203864533
68.1	1.062164	2.117752548
68.2	1.266824653	1.964383279
68.3	1.45295985	1.748902125
68.4	1.615000322	1.485479444
68.5	1.749127655	1.194247673
68.6	1.853636708	0.8965033827
68.7	1.928818489	0.6102621954
68.8	1.976486514	0.347732029
68.9	1.999363146	0.1149810278
69	2.000515063	-0.08690889584
69.1	1.982938181	-0.26015056
69.2	1.949308657	-0.4086999265
69.3	1.901868728	-0.5371302137
69.4	1.842402474	-0.64995072
69.5	1.772261436	-0.7512684186
69.6	1.692412096	-0.8446697191
69.7	1.603488481	-0.9332243794
69.8	1.505841369	-1.019541776
69.9	1.399580346	-1.105840257
70	1.284610757	-1.194001381
70.1	1.160664992	-1.285595902
70.2	1.027335711	-1.381854953
70.3	0.8841110858	-1.483591145
70.4	0.7304265688	-1.591021522
70.5	0.5657371819	-1.70349621
70.6	0.3896213366	-1.819098543
70.7	0.2019336579	-1.934130617
70.8	0.003012039391	-2.042557204
70.9	-0.2060666805	-2.135563714
71	-0.4232020598	-2.201548018
71.1	-0.6450244717	-2.22697411
71.2	-0.8667943467	-2.198430545
71.3	-1.082568629	-2.105860745
71.4	-1.285716621	-1.94611167
71.5	-1.469743753	-1.725253753
71.6	-1.629221349	-1.458207809
71.7	-1.760527223	-1.165439999
71.8	-1.862161364	-0.8681018259
71.9	-1.934586463	-0.5837205496
72	-1.979730938	-0.323894244
72.1	-2.000373205	-0.09414344665
72.2	-1.99958851	0.1048433911
72.3	-1.980350268	0.27550981
72.4	-1.945295865	0.4219128779
72.5	-1.8966233	0.5486428851
72.6	-1.836073212	0.660180663
72.7	-1.764957672	0.760585447
72.8	-1.684208813	0.8533925133
72.9	-1.594431228	0.9416237228
73	-1.495950463	1.027848204
73.1	-1.388855284	1.114249548
73.2	-1.273032475	1.202679486
73.3	-1.148200104	1.294675885
73.4	-1.013938133	1.39143723
73.5	-0.8697276243	1.493724656
73.6	-0.7150030227	1.601687997
73.7	-0.5492246468	1.714573313
73.8	-0.3719909164	1.830314223
73.9	-0.1831938968	1.945013454
74	0.01677030311	2.052380847
74.1	0.2267380627	2.143323287
74.2	0.4444950447	2.205999036
74.3	0.6665406362	2.226769795
74.4	0.8880065903	2.192394341
74.5	1.102855094	2.093334809
74.6	1.304428973	1.927262129
74.7	1.48629683	1.701168509
74.8	1.64317762	1.430695308
74.9	1.771648214	1.136593223
75	1.870412104	0.8398264756
75.1	1.94009892	0.5574133137
75.2	1.982746288	0.3003411537
75.3	2.001183292	0.07359568443
75.4	1.998489939	-0.1225122916
75.5	1.977615022	-0.2906421068
75.6	1.941156296	-0.4349421704
75.7	1.891267327	-0.5600139855
75.8	1.829645618	-0.6703070402
75.9	1.757564279	-0.7698320273
76	1.67592147	-0.8620726903
76.1	1.585292806	-0.9500046757
76.2	1.485979444	-1.036156574
76.3	1.378048769	-1.122678174
76.4	1.261370309	-1.211389761
76.5	1.135646737	-1.303801348
76.6	1.000447726	-1.401070316
76.7	0.8552462541	-1.503912881
76.8	0.6994759386	-1.612401216
76.9	0.5326052349	-1.725677924
77	0.3542526112	-1.841522619
77.1	0.1643489185	-1.955830178
77.2	-0.03664695371	-2.062054215
77.3	-0.2474828456	-2.150821398
77.4	-0.4658290283	-2.210057533
77.5	-0.6880523353	-2.226046843
77.6	-0.9091576436	-2.185748028
77.7	-1.123017656	-2.080175663
77.8	-1.32295671	-1.907845687
77.9	-1.502615348	-1.676665887
78	-1.656867085	-1.40296242
78.1	-1.782490448	-1.107724536
78.2	-1.878390444	-0.8116897358
78.3	-1.945358587	-0.5313471866
78.4	-1.985535619	-0.2770747274
78.5	-2.001796343	-0.05333602335
78.6	-1.997222016	0.1399189028
78.7	-1.974734748	0.3055517151
78.8	-1.936891788	0.4477922041
78.9	-1.88580223	0.571247546
79	-1.823120741	0.6803333388
79.1	-1.750081911	0.7790109315
79.2	-1.667550534	0.8707131882
79.3	-1.57607365	0.9583692238
79.4	-1.475928086	1.044468653
79.5	-1.367160945	1.131127384
79.6	-1.249623704	1.220135985
79.7	-1.123005742	1.312972159
79.8	-0.9868639713	1.410757465
79.9	-0.8406664739	1.514153335
80	-0.6838452447	1.623161044
80.1	-0.5158779147	1.736807625
80.2	-0.3364060892	1.852717748
80.3	-0.1454003152	1.966573459
80.4	0.05661657564	2.071566099
80.5	0.2682991282	2.158046032
80.6	0.4872002716	2.213713381
80.7	0.7095545028	2.224796222
80.8	0.9302414812	2.178486949
80.9	1.1430499	2.066385738
81	1.341293984	1.887872079
81.1	1.518695067	1.651761172
81.2	1.670287477	1.375028151
81.3	1.793053616	1.078851926
81.4	1.886097502	0.7837046136
81.5	1.950367357	0.5055291055
81.6	1.988101357	0.254096879
81.7	2.002214882	0.03336324077
81.8	1.995787044	-0.1570666296
81.9	1.971711344	-0.3202426561
82	1.932503861	-0.4604669482
82.1	1.880229144	-0.5823472529
82.2	1.816499372	-0.6902628731
82.3	1.742511091	-0.7881250596
82.4	1.659096135	-0.8793161118
82.5	1.566773635	-0.9667196953
82.6	1.465796396	-1.052786053
82.7	1.356191047	-1.139598706
82.8	1.237792736	-1.228918228
82.9	1.110275299	-1.322189286
83	0.9731864714	-1.420496591
83.1	0.8259870546	-1.524448058
83.2	0.6681101587	-1.633963985
83.3	0.499043478	-1.747960397
83.4	0.3184512398	-1.863896444
83.5	0.1263475003	-1.977236455
83.6	-0.07667687268	-2.080907943
83.7	-0.2891834595	-2.164982652
83.8	-0.5086048674	-2.216950323
83.9	-0.7310419773	-2.223005203
84	-0.9512521692	-2.170604707
84.1	-1.162945947	-2.051968165
84.2	-1.359435723	-1.867355509
84.3	-1.534532321	-1.626475497
84.4	-1.683437124	-1.34691376
84.5	-1.803337872	-1.049992546
84.6	-1.893535023	-0.7558826531
84.7	-1.955128093	-0.4799653152
84.8	-1.990446582	-0.2314088965
84.9	-2.002441873	-0.0136752167
85	-1.994187655	0.1739590005
85.1	-1.968547082	0.3347191509
85.2	-1.927994326	0.4729707318
85.3	-1.874549458	0.5933170288
85.4	-1.809782521	0.7000989507
85.5	-1.734852517	0.7971773927
85.6	-1.65055891	0.8878841299
85.7	-1.557393005	0.9750577072
85.8	-1.455584221	1.061110864
85.9	-1.345139501	1.148093793
86	-1.225876176	1.237736732
86.1	-1.097455901	1.33145427
86.2	-0.9594144414	1.430289349
86.3	-0.8112082102	1.534794419
86.4	-0.6522707771	1.644811154
86.5	-0.482100659	1.759132655
86.6	-0.300388614	1.875052195
86.7	-0.1071929352	1.987811287
86.8	0.09682690201	2.0900682
86.9	0.3101338229	2.17162228
87	0.530038745	2.219759986
87.1	0.752509581	2.220666264
87.2	0.9721837237	2.162098644
87.3	1.182699624	2.036927187
87.4	1.377376594	1.846306053
87.5	1.550123525	1.600824341
87.6	1.696314413	1.318637879
87.7	1.813343521	1.021163628
87.8	1.900704559	0.7282357168
87.9	1.959642931	0.454661385
88	1.992573991	0.2090119641
88.1	2.002480053	-0.005729895129
88.2	1.992426302	-0.19059979
88.3	1.965243985	-0.3489854074
88.4	1.923364821	-0.4853075774
88.5	1.868764425	-0.6041605693
88.6	1.80297111	-0.7098449424
88.7	1.727106807	-0.8061705907
88.8	1.641938967	-0.8964193785
88.9	1.54793186	-0.9833858341
89	1.445291707	-1.06944445
89.1	1.334005435	-1.156613833
89.2	1.213874866	-1.246594564
89.3	1.084546424	-1.340766961
89.4	0.945547701	-1.440135055
89.5	0.7963288993	-1.545194171
89.6	0.6363260351	-1.655698471
89.7	0.4650503294	-1.770321396
89.8	0.2822183097	-1.886181114
89.9	0.08793576362	-1.998290571
90	-0.1170643159	-2.099038246
90.1	-0.3311464094	-2.177949798
90.2	-0.5514975624	-2.222125548
90.3	-0.7739518385	-2.217766729
90.4	-0.9930300653	-2.152963387
90.5	-1.202305093	-2.021267484
90.6	-1.395111676	-1.824739386
90.7	-1.565465191	-1.574829025
90.8	-1.708917729	-1.290220702
90.9	-1.823070772	-0.9923808887
91	-1.907607903	-0.7007742568
91.1	-1.963914751	-0.4296224909
91.2	-1.994486406	-0.1869065063
91.3	-2.002332045	0.02485439088
91.4	-1.990505345	0.2069924894
91.5	-1.961804022	0.3630456142
91.6	-1.918616872	0.497481624
91.7	-1.862875186	0.6148815706
91.8	-1.796065916	0.7195038956
91.9	-1.719274427	0.8151074667
92	-1.633236793	0.9049244523
92.1	-1.538390307	0.9917054605
92.2	-1.434918461	1.077788779
92.3	-1.322789262	1.165160507
92.4	-1.201787059	1.255490538
92.5	-1.071547044	1.35012901
92.6	-0.9315852507	1.450034203
92.7	-0.7813492177	1.555645026
92.8	-0.6202761461	1.666626442
92.9	-0.4478915356	1.781523213
93	-0.263940795	1.897276773
93.1	-0.068578478	2.008665944
93.2	0.1373875497	2.107805716
93.3	0.3522188101	2.183955244
93.4	0.5729770863	2.224038513
93.5	0.795363362	2.214299977
93.6	1.013785094	2.143197705
93.7	1.221756235	2.004995079
93.8	1.412635898	1.802667511
93.9	1.580554147	1.548506872
94	1.721245984	1.261681918
94.1	1.832520323	0.9636610527
94.2	1.91424687	0.6735089772
94.3	1.967945838	0.4048534465
94.4	1.996186722	0.1650931189
94.5	2.002000721	-0.04370065748
94.6	1.988427276	-0.2231410764
94.7	1.958229288	-0.3769039482
94.8	1.913752176	-0.5094968729
94.9	1.856883046	-0.6254836843
95	1.789067915	-0.7290791271
95.1	1.711356082	-0.8239906414
95.2	1.624452589	-0.9134014113
95.3	1.528768489	-1.000019022
95.4	1.424464703	-1.086145265
95.5	1.311490251	-1.173734622
95.6	1.189613678	-1.264428442
95.7	1.058456906	-1.359539999
95.8	0.9175274773	-1.45998871
95.9	0.7662678266	-1.566146308
96	0.6041206995	-1.677591387
96.1	0.4306245898	-1.792735243
96.2	0.2455557465	-1.908333603
96.3	0.04912152649	-2.018929367
96.4	-0.1577941973	-2.116360283
96.5	-0.3733475356	-2.189622234
96.6	-0.594472788	-2.225483224
96.7	-0.8167384852	-2.210254776
96.8	-1.034442567	-2.132797939
96.9	-1.241047085	-1.988116793
97	-1.429944332	-1.780107885
97.1	-1.595387158	-1.521878993
97.2	-1.733297832	-1.233040966
97.3	-1.841692559	-0.9350189168
97.4	-1.920623277	-0.6464492498
97.5	-1.971738857	-0.380358445
97.6	-1.997677617	-0.1435716563
97.7	-2.001488502	0.06227138556
97.8	-1.986194225	0.2390492696
97.9	-1.954521497	0.3905646332
98	-1.908772014	0.5213574097
98.1	-1.850788898	0.6359705046
98.2	-1.781977662	0.7385736597
98.3	-1.703352066	0.8328229553
98.4	-1.615586563	0.9218524982
98.5	-1.519066172	1.008328248
98.6	-1.413930142	1.094515621
98.7	-1.30010804	1.182338658
98.8	-1.177353846	1.273407014
98.9	-1.045275431	1.36900186
99	-0.9033727557	1.469995413
99.1	-0.7510851745	1.576698739
99.2	-0.5878586642	1.688592765
99.3	-0.4132490516	1.803952356
99.4	-0.2270647365	1.919345995
99.5	-0.02956566138	2.029071672
99.6	0.1782828622	2.124691455
99.7	0.394529411	2.194943241
99.8	0.6159802052	2.226450565
99.9	0.8380718351	2.205624801
100	1.054996614	2.12176404
100.1	1.260172056	1.970639305
100.2	1.447032605	1.75707217
100.3	1.609961535	1.49496279
100.4	1.745072607	1.204316154
100.5	1.850588589	0.906469752
100.6	1.926739267	0.6196043861
100.7	1.975296551	0.3561408883
100.8	1.998961929	0.1223417901
100.9	2.000798212	-0.0805692992
101	1.983808636	-0.2547211866
101.1	1.950682676	-0.4040318798
101.2	1.903678023	-0.5330671673
101.3	1.844594015	-0.6463456186
101.4	1.774796104	-0.7479906455
101.5	1.69526293	-0.8416066988
101.6	1.606638955	-0.9302802445
101.7	1.509283763	-1.01663498
101.8	1.403314454	-1.102901607
101.9	1.288642866	-1.190972351
102	1.165006443	-1.282428508
102.1	1.032002451	-1.37851358
102.2	0.8891211269	-1.480057318
102.3	0.7358001183	-1.587299651
102.4	0.571490697	-1.699627598
102.5	0.395765266	-1.815172423
102.6	0.2084671051	-1.93030762
102.7	0.009912821225	-2.039084993
102.8	-0.1988505001	-2.132787238
102.9	-0.4157609522	-2.199900978
103	-0.6374945714	-2.226926263
103.1	-0.8593575151	-2.200400706
103.2	-1.07544094	-2.110094755
103.3	-1.279125292	-1.95257234
103.4	-1.463896079	-1.733580207
103.5	-1.624274627	-1.467780313
103.6	-1.75656958	-1.175527186
103.7	-1.859209345	-0.8780276647
103.8	-1.932597092	-0.5929828794
103.9	-1.978621751	-0.3322042999
104	-2.000042686	-0.1014027396
104.1	-1.999932519	0.09859749445
104.2	-1.981272852	0.2701607376
104.3	-1.946714743	0.4173100064
104.4	-1.898471677	0.544630247
104.5	-1.838299473	0.6566125783
104.6	-1.767523976	0.7573331016
104.7	-1.687089258	0.850344826
104.8	-1.597610133	0.9386864953
104.9	-1.49942105	1.024941253
105	-1.392617928	1.111304603
105.1	-1.277093901	1.19963859
105.2	-1.15257242	1.29149346
105.3	-1.018637197	1.388077819
105.4	-0.8747725421	1.490172151
105.5	-0.7204123476	1.597950108
105.6	-0.5550154235	1.710693197
105.7	-0.3781733378	1.826389758
105.8	-0.1897641496	1.94121209
105.9	0.009836730945	2.048959748
106	0.2194954423	2.140637651
106.1	0.4370384607	2.204485731
106.2	0.6590111204	2.226899642
106.3	0.8805898812	2.194575873
106.4	1.095769532	2.09779049
106.5	1.297901251	1.933923343
106.6	1.480530484	1.709645351
106.7	1.638323755	1.440349265
106.8	1.76778805	1.146691616
106.9	1.867555783	0.8497065597
107	1.938198695	0.5665926235
107.1	1.981716904	0.3085512348
107.2	2.000922357	0.08075366654
107.3	1.998893812	-0.1163588832
107.4	1.978588874	-0.2853720045
107.5	1.94261929	-0.4304030855
107.6	1.893154196	-0.5560504241
107.7	1.831906145	-0.6667747899
107.8	1.76016182	-0.7666038932
107.9	1.678831222	-0.8590396842
108	1.588500137	-0.9470736975
108.1	1.489478017	-1.033248598
108.2	1.381839862	-1.119726187
108.3	1.265461251	-1.208338142
108.4	1.140050084	-1.300602451
108.5	1.00517944	-1.397693672
108.6	0.8603253441	-1.500341259
108.7	0.7049215295	-1.608646643
108.8	0.538433551	-1.721788672
108.9	0.3604725432	-1.837601279
109	0.1709557415	-1.952052657
109.1	-0.02968031673	-2.058686562
109.2	-0.2402147906	-2.148227829
109.3	-0.4583585778	-2.208682372
109.4	-0.6805249306	-2.226359295
109.5	-0.9017629492	-2.188143555
109.6	-1.11597604	-2.084852615
109.7	-1.316494079	-1.914704472
109.8	-1.496931432	-1.685287308
109.9	-1.652106778	-1.412691659
110	-1.77872779	-1.117828765
110.1	-1.875629213	-0.8215198488
110.2	-1.943546499	-0.5404414157
110.3	-1.984584973	-0.2851843229
110.4	-2.001604008	-0.06039339283
110.5	-1.997684808	0.1338569093
110.6	-1.975759059	0.3003590192
110.7	-1.938398265	0.4433153436
110.8	-1.88772709	0.5673316589
110.9	-1.825415157	0.676835707
111	-1.752710483	0.775806194
111.1	-1.670489479	0.8676937372
111.2	-1.579309131	0.9554436841
111.3	-1.479454751	1.041559242
111.4	-1.370980509	1.128168053
111.5	-1.253744097	1.217071122
111.6	-1.127439677	1.309757545
111.7	-0.9916283287	1.40736151
111.8	-0.8457801317	1.510563541
111.9	-0.6893270638	1.619390661
112	-0.5217438965	1.732909718
112.1	-0.3426639924	1.848801567
112.2	-0.1520433572	1.962822527
112.3	0.04961776466	2.068256233
112.4	0.2610064573	2.15555028
112.5	0.4797172598	2.212480902
112.6	0.7020310983	2.225294623
112.7	0.922871097	2.181098312
112.8	1.13605471	2.071283084
112.9	1.334898751	1.894924179
113	1.513095271	1.660520872
113.1	1.665621614	1.384825219
113.2	1.789388686	1.088955298
113.3	1.883431111	0.7934801843
113.4	1.948642842	0.5145356434
113.5	1.98722866	0.2621051543
113.6	2.002090309	0.04032035107
113.7	1.996308028	-0.1510948884
113.8	1.972785507	-0.3151260805
113.9	1.934053337	-0.4560509998
114	1.882191648	-0.5784778101
114.1	1.818827446	-0.6867987623
114.2	1.745170535	-0.7849426735
114.3	1.662064219	-0.876309576
114.4	1.570037402	-0.9637989132
114.5	1.469351158	-1.049874558
114.6	1.3600393	-1.136631446
114.7	1.241942743	-1.225840816
114.8	1.114740471	-1.318958196
114.9	0.9779837316	-1.417082411
115	0.8311354097	-1.520839443
115.1	0.6736286086	-1.63017822
115.2	0.504947127	-1.744055169
115.3	0.3247468147	-1.859986772
115.4	0.1330267606	-1.973514531
115.5	-0.06964631296	-2.077658733
115.6	-0.2818672019	-2.16258804
115.7	-0.5011106865	-2.215865357
115.8	-0.7235242949	-2.223693732
115.9	-0.9439080304	-2.173433826
116	-1.155999074	-2.05708479
116.1	-1.353109476	-1.87459676
116.2	-1.529017772	-1.635367004
116.3	-1.678866228	-1.356772059
116.4	-1.799770532	-1.060089481
116.5	-1.890962772	-0.7655997583
116.6	-1.953490129	-0.4888822854
116.7	-1.989650771	-0.2393156415
116.8	-2.002384052	-0.02053284609
116.9	-1.994765908	0.168076226
117	-1.969670324	0.3296771391
117.1	-1.929586185	0.4686141662
117.2	-1.876549132	0.5894926475
117.3	-1.81214391	0.6966671726
117.4	-1.737542616	0.794016373
117.5	-1.653555984	0.8848895287
117.6	-1.560684944	0.9721409883
117.7	-1.459167167	1.058196654
117.8	-1.349016424	1.145118141
117.9	-1.230056048	1.234645943
118	-1.101952254	1.32820665
118.1	-0.9642446498	1.426855322
118.2	-0.8163916586	1.531168153
118.3	-0.6578256628	1.641010267
118.4	-0.488042359	1.755220617
118.5	-0.3067221991	1.871151274
118.6	-0.1139075849	1.98412119
118.7	0.08976520675	2.086884175
118.8	0.302794707	2.169334038
118.9	0.5225347242	2.218825956
119	0.7449994632	2.221547616
119.1	0.9648680199	2.165146622
119.2	1.175803354	2.042261513
119.3	1.371121333	1.853732175
119.4	1.544695554	1.609841584
119.5	1.691839052	1.328550135
119.6	1.809873727	1.031247891
119.7	1.89822601	0.7378903186
119.8	1.958090862	0.4634866636
119.9	1.991854152	0.2168166843
120	2.002488054	0.001028993777
120.1	1.993061037	-0.1848046364
120.2	1.966415649	-0.3440165237
120.3	1.924998549	-0.4810089737
120.4	1.870800899	-0.6003799463
120.5	1.805365565	-0.7064443139
120.6	1.729827388	-0.8030299022
120.7	1.64496502	-0.8934360539
120.8	1.551252079	-0.980472309
120.9	1.448902788	-1.066526955
121	1.33791139	-1.153629115
121.1	1.21808441	-1.243490332
121.2	1.089074564	-1.337502309
121.3	0.9504113365	-1.436683747
121.4	0.8015474243	-1.541548376
121.5	0.6419181814	-1.651883932
121.6	0.4710295068	-1.766404392
121.7	0.288589225	-1.882289804
121.8	0.09468673303	-1.994634771
121.9	-0.1099720716	-2.095921062
122	-0.3237859766	-2.175771034
122.1	-0.5439852795	-2.221348816
122.2	-0.7664510917	-2.218845746
122.3	-0.9857446975	-2.156232055
122.4	-1.195461126	-2.026817903
122.5	-1.388928753	-1.832345268
122.6	-1.560124794	-1.583964678
122.7	-1.704538324	-1.30018074
122.8	-1.819698247	-1.002447522
122.9	-1.905222156	-0.7103629221
123	-1.962447237	-0.4383547742
123.1	-1.993841453	-0.1946094203
123.2	-2.002404868	0.01819338806
123.3	-1.991195612	0.2012836924
123.4	-1.963023327	0.358148269
123.5	-1.920291846	0.4932394661
123.6	-1.864947967	0.6111433629
123.7	-1.798493077	0.7161333627
123.8	-1.722025294	0.8119862026
123.9	-1.636291544	0.9019512472
124	-1.541738575	0.988794815
124.1	-1.438557923	1.074867245
124.2	-1.326723727	1.162166455
124.3	-1.206027347	1.252373131
124.4	-1.076106524	1.346847047
124.5	-0.9364825074	1.446563883
124.6	-0.7866029597	1.551981763
124.7	-0.6259048978	1.662797664
124.8	-0.4539086858	1.777601628
124.9	-0.2703493732	1.89339777
125	-0.07536406487	2.005047234
125.1	0.130265657	2.104761056
125.2	0.3448377594	2.181891239
125.3	0.5654580561	2.22342141
125.4	0.7878740406	2.215578314
125.5	1.006532443	2.146687163
125.6	1.214967036	2.010758931
125.7	1.406527398	1.810448031
125.8	1.575302537	1.557754307
125.9	1.716962926	1.271681876
126	1.829244885	0.9737037108
126.1	1.911953415	0.6830277955
126.2	1.966562288	0.413490623
126.3	1.995615586	0.1726937096
126.4	2.002137322	-0.03713669566
126.5	1.989172205	-0.2175172527
126.6	1.959495474	-0.3720767826
126.7	1.915467776	-0.5053098162
126.8	1.858991656	-0.6217866617
126.9	1.791527408	-0.7257375068
127	1.714136897	-0.8208878115
127.1	1.627535977	-0.910437873
127.2	1.532144835	-0.9971101965
127.3	1.428132229	-1.083219338
127.4	1.315453837	-1.170730726
127.5	1.193883637	-1.261296005
127.6	1.063048246	-1.356240852
127.7	0.9224580801	-1.456499276
127.8	0.7715571249	-1.562465248
127.9	0.6097865352	-1.673750003
128	0.4366795181	-1.788810798
128.1	0.252001737	-1.904468825
128.2	0.05594200331	-2.015350893
128.3	-0.1506433072	-2.113391091
128.4	-0.3659472528	-2.187677573
128.5	-0.5869486692	-2.225031402
128.6	-0.8092625719	-2.211736565
128.7	-1.027224762	-2.136509459
128.8	-1.234314631	-1.994092016
128.9	-1.423911875	-1.788057759
129	-1.590225496	-1.531231422
129.1	-1.729111666	-1.243074659
129.2	-1.838514107	-0.9450326519
129.3	-1.918421492	-0.6558950155
129.4	-1.970438321	-0.3888992992
129.5	-1.997179488	-0.1510700779
129.6	-2.001688124	0.05580362985
129.7	-1.986993137	0.2335091697
129.8	-1.955834039	0.3858061941
129.9	-1.910527852	0.5172240885
130	-1.852933073	0.6323134579
130.1	-1.784469345	0.7352599732
130.2	-1.706162811	0.8297376875
130.3	-1.618698546	0.9188977375
130.4	-1.522470643	1.005420792
130.5	-1.417625992	1.091584673
130.6	-1.30410068	1.179324319
130.7	-1.181654211	1.270260136
130.8	-1.049898691	1.365684955
130.9	-0.9083372454	1.466487091
131	-0.7564100902	1.573000371
131.1	-0.5935616256	1.684738853
131.2	-0.4193420303	1.800026234
131.3	-0.2335479823	1.91549762
131.4	-0.03642035227	2.025536498
131.5	0.1711036785	2.121802236
131.6	0.3871108696	2.193122049
131.7	0.6084525418	2.226167409
131.8	0.8306112609	2.20731231
131.9	1.047815804	2.125697702
132	1.253498437	1.97682305
132.1	1.441077837	1.765186172
132.2	1.604890745	1.504413412
132.3	1.740983531	1.214376712
132.4	1.847506752	0.9164492246
132.5	1.92462842	0.6289739174
132.6	1.974078118	0.3645841098
132.7	1.998535764	0.1297381617
132.8	2.001059866	-0.07419666858
132.9	1.984660683	-0.2492633583
133	1.952040869	-0.3993406743
133.1	1.905473544	-0.5289861569
133.2	1.846773337	-0.642727274
133.3	1.777319666	-0.744703745
133.4	1.698103392	-0.8385380807
133.5	1.609779467	-0.9273334975
133.6	1.512716317	-1.013728119
133.7	1.407038629	-1.099965055
133.8	1.292664726	-1.187947283
133.9	1.1693372	-1.279266376
134	1.036657914	-1.375179236
134.1	0.8941195285	-1.476529942
134.2	0.741160902	-1.583584226
134.3	0.5772309122	-1.695762294
134.4	0.4018961253	-1.81124595
134.5	0.2149875204	-1.926477733
134.6	0.01680152726	-2.035596022
134.7	-0.1916438675	-2.12998149
134.8	-0.4083254383	-2.198207936
134.9	-0.6299650064	-2.226816463
135	-0.8519142492	-2.20229698
135.1	-1.068299192	-2.114250797
135.2	-1.272512386	-1.958961625
135.3	-1.45802046	-1.741852447
135.4	-1.61929559	-1.477322187
135.5	-1.75257782	-1.185608285
135.6	-1.856223737	-0.8879680962
135.7	-1.93057638	-0.6022733115
135.8	-1.977484391	-0.34054891
135.9	-1.999687492	-0.108697453
136	-2.000255298	0.09231893994
136.1	-1.982177244	0.2647837614
136.2	-1.94811795	0.412684514
136.3	-1.90030639	0.540600137
136.4	-1.840513583	0.6530316918
136.5	-1.770079186	0.7540719626
136.6	-1.689959305	0.8472919097
136.7	-1.60077907	0.9357469676
136.8	-1.502881714	1.022034391
136.9	-1.3963705	1.10836188
137	-1.281145061	1.196602051
137.1	-1.156933794	1.288316182
137.2	-1.023324963	1.384724946
137.3	-0.8798051812	1.486626415
137.4	-0.7258089994	1.594217638
137.5	-0.5607931697	1.706817021
137.6	-0.3843421754	1.822464725
137.7	-0.1963212794	1.937402979
137.8	0.002914529155	2.045520458
137.9	0.2122620021	2.137919569
138	0.4295872097	2.202924374
138.1	0.6514813321	2.226966446
138.2	0.8731659379	2.196682832
138.3	1.088669014	2.102168487
138.4	1.291351071	1.94051509
138.5	1.474735538	1.718070736
138.6	1.633437332	1.449975723
138.7	1.763893757	1.156786691
138.8	1.864666019	0.8596029935
138.9	1.936267394	0.575801171
139	1.980659717	0.31679629
139.1	2.000637164	0.08794699591
139.2	1.999276801	-0.1101733004
139.3	1.979544837	-0.280074452
139.4	1.944066878	-0.4258418731
139.5	1.895027604	-0.5520698734
139.6	1.834154673	-0.6632301602
139.7	1.762748411	-0.7633674598
139.8	1.681730703	-0.8560016562
139.9	1.591697452	-0.9441406018
140	1.492966739	-1.030341104
140.1	1.385620944	-1.116776762
140.2	1.269541732	-1.205289975
140.3	1.144442334	-1.29740945
140.4	1.00989966	-1.394322731
140.5	0.865392302	-1.496776408
140.6	0.7103544176	-1.604897853
140.7	0.5442487077	-1.71790278
140.8	0.3666792439	-1.833678761
140.9	0.1775497293	-1.948266615
141	-0.02272514942	-2.055299887
141.1	-0.2329556152	-2.145601351
141.2	-0.4508929222	-2.207258421
141.3	-0.6729966685	-2.226607592
141.4	-0.8943603923	-2.190464068
141.5	-1.108918868	-2.089452279
141.6	-1.310008509	-1.921494664
141.7	-1.491218579	-1.693858867
141.8	-1.647313733	-1.422395396
141.9	-1.774931077	-1.127931636
142	-1.872834821	-0.8313678823
142.1	-1.941703712	-0.5495656192
142.2	-1.983606933	-0.2933290716
142.3	-2.001387822	-0.06748585208
142.4	-1.998127114	0.1277631433
142.5	-1.976765822	0.2951394539
142.6	-1.939889615	0.4388169195
142.7	-1.889638722	0.5633992856
142.8	-1.827697761	0.6733261371
142.9	-1.755328233	0.772593446
143	-1.673418233	0.8646696511
143.1	-1.582534746	0.9525163494
143.2	-1.482971591	1.038650455
143.3	-1.374790083	1.125211408
143.4	-1.257854144	1.214010724
143.5	-1.131862774	1.306548599
143.6	-0.9963812221	1.403972098
143.7	-0.8508816407	1.506980224
143.8	-0.694796179	1.615625764
143.9	-0.5275967041	1.729014809
144	-0.348908609	1.844883498
144.1	-0.158673678	1.959062085
144.2	0.04263015313	2.064925896
144.3	0.2537222992	2.153019798
144.4	0.4722385148	2.211197885
144.5	0.6945061258	2.225727473
144.6	0.9154920108	2.18363391
144.7	1.129043083	2.07610346
144.8	1.328479777	1.901909237
144.9	1.507465944	1.669233055
145	1.66092268	1.39459939
145.1	1.785689603	1.099059602
145.2	1.880731638	0.8032752534
145.3	1.946887841	0.5235730419
145.4	1.986328841	0.2701489188
145.5	2.001942168	0.0473124166
145.6	1.996808776	-0.1450917396
145.7	1.973842335	-0.3099830694
145.8	1.935587853	-0.4516139391
145.9	1.884141047	-0.5745922974
146	1.821143792	-0.6833230779
146.1	1.747819209	-0.7817525973
146.2	1.665022136	-0.8732986495
146.3	1.573291288	-0.9608765563
146.4	1.472896086	-1.046963882
146.5	1.363877518	-1.13366704
146.6	1.246082357	-1.222767906
146.7	1.119194729	-1.315732912
146.8	0.9827694477	-1.413674657
146.9	0.8362715986	-1.517237309
147	0.6791342512	-1.62639783
147.1	0.5108375695	-1.740152403
147.2	0.3310291972	-1.856074583
147.3	0.1396934096	-1.969782157
147.4	-0.06262679381	-2.074387841
147.5	-0.2745591211	-2.160157534
147.6	-0.4936202625	-2.214728384
147.7	-0.7160044089	-2.224315443
147.8	-0.9365544686	-2.176186634
147.9	-1.149035038	-2.062124867
148	-1.346758861	-1.88177233
148.1	-1.523473243	-1.644213096
148.2	-1.674262039	-1.366609709
148.3	-1.796169057	-1.070189392
148.4	-1.88835764	-0.7753377956
148.5	-1.951821969	-0.4978308285
148.6	-1.988828169	-0.2472579727
148.7	-2.002302987	-0.0274252123
148.8	-1.995324221	0.1621624765
148.9	-1.970776476	0.3246092013
149	-1.931163282	0.4642369833
149.1	-1.878535852	0.5856526479
149.2	-1.814493681	0.6932242162
149.3	-1.740222015	0.7908479904
149.4	-1.656542924	0.8818908368
149.5	-1.563967028	0.9692229433
149.6	-1.462740257	1.055283461
149.7	-1.352883281	1.142145489
149.8	-1.234225482	1.23155991
149.9	-1.106437639	1.324964856
150	-0.9690634513	1.423428836
150.1	-0.821562681	1.527547693
150.2	-0.6633678942	1.63721469
150.3	-0.4939705824	1.75131104
150.4	-0.3130423333	1.867246897
150.5	-0.1206100636	1.980419551
150.6	0.08271435101	2.083676618
150.7	0.295463599	2.167007572
150.8	0.5150340206	2.217838997
150.9	0.7374865101	2.222361402
151	0.9575421153	2.168117942
151.1	1.168889083	2.047519887
151.2	1.364840971	1.861094155
151.3	1.539237129	1.618815453
151.4	1.687330188	1.338444419
151.5	1.806369779	1.041337324
151.6	1.895714678	0.74756724
151.7	1.956508749	0.47234428
151.8	1.991107811	0.2246571805
151.9	2.002473101	0.007822337073
152	1.993676065	-0.1789789871
152.1	1.967570414	-0.3390222104
152.2	1.926617655	-0.4766902448
152.3	1.872824507	-0.5965841574
152.4	1.80774845	-0.703032937
152.5	1.732537297	-0.7998822223
152.6	1.647980892	-0.8904488315
152.7	1.554562352	-0.9775578281
152.8	1.452504032	-1.06361067
152.9	1.341807045	-1.150647769
153	1.222283672	-1.24039091
153.1	1.093591469	-1.334243763
153.2	0.9552632347	-1.433238523
153.3	0.8067536474	-1.537909521
153.4	0.6474971428	-1.648074134
153.5	0.4769954402	-1.762488859
153.6	0.2949471443	-1.878394896
153.7	0.1014248953	-1.9909665
153.8	-0.1028906334	-2.092780319
153.9	-0.3164329773	-2.173553823
154	-0.5364757896	-2.220516818
154.1	-0.7589469556	-2.219855356
154.2	-0.9784485769	-2.159423425
154.3	-1.188598713	-2.032292769
154.4	-1.382720406	-1.839888326
154.5	-1.554753665	-1.593059172
154.6	-1.70012531	-1.310124502
154.7	-1.816291723	-1.012520833
154.8	-1.902804013	-0.7199749878
154.9	-1.96095024	-0.4471196254
155	-1.993170352	-0.2023478651
155.1	-2.002455078	0.01149825459
155.2	-1.991866507	0.1955448755
155.3	-1.964225995	0.3532261037
155.4	-1.921952404	0.488977744
155.5	-1.867008045	0.6073904848
155.6	-1.800908778	0.7127524456
155.7	-1.724765518	0.8088582399
155.8	-1.63933621	0.8989746584
155.9	-1.545077003	0.9858832388
156	-1.442187357	1.071947251
156.1	-1.330648226	1.159175767
156.2	-1.210256646	1.249260087
156.3	-1.080654969	1.343571248
156.4	-0.9413678394	1.44309994
156.5	-0.791844349	1.548324902
156.6	-0.6315207349	1.658973759
156.7	-0.4599125647	1.773681534
156.8	-0.2767448112	1.889514415
156.9	-0.08213741438	2.001415294
157	0.1231541416	2.101690903
157.1	0.33746382	2.179786738
157.2	0.557941278	2.222747878
157.3	0.7803805967	2.216786485
157.4	0.9992682112	2.150099246
157.5	1.208158565	2.016448344
157.6	1.400392793	1.818168008
157.7	1.570019834	1.566963362
157.8	1.712646188	1.281668461
157.9	1.825935575	0.9837552106
158	1.909627821	0.6925713236
158.1	1.96514955	0.4221611118
158.2	1.995018772	0.1803299746
158.3	2.002251742	-0.03053895738
158.4	1.989898131	-0.2118639076
158.5	1.960745353	-0.3672252963
158.6	1.917169235	-0.5011036986
158.7	1.861087785	-0.6180754206
158.8	1.793975626	-0.7223859285
158.9	1.716907248	-0.8177786667
159	1.630609366	-0.9074711115
159.1	1.53551137	-0.9942008016
159.2	1.431789895	-1.080295068
159.3	1.319407282	-1.167730379
159.4	1.198143059	-1.258168653
159.5	1.067628444	-1.352947824
159.6	0.927376922	-1.453016444
159.7	0.7768339943	-1.558790462
159.8	0.6154393827	-1.669913055
159.9	0.4427212089	-1.784887238
160	0.2584346694	-1.900598892
160.1	0.06275032817	-2.011758028
160.2	-0.1435025148	-2.110395201
160.3	-0.3585536006	-2.185690841
160.4	-0.5794261843	-2.224521479
160.5	-0.801781789	-2.213146991
160.6	-1.019994568	-2.14014332
160.7	-1.227562138	-1.999993584
160.8	-1.417852677	-1.795948859
160.9	-1.585032294	-1.540547796
161	-1.724891608	-1.253097269
161.1	-1.835301799	-0.9550571048
161.2	-1.916187749	-0.6653666855
161.3	-1.969108868	-0.3974739728
161.4	-1.996655956	-0.1586042134
161.5	-2.001865834	0.04930234985
161.6	-1.987773279	0.227939967
161.7	-1.957130462	0.3810238966
161.8	-1.912269693	0.5130721433
161.9	-1.85506487	0.6286425854
162	-1.786949816	0.7319366585
162.1	-1.708963119	0.8266463862
162.2	-1.62180054	0.9159400065
162.3	-1.525865293	1.002512954
162.4	-1.421311937	1.088655558
162.5	-1.308083152	1.176313665
162.6	-1.185943944	1.267118422
162.7	-1.054510763	1.362374239
162.8	-0.9132898854	1.462985424
162.9	-0.7617224985	1.569308065
163	-0.5992515898	1.680889155
163.1	-0.425421734	1.796100573
163.2	-0.2400182012	1.911643289
163.3	-0.04326309655	2.021985854
163.4	0.1639342957	2.118884692
163.5	0.3796985557	2.191257059
163.6	0.6009259275	2.225824616
163.7	0.8231450916	2.208927421
163.8	1.040621813	2.129553568
163.9	1.246804021	1.982934175
164	1.435095719	1.773243462
164.1	1.599788054	1.513830499
164.2	1.736860449	1.224428588
164.3	1.844391147	0.9264412248
164.4	1.922485854	0.6383704493
164.5	1.972831085	0.3730616052
164.6	1.998084535	0.1371702022
164.7	2.00129992	-0.06779086416
164.8	1.985494233	-0.2437768968
164.9	1.953383164	-0.3946261169
165	1.907255239	-0.5248870037
165.1	1.848940406	-0.6390955277
165.2	1.779832103	-0.7414075862
165.3	1.700933477	-0.8354637485
165.4	1.612910014	-0.9243840329
165.5	1.516139045	-1.010821117
165.6	1.410752894	-1.097030524
165.7	1.296676356	-1.184926086
165.8	1.173657316	-1.276109519
165.9	1.041302094	-1.371851027
166	0.8991060612	-1.473009177
166.1	0.7465091166	-1.579874799
166.2	0.5829580718	-1.691900897
166.3	0.4080137453	-1.807319422
166.4	0.2214949576	-1.922641133
166.5	0.02367835667	-2.032090586
166.6	-0.1844467411	-2.127146084
166.7	-0.4008957136	-2.196469588
166.8	-0.6224359116	-2.226645567
166.9	-0.8444646949	-2.204119935
167	-1.06114353	-2.118329044
167.1	-1.265878009	-1.965279335
167.2	-1.452116971	-1.750069922
167.3	-1.614284343	-1.486832897
167.4	-1.748551982	-1.195682933
167.5	-1.853204494	-0.8979227485
167.6	-1.928524215	-0.6115917421
167.7	-1.976318762	-0.3489281473
167.8	-1.999307574	-0.1160277124
167.9	-2.000556793	0.08600757839
168	-1.983063409	0.2593786525
168.1	-1.949505481	0.4080361869
168.2	-1.902127448	0.5365523659
168.3	-1.842715565	0.6494378321
168.4	-1.772623354	0.7508019245
168.5	-1.692819024	0.8442336071
168.6	-1.603938074	0.9328049993
168.7	-1.506332546	1.019127598
168.8	-1.400113127	1.105421377
168.9	-1.285185963	1.193569556
169	-1.161284433	1.285144277
169.1	-1.028001413	1.381378461
169.2	-0.8848258302	1.483087169
169.3	-0.7311930771	1.590490959
169.4	-0.5665578246	1.70294458
169.5	-0.3904977205	1.81853907
169.6	-0.2028655334	1.933586308
169.7	-0.00399605297	2.042063455
169.8	0.205037803	2.135170183
169.9	0.422141316	2.201316204
170	0.6439514243	2.226971014
170.1	0.8657349887	2.198715769
170.2	1.081553802	2.106468841
170.3	1.284778696	1.947036542
170.4	1.468912179	1.726443457
170.5	1.628518403	1.459573571
170.6	1.759965332	1.166877669
170.7	1.861742752	0.8695153499
170.8	1.934304892	0.5850386921
170.9	1.97957459	0.3250763024
171	2.000327596	0.09517574666
171.1	1.999638822	-0.1039553119
171.2	1.980482843	-0.2747492586
171.3	1.945499008	-0.4212583335
171.4	1.896887528	-0.5480721343
171.5	1.836391199	-0.659672978
171.6	1.765324049	-0.7601224968
171.7	1.684619907	-0.852958529
171.8	1.594884848	-0.9412053202
171.9	1.496445635	-1.027433913
172	1.389392062	-1.11382974
172.1	1.273611912	-1.202245957
172.2	1.148823806	-1.294221981
172.3	1.014608492	-1.390958134
172.4	0.8704472324	-1.493218099
172.5	0.7157746426	-1.60115481
172.6	0.5500507184	-1.714020229
172.7	0.3728726987	-1.829755096
172.8	0.1841309124	-1.944472214
172.9	-0.01578146545	-2.051894411
173	-0.2257053771	-2.142942336
173.1	-0.443432153	-2.205786127
173.2	-0.6654676723	-2.22679211
173.3	-0.8869501176	-2.192709728
173.4	-1.101846278	-2.09397449
173.5	-1.303500103	-1.928215746
173.6	-1.485476834	-1.702379784
173.7	-1.642487918	-1.432072814
173.8	-1.771100206	-1.138032515
173.9	-1.870007101	-0.8412334041
174	-1.939830025	-0.5587196288
174.1	-1.982601294	-0.3015090047
174.2	-2.001147591	-0.07461357104
174.3	-1.998548762	0.1216373734
174.4	-1.97775489	0.2898927579
174.5	-1.941365718	0.4342966781
174.6	-1.891537032	0.5594501962
174.7	-1.829968481	0.6698044293
174.8	-1.757935108	0.7693725213
174.9	-1.676336755	0.8616407692
175	-1.585750464	0.9495870983
175.1	-1.486478602	1.035742177
175.2	-1.378589656	1.122257353
175.3	-1.261953868	1.210954611
175.4	-1.136274989	1.30334526
175.5	-1.001122623	1.400588362
175.6	-0.8559708822	1.503403621
175.7	-0.7002526734	1.611865869
175.8	-0.5334366016	1.725123376
175.9	-0.3551398797	1.840963938
176	-0.1652911431	1.955292413
176.1	0.03565351742	2.061575688
176.2	0.2464465727	2.150454027
176.3	0.4647641648	2.209864528
176.4	0.68697973	2.226095235
176.5	0.9081043934	2.186093964
176.6	1.122015206	2.08084686
176.7	1.322037227	1.908827258
176.8	1.501807192	1.677897515
176.9	1.656190748	1.404350387
177	1.781956353	1.10916438
177.1	1.877999009	0.8130893999
177.2	1.945102267	0.532641231
177.3	1.985401841	0.2782281798
177.4	2.001770395	0.05433955859
177.5	1.997289225	-0.1390569867
177.6	1.974881794	-0.304813393
177.7	1.937107395	-0.4471555606
177.8	1.886077343	-0.5706905302
177.9	1.823448431	-0.6798356471
178	1.750457152	-0.7785547188
178.1	1.66796997	-0.8702832211
178.2	1.576535343	-0.9579524348
178.3	1.476431236	-1.044054007
178.4	1.367705863	-1.130705472
178.5	1.2502115	-1.219699155
178.6	1.123638276	-1.312513671
178.7	0.9875436149	-1.410273257
178.8	0.8413958679	-1.513641222
178.9	0.6846272712	-1.622623373
179	0.5167146459	-1.736252154
179.1	0.3372985881	-1.852159754
179.2	0.1463477538	-1.966039568
179.3	-0.05561845603	-2.071095617
179.4	-0.2672593872	-2.157692083
179.5	-0.4861336608	-2.213540807
179.6	-0.7084824701	-2.224871334
179.7	-0.9291916748	-2.178863729
179.8	-1.142054015	-2.067088383
179.9	-1.340384032	-1.888881317
180	-1.517898849	-1.653012495
180.1	-1.669624584	-1.376425816
180.2	-1.792533415	-1.080291707
180.3	-1.885719528	-0.7850964848
180.4	-1.950123452	-0.5068107272
180.5	-1.987978644	-0.2552359965
180.6	-2.002198564	-0.03435253653
180.7	-1.995862515	0.1562175437
180.8	-1.97186547	0.3195151224
180.9	-1.932725578	0.4598389335
181	-1.880509606	0.5817968119
181.1	-1.816831847	0.6897699233
181.2	-1.742890729	0.787672021
181.3	-1.659519719	0.878887918
181.4	-1.567239331	0.9663035697
181.5	-1.466303576	1.0523711
181.6	-1.356740037	1.139175705
181.7	-1.238384778	1.228479399
181.8	-1.110912266	1.321728532
181.9	-0.9738707945	1.420009549
182	-0.826721492	1.523933452
182.1	-0.6688973181	1.633424202
182.2	-0.4998855761	1.747403668
182.3	-0.3193492354	1.86333946
182.4	-0.1273000725	1.976706704
182.5	0.07567433409	2.08044631
182.6	0.2881403682	2.164643809
182.7	0.5075366841	2.216798919
182.8	0.7299708258	2.223107417
182.9	0.9502061954	2.171012542
183	1.161957054	2.052701974
183.1	1.358535712	1.868391401
183.2	1.53374832	1.627745314
183.3	1.68278779	1.348319788
183.4	1.802831601	1.05143117
183.5	1.893170481	0.7572660817
183.6	1.954896526	0.4812340519
183.7	1.990334812	0.2325334547
183.8	2.00243505	0.0146503427
183.9	1.994271277	-0.1731225665
184	1.968708192	-0.3340022226
184.1	1.928222075	-0.4723511549
184.2	1.874835213	-0.5927729859
184.3	1.810119742	-0.6996105859
184.4	1.735236521	-0.7967273678
184.5	1.650986626	-0.8874576457
184.6	1.557862735	-0.9746421412
184.7	1.456095403	-1.060695508
184.8	1.345692598	-1.147669533
184.9	1.226472463	-1.237296135
185	1.098097347	-1.330991085
185.1	0.9601034951	-1.42979978
185.2	0.8119475832	-1.534277111
185.3	0.6530632086	-1.644269217
185.4	0.4829481526	-1.758575135
185.5	0.3012919175	-1.874496431
185.6	0.1081506152	-1.987286152
185.7	-0.09581989338	-2.089615768
185.8	-0.3090875186	-2.171298224
185.9	-0.5289691983	-2.21963021
186	-0.7514395239	-2.220796083
186.1	-0.9711418057	-2.162537698
186.2	-1.181717934	-2.03769202
186.3	-1.376486679	-1.847368298
186.4	-1.549351853	-1.602111984
186.5	-1.695678687	-1.32005159
186.6	-1.81285112	-1.0226004
186.7	-1.900353325	-0.7296101788
186.8	-1.959423546	-0.4559170952
186.9	-1.992473012	-0.2101220318
187	-2.002482579	0.004768821831
187.1	-1.992517937	0.1897758116
187.2	-1.965411967	0.3482788528
187.3	-1.923598511	0.4846962224
187.4	-1.869055402	0.603622728
187.5	-1.803313023	0.709360991
187.6	-1.727495145	0.8057234617
187.7	-1.642370797	0.8959944446
187.8	-1.548405585	0.9829707248
187.9	-1.445806915	1.06902861
188	-1.334562623	1.156188348
188.1	-1.214475422	1.246151914
188.2	-1.085192346	1.340301422
188.3	-0.946241479	1.439642655
188.4	-0.7970733494	1.54467434
188.5	-0.6371236665	1.655154595
188.6	-0.4659031951	1.76976299
188.7	-0.2831270612	1.885626843
188.8	-0.08889847956	1.997770347
188.9	0.1160530365	2.098595619
189	0.3300970623	2.177641975
189.1	0.5504268737	2.222018216
189.2	0.7728831863	2.217924694
189.3	0.9919925668	2.153433901
189.4	1.201330973	2.022062968
189.5	1.394232181	1.825826884
189.6	1.564706058	1.57613326
189.7	1.708295704	1.291640889
189.8	1.822592258	0.9938149392
189.9	1.907269911	0.7021392131
190	1.963707435	0.4308648187
190.1	1.99439608	0.1880019954
190.2	2.002343793	-0.02390725038
190.3	1.990604888	-0.2061807961
190.4	1.961978785	-0.3623492419
190.5	1.918856435	-0.496878291
190.6	1.863171335	-0.6143497554
190.7	1.79641249	-0.7190242087
190.8	1.719667072	-0.814663062
190.9	1.633672718	-0.9045009953
191	1.538868062	-0.991290717
191.1	1.435437678	-1.077372367
191.2	1.323350583	-1.164733565
191.3	1.202391908	-1.255046138
191.4	1.07219752	-1.349660915
191.5	0.9322837518	-1.449539402
191.6	0.7820986572	-1.55512254
191.7	0.6210790912	-1.666080667
191.8	0.4487497575	-1.780964317
191.9	0.2648548359	-1.896724244
192	0.06954632708	-2.008151064
192.1	-0.1363720479	-2.107373288
192.2	-0.3511665925	-2.183663677
192.3	-0.5719054805	-2.22395425
192.4	-0.7942963779	-2.214486593
192.5	-1.012752284	-2.14369977
192.6	-1.220789929	-2.005821032
192.7	-1.411767015	-1.80377992
192.8	-1.579807693	-1.54982694
192.9	-1.720637713	-1.263107784
193	-1.832055643	-0.9650916405
193.1	-1.913922004	-0.6748639303
193.2	-1.967750433	-0.4060822611
193.3	-1.996106911	-0.1661740626
193.4	-2.002021552	0.04276734385
193.5	-1.988534597	0.2223414721
193.6	-1.958410727	0.376217541
193.7	-1.913997526	0.5089013659
193.8	-1.857184299	0.624957714
193.9	-1.789419099	0.7286035565
194	-1.71175301	0.8235488649
194.1	-1.624892588	0.9129792742
194.2	-1.529250232	0.9996045726
194.3	-1.424987964	1.085728195
194.4	-1.312055663	1.173306329
194.5	-1.190222898	1.263981847
194.6	-1.05911183	1.359069388
194.7	-0.9182308629	1.459491025
194.8	-0.7670223038	1.565621543
194.9	-0.6049288478	1.677043528
195	-0.431488321	1.792175904
195.1	-0.246475143	1.907783258
195.2	-0.05009411229	2.018420302
195.3	0.1567745753	2.115939135
195.4	0.3722925064	2.189347706
195.5	0.5934004762	2.225422289
195.6	0.8156734607	2.210470228
195.7	1.0334148	2.13333156
195.8	1.240088967	1.988972739
195.9	1.429086371	1.781244312
196	1.594653535	1.523213904
196.1	1.73270335	1.234471303
196.2	1.841241687	0.9364451753
196.3	1.920311477	0.6477936744
196.4	1.971555301	0.3815734338
196.5	1.997608181	0.1446380086
196.6	2.001518277	-0.06135174281
196.7	1.986309213	-0.2382615532
196.8	1.954709517	-0.3898879902
196.9	1.909023076	-0.5207695265
197	1.851095203	-0.6354501997
197.1	1.782333416	-0.7381020223
197.2	1.70375324	-0.83238366
197.3	1.616030644	-0.9214316122
197.4	1.519551918	-1.007913925
197.5	1.414457411	-1.094097833
197.6	1.300677645	-1.18190889
197.7	1.177967298	-1.272958203
197.8	1.045934972	-1.36852881
197.9	0.9040809108	-1.469495113
198	0.7518447565	-1.576171259
198.1	0.5886721829	-1.688043361
198.2	0.4141181034	-1.803392881
198.3	0.2279894029	-1.918797938
198.4	0.03054328977	-2.02856883
198.5	-0.1772591966	-2.124281359
198.6	-0.39347188	-2.194686329
198.7	-0.614907425	-2.226413914
198.8	-0.8370090163	-2.205869736
198.9	-1.05397412	-2.122329368
199	-1.259222297	-1.971525001
199.1	-1.446185688	-1.758231936
199.2	-1.60924088	-1.496311614
199.3	-1.744491977	-1.205750378
199.4	-1.850151472	-0.907891098
199.5	-1.926440399	-0.6209379229
199.6	-1.975124656	-0.3573419976
199.7	-1.998902731	-0.1233936401
199.8	-2.000836818	0.07966320132
199.9	-1.983931186	0.2539451627
200	-1.950877197	0.4033647818
200.1	-1.903934737	0.53248671
200.2	-1.844905326	0.6458308013
200.3	-1.775156405	0.7475228183
200.4	-1.695668352	0.8411697558
200.5	-1.607087096	0.9298604636
200.6	-1.509773515	1.01622077
200.7	-1.403845793	1.102483
200.8	-1.289216592	1.190541026
200.9	-1.165624341	1.281977677
201	-1.032666539	1.378038325
201.1	-0.8898344932	1.479554371
201.2	-0.7365645767	1.586770123
201.3	-0.5723093731	1.699075956
201.4	-0.3966399684	1.814612917
201.5	-0.2093968912	1.929762339
201.6	-0.01089492796	2.038589105
201.7	0.1978229637	2.132389992
201.8	0.4147009528	2.199661978
201.9	0.6364216063	2.226913702
202	0.8582972862	2.200674952
202.1	1.074424179	2.110691476
202.2	1.278184381	1.953487072
202.3	1.463060589	1.734762527
202.4	1.62356706	1.469141849
202.5	1.756002785	1.176963757
202.6	1.858785921	0.8794430591
202.7	1.932311073	0.5943048659
202.8	1.978461384	0.3333911769
202.9	1.999993516	0.1024399777
203	1.99997975	-0.09770477927
203.1	1.981402783	-0.2693962476
203.2	1.946915591	-0.4166522861
203.3	1.898733893	-0.5440570403
203.4	1.838615663	-0.6561030944
203.5	1.76788869	-0.7568688788
203.6	1.687498803	-0.849910193
203.7	1.598062302	-0.9382677656
203.8	1.499914695	-1.024526952
203.9	1.393153209	-1.110885062
204	1.277671793	-1.199206033
204.1	1.153194503	-1.291040022
204.2	1.019305927	-1.387599918
204.3	0.8754901469	-1.489666348
204.4	0.7211822044	-1.597417578
204.5	0.5558395795	-1.710141119
204.6	0.3790528926	-1.82583048
204.7	0.190699244	-1.940669752
204.8	-0.008849382503	-2.048470534
204.9	-0.2184641901	-2.140251308
205	-0.4359764516	-2.204266
205.1	-0.6579381754	-2.226913279
205.2	-0.879532396	-2.194880757
205.3	-1.094758554	-2.098419138
205.4	-1.296969115	-1.934867241
205.5	-1.479706382	-1.710849312
205.6	-1.637629435	-1.441723037
205.7	-1.767235195	-1.14813061
205.8	-1.867146	-0.8511158335
205.9	-1.937925345	-0.5679031216
206	-1.98156794	-0.3097240195
206.1	-2.000883198	-0.08177658854
206.2	-1.998949643	0.1154794701
206.3	-1.978726169	0.2846187698
206.4	-1.942826497	0.4297544545
206.5	-1.893421957	0.5554842373
206.6	-1.832227269	0.6662704479
206.7	-1.760531071	0.7661432994
206.8	-1.679245022	0.8586070074
206.9	-1.588956272	0.9466558457
207	-1.489975772	1.032834339
207.1	-1.382379235	1.119305831
207.2	-1.266043265	1.207902793
207.3	-1.140676359	1.300147452
207.4	-1.0058527	1.397212128
207.5	-0.8610480786	1.499833161
207.6	-0.7056964701	1.608112121
207.7	-0.5392630597	1.72123482
207.8	-0.3613578771	1.837042582
207.9	-0.1718961007	1.951513774
208	0.02868852254	2.058205439
208.1	0.2391797914	2.147855706
208.2	0.4572944566	2.208482431
208.3	0.6794522596	2.226398589
208.4	0.9007086403	2.188478852
208.5	1.114971446	2.085512864
208.6	1.315571407	1.915676362
208.7	1.496119228	1.686511951
208.8	1.651425869	1.414076037
208.9	1.778188937	1.11926845
209	1.87523314	0.822922028
209.1	1.943285888	0.5417396888
209.2	1.984447371	0.2863427231
209.3	2.001574738	0.06140183761
209.4	1.997749161	-0.1329905507
209.5	1.975903661	-0.2996169432
209.6	1.938611765	-0.4426756993
209.7	1.888000359	-0.5667723574
209.8	1.825741198	-0.6763363675
209.9	1.753084212	-0.7753488908
210	1.670907493	-0.8672631527
210.1	1.579769437	-0.9550266679
210.2	1.479956519	-1.041144728
210.3	1.371524033	-1.12774659
210.4	1.254330415	-1.216634943
210.5	1.128070743	-1.30929989
210.6	0.9923063221	-1.40687825
210.7	0.8465078222	-1.51005229
210.8	0.6901072968	-1.618853831
210.9	0.5225787147	-1.73235467
211	0.3435546214	-1.848243256
211.1	0.1529890426	-1.962287217
211.2	-0.04862128951	-2.067782809
211.3	-0.259967951	-2.155191431
211.4	-0.4786512569	-2.212301364
211.5	-0.7009588498	-2.225360549
211.6	-0.9218200601	-2.181464405
211.7	-1.13505649	-2.0719748
211.8	-1.333985428	-1.895923754
211.9	-1.512294857	-1.661765281
212	-1.664954021	-1.386219602
212.1	-1.788863642	-1.09039527
212.2	-1.883048431	-0.7948748833
212.3	-1.948394594	-0.5158216566
212.4	-1.987102098	-0.2632492993
212.5	-2.00207065	-0.04131461912
212.6	-1.996380631	0.15024135
212.7	-1.972937176	0.3143948026
212.8	-1.934272934	0.4554199923
212.9	-1.882470253	0.5779250944
213	-1.819158259	0.6863041807
213.1	-1.745548648	0.7844885533
213.2	-1.662486357	0.8758807598
213.3	-1.570501694	0.9633825842
213.4	-1.469856948	1.049459727
213.5	-1.360586851	1.136208871
213.6	-1.24253333	1.225402629
213.7	-1.115375873	1.318498293
213.8	-0.978666411	1.416596232
213.9	-0.8318681188	1.520325808
214	-0.6744139276	1.629639179
214.1	-0.5057873467	1.743498788
214.2	-0.3256429453	1.859429441
214.3	-0.1339775036	1.972983268
214.4	0.06864534296	2.077194046
214.5	0.2808252594	2.16224395
214.6	0.5000430263	2.215706479
214.7	0.7224528185	2.223786365
214.8	0.9428607062	2.173830762
214.9	1.155007738	2.057807699
215	1.352206	1.87562332
215.1	1.528229498	1.636630402
215.2	1.678212148	1.358175212
215.3	1.799259399	1.061528553
215.4	1.890593554	0.7669861909
215.5	1.953254275	0.4901555197
215.6	1.989535196	0.2404452665
215.7	2.002373924	0.02151291401
215.8	1.994846696	-0.1672353859
215.9	1.969829006	-0.3289565318
216	1.929811836	-0.467991664
216.1	1.876833046	-0.58894639
216.2	1.81247948	-0.696177224
216.3	1.737925095	-0.7935652986
216.4	1.653982259	-0.8844624844
216.5	1.561153278	-0.9717252343
216.6	1.459676936	-1.057781453
216.7	1.349568096	-1.144694338
216.8	1.230650828	-1.234206143
216.9	1.102592223	-1.327744255
217	0.9649321648	-1.42636763
217.1	0.8171292221	-1.530651173
217.2	0.6586163926	-1.640469388
217.3	0.4888876718	-1.7546635
217.4	0.3076234698	-1.870594701
217.5	0.1148638417	-1.983594209
217.6	-0.08875986915	-2.086427901
217.7	-0.3017497391	-2.169004543
217.8	-0.5214657099	-2.218689387
217.9	-0.7439290372	-2.221668276
218	-0.9638246502	-2.16557497
218.1	-1.174819053	-2.043015481
218.2	-1.370227789	-1.854784834
218.3	-1.543919521	-1.611122507
218.4	-1.691198544	-1.329961248
218.5	-1.809376446	-1.032685536
218.6	-1.897870034	-0.7392680212
218.7	-1.957867074	-0.4647469957
218.8	-1.991749346	-0.2179318827
218.9	-2.002487278	-0.001994971625
219	-1.99314982	0.1839763687
219.1	-1.966581178	0.343306358
219.2	-1.925230113	0.480394752
219.3	-1.871089998	0.5998399547
219.4	-1.805705785	0.7059588749
219.5	-1.730214167	0.8025817872
219.6	-1.645395311	0.8930105127
219.7	-1.551724316	0.9800571922
219.8	-1.449416602	1.066111261
219.9	-1.338466929	1.153204183
220	-1.218683691	1.243048514
