0	-3.5	4
0.1	-3.174188122	2.679934436
0.2	-2.94275057	2.017975928
0.3	-2.760865784	1.653929831
0.4	-2.606889524	1.444419114
0.5	-2.469076497	1.323062614
0.6	-2.340487233	1.255876906
0.7	-2.216725038	1.224223799
0.8	-2.09481938	1.217403471
0.9	-1.972629422	1.229113752
1	-1.848504763	1.255631161
1.1	-1.721081994	1.294816461
1.2	-1.589157553	1.345539001
1.3	-1.451606121	1.407316937
1.4	-1.307328783	1.480062741
1.5	-1.155224852	1.563867464
1.6	-0.9941852178	1.658763692
1.7	-0.8231124738	1.764421728
1.8	-0.6409774425	1.879735617
1.9	-0.4469232417	2.002247262
2	-0.2404367276	2.127401624
2.1	-0.02160005282	2.247707215
2.2	0.2085761615	2.352020346
2.3	0.4477762143	2.425413661
2.4	0.6920416864	2.45030062
2.5	0.9356380215	2.409407142
2.6	1.171310283	2.290475663
2.7	1.39104274	2.091279974
2.8	1.587230281	1.822395536
2.9	1.753919425	1.505625801
3	1.887673034	1.16832512
3.1	1.987770278	0.8363620949
3.2	2.055773219	0.5289341991
3.3	2.094740474	0.2567526682
3.4	2.108411845	0.02304522221
3.5	2.100570458	-0.1741244927
3.6	2.074647912	-0.3394970202
3.7	2.033538349	-0.4788474685
3.8	1.979554021	-0.5979102522
3.9	1.914459508	-0.7018519879
4	1.839539421	-0.7950955848
4.1	1.755673167	-0.8813343419
4.2	1.663403426	-0.9636288051
4.3	1.562993585	-1.044524973
4.4	1.454473351	-1.126162096
4.5	1.337675661	-1.210351006
4.6	1.212266849	-1.298615115
4.7	1.07777575	-1.392175133
4.8	0.9336265765	-1.491879699
4.9	0.7791836512	-1.598040088
5	0.6138182606	-1.710166959
5.1	0.4370058023	-1.82657646
5.2	0.2484711353	-1.943862712
5.3	0.04839128328	-2.056301873
5.4	-0.1623453084	-2.155323858
5.5	-0.3818429692	-2.229358826
5.6	-0.606921512	-2.264507764
5.7	-0.8329683088	-2.246458252
5.8	-1.054049604	-2.163724708
5.9	-1.263385418	-2.011481665
6	-1.454173628	-1.794402851
6.1	-1.620574493	-1.526804879
6.2	-1.758544541	-1.229551151
6.3	-1.866244575	-0.9249707359
6.4	-1.943934837	-0.6320599727
6.5	-1.993482981	-0.3637147733
6.6	-2.017715889	-0.1263352062
6.7	-2.019823404	0.07895351746
6.8	-2.002918742	0.2544941457
6.9	-1.969778251	0.4044433707
7	-1.922723679	0.5335801014
7.1	-1.863599248	0.6465912124
7.2	-1.793800807	0.7477224671
7.3	-1.714327165	0.8406623124
7.4	-1.625836143	0.9285520197
7.5	-1.528696063	1.014050526
7.6	-1.423030097	1.09941255
7.7	-1.308754021	1.186549632
7.8	-1.185606866	1.277063536
7.9	-1.053185746	1.372231757
8	-0.9109757506	1.472928713
8.1	-0.7584041142	1.579476034
8.2	-0.5949011778	1.69137351
8.3	-0.4200056685	1.806921038
8.4	-0.2335063009	1.922716741
8.5	-0.03564028062	2.033084752
8.6	0.1726522082	2.129595762
8.7	0.3894433153	2.200960669
8.8	0.6115577488	2.233718734
8.9	0.8344388992	2.214128817
9	1.052267597	2.131283449
9.1	1.25842854	1.980743346
9.2	1.446305079	1.767186587
9.3	1.610221035	1.504495974
9.4	1.746235802	1.212793214
9.5	1.852534393	0.9136184127
9.6	1.929330329	0.6253671508
9.7	1.978398665	0.3606279409
9.8	2.002457385	0.1257603105
9.9	2.004592089	-0.07797911079
10	1.987829823	-0.252729087
10.1	1.954881591	-0.4024395142
10.2	1.90802302	-0.5317142739
10.3	1.84906765	-0.6451076376
10.4	1.779391857	-0.7467726389
10.5	1.699982584	-0.8403364537
10.6	1.611490592	-0.9289022707
10.7	1.514280416	-1.015106115
10.8	1.408473076	-1.101187474
10.9	1.293983161	-1.189046673
11	1.17055101	-1.280272829
11.1	1.037774166	-1.376120341
11.2	0.8951442601	-1.477433768
11.3	0.7420953718	-1.584478066
11.4	0.578075488	-1.696672961
11.5	0.4026478616	-1.812203673
11.6	0.2156396352	-1.927509677
11.7	0.01734545679	-2.036726971
11.8	-0.1912183272	-2.131228766
11.9	-0.4080304275	-2.199572043
12	-0.629811781	-2.228279415
12.1	-0.8519106025	-2.203813787
12.2	-1.068447138	-2.115750677
12.3	-1.272805983	-1.960358939
12.4	-1.458445169	-1.74306584
12.5	-1.619829745	-1.478292768
12.6	-1.753195815	-1.186313815
12.7	-1.856899558	-0.8884225799
12.8	-1.931286717	-0.6025161439
12.9	-1.978210548	-0.3406316379
13	-2.000416054	-0.1086716103
13.1	-2.000977741	0.09240890379
13.2	-1.982888955	0.2649037457
13.3	-1.948817211	0.4128100234
13.4	-1.900993539	0.5407147701
13.5	-1.841190266	0.6531251152
13.6	-1.770747839	0.7541379518
13.7	-1.690622883	0.8473272079
13.8	-1.601440819	0.9357495486
13.9	-1.503544773	1.022003428
14	-1.397038367	1.108297333
14.1	-1.281821104	1.196504756
14.2	-1.157621226	1.28818571
14.3	-1.024027001	1.384564829
14.4	-0.8805242945	1.486438947
14.5	-0.72654836	1.594009211
14.6	-0.5615539163	1.706598722
14.7	-0.3851243473	1.822250189
14.8	-0.1971240995	1.937215139
14.9	0.0020952091	2.04538992
15	0.2114344674	2.137884926
15.1	0.4287630947	2.203032607
15.2	0.6506768965	2.227261181
15.3	0.8724016466	2.197196632
15.4	1.087967526	2.102911346
15.5	1.29073449	1.941465031
15.6	1.474222145	1.719172878
15.7	1.633038748	1.451154758
15.8	1.763613541	1.157963123
15.9	1.864500411	0.8607107142
16	1.936207218	0.5767977072
16.1	1.980692794	0.3176630005
16.2	2.000750419	0.08868462092
16.3	1.999457846	-0.1095519122
16.4	1.979782991	-0.2795502908
16.5	1.944353436	-0.4253947211
16.6	1.895355829	-0.5516805561
16.7	1.834519651	-0.6628817563
16.8	1.763146811	-0.763045661
16.9	1.682160474	-0.8556942348
17	1.592157576	-0.9438377422
17.1	1.493457368	-1.030034531
17.2	1.38614271	-1.116459318
17.3	1.270095939	-1.204955223
17.4	1.145031003	-1.297054467
17.5	1.010525048	-1.393942748
17.6	0.8660572599	-1.496371742
17.7	0.7110606322	-1.604470532
17.8	0.5449986016	-1.717458213
17.9	0.367474266	-1.833231932
18	0.1783884102	-1.947839319
18.1	-0.02184637105	-2.054925484
18.2	-0.232043559	-2.145325513
18.3	-0.4499601787	-2.207133455
18.4	-0.6720615122	-2.226691404
18.5	-0.8934462213	-2.190804986
18.6	-1.108052798	-2.090073387
18.7	-1.309218202	-1.922382063
18.8	-1.490528288	-1.69496005
18.9	-1.646740841	-1.423628225
19	-1.774484295	-1.1292052
19.1	-1.872514058	-0.8326019633
19.2	-1.941501904	-0.5507030884
19.3	-1.983512664	-0.2943401001
19.4	-2.001387928	-0.06836302208
19.5	-1.998208562	0.1270117726
19.6	-1.976916772	0.2944974741
19.7	-1.940100117	0.4382644635
19.8	-1.889900829	0.5629165986
19.9	-1.828005414	0.6728951268
20	-1.755677055	0.7721982071
20.1	-1.673805338	0.8642968657
20.2	-1.582958588	0.9521544252
20.3	-1.48343142	1.038289532
20.4	-1.375286272	1.124843398
20.5	-1.258387927	1.213629445
20.6	-1.132435602	1.306146745
20.7	-0.9969953948	1.403547559
20.8	-0.8515391989	1.506530318
20.9	-0.6955002853	1.615152111
21	-0.5283491047	1.72852565
21.1	-0.349709793	1.844391058
21.2	-0.1595235224	1.958589755
21.3	0.04173506543	2.064508254
21.4	0.2527903357	2.152702927
21.5	0.4712825678	2.211040905
21.6	0.6935448927	2.225789492
21.7	0.9145500043	2.183963698
21.8	1.128148546	2.076724531
21.9	1.32766142	1.902806765
22	1.50674894	1.670350755
22.1	1.660325008	1.395852402
22.2	1.785220009	1.10035417
22.3	1.880390049	0.804529588
22.4	1.946667199	0.5247301608
22.5	1.986217692	0.2711783525
22.6	2.001927199	0.04820679921
22.7	1.996876765	-0.1443242178
22.8	1.973981418	-0.3093257883
22.9	1.935787966	-0.451047163
23	1.884394139	-0.5740961587
23.1	1.821443733	-0.6828793677
23.2	1.748161588	-0.7813454769
23.3	1.665404014	-0.8729142621
23.4	1.573710858	-0.9605033932
23.5	1.473352888	-1.046592286
23.6	1.364371811	-1.133288502
23.7	1.246614961	-1.222374491
23.8	1.119767602	-1.315321113
23.9	0.9833846235	-1.413237853
24	0.8369319209	-1.516776956
24.1	0.6798415868	-1.625914326
24.2	0.5115942705	-1.739652694
24.3	0.3318362842	-1.855573708
24.4	0.140549379	-1.969303855
24.5	-0.06172552918	-2.073968539
24.6	-0.2736206986	-2.159845527
24.7	-0.4926583202	-2.21458087
24.8	-0.7150385509	-2.224392757
24.9	-0.9356097186	-2.176537011
25	-1.148139998	-2.062768838
25.1	-1.345942303	-1.882691033
25.2	-1.522759955	-1.645347459
25.3	-1.67366937	-1.367872639
25.4	-1.7957052	-1.071487261
25.5	-1.888021906	-0.7765902402
25.6	-1.951606796	-0.4989822628
25.7	-1.988721801	-0.2482803702
25.8	-2.002292067	-0.02831264889
25.9	-1.99539564	0.1614010402
26	-1.970918423	0.3239567959
26.1	-1.931365848	0.4636736388
26.2	-1.87879113	0.585158616
26.3	-1.814795661	0.6927814505
26.4	-1.740566358	0.7904406581
26.5	-1.656926803	0.881505605
26.6	-1.564388871	0.9688481336
26.7	-1.463199383	1.054909389
26.8	-1.353380195	1.14176379
26.9	-1.234761166	1.231164464
27	-1.10701412	1.324548598
27.1	-0.9696825641	1.422990195
27.2	-0.8222268645	1.52708214
27.3	-0.6640799943	1.636727744
27.4	-0.4947317869	1.750809052
27.5	-0.3138539483	1.866744589
27.6	-0.1214714648	1.979943083
27.7	0.08180848408	2.083262289
27.8	0.2945217093	2.16670569
27.9	0.5140698794	2.217709362
28	0.7365203293	2.222462059
28.1	0.9565994499	2.16849509
28.2	1.167998759	2.048190898
28.3	1.364031653	1.862036179
28.4	1.538533203	1.619965978
28.5	1.686748191	1.339715535
28.6	1.805916938	1.042635253
28.7	1.895389523	0.748813192
28.8	1.95630321	0.473485609
28.9	1.99101008	0.2256679913
29	2.002469686	0.008698280173
29.1	1.993753863	-0.1782278251
29.2	1.967717812	-0.3383782436
29.3	1.926824922	-0.4761335192
29.4	1.873083906	-0.5960950361
29.5	1.808054136	-0.7025935934
29.6	1.732885106	-0.7994770333
29.7	1.648368016	-0.8900643794
29.8	1.554987346	-0.9771831657
29.9	1.452966567	-1.063235736
30	1.34230714	-1.150264754
30.1	1.222823283	-1.239992957
30.2	1.094171393	-1.333825165
30.3	0.9558863839	-1.432795416
30.4	0.8074223177	-1.537442789
30.5	0.6482134017	-1.647584187
30.6	0.4777618844	-1.761985191
30.7	0.2957639999	-1.877894107
30.8	0.1022900521	-1.990493925
30.9	-0.1019808194	-2.092375358
31	-0.3154877909	-2.173266428
31.1	-0.5355102879	-2.220405244
31.2	-0.7579817538	-2.219979716
31.3	-0.9775096415	-2.159828024
31.4	-1.187715054	-2.032991207
31.5	-1.381920354	-1.840853722
31.6	-1.554060799	-1.594225785
31.7	-1.699555399	-1.31140173
31.8	-1.815851234	-1.013816426
31.9	-1.90249078	-0.721212639
32	-1.960755724	-0.4482489451
32.1	-1.993082173	-0.203345431
32.2	-2.002459901	0.01063481468
32.3	-1.991951403	0.1948046818
32.4	-1.964379464	0.3525913594
32.5	-1.922164916	0.4884282992
32.6	-1.867272061	0.6069068226
32.7	-1.801218613	0.712316891
32.8	-1.725117124	0.8084554796
32.9	-1.639727062	0.898591742
33	-1.545505666	0.9855086291
33.1	-1.442653291	1.071571914
33.2	-1.331152383	1.158791307
33.3	-1.21079942	1.248859867
33.4	-1.081239264	1.343150467
33.5	-0.9419952381	1.442655617
33.6	-0.7925174229	1.547854435
33.7	-0.6322422688	1.658482699
33.8	-0.4606835334	1.773177945
33.9	-0.2775660577	1.889014494
34	-0.08300800705	2.000947345
34.1	0.1222402632	2.101293652
34.2	0.3365162239	2.179512498
34.3	0.556974833	2.222657649
34.4	0.77941664	2.216937157
34.5	0.998333143	2.150532572
34.6	1.207281494	2.017174838
34.7	1.399601893	1.819156748
34.8	1.569338227	1.568145004
34.9	1.712088646	1.282952114
35	1.825507537	0.9850486303
35.1	1.90932638	0.6938004428
35.2	1.964965665	0.4232786962
35.3	1.994940191	0.1813146689
35.4	2.002264868	-0.02968809309
35.5	1.989990108	-0.2111347687
35.6	1.960904916	-0.3665996163
35.7	1.917387022	-0.5005614188
35.8	1.861356441	-0.6175971287
35.9	1.794289653	-0.7219542327
36	1.717262786	-0.8173784298
36.1	1.631003857	-0.9070892413
36.2	1.53594354	-0.9938267433
36.3	1.43225966	-1.079919085
36.4	1.319914758	-1.167344972
36.5	1.198690425	-1.257767073
36.6	1.068216479	-1.352524793
36.7	0.9280086125	-1.452568363
36.8	0.7775117914	-1.558318986
36.9	0.6161651064	-1.669419716
37	0.4434973144	-1.784382288
37.1	0.2592612757	-1.90010103
37.2	0.06362458328	-2.01129484
37.3	-0.1425851155	-2.110008649
37.4	-0.3576031429	-2.185433227
37.5	-0.5784589112	-2.224451586
37.6	-0.8008194632	-2.213323087
37.7	-1.019063963	-2.140604982
37.8	-1.226692452	-2.000746817
37.9	-1.417071644	-1.796958687
38	-1.58436217	-1.541742762
38.1	-1.724346433	-1.2543849
38.2	-1.834886251	-0.9563468623
38.3	-1.915898188	-0.6665865539
38.4	-1.96893586	-0.3985789449
38.5	-1.996586726	-0.1595756346
38.6	-2.001887065	0.04846378196
38.7	-1.987872222	0.2272216482
38.8	-1.957295985	0.380407156
38.9	-1.912492661	0.5125368197
39	-1.85533811	0.6281694918
39.1	-1.787267976	0.7315085367
39.2	-1.709322434	0.8262483285
39.3	-1.622198732	0.9155595377
39.4	-1.526301185	1.002138853
39.5	-1.421785106	1.088279054
39.6	-1.308594761	1.175926569
39.7	-1.186494397	1.266714433
39.8	-1.05510323	1.36194895
39.9	-0.9139256778	1.462535682
40	-0.7624048678	1.568833486
40.1	-0.5999825519	1.680394732
40.2	-0.4262025554	1.795595933
40.3	-0.2408493479	1.911147205
40.4	-0.0441425467	2.021528134
40.5	0.1630129867	2.118507137
40.6	0.3787458233	2.191014102
40.7	0.5999580718	2.225776684
40.8	0.8221845224	2.209130238
40.9	1.039695681	2.130044024
41	1.245941569	1.98371508
41.1	1.43432442	1.774275642
41.2	1.59912958	1.515039264
41.3	1.736327817	1.225720863
41.4	1.843988075	0.9277272242
41.5	1.922208059	0.6395808569
41.6	1.972668642	0.374154396
41.7	1.998024763	0.1381286267
41.8	2.001329298	-0.06696468529
41.9	1.985600155	-0.2430692547
42	1.953554705	-0.3940181106
42.1	1.907483435	-0.524358531
42.2	1.849218273	-0.6386275047
42.3	1.780154477	-0.7409830597
42.4	1.70129677	-0.8350679686
42.5	1.613311925	-0.9240044673
42.6	1.516578561	-1.010447336
42.7	1.411229958	-1.096653239
42.8	1.297191481	-1.184537718
42.9	1.174212468	-1.275704415
43	1.041898477	-1.371423088
43.1	0.8997469107	-1.472557417
43.2	0.7471957424	-1.579398238
43.3	0.5836936775	-1.691403892
43.4	0.4087997831	-1.806814663
43.5	0.2223306722	-1.922147282
43.6	0.02456166633	-2.031638832
43.7	-0.1835217372	-2.12677996
43.8	-0.3999405357	-2.196241766
43.9	-0.6214676629	-2.22661823
44	-0.8435062032	-2.204348408
44.1	-1.060222313	-2.118847518
44.2	-1.265023316	-1.966086622
44.3	-1.451355775	-1.751123359
44.4	-1.613637499	-1.488053861
44.5	-1.748031695	-1.196977774
44.6	-1.852813726	-0.899203733
44.7	-1.928258019	-0.6127920261
44.8	-1.976166794	-0.3500082171
44.9	-1.999256873	-0.1169728969
45	-2.000593951	0.08519349958
45.1	-1.983175997	0.2586814649
45.2	-1.949682723	0.4074367525
45.3	-1.90236059	0.5360305311
45.4	-1.842997807	0.6489746953
45.5	-1.772949666	0.7503806736
45.6	-1.69318599	0.8438399973
45.7	-1.604343617	0.9324264339
45.8	-1.506775509	1.018753719
45.9	-1.400593713	1.105043314
46	-1.285704824	1.19318039
46.1	-1.16184327	1.284736363
46.2	-1.028601995	1.380948918
46.3	-0.8854703339	1.482632011
46.4	-0.7318847511	1.590011923
46.5	-0.5672981765	1.702447447
46.6	-0.3912880475	1.818033938
46.7	-0.2037063495	1.933094823
46.8	-0.004884129702	2.041617211
46.9	0.204109546	2.134813376
47	0.4211842587	2.201106675
47.1	0.6429830621	2.226967794
47.2	0.8647788158	2.198972283
47.3	1.080637623	2.107016405
47.4	1.283931734	1.947870035
47.5	1.468161119	1.727515856
47.6	1.627883432	1.460805757
47.7	1.759457636	1.168175381
47.8	1.861364321	0.8707914235
47.9	1.934050138	0.5862289037
48	1.979432942	0.3261437464
48.1	2.000285991	0.09610805951
48.2	1.999683833	-0.1031533185
48.3	1.980602141	-0.2740623733
48.4	1.945682047	-0.4206672005
48.5	1.897125726	-0.5475567257
48.6	1.836677937	-0.6592145796
48.7	1.765654496	-0.7597046136
48.8	1.684990719	-0.8525666924
48.9	1.595293964	-0.9408276723
49	1.496892364	-1.027060119
49.1	1.38987628	-1.113450992
49.2	1.274134582	-1.201854171
49.3	1.149386328	-1.293812871
49.4	1.015213173	-1.39052555
49.5	0.8710966899	-1.492761368
49.6	0.7164705648	-1.600674188
49.7	0.550795859	-1.713520598
49.8	0.3736685201	-1.829250596
49.9	0.1849762005	-1.943983746
50	-0.01488962313	-2.051455533
50.1	-0.2247736148	-2.142599267
50.2	-0.4424730115	-2.205592942
50.3	-0.6644994526	-2.226810684
50.4	-0.8859967059	-2.192992779
50.5	-1.100935788	-2.094550266
50.6	-1.302661663	-1.929074883
50.7	-1.484736498	-1.703471974
50.8	-1.641864994	-1.433315091
50.9	-1.77060512	-1.139330895
51	-1.86964111	-0.8425031463
51.1	-1.939586926	-0.559898737
51.2	-1.982470007	-0.3025633529
51.3	-2.001114947	-0.07553265186
51.4	-1.998601496	0.1208472804
51.5	-1.977880804	0.2892161305
51.6	-1.941554432	0.4337138425
51.7	-1.891780182	0.5589411658
51.8	-1.830259628	0.6693506814
51.9	-1.758269533	0.768957663
52	-1.676711308	0.8612510194
52.1	-1.586163337	0.9492102858
52.2	-1.486928826	1.035368158
52.3	-1.379077556	1.121877562
52.4	-1.262480359	1.210562642
52.5	-1.13684177	1.302933308
52.6	-1.001731637	1.400154927
52.7	-0.8566243744	1.50294361
52.8	-0.700953513	1.611382924
52.9	-0.5341864624	1.724623233
53	-0.3559400263	1.840459483
53.1	-0.1661413808	1.954806939
53.2	0.03475721101	2.061142847
53.3	0.2455117412	2.15012151
53.4	0.4638033675	2.209689805
53.5	0.6860117741	2.226138087
53.6	0.9071537327	2.18640494
53.7	1.121110189	2.081451173
53.8	1.321206911	1.909711699
53.9	1.501077275	1.679007758
54	1.655579776	1.405602362
54.1	1.781473722	1.110463867
54.2	1.877645098	0.8143528779
54.3	1.944870282	0.5338096717
54.4	1.985280535	0.2792697434
54.5	2.001746498	0.05524582528
54.6	1.997349444	-0.1382786463
54.7	1.975014113	-0.3041466138
54.8	1.937301633	-0.4465806375
54.9	1.886325311	-0.5701875627
55	1.823743871	-0.6793863053
55.1	1.750795543	-0.7781429403
55.2	1.668348226	-0.8698950139
55.3	1.576951686	-0.9575763203
55.4	1.476885116	-1.043679833
55.5	1.3681973	-1.130324857
55.6	1.250741789	-1.219304294
55.7	1.124208519	-1.312100179
55.8	0.9881567015	-1.409835344
55.9	0.8420537988	-1.513180142
56	0.6853325287	-1.622137786
56.1	0.5174697621	-1.735750884
56.2	0.3381038367	-1.851656726
56.3	0.1472021022	-1.965557695
56.4	-0.05471788843	-2.070671272
56.5	-0.2663210756	-2.157372149
56.6	-0.4851712424	-2.213383334
56.7	-0.7075150936	-2.224937313
56.8	-0.9282442768	-2.17920206
56.9	-1.141155218	-2.067721035
57	-1.339562682	-1.889791218
57.1	-1.517179949	-1.654141431
57.2	-1.669025899	-1.377686781
57.3	-1.792063472	-1.081590749
57.4	-1.885377987	-0.7863526747
57.5	-1.949902991	-0.5079676964
57.6	-1.987867537	-0.2562643549
57.7	-2.002183496	-0.03524576537
57.8	-1.995930327	0.1554507963
57.9	-1.972004315	0.3188581817
58	-1.932925443	0.4592719202
58.1	-1.880762508	0.5812998704
58.2	-1.817131701	0.6893248946
58.3	-1.743233157	0.7872631202
58.4	-1.659901873	0.878501545
58.5	-1.567659451	0.9659279067
58.6	-1.466761043	1.051996766
58.7	-1.357235473	1.138794053
58.8	-1.238918583	1.228083168
58.9	-1.111487077	1.321313012
59	-0.9744880807	1.419570595
59.1	-0.8273841225	1.523468521
59.2	-0.6696076672	1.63293777
59.3	-0.5006450212	1.746901426
59.4	-0.320159332	1.862836426
59.5	-0.128159921	1.976228441
59.6	0.07476991485	2.080028876
59.7	0.2871994173	2.164337641
59.8	0.5065728355	2.216662408
59.9	0.7290041677	2.223199236
60	0.9492620995	2.171379697
60.1	1.161064291	2.053362952
60.2	1.357723026	1.869324606
60.3	1.533040289	1.628889848
60.4	1.682201269	1.349588205
60.5	1.802374169	1.052729691
60.6	1.892840918	0.7585149997
60.7	1.954686941	0.4823795839
60.8	1.990233475	0.2335489974
60.9	2.002428512	0.01553094244
61	1.994346402	-0.1723672762
61.1	1.968853291	-0.3333548049
61.2	1.928427357	-0.4717916664
61.3	1.875092871	-0.5922817602
61.4	1.81042387	-0.6991697218
61.5	1.735582888	-0.7963211304
61.6	1.651372383	-0.8870726214
61.7	1.558286433	-0.9742672545
61.8	1.456556617	-1.060320633
61.9	1.346191373	-1.14728675
62	1.227010708	-1.236898916
62.1	1.098675823	-1.330573059
62.2	0.9607251727	-1.429357627
62.3	0.8126145628	-1.533811111
62.4	0.6537778376	-1.643779748
62.5	0.4837129563	-1.758071849
62.6	0.3021069574	-1.873995191
62.7	0.1090141612	-1.986812092
62.8	-0.09491131883	-2.089207662
62.9	-0.3081432476	-2.171005194
63	-0.5280040438	-2.219511278
63.1	-0.7504738469	-2.220911388
63.2	-0.9702014345	-2.162932199
63.3	-1.180831837	-2.038380771
63.4	-1.375683279	-1.848326013
63.5	-1.548654977	-1.603273585
63.6	-1.695104395	-1.321326855
63.7	-1.812406175	-1.023896798
63.8	-1.900035842	-0.7308507985
63.9	-1.959225164	-0.4570507222
64	-1.99238143	-0.2111242598
64.1	-2.00248444	0.003900943774
64.2	-1.992600291	0.1890316673
64.3	-1.96556326	0.3476408287
64.4	-1.923809135	0.4841441955
64.5	-1.869317754	0.6031371155
64.6	-1.80362136	0.7089240437
64.7	-1.727845378	0.8053198307
64.8	-1.642760354	0.895611019
64.9	-1.548832951	0.9825959602
65	-1.446271578	1.068653434
65.1	-1.335065462	1.155804392
65.2	-1.215016836	1.245752146
65.3	-1.085775229	1.339881515
65.4	-0.9468673212	1.439199004
65.5	-0.7977449302	1.544204669
65.6	-0.6378435148	1.65466429
65.7	-0.4666723957	1.769259427
65.8	-0.2839467219	1.885126322
65.9	-0.08976752126	1.997300645
66	0.1151405887	2.098195128
66.1	0.329150432	2.177363188
66.2	0.5494607515	2.221921188
66.3	0.7719187501	2.218066631
66.4	0.9910560678	2.153857436
66.5	1.200451475	2.022779718
66.6	1.393437964	1.826807228
66.7	1.564020462	1.577309457
66.8	1.707733829	1.292922553
66.9	1.822159852	0.9951094123
67	1.906964303	0.7033714717
67.1	1.963519739	0.4319866299
67.2	1.994314141	0.1889913106
67.3	2.002354036	-0.02305197569
67.4	1.990694391	-0.2054478285
67.5	1.962136225	-0.3617203812
67.6	1.919072389	-0.4963334961
67.7	1.863438378	-0.613869588
67.8	1.796725061	-0.7185911981
67.9	1.720021256	-0.8142619446
68	1.634065901	-0.9041186929
68.1	1.539298982	-0.9909165751
68.2	1.435906168	-1.076996566
68.3	1.323856759	-1.164348432
68.4	1.202937943	-1.254645496
68.5	1.072784105	-1.349238508
68.6	0.9329142275	-1.449093067
68.7	0.7827745742	-1.554651288
68.8	0.6218033263	-1.665587705
68.9	0.4495241157	-1.780459999
69	0.2656793693	-1.896225595
69.1	0.07041911433	-2.007686236
69.2	-0.1354557803	-2.106983006
69.3	-0.3502171112	-2.183399237
69.4	-0.5709384853	-2.223876302
69.5	-0.7933334401	-2.214653108
69.6	-1.011820071	-2.144151096
69.7	-1.219917617	-2.006564925
69.8	-1.410982474	-1.804783015
69.9	-1.579133496	-1.551017673
70	-1.720088142	-1.264394076
70.1	-1.831635656	-0.9663825741
70.2	-1.91362826	-0.6760869729
70.3	-1.967573642	-0.4071916177
70.4	-1.996034372	-0.1671500778
70.5	-2.002039883	0.04192452113
70.6	-1.988631047	0.2216193687
70.7	-1.958574101	0.3755977154
70.8	-1.91421861	0.5083636547
70.9	-1.857455861	0.6244828272
71	-1.789735736	0.7281741846
71.1	-1.712110928	0.8231501089
71.2	-1.625289448	0.9125983316
71.3	-1.529684724	0.9992304701
71.4	-1.425459879	1.085351917
71.5	-1.312565758	1.172920141
71.6	-1.190772134	1.263578238
71.7	-1.059702705	1.358645298
71.8	-0.9188649698	1.459041252
71.9	-0.767703229	1.565148248
72	-0.6056577937	1.676549943
72.1	-0.4322672848	1.791670877
72.2	-0.2473048777	1.907286519
72.3	-0.05097165093	2.017960499
72.4	0.1558548198	2.115558249
72.5	0.3713407097	2.189100623
72.6	0.592432893	2.225367362
72.7	0.81471235	2.210664155
72.8	1.03248715	2.133812168
72.9	1.239223997	1.989743723
73	1.428311688	1.782267842
73.1	1.593991027	1.52441735
73.2	1.732166398	1.235761922
73.3	1.840834319	0.937732629
73.4	1.92002957	0.649007441
73.5	1.971389167	0.3826704239
73.6	1.997545094	0.145600951
73.7	2.001544838	-0.06052127988
73.8	1.986412707	-0.2375502755
73.9	1.954878962	-0.3892769734
74	1.909249453	-0.5202386891
74.1	1.85137146	-0.6349804516
74.2	1.782654321	-0.7376762955
74.3	1.704115113	-0.8319870405
74.4	1.616431212	-0.9210518444
74.5	1.519990208	-1.007540058
74.6	1.414933015	-1.093720911
74.7	1.301191613	-1.181520678
74.8	1.178520511	-1.272553619
74.9	1.046529993	-1.368101691
75	0.9047200176	-1.469044344
75.1	0.752529785	-1.575695264
75.2	0.5894062366	-1.687547127
75.3	0.4149023892	-1.802888389
75.4	0.2288233362	-1.918303357
75.5	0.03142522534	-2.028115179
75.6	-0.1763354165	-2.123911275
75.7	-0.3925175651	-2.19445267
75.8	-0.6139393459	-2.226378923
75.9	-0.8360498196	-2.206088938
76	-1.05305123	-2.12283792
76.1	-1.258364958	-1.972323227
76.2	-1.445421019	-1.759278462
76.3	-1.608590027	-1.497528698
76.4	-1.743967421	-1.207044396
76.5	-1.849756452	-0.909173747
76.6	-1.926170226	-0.6221416882
76.7	-1.974969118	-0.358426454
76.8	-1.998848923	-0.124343335
76.9	-2.00087129	0.07884498002
77	-1.984041477	0.2532443794
77.1	-1.951052469	0.4027624402
77.2	-1.904166163	0.5319626344
77.3	-1.845186044	0.6453660169
77.4	-1.775481336	0.7471004562
77.5	-1.696034035	0.8407754758
77.6	-1.607491386	0.9294815627
77.7	-1.510215234	1.015846954
77.8	-1.404325167	1.10210523
77.9	-1.289734096	1.190152394
78	-1.166181925	1.281570539
78.1	-1.033265632	1.377609603
78.2	-0.8904775	1.479099964
78.3	-0.7372546674	1.586292135
78.4	-0.573047953	1.698579267
78.5	-0.3974286249	1.814107666
78.6	-0.2102361621	1.929269998
78.7	-0.01178136079	2.038140657
78.8	0.196895979	2.132029632
78.9	0.4137445998	2.199446889
79	0.6354532743	2.226902682
79.1	0.8573402849	2.200922091
79.2	1.073506191	2.111229095
79.3	1.277334649	1.954311227
79.4	1.462305941	1.735827677
79.5	1.622927935	1.470369843
79.6	1.75549072	1.178260648
79.7	1.858403195	0.8807210785
79.8	1.932052301	0.5954986999
79.9	1.978316119	0.3344630512
80	1.999948742	0.103376867
80.1	2.000022053	-0.09689857756
80.2	1.981519757	-0.2687057934
80.3	1.947096631	-0.416058242
80.4	1.898970353	-0.543539383
80.5	1.838900859	-0.655643054
80.6	1.76821773	-0.7564498635
80.7	1.687868283	-0.8495176668
80.8	1.598470153	-0.9378898657
80.9	1.500360182	-1.024153141
81	1.393636108	-1.110506617
81.1	1.278193226	-1.198814761
81.2	1.153755536	-1.290631547
81.3	1.019909214	-1.387168162
81.4	0.8761380487	-1.489210615
81.5	0.7218764806	-1.596937409
81.6	0.5565831613	-1.709641976
81.7	0.3798470004	-1.825326004
81.8	0.1915427503	-1.94018025
81.9	-0.007958913418	-2.048029366
82	-0.2175335102	-2.139903872
82.1	-0.4350179721	-2.204066312
82.2	-0.6569698963	-2.226923597
82.3	-0.8785780262	-2.195154121
82.4	-1.093846115	-2.098984911
82.5	-1.296127769	-1.935717702
82.6	-1.478962353	-1.711935266
82.7	-1.637002322	-1.442962101
82.8	-1.766735711	-1.149428667
82.9	-1.866775706	-0.8523876824
83	-1.937678267	-0.5690860429
83.1	-1.981433106	-0.3107829137
83.2	-2.000847463	-0.08270018894
83.3	-1.998999704	0.1146852369
83.4	-1.978849802	0.2839386054
83.5	-1.943013246	0.429168789
83.6	-1.89366339	0.5549730337
83.7	-1.832516884	0.6658151095
83.8	-1.760864098	0.7657273738
83.9	-1.67961828	0.8582166392
84	-1.589367877	0.9462787102
84.1	-1.490424719	1.032460415
84.2	-1.38286592	1.118926351
84.3	-1.266568336	1.207511392
84.4	-1.141241913	1.299736312
84.5	-1.006460142	1.39677928
84.6	-0.8617001561	1.499373905
84.7	-0.7063956493	1.607630139
84.8	-0.5400111512	1.720734967
84.9	-0.3621564263	1.836537855
85	-0.1727447245	1.951027191
85.1	0.02779374458	2.057770268
85.2	0.2382461363	2.147519173
85.3	0.4563342376	2.208301602
85.4	0.6784841866	2.226433245
85.5	0.8997569731	2.188780233
85.6	1.114064435	2.086107257
85.7	1.314738154	1.916551883
85.8	1.495385607	1.687615635
85.9	1.650810672	1.415324675
86	1.777701915	1.120567696
86.1	1.874874966	0.8241878341
86.2	1.943049958	0.5429119411
86.3	1.98432254	0.2873887673
86.4	2.001547759	0.06231263616
86.5	1.997806743	-0.1322081116
86.6	1.976033716	-0.2989467162
86.7	1.938804052	-0.4420979943
86.8	1.888246623	-0.5662672623
86.9	1.826035118	-0.6758854927
87	1.753421204	-0.7749360625
87.1	1.67128443	-0.8668743668
87.2	1.580184521	-0.9546503516
87.3	1.480409131	-1.040770601
87.4	1.37201414	-1.127366294
87.5	1.254859422	-1.216240727
87.6	1.128639412	-1.308886931
87.7	0.9929180415	-1.406441721
87.8	0.8471640225	-1.509591782
87.9	0.6908110619	-1.618368893
88	0.5233321506	-1.73185406
88.1	0.344357987	-1.847739913
88.2	0.1538418492	-1.961804161
88.3	-0.04772203657	-2.067355512
88.4	-0.2590307518	-2.154866492
88.5	-0.4776894032	-2.212137393
88.6	-0.6999912263	-2.225418254
88.7	-0.9208714611	-2.18179305
88.8	-1.134155465	-2.072597624
88.9	-1.333160896	-1.896825254
89	-1.511572084	-1.662888284
89.1	-1.664351068	-1.387477857
89.2	-1.788389287	-1.091694675
89.3	-1.882702603	-0.7961336616
89.4	-1.948170172	-0.5169827365
89.5	-1.986987495	-0.2642823372
89.6	-2.002052564	-0.04221236253
89.7	-1.996445839	0.1494705804
89.8	-1.973073794	0.313734442
89.9	-1.93447088	0.4548502567
90	-1.882721472	0.5774260842
90.1	-1.819456607	0.6858576664
90.2	-1.745889702	0.7840786904
90.3	-1.662867205	0.8754937685
90.4	-1.570920513	0.96300673
90.5	-1.470313187	1.049085507
90.6	-1.361080972	1.135827627
90.7	-1.243065842	1.22500671
90.8	-1.115949205	1.318083621
90.9	-0.9792822163	1.416157827
91	-0.8325292939	1.519862013
91.1	-0.6751224989	1.629153519
91.2	-0.5065451103	1.742996557
91.3	-0.3264515106	1.858926163
91.4	-0.1348356786	1.972503634
91.5	0.06774245679	2.076774018
91.6	0.2798853352	2.161933993
91.7	0.4990796464	2.215563263
91.8	0.7214859104	2.223869445
91.9	0.9419154639	2.174188071
92	1.154112857	2.058458755
92.1	1.35139028	1.876547841
92.2	1.527517669	1.63776893
92.3	1.677621364	1.359440672
92.4	1.798797617	1.0628273
92.5	1.890259816	0.7682377717
92.6	1.953040854	0.4913050179
92.7	1.989430427	0.2414652588
92.8	2.002364404	0.02239796719
92.9	1.994919277	-0.1664761231
93	1.969971917	-0.3283058208
93.1	1.930015229	-0.467429546
93.2	1.877089048	-0.5884531734
93.3	1.812782121	-0.6957349305
93.4	1.738270088	-0.7931581055
93.5	1.654366717	-0.8840769894
93.6	1.561575744	-0.9713501677
93.7	1.46013685	-1.057406707
93.8	1.350065627	-1.144311849
93.9	1.231187682	-1.233809642
94	1.103169322	-1.327326846
94.1	0.96555239	-1.425926684
94.2	0.8177945107	-1.530185839
94.3	0.6593294793	-1.63998045
94.4	0.4896508004	-1.754160773
94.5	0.3084366392	-1.870093055
94.6	0.1157258598	-1.983118739
94.7	-0.0878525738	-2.086016653
94.8	-0.3008064551	-2.168705906
94.9	-0.520500975	-2.218563418
95	-0.7429629473	-2.221774772
95.1	-0.9628829139	-2.165959547
95.2	-1.173930593	-2.04369454
95.3	-1.369421115	-1.855734629
95.4	-1.543218706	-1.612278821
95.5	-1.690619935	-1.33123451
95.6	-1.808927087	-1.033982688
95.7	-1.897548327	-0.740511531
95.8	-1.957664829	-0.4658849066
95.9	-1.991654371	-0.21893876
96	-2.002486199	-0.002867265333
96.1	-1.993229643	0.183228292
96.2	-1.966730308	0.3426650561
96.3	-1.925438864	0.4798401458
96.4	-1.871350701	0.5993523969
96.5	-1.806012636	0.7055205433
96.6	-1.730563042	0.8021773029
96.7	-1.645783578	0.8926265484
96.8	-1.552150375	0.9796822877
96.9	-1.44988003	1.065736254
97	-1.338968445	1.152820741
97.1	-1.219223785	1.242648906
97.2	-1.09030002	1.336618616
97.3	-0.9517276435	1.435747963
97.4	-0.8029602147	1.540561982
97.5	-0.6434316638	1.650850506
97.6	-0.4726483109	1.765342344
97.7	-0.2903144632	1.881234567
97.8	-0.09651430494	1.993641518
97.9	0.1080513886	2.095072661
98	0.321791742	2.175174905
98.1	0.5419491881	2.221128567
98.2	0.7644171422	2.21912613
98.3	0.983767927	2.157104887
98.4	1.193602752	2.028309443
98.5	1.387248396	1.834395904
98.6	1.55867183	1.586434043
98.7	1.703345349	1.302877675
98.8	1.818778203	1.005177516
98.9	1.904569934	0.7129663551
99	1.962044484	0.4407274646
99.1	1.993662138	0.1967036081
99.2	2.00242076	-0.0163817328
99.3	1.991379469	-0.1997308996
99.4	1.96335106	-0.3568163999
99.5	1.920743492	-0.4920860935
99.6	1.865507755	-0.6101274493
99.7	1.799149143	-0.7152178252
99.8	1.722769226	-0.8111388391
99.9	1.637118002	-0.9011447808
100	1.542644691	-0.9880054723
100.1	1.439542772	-1.074075556
100.2	1.327788884	-1.16135515
100.3	1.207174659	-1.25152864
100.4	1.077340881	-1.345958276
100.5	0.9378081577	-1.445624879
100.6	0.7880250089	-1.550989165
100.7	0.6274289384	-1.661760671
100.8	0.4555376043	-1.776539245
100.9	0.2720841985	-1.892345265
101	0.07720193172	-2.004064073
101.1	-0.1283365043	-2.103930682
101.2	-0.3428380553	-2.181323639
101.3	-0.5634200228	-2.223244423
101.4	-0.7858429048	-2.215912882
101.5	-1.004564147	-2.147619843
101.6	-1.213123025	-2.012309046
101.7	-1.404866759	-1.812547711
101.8	-1.573873449	-1.560255212
101.9	-1.715796001	-1.274391071
102	-1.828351066	-0.9764279847
102.1	-1.911326106	-0.6856126754
102.2	-1.966182135	-0.4158380988
102.3	-1.995456396	-0.1747604612
102.4	-2.002170574	0.03535144308
102.5	-1.989370909	0.2159875508
102.6	-1.959835963	0.3707639426
102.7	-1.915930466	0.504171446
102.8	-1.85956117	0.6207819604
102.9	-1.792192258	0.7248299106
103	-1.714889029	0.8200456309
103.1	-1.628370181	0.9096337895
103.2	-1.533058428	0.9963216192
103.3	-1.429124929	1.082426353
103.4	-1.316526448	1.169917243
103.5	-1.195039787	1.260447734
103.6	-1.064290923	1.355347617
103.7	-0.9237926946	1.455553684
103.8	-0.7729891045	1.561468957
103.9	-0.6113200539	1.672709317
104	-0.4383187865	1.787746498
104.1	-0.253747348	1.903420297
104.2	-0.05778864497	2.014378058
104.3	0.1487065941	2.112582056
104.4	0.3639420519	2.187144274
104.5	0.5849091091	2.22489914
104.6	0.8072350116	2.212126126
104.7	1.025265905	2.137502406
104.8	1.232486062	1.99569889
104.9	1.42227192	1.790201993
105	1.588820704	1.533760144
105.1	1.727970924	1.245792581
105.2	1.8376466	0.9477492694
105.3	1.917819078	0.658460292
105.4	1.970080789	0.3912204638
105.5	1.997040017	0.1531090682
105.6	2.001738458	-0.05404434679
105.7	1.987206485	-0.2320022192
105.8	1.956187088	-0.384512037
105.9	1.911001456	-0.5161002838
106	1.853512243	-0.6313196232
106.1	1.785142924	-0.7343599362
106.2	1.706922987	-0.8289001219
106.3	1.619540489	-0.9180962836
106.4	1.523391991	-1.004632409
106.5	1.418626134	-1.090790444
106.6	1.305181543	-1.178507418
106.7	1.182817848	-1.269407832
106.8	1.051150291	-1.364786661
106.9	0.9096811885	-1.465537852
107	0.7578513698	-1.571998228
107.1	0.5951057625	-1.683694714
107.2	0.4209915993	-1.798962429
107.3	0.2353030424	-1.914453193
107.4	0.03827690515	-2.024575693
107.5	-0.169158846	-2.121013619
107.6	-0.3851008028	-2.192619547
107.7	-0.6064119385	-2.226079881
107.8	-0.8285876586	-2.207757004
107.9	-1.045866734	-2.126750567
108	-1.251685548	-1.978487404
108.1	-1.439458706	-1.767377162
108.2	-1.603510556	-1.506970393
108.3	-1.739869124	-1.217103001
108.4	-1.846665437	-0.919156829
108.5	-1.924050738	-0.6315186757
108.6	-1.973742889	-0.3668791066
108.7	-1.99841598	-0.1317494581
108.8	-2.001127105	0.07246337778
108.9	-1.984888519	0.2477787888
109	-1.952406367	0.3980648939
109.1	-1.905957949	0.5278767099
109.2	-1.847362054	0.6417440432
109.3	-1.778001901	0.7438110864
109.4	-1.698871708	0.8377052958
109.5	-1.61062918	0.9265340576
109.6	-1.513645137	1.01294013
109.7	-1.40804669	1.099169244
109.8	-1.293753113	1.187128224
109.9	-1.1705099	1.278410182
110	-1.037917935	1.37427654
110.1	-0.8954727947	1.475574473
110.2	-0.7426120056	1.582578357
110.3	-0.5787846119	1.694714825
110.4	-0.4035559942	1.81018117
110.5	-0.2167530344	1.925438268
110.6	-0.01866669849	2.034647297
110.7	0.189691872	2.129216042
110.8	0.4063106178	2.197741471
110.9	0.6279238219	2.226776053
111	0.8498953074	2.202798322
111.1	1.066360684	2.115363981
111.2	1.270715951	1.96068105
111.3	1.456422784	1.744085188
111.4	1.617940162	1.479903297
111.5	1.751489717	1.18833996
111.6	1.855408488	0.8906653565
111.7	1.930023077	0.6047967366
111.8	1.97717113	0.3428170408
111.9	1.999586852	0.1106811585
112	2.000339066	-0.09061113348
112.1	1.982419212	-0.2633212242
112.2	1.948495588	-0.4114265936
112.3	1.900801363	-0.5395045092
112.4	1.841111678	-0.6520586732
112.5	1.770769931	-0.7531862953
112.6	1.690735507	-0.8464633224
112.7	1.601636413	-0.9349497167
112.8	1.503818164	-1.021246268
112.9	1.397385959	-1.107564528
113	1.282241637	-1.195779538
113.1	1.158113857	-1.287455238
113.2	1.024593955	-1.383817406
113.3	0.8811670581	-1.485665961
113.4	0.7272700872	-1.593206522
113.5	0.5623573382	-1.70576753
113.6	0.3860119824	-1.821400507
113.7	0.19809679	-1.936369036
113.8	-0.001039630216	-2.044584792
113.9	-0.2103026644	-2.137176339
114	-0.4275681922	-2.202493425
114.1	-0.6494399944	-2.226974551
114.2	-0.8711520746	-2.197241735
114.3	-1.086741461	-2.103342253
114.4	-1.289571392	-1.942290306
114.5	-1.473159582	-1.720345777
114.6	-1.632107068	-1.452580845
114.7	-1.762832194	-1.159523172
114.8	-1.863876857	-0.8622888402
114.9	-1.935738442	-0.5783027515
115	-1.980368339	-0.3190376062
115.1	-2.000555724	-0.08990326086
115.2	-1.999377077	0.1084908688
115.3	-1.979800959	0.2786335222
115.4	-1.944456717	0.4246014779
115.5	-1.895533218	0.5509877917
115.6	-1.834762234	0.6622670637
115.7	-1.763447819	0.7624886772
115.8	-1.682515047	0.8551770937
115.9	-1.592562521	0.9433450555
116	-1.493910931	1.029553019
116.1	-1.386644316	1.115977666
116.2	-1.270646173	1.204463693
116.3	-1.145631117	1.296545187
116.4	-1.01117734	1.393409614
116.5	-0.8667641933	1.495811404
116.6	-0.7118249546	1.603882966
116.7	-0.5458228822	1.71684933
116.8	-0.3683599452	1.832615253
116.9	-0.1793351261	1.947238862
117	0.02084182316	2.054378911
117.1	0.2309891621	2.144885014
117.2	0.4488697388	2.206863898
117.3	0.6709556481	2.226663526
117.4	0.8923522964	2.191080077
117.5	1.10700313	2.090685836
117.6	1.308246493	1.923323417
117.7	1.489664972	1.696173929
117.8	1.646008732	1.425021268
117.9	1.773895949	1.130669854
118	1.872071604	0.8340405874
118.1	1.941198918	0.5520441214
118.2	1.983337089	0.2955430564
118.3	2.001325087	0.06941462759
118.4	1.998243501	-0.1261056083
118.5	1.977035736	-0.2937198226
118.6	1.940291313	-0.4375936832
118.7	1.890154693	-0.562330372
118.8	1.828314551	-0.6723726286
118.9	1.756036031	-0.7717210112
119	1.674210452	-0.8638490909
119.1	1.583407577	-0.9517224611
119.2	1.483923287	-1.037861905
119.3	1.375821137	-1.124410208
119.4	1.258966676	-1.213182445
119.5	1.133060093	-1.305679193
119.6	0.9976678522	-1.403054666
119.7	0.8522623248	-1.506009687
119.8	0.6962768275	-1.614605568
119.9	0.5291812854	-1.727959928
120	0.3505989551	-1.843821007
120.1	0.1604689559	-1.958041015
120.2	-0.04073742885	-2.064019255
120.3	-0.2517489696	-2.152326462
120.4	-0.4702117813	-2.210841122
120.5	-0.6924657726	-2.225833697
120.6	-0.9134899349	-2.184308281
120.7	-1.127139255	-2.077397091
120.8	-1.326735334	-1.903791831
120.9	-1.505934622	-1.671587133
121	-1.65964305	-1.397245676
121.1	-1.784680826	-1.101799313
121.2	-1.879994016	-0.8059341129
121.3	-1.946406722	-0.5260286462
121.4	-1.986080191	-0.2723358285
121.5	-2.00189793	-0.04921406761
121.6	-1.996941008	0.1434588151
121.7	-1.97412584	0.3085841331
121.8	-1.936001275	0.4504073419
121.9	-1.884667263	0.5735361061
122	-1.82176973	0.682378765
122.1	-1.748535431	0.7808864771
122.2	-1.665822318	0.8724815193
122.3	-1.57417167	0.9600839392
122.4	-1.473855472	1.046174976
122.5	-1.364916371	1.132863966
122.6	-1.247202745	1.221934669
122.7	-1.120400202	1.314859911
122.8	-0.9840648439	1.412750954
122.9	-0.8376620297	1.516262196
123	-0.6806246519	1.625373923
123.1	-0.5124323129	1.739094774
123.2	-0.3327302979	1.85501372
123.3	-0.1414985434	1.968768595
123.4	0.06072565073	2.073497773
123.5	0.2725792044	2.159492754
123.6	0.4915901853	2.214411291
123.7	0.7139653757	2.224472556
123.8	0.9345593235	2.176919908
123.9	1.147144197	2.063478173
124	1.345033101	1.88370639
124.1	1.52196502	1.646603536
124.2	1.673008147	1.369273166
124.3	1.79518686	1.072927921
124.4	1.887645788	0.7779813906
124.5	1.951364612	0.5002621702
124.6	1.988600614	0.2494172872
124.7	2.002277062	0.02929976709
124.8	1.995472214	-0.1605538617
124.9	1.971073482	-0.3232307854
125	1.931588365	-0.4630467403
125.1	1.8790723	-0.584608899
125.2	1.815128788	-0.6922888723
125.3	1.740946632	-0.7899877066
125.4	1.65735103	-0.8810772155
125.5	1.564855227	-0.9684315883
125.6	1.463707286	-1.054493843
125.7	1.353929985	-1.141340067
125.8	1.235354066	-1.23072454
125.9	1.107652072	-1.324086863
126	0.9703679579	-1.422502044
126.1	0.8229625327	-1.526566484
126.2	0.6648684421	-1.636187
126.3	0.4955752311	-1.750251562
126.4	0.3147534169	-1.866187427
126.5	0.1224254645	-1.979413915
126.6	-0.08080474465	-2.082802498
126.7	-0.2934776125	-2.166370413
126.8	-0.5130010998	-2.217563189
126.9	-0.7354491762	-2.222570963
127	-0.9555541989	-2.168910622
127.1	-1.167011373	-2.048932379
127.2	-1.363133882	-1.863078462
127.3	-1.537751992	-1.621240197
127.4	-1.686101979	-1.341123622
127.5	-1.805413892	-1.044073691
127.6	-1.895028082	-0.7501946767
127.7	-1.956074485	-0.4747513055
127.8	-1.99090082	-0.2267891157
127.9	-2.002465044	-0.009670105005
128	-1.993839354	0.1773943223
128.1	-1.967880521	0.3376637506
128.2	-1.927054054	0.4755158499
128.3	-1.873370879	0.5955524106
128.4	-1.808392454	0.7021062106
128.5	-1.733270127	0.7990276094
128.6	-1.648796703	0.889638183
128.7	-1.555458039	0.9767676134
128.8	-1.453478721	1.062820162
128.9	-1.342861252	1.149840077
129	-1.223420624	1.239551693
129.1	-1.094813945	1.333361243
129.2	-0.9565766516	1.432305127
129.3	-0.8081629458	1.536924789
129.4	-0.6490071674	1.64704159
129.5	-0.4786107727	1.761427394
129.6	-0.2966686834	1.877338638
129.7	-0.1032490517	1.9899699
129.8	0.1009726709	2.091925307
129.9	0.3144406405	2.172946187
130	0.5344403796	2.220281063
130.1	0.7569119763	2.220116601
130.2	0.9764687612	2.160275011
130.3	1.186735201	2.033763878
130.4	1.381033008	1.841922571
130.5	1.553292242	1.595517806
130.6	1.698923091	1.312817235
130.7	1.815362311	1.015252615
130.8	1.90214287	0.7225847786
130.9	1.960539381	0.4495013364
131	1.992983877	0.2044518329
131.1	2.002464748	-0.009677250875
131.2	1.99204503	-0.1939837949
131.3	1.964549154	-0.3518873768
131.4	1.922400085	-0.48781897
131.5	1.867564339	-0.6063704994
131.6	1.801561697	-0.7118340093
131.7	1.725506547	-0.8080090375
131.8	1.64015993	-0.8981671681
131.9	1.545980406	-0.9850935928
132	1.443169516	-1.071155922
132.1	1.331710631	-1.158365512
132.2	1.211401048	-1.248416508
132.3	1.081886343	-1.342684292
132.4	0.9426899991	-1.442161774
132.5	0.7932633395	-1.547334564
132.6	0.6330410918	-1.657938265
132.7	0.4615379274	-1.772619018
132.8	0.2784764639	-1.888460895
132.9	0.0839718693	-2.000428417
133	-0.1212279867	-2.100854041
133.1	-0.3354659666	-2.179209821
133.2	-0.5559038311	-2.222556265
133.3	-0.7783483917	-2.217102451
133.4	-0.9972968645	-2.151011266
133.5	-1.206309444	-2.01797802
133.6	-1.398725195	-1.820250192
133.7	-1.56858235	-1.569453116
133.8	-1.711470143	-1.284373572
133.9	-1.825032613	-0.9864818235
134	-1.908991818	-0.6951629347
134.1	-1.964761492	-0.4245175269
134.2	-1.994852583	-0.1824063937
134.3	-2.002278988	0.02874441539
134.4	-1.990091704	0.2103261503
134.5	-1.961081443	0.3659058026
134.6	-1.917628129	0.4999600745
134.7	-1.861653964	0.6170668057
134.8	-1.794637469	0.7214755774
134.9	-1.717656572	0.816934642
135	-1.631440891	0.9066662021
135.1	-1.53642243	0.9934119857
135.2	-1.432779894	1.079502512
135.3	-1.320477344	1.166917449
135.4	-1.19929621	1.257321963
135.5	-1.068868241	1.352055803
135.6	-0.9287085777	1.452073348
135.7	-0.7782624119	1.557795558
135.8	-0.6169696736	1.668873145
135.9	-0.4443571228	1.783823651
136	-0.2601764583	1.899549012
136.1	-0.06459390632	2.010781596
136.2	0.1415682784	2.109578791
136.3	0.356550069	2.185144796
136.4	0.5773870001	2.224372794
136.5	0.7997528129	2.21351679
136.6	1.018032275	2.141114988
136.7	1.225728088	2.001580837
136.8	1.416205417	1.798078258
136.9	1.583618917	1.543067427
137	1.723741624	1.255812446
137.1	1.83442504	0.9577765088
137.2	1.915576655	0.6679389559
137.3	1.968743475	0.3998044665
137.4	1.996509643	0.1606529555
137.5	2.001910214	-0.04753393936
137.6	1.98798154	-0.2264250043
137.7	1.957479153	-0.3797232047
137.8	1.912739513	-0.5119432525
137.9	1.855640694	-0.6276449458
138	1.78762037	-0.7310339538
138.1	1.709720529	-0.8258072546
138.2	1.622639844	-0.9151375892
138.3	1.526783935	-1.001724467
138.4	1.422309551	-1.087861708
138.5	1.309161142	-1.175498117
138.6	1.187105113	-1.266267351
138.7	1.05575931	-1.361477766
138.8	0.9146305142	-1.462037227
138.9	0.7631606633	-1.568308004
139	0.6007920421	-1.679846367
139.1	0.4270676743	-1.795036351
139.2	0.2417701413	-1.910597283
139.3	0.04511637254	-2.02102053
139.4	-0.161992262	-2.118088583
139.5	-0.37769007	-2.190744014
139.6	-0.5988855317	-2.225721759
139.7	-0.8211199334	-2.209353067
139.8	-1.038669123	-2.130585651
139.9	-1.244985443	-1.984578536
140	-1.433469135	-1.775417995
140.1	-1.598399134	-1.516377779
140.2	-1.735736755	-1.227152356
140.3	-1.843540618	-0.9291523938
140.4	-1.921899468	-0.6409226702
140.5	-1.972487994	-0.3753659776
140.6	-1.997957871	-0.1391913658
140.7	-2.001361276	0.06604840505
140.8	-1.985717028	0.2422844554
140.9	-1.953744346	0.3933438465
141	-1.907735909	0.52377249
141.1	-1.84952583	0.6381085579
141.2	-1.780511366	0.7405123479
141.3	-1.701699	0.8346292319
141.4	-1.613757032	0.9235838611
141.5	-1.517065325	1.010032987
141.6	-1.411758228	1.096235229
141.7	-1.29776217	1.184107485
141.8	-1.174826928	1.275255003
141.9	-1.042559215	1.370949407
142	-0.9004563147	1.472056382
142.1	-0.7479566373	1.578869984
142.2	-0.5845086049	1.690854105
142.3	-0.4096702325	1.806255138
142.4	-0.2232566489	1.921599821
142.5	-0.02554058338	2.031137695
142.6	0.182497012	2.126372644
142.7	0.3988823665	2.195989448
142.8	0.6203947785	2.226587791
142.9	0.8424439608	2.204600875
143	1.059201197	2.119420917
143.1	1.264075727	1.966979837
143.2	1.450511697	1.752289001
143.3	1.612920152	1.489406231
143.4	1.74745458	1.198412928
143.5	1.852380083	0.9006237224
143.6	1.927962409	0.614122758
143.7	1.975997844	0.351205804
143.8	1.999200257	0.1180210681
143.9	2.000634778	-0.08429081238
144	1.98330045	-0.2579083697
144.1	1.949878881	-0.4067720386
144.2	1.902618731	-0.5354519207
144.3	1.843310385	-0.6484612374
144.4	1.773311119	-0.7499137788
144.5	1.693592489	-0.843403625
144.6	1.604792796	-0.9320069113
144.7	1.507266285	-1.018339507
144.8	1.401126087	-1.104624483
144.9	1.286279611	-1.19274863
145	1.162462228	-1.284284915
145.1	1.029267254	-1.38047267
145.2	0.8861846354	-1.482128169
145.3	0.7326507741	-1.589481604
145.4	0.5681183032	-1.701895957
145.5	0.3921639501	-1.817474372
145.6	0.2046377141	-1.932550218
145.7	0.005867675785	-2.041122842
145.8	-0.2030810246	-2.134418624
145.9	-0.4201237119	-2.200873118
146	-0.6419100156	-2.226962344
146.1	-0.8637191962	-2.199254687
146.2	-1.079622236	-2.107621501
146.3	-1.282992957	-1.9487922
146.4	-1.467328454	-1.728703506
146.5	-1.62717922	-1.462170447
146.6	-1.758894411	-1.169612882
146.7	-1.860944391	-0.8722055347
146.8	-1.933767345	-0.5875481449
146.9	-1.979275502	-0.3273271486
147	-2.000239423	-0.09714173885
147.1	-1.999733319	0.1022639713
147.2	-1.980734007	0.2733007402
147.3	-1.94588458	0.4200117731
147.4	-1.897389422	0.5469852912
147.5	-1.836995452	0.6587063977
147.6	-1.76602044	0.7592413217
147.7	-1.685401409	0.8521325051
147.8	-1.595747194	0.9404091828
147.9	-1.497387154	1.026645823
148	-1.390412651	1.11303127
148.1	-1.27471363	1.201420731
148.2	-1.150009491	1.2933591
148.3	-1.015883105	1.390046267
148.4	-0.8718155436	1.492254987
148.5	-0.7172419023	1.600140842
148.6	-0.5516215908	1.712968254
148.7	-0.3745495991	1.828691466
148.8	-0.185912802	1.943442166
148.9	0.01390092669	2.050968281
149	0.2237411891	2.142215972
149.1	0.4414103406	2.205378388
149.2	0.6634264101	2.226830998
149.3	0.8849398588	2.193305591
149.4	1.099926279	2.095187175
149.5	1.301731798	1.930026141
149.6	1.483915306	1.704681469
149.7	1.641174037	1.434691984
149.8	1.770055813	1.140770537
149.9	1.869234811	0.8439109154
150	1.939316819	0.5612064212
150.1	1.982323977	0.3037327037
150.2	2.001078387	0.07655197029
150.3	1.998659571	-0.1199711211
150.4	1.978020045	-0.2884656718
150.5	1.941763329	-0.4330674666
150.6	1.892049437	-0.5583767013
150.7	1.830582095	-0.6688475765
150.8	1.758640023	-0.7684978755
150.9	1.67712629	-0.8608188459
151	1.58662064	-0.948792584
151.1	1.487427706	-1.03495383
151.2	1.379618149	-1.121456921
151.3	1.263063526	-1.210127144
151.4	1.137469622	-1.302477715
151.5	1.002406137	-1.399673267
151.6	0.8573487406	-1.502434362
151.7	0.7017298628	-1.610848244
151.8	0.5350172168	-1.724068545
151.9	0.3568270384	-1.839900516
152	0.1670834242	-1.954268765
152.1	-0.03376438093	-2.06066356
152.2	-0.2444758	-2.149753653
152.3	-0.4627385619	-2.209495646
152.4	-0.6849390642	-2.226184307
152.5	-0.9061001373	-2.186748267
152.6	-1.120107111	-2.082119491
152.7	-1.320286536	-1.910690172
152.8	-1.500267987	-1.680236942
152.9	-1.654902134	-1.40698904
153	-1.780938309	-1.111903712
153.1	-1.877252383	-0.8157534212
153.2	-1.94461275	-0.5351049121
153.3	-1.985145692	-0.2804246188
153.4	-2.001719636	-0.05625080593
153.5	-1.997415896	0.1374154357
153.6	-1.975160509	0.3034072369
153.7	-1.93751669	0.4459431168
153.8	-1.886599958	0.569629869
153.9	-1.824071153	0.6788881316
154	-1.751170406	0.7776863272
154.1	-1.668767282	0.8694648585
154.2	-1.577413087	0.9571595179
154.3	-1.477387947	1.043265105
154.4	-1.368741836	1.129902983
154.5	-1.251329406	1.218868264
154.6	-1.124840853	1.31164157
154.7	-0.9888360372	1.40935207
154.8	-0.8427827957	1.512668144
154.9	-0.6861140626	1.621600223
155	-0.5183059882	1.73519535
155.1	-0.3389958455	1.851098526
155.2	-0.1481491387	1.965023249
155.3	0.05372019349	2.070199756
155.4	0.2652815945	2.157016887
155.5	0.4841047234	2.213208744
155.6	0.7064429081	2.225009769
155.7	0.9271940314	2.179575826
155.8	1.140158593	2.068420607
155.9	1.338651706	1.89079768
156	1.516382472	1.655390807
156.1	1.668361618	1.37908351
156.2	1.791541856	1.083030665
156.3	1.88499864	0.787745419
156.4	1.94965781	0.5092506376
156.5	1.987743694	0.2574049108
156.6	2.002166206	0.03623650215
156.7	1.996004959	-0.1546004172
156.8	1.972157723	-0.31812955
156.9	1.933146541	-0.4586430269
157	1.881042428	-0.5807487537
157.1	1.81746369	-0.6888314472
157.2	1.743612359	-0.7868097565
157.3	1.660325044	-0.8780731272
157.4	1.568124738	-0.9655116811
157.5	1.467267835	-1.051581816
157.6	1.357784072	-1.138371141
157.7	1.239510218	-1.227644298
157.8	1.11212359	-1.320852454
157.9	0.9751719702	-1.419083745
158	0.8281181217	-1.522954273
158.1	0.6703942895	-1.63239818
158.2	0.5014866218	-1.746344666
158.3	0.3210568744	-1.862279357
158.4	0.1291120306	-1.975698219
158.5	-0.07376784139	-2.079566405
158.6	-0.286156613	-2.163997644
158.7	-0.505504781	-2.216509
158.8	-0.7279329216	-2.223298799
158.9	-0.9482157624	-2.171784564
159	-1.160074755	-2.054093743
159.1	-1.3568221	-1.870357768
159.2	-1.532255128	-1.630157782
159.3	-1.681550636	-1.350993344
159.4	-1.801866578	-1.05416841
159.5	-1.892475102	-0.7598992601
159.6	-1.9544542	-0.4836495478
159.7	-1.990120658	-0.2346748933
159.8	-2.002420784	-0.0165074207
159.9	-1.994429251	0.1715296353
160	-1.969013737	0.3326368774
160.1	-1.928654532	0.4711712911
160.2	-1.875378123	0.5917371121
160.3	-1.810760638	0.69868092
160.4	-1.735966478	0.7958708184
160.5	-1.651799705	0.8866459857
160.6	-1.558755787	0.9738516252
160.7	-1.457067408	1.059905313
160.8	-1.346744105	1.146862588
160.9	-1.227606575	1.236458397
161	-1.099316844	1.330110034
161.1	-0.9614138044	1.428868431
161.2	-0.8133534381	1.533294071
161.3	-0.6545697903	1.643237953
161.4	-0.484559949	1.757514463
161.5	-0.3030097196	1.873439322
161.6	-0.1099714015	1.986286484
161.7	0.09390472794	2.088754308
161.8	0.3070972354	2.17067957
161.9	0.5269346268	2.219379468
162	0.7494036772	2.221038577
162.1	0.96915913	2.163368303
162.2	1.179849466	2.039142675
162.3	1.374792412	1.849385781
162.4	1.547882137	1.604559543
162.5	1.694467379	1.322739902
162.6	1.811912462	1.025333779
162.7	1.899683344	0.7322261304
162.8	1.959004627	0.4583076974
162.9	1.992279431	0.2122356941
163	2.002486084	-0.002938542629
163.1	1.99269117	-0.1882065125
163.2	1.965730595	-0.3469333021
163.3	1.924042265	-0.4835320708
163.4	1.869608238	-0.6025986958
163.5	1.803962827	-0.7084396815
163.6	1.728233308	-0.8048724462
163.7	1.643191797	-0.8951859318
163.8	1.549306288	-0.9821808071
163.9	1.446786412	-1.068237649
164	1.335622271	-1.155379078
164.1	1.215616985	-1.245309381
164.2	1.086420674	-1.339416218
164.3	0.9475605033	-1.43870597
164.4	0.7984890498	-1.543685768
164.5	0.6386404694	-1.65412041
164.6	0.4675249905	-1.76870081
164.7	0.2848552051	-1.884572243
164.8	0.09072947933	-1.996780026
164.9	-0.1141297345	-2.097752133
165	-0.3281011664	-2.17705454
165.1	-0.5483901034	-2.221811423
165.2	-0.7708499525	-2.218221698
165.3	-0.9900181926	-2.154324955
165.4	-1.199476745	-2.023572242
165.5	-1.392557597	-1.827892197
165.6	-1.563260181	-1.578612179
165.7	-1.707110525	-1.294341924
165.8	-1.821680086	-0.9965436368
165.9	-1.906625154	-0.7047373451
166	-1.963311423	-0.4332301491
166.1	-1.994222852	-0.1900881011
166.2	-2.002364961	0.02210347138
166.3	-1.990793254	0.2046349465
166.4	-1.962310406	0.3610230685
166.5	-1.919311459	0.495729406
166.6	-1.863734105	0.613337205
166.7	-1.797071253	0.7181110749
166.8	-1.720413539	0.8138172498
166.9	-1.634501526	0.9036951846
167	-1.539776462	0.9905016749
167.1	-1.436424983	1.076580227
167.2	-1.324417926	1.163921464
167.3	-1.203542155	1.254200971
167.4	-1.07343433	1.348770525
167.5	-0.9336124543	1.448598943
167.6	-0.7835234997	1.554128565
167.7	-0.6226060768	1.665042077
167.8	-0.4503819252	1.779901509
167.9	-0.2665927038	1.895672795
168	-0.07138680762	2.007171002
168.1	0.1344404151	2.106549081
168.2	0.3491650966	2.18310515
168.3	0.5698668649	2.223789705
168.4	0.7922661454	2.214836979
168.5	1.010786649	2.144650163
168.6	1.218950398	2.007388351
168.7	1.410112426	1.805893873
168.8	1.578385765	1.552336905
168.9	1.719478523	1.265819983
169	1.831169613	0.9678137099
169.1	1.913302124	0.6774430296
169.2	1.967377067	0.4084219733
169.3	1.99595363	0.1682325338
169.4	2.00205989	-0.04098986961
169.5	1.988737666	-0.2208185462
169.6	1.958754957	-0.3749103081
169.7	1.914463458	-0.5077673802
169.8	1.857756675	-0.6239562705
169.9	1.79008653	-0.7276982049
170	1.712507536	-0.8227081283
170.1	1.625729121	-0.9121759346
170.2	1.530166081	-0.9988160332
170.3	1.425982915	-1.084934814
170.4	1.313130676	-1.17249208
170.5	1.19138136	-1.263132124
170.6	1.060357167	-1.358174917
170.7	0.9195681156	-1.458543909
170.8	0.7684572381	-1.564623508
170.9	0.6064654605	-1.676002188
171	0.4331305014	-1.791111441
171.1	0.2482237857	-1.906735787
171.2	0.05194379273	-2.017450767
171.3	-0.1548355064	-2.115135762
171.4	-0.3702858879	-2.188824324
171.5	-0.5913605528	-2.225303993
171.6	-0.8136470213	-2.210876698
171.7	-1.031458774	-2.134342685
171.8	-1.238264963	-1.990596761
171.9	-1.427452548	-1.783402059
172	-1.593256063	-1.525750923
172.1	-1.731570496	-1.237191995
172.2	-1.840382035	-0.9391594224
172.3	-1.919716439	-0.6503529945
172.4	-1.971204424	-0.3838868338
172.5	-1.997474599	-0.1466687759
172.6	-2.001573705	0.05960025029
172.7	-1.986526916	0.2367613556
172.8	-1.955066313	0.3885993423
172.9	-1.909499935	0.5196500263
173	-1.851677252	0.6344595607
173.1	-1.783009611	0.7372042351
173.2	-1.704515854	0.8315474676
173.3	-1.616874891	0.9206308228
173.4	-1.52047556	1.007125678
173.5	-1.415459878	1.093303173
173.6	-1.301760827	1.181091025
173.7	-1.179133483	1.27210493
173.8	-1.047189108	1.367628939
173.9	-0.9054277047	1.468544247
174	-0.7532889091	1.57516792
174.1	-0.5902192708	1.68699796
174.2	-0.4157709033	1.802328906
174.3	-0.2297475016	1.917755
174.4	-0.0324024136	2.027611732
174.5	0.1753121014	2.12349985
174.6	0.3914602892	2.194194081
174.7	0.6128665858	2.226339978
174.8	0.8349867495	2.206331079
174.9	1.052028185	2.123400235
175	1.257414346	1.973206096
175.1	1.444572995	1.760436051
175.2	1.607868117	1.498876244
175.3	1.743385462	1.208478421
175.4	1.849318012	0.9105956386
175.5	1.925870104	0.6234763298
175.6	1.974796104	0.3596289392
175.7	1.998788749	0.1253965839
175.8	2.000909055	-0.07793758936
175.9	1.984163307	-0.2524672404
176	1.951246371	-0.4020944308
176.1	1.904422341	-0.5313814691
176.2	1.84549688	-0.6448506774
176.3	1.775841206	-0.7466322681
176.4	1.696439052	-0.8403383036
176.5	1.607939143	-0.9290616849
176.6	1.510704609	-1.015432738
176.7	1.404856115	-1.10168671
176.8	1.290307427	-1.189721185
176.9	1.166799349	-1.281119882
177	1.033929272	-1.377134245
177.1	0.8911901013	-1.478597091
177.2	0.7380188843	-1.585762642
177.3	0.5738662171	-1.698028301
177.4	0.3983026375	-1.813548082
177.5	0.2111656623	-1.928724389
177.6	0.01276322314	-2.03764387
177.7	-0.195868793	-2.131630581
177.8	-0.4126848633	-2.199206733
177.9	-0.6343802702	-2.226888398
178	-0.8562797374	-2.201193964
178.1	-1.072488789	-2.111823092
178.2	-1.276392783	-1.955223265
178.3	-1.461469282	-1.73700767
178.4	-1.622219124	-1.471730235
178.5	-1.75492264	-1.179697343
178.6	-1.85797849	-0.882137297
178.7	-1.931765046	-0.5968219805
178.8	-1.978154672	-0.3356514104
178.9	-1.999898674	-0.1044155882
179	-2.000068524	0.09600458531
179.1	-1.981649042	0.2679401881
179.2	-1.947296942	0.4153996001
179.3	-1.899232112	0.5429654672
179.4	-1.83921665	0.6551330534
179.5	-1.768582101	0.7559853256
179.6	-1.688277498	0.8490827325
179.7	-1.598921968	0.9374710451
179.8	-1.500853564	1.023738873
179.9	-1.394171065	1.110087227
180	-1.2787708	1.198381963
180.1	-1.154377181	1.290178488
180.2	-1.020577531	1.386690052
180.3	-0.8768551407	1.488705
180.4	-0.7226460709	1.596405093
180.5	-0.5574069377	1.709090125
180.6	-0.3807261537	1.824766653
180.7	-0.1924776604	1.939637563
180.8	0.006971924877	2.047539324
180.9	0.2165024725	2.139516267
181	0.4339560426	2.203845338
181.1	0.6558967969	2.226935111
181.2	0.8775201356	2.195456451
181.3	1.092834461	2.099610801
181.4	1.295194687	1.936658771
181.5	1.478137069	1.713136996
181.6	1.636306706	1.444334767
181.7	1.76618154	1.150867796
181.8	1.866364647	0.8537978771
181.9	1.937403707	0.5703979146
182	1.981283086	0.3119572591
182.1	2.00080743	0.08372459005
182.2	1.999054807	-0.1138044729
182.3	1.978986492	-0.2831842365
182.4	1.943219949	-0.4285192453
182.5	1.893930731	-0.5544061359
182.6	1.832837648	-0.6653102354
182.7	1.761233035	-0.7652663895
182.8	1.680031783	-0.8577837131
182.9	1.58982376	-0.9458607537
183	1.490922222	-1.032046113
183.1	1.383405047	-1.11850606
183.2	1.267150115	-1.207076413
183.3	1.141868132	-1.299281511
183.4	1.007133062	-1.396298427
183.5	0.8624228089	-1.498865942
183.6	0.7071700998	-1.607096057
183.7	0.5408401476	-1.720180602
183.8	0.3630415775	-1.8359789
183.9	0.1736847962	-1.950487805
184	-0.02680252856	-2.057288304
184.1	-0.2372113604	-2.147146702
184.2	-0.4552700929	-2.208099963
184.3	-0.677411329	-2.226469872
184.4	-0.8987022367	-2.189112588
184.5	-1.113059144	-2.086764461
184.6	-1.313814524	-1.917520719
184.7	-1.494572186	-1.688838029
184.8	-1.650128351	-1.416707785
184.9	-1.777161632	-1.122007291
185	-1.874477531	-0.8255908803
185.1	-1.942788083	-0.5442114561
185.2	-1.984183795	-0.2885486788
185.3	-2.001517496	-0.06332258758
185.4	-1.997870269	0.1313403562
185.5	-1.976177611	0.2982035045
185.6	-1.939016949	0.4414574161
185.7	-1.888519379	0.5657072279
185.8	-1.82636071	0.6753856091
185.9	-1.753794518	0.7744783084
186	-1.671702039	0.8664435685
186.1	-1.58064452	0.9542332445
186.2	-1.480910535	1.040355985
186.3	-1.372557314	1.12694478
186.4	-1.255445474	1.215805386
186.5	-1.129270393	1.308429253
186.6	-0.993595645	1.405959021
186.7	-0.8478913851	1.509080791
186.8	-0.6915907218	1.617832137
186.9	-0.5241664906	1.731298813
187	-0.3452481768	1.847181439
187.1	-0.1547870305	1.961268324
187.2	0.04672597019	2.066881186
187.3	0.2579924788	2.154506469
187.4	0.4766234736	2.211955565
187.5	0.6989188212	2.225481296
187.6	0.9198199895	2.182155985
187.7	1.133156517	2.073286203
187.8	1.332246561	1.89782212
187.9	1.51077041	1.664130872
188	1.663682067	1.388871298
188.1	1.787862801	1.09313467
188.2	1.882318549	0.7975291788
188.3	1.947920658	0.5182700321
188.4	1.98685979	0.2654279256
188.5	2.002031908	0.04320808345
188.6	1.996517587	-0.1486157203
188.7	1.97322473	-0.3130020504
188.8	1.934689843	-0.4542183559
188.9	1.882999523	-0.5768726781
189	1.819786924	-0.6853625711
189.1	1.746267362	-0.7836242156
189.2	1.663288922	-0.8750647481
189.3	1.571384404	-0.9625902811
189.4	1.470818561	-1.048670668
189.5	1.36162814	-1.135405091
189.6	1.243655985	-1.224568664
189.7	1.116584183	-1.317623852
189.8	0.9799644565	-1.415672007
189.9	0.8332614998	-1.519348546
190	0.675907354	-1.628614641
190.1	0.5073848281	-1.742440291
190.2	0.3273470922	-1.858368691
190.3	0.1357859845	-1.971971953
190.4	-0.06674188625	-2.076308374
190.5	-0.2788436932	-2.161588429
190.6	-0.4980121184	-2.215402342
190.7	-0.7204143175	-2.22395948
190.8	-0.9408677351	-2.174582036
190.9	-1.153120813	-2.059178692
191	-1.350485814	-1.877571871
191.1	-1.526728197	-1.63903058
191.2	-1.676965967	-1.36084306
191.3	-1.798285134	-1.06426653
191.4	-1.889889294	-0.7696250412
191.5	-1.9528038	-0.4925795361
191.6	-1.98931379	-0.2425962952
191.7	-2.002353361	-0.02337940085
191.8	-1.994999277	0.1656340625
191.9	-1.970129924	0.3275841856
192	-1.930240296	0.4668062282
192.1	-1.877372449	0.5879062956
192.2	-1.813117229	0.6952445334
192.3	-1.738652149	0.7927067505
192.4	-1.654792595	0.8836497518
192.5	-1.562043677	0.9709343518
192.6	-1.460646247	1.056991534
192.7	-1.350616903	1.143888155
192.8	-1.231782069	1.233369776
192.9	-1.103808773	1.326864726
193	-0.9662393436	1.425438261
193.1	-0.8185316887	1.529669738
193.2	-0.6601195658	1.639439455
193.3	-0.4904958949	1.753603576
193.4	-0.3093375875	1.869536714
193.5	-0.116681292	1.98259148
193.6	0.08684754843	2.085560043
193.7	0.2997615583	2.168375236
193.8	0.5194320091	2.218423977
193.9	0.7418923688	2.221892265
194	0.9618391537	2.166384702
194.1	1.172945667	2.044445586
194.2	1.368526683	1.856785163
194.3	1.542441527	1.613558599
194.4	1.689978146	1.332644915
194.5	1.808428519	1.035420391
194.6	1.897191179	0.7418900549
194.7	1.957440036	0.4671464488
194.8	1.991548604	0.2200552759
194.9	2.002484582	0.003834580205
195	1.993317728	-0.1823987931
195.1	1.966895245	-0.3419539107
195.2	1.925669922	-0.4792251561
195.3	1.871639362	-0.5988118181
195.4	1.806352466	-0.705034647
195.5	1.730949457	-0.8017289004
195.6	1.646213579	-0.8922009364
195.7	1.552622325	-0.9792669853
195.8	1.450393448	-1.065320638
195.9	1.339523818	-1.152395802
196	1.219822444	-1.242207109
196.1	1.090943932	-1.33615411
196.2	0.9524193402	-1.435256853
196.3	0.8037023871	-1.540043299
196.4	0.6442269847	-1.650307439
196.5	0.4734987995	-1.764784336
196.6	0.2912207839	-1.880679616
196.7	0.09747479294	-1.993119054
196.8	-0.1070419951	-2.094625633
196.9	-0.3207437227	-2.17485974
197	-0.5408789807	-2.22101116
197.1	-0.7633478362	-2.219271506
197.2	-0.9827284305	-2.157561377
197.3	-1.192625237	-2.029091342
197.4	-1.386364246	-1.835472303
197.5	-1.557907105	-1.587731032
197.6	-1.702717225	-1.304295091
197.7	-1.818293518	-1.006612858
197.8	-1.904226066	-0.7143355953
197.9	-1.961831824	-0.4419757688
198	-1.993567094	-0.1978055719
198.1	-2.002428423	0.01542841404
198.2	-1.991475511	0.1989137639
198.3	-1.96352282	0.3561155277
198.4	-1.920980453	0.491479221
198.5	-1.865801611	0.609592978
198.6	-1.799493649	0.7147362618
198.7	-1.72315996	0.8106932434
198.8	-1.637552111	0.9007206822
198.9	-1.543120654	0.9875905746
199	-1.440060207	1.073659412
199.1	-1.328348374	1.160928899
199.2	-1.207777588	1.251084883
199.3	-1.07798931	1.345491342
199.4	-0.9385045977	1.445131094
199.5	-0.7887722216	1.550467889
199.6	-0.6282295149	1.66121567
199.7	-0.4563934725	1.775980571
199.8	-0.2729958829	1.891791954
199.9	-0.07816745658	2.003546787
200	0.127322849	2.103493729
200.1	0.3417870794	2.181024687
200.2	0.5623487932	2.223149767
200.3	0.7847751434	2.21608667
200.4	1.003529215	2.148107845
200.5	1.212153211	2.013121491
200.6	1.403993129	1.813649173
200.7	1.573121336	1.561568393
200.8	1.715181604	1.275814524
200.9	1.827880238	0.9778601997
201	1.910995421	0.686972133
201.1	1.965981468	0.417072943
201.2	1.995371926	0.1758478694
201.3	2.002187382	-0.03441199252
201.4	1.989474787	-0.21518259
201.5	1.960014447	-0.3700731301
201.6	1.916173254	-0.5035724831
201.7	1.859860162	-0.620253412
201.8	1.792541398	-0.7243525218
201.9	1.715284055	-0.8196027031
202	1.628808378	-0.9092110847
202.1	1.5335384	-0.9959070344
202.2	1.429646387	-1.082009594
202.3	1.317090061	-1.169489588
202.4	1.195647017	-1.260001982
202.5	1.064943871	-1.35487819
202.6	0.9244939276	-1.455057218
202.7	0.7737413567	-1.560945152
202.8	0.6121259032	-1.6721624
202.9	0.4391800698	-1.787187352
203	0.2546643634	-1.902868933
203.1	0.05875912498	-2.013866386
203.2	-0.1476887627	-2.112155743
203.3	-0.362888259	-2.186862061
203.4	-0.5838370753	-2.224827714
203.5	-0.8061690667	-2.212328677
203.6	-1.024235842	-2.138021976
203.7	-1.231524249	-1.996541555
203.8	-1.421409055	-1.791327877
203.9	-1.588081353	-1.535088614
204	-1.727370303	-1.247221107
204.1	-1.83718959	-0.9491775592
204.2	-1.917501481	-0.6598094707
204.3	-1.969891992	-0.3924416347
204.4	-1.996965984	-0.1541819119
204.5	-2.001764275	0.0531186355
204.6	-1.987318082	0.2312092346
204.7	-1.956372198	0.3838310765
204.8	-1.911249992	0.515509033
204.9	-1.853816313	0.6307968186
205	-1.785496655	0.7338865625
205.1	-1.707322279	0.828459736
205.2	-1.619982766	0.9176748618
205.3	-1.523875965	1.004218032
205.4	-1.419151621	1.09037299
205.5	-1.305749298	1.178078321
205.6	-1.183429388	1.268959972
205.7	-1.051807791	1.364314571
205.8	-0.9103869049	1.465038308
205.9	-0.7586089358	1.57147206
206	-0.5959168787	1.683146336
206.1	-0.4218582057	1.798402744
206.2	-0.236225685	1.913904088
206.3	-0.03925243729	2.024069749
206.4	0.1681370582	2.120598552
206.5	0.384044334	2.192355709
206.6	0.6053392888	2.226033114
206.7	0.8275237977	2.207989333
206.8	1.044841821	2.127302142
206.9	1.250731996	1.979359878
207	1.438606834	1.768526078
207.1	1.602784117	1.508312871
207.2	1.739282359	1.218535687
207.3	1.846222241	0.9205806733
207.4	1.923746138	0.6328572379
207.5	1.973565834	0.3680864456
207.6	1.998352264	0.1328078729
207.7	2.001161859	-0.07155122009
207.8	1.985007772	-0.2469975774
207.9	1.952598067	-0.3973935241
208	1.906212225	-0.527292926
208.1	1.847671218	-0.6412267804
208.2	1.778360266	-0.7433415845
208.3	1.699275301	-0.8372672126
208.4	1.611075552	-0.9261138236
208.5	1.514133237	-1.012525861
208.6	1.408576243	-1.098751015
208.7	1.294325158	-1.186697233
208.8	1.17112576	-1.277960383
208.9	1.038580092	-1.373801732
209	0.8961838915	-1.475073147
209.1	0.7433743085	-1.582049531
209.2	0.5796012382	-1.69416399
209.3	0.4044283318	-1.809621915
209.4	0.2176805755	-1.924891707
209.5	0.01964699779	-2.034148302
209.6	-0.1886658186	-2.128813124
209.7	-0.4052515659	-2.197493905
209.8	-0.6268507698	-2.22675232
209.9	-0.848833757	-2.203059291
210	-1.065341225	-2.115946757
210.1	-1.269770986	-1.961583198
210.2	-1.455582108	-1.745258177
210.3	-1.617226717	-1.481259621
210.4	-1.750916736	-1.189775752
210.5	-1.854978984	-0.8920836011
210.6	-1.929731395	-0.6061240536
210.7	-1.977005687	-0.3440104226
210.8	-1.999533302	-0.1117249529
210.9	-2.000382524	0.08971241256
211	-1.98254594	0.2625515432
211.1	-1.948693699	0.4107646968
211.2	-1.901061207	0.5389280781
211.3	-1.841425772	0.6515467954
211.4	-1.771132758	0.7527204467
211.5	-1.691143319	0.8460276981
211.6	-1.602086893	0.9345304236
211.7	-1.50431012	1.020832013
211.8	-1.397919669	1.107145325
211.9	-1.282817662	1.195347783
212	-1.15873461	1.28700319
212.1	-1.025260614	1.383340359
212.2	-0.8818829421	1.48516144
212.3	-0.728037598	1.592675148
212.4	-0.5631791307	1.705215458
212.5	-0.3868894695	1.820840965
212.6	-0.1990296738	1.935825132
212.7	5.452682043e-05	2.044092365
212.8	0.2092729046	2.136785035
212.9	0.4265069341	2.202265081
213	0.648366862	2.226976403
213.1	0.8700931824	2.197532944
213.2	1.085727726	2.10395671
213.3	1.288635173	1.943221181
213.4	1.472330234	1.721540133
213.5	1.631406706	1.453949282
213.6	1.762273026	1.160961361
213.7	1.863460924	0.8637011365
213.8	1.93545938	0.579618602
213.9	1.980214244	0.3202168776
214	2.000512082	0.0909326906
214.1	1.999429071	-0.1076054156
214.2	1.979934975	-0.2778751985
214.3	1.944661099	-0.4239487363
214.4	1.895798525	-0.5504184223
214.5	1.83508118	-0.6617603768
214.6	1.763815071	-0.7620263981
214.7	1.682926973	-0.8547435095
214.8	1.593016939	-0.9429267698
214.9	1.494406884	-1.029138698
215	1.387181937	-1.115557615
215.1	1.271226394	-1.204029839
215.2	1.146255785	-1.296090813
215.3	1.011848593	-1.392929981
215.4	0.8674848017	-1.495304098
215.5	0.7125976552	-1.603349453
215.6	0.5466499618	-1.716295945
215.7	0.3692428359	-1.832056059
215.8	0.1802733172	-1.946698284
215.9	-0.01985207602	-2.053893948
216	-0.2299557697	-2.144506762
216.1	-0.447806415	-2.206655313
216.2	-0.6698827197	-2.22669126
216.3	-0.8912964425	-2.191401795
216.4	-1.10599557	-2.091332
216.5	-1.307319497	-1.924282621
216.6	-1.488847362	-1.69738918
216.7	-1.645321733	-1.426400875
216.8	-1.773350771	-1.132109354
216.9	-1.871669362	-0.8354461291
217	-1.940932568	-0.5533479851
217.1	-1.98319437	-0.2967079819
217.2	-2.001291374	-0.07042959347
217.3	-1.998304036	0.1252333541
217.4	-1.977177065	0.2929727353
217.5	-1.940501995	0.4369500008
217.6	-1.8904255	0.5617679673
217.7	-1.828638396	0.6718710289
217.8	-1.756407761	0.7712621848
217.9	-1.674626572	0.8634175499
218	-1.583866049	0.9513050807
218.1	-1.484423276	1.037447432
218.2	-1.376362801	1.12398919
218.3	-1.259551163	1.212746842
218.4	-1.133689091	1.305222578
218.5	-0.9983437852	1.402572424
218.6	-0.8529878563	1.505499893
218.7	-0.6970546599	1.614069635
218.8	-0.5300137878	1.727405228
218.9	-0.3514872575	1.843262489
219	-0.1614122446	1.957503993
219.1	0.03974301005	2.063542278
219.2	0.250711945	2.15196172
219.3	0.4691465477	2.210652205
219.4	0.6913932553	2.2258875
219.5	0.9124373557	2.184660507
219.6	1.126138117	2.078074742
219.7	1.325817774	1.904779128
219.8	1.505128878	1.6728229
219.9	1.658969458	1.398635714
220	1.78414958	1.103239267
