0	4	1.5
0.1	4.0889775	0.4113679663
0.2	4.101417911	-0.09666774956
0.3	4.078718445	-0.3273482293
0.4	4.040002778	-0.4337411756
0.5	3.993752402	-0.4854607293
0.6	3.943694006	-0.5131509283
0.7	3.891467351	-0.5302578836
0.8	3.837793239	-0.5427406045
0.9	3.782982354	-0.5532855968
1	3.72715871	-0.5631332506
1.1	3.670358919	-0.5728757353
1.2	3.612576975	-0.5828111018
1.3	3.553784682	-0.5931028888
1.4	3.493940989	-0.6038532517
1.5	3.432996173	-0.6151372525
1.6	3.370893585	-0.627019238
1.7	3.307570295	-0.6395617353
1.8	3.242957021	-0.652829882
1.9	3.176977729	-0.6668943168
2	3.10954897	-0.6818331235
2.1	3.040579033	-0.6977335906
2.2	2.969966925	-0.7146939477
2.3	2.897601191	-0.732825374
2.4	2.823358555	-0.7522543794
2.5	2.74710224	-0.7731250209
2.6	2.668680037	-0.7956016601
2.7	2.587922103	-0.8198724352
2.8	2.504638502	-0.8461536825
2.9	2.41861609	-0.8746938476
3	2.329614956	-0.9057783816
3.1	2.237364618	-0.9397364631
3.2	2.141559302	-0.9769467111
3.3	2.041852461	-1.01784306
3.4	1.937851265	-1.062922698
3.5	1.829109763	-1.112749293
3.6	1.71512211	-1.16795575
3.7	1.595316025	-1.229241035
3.8	1.469046362	-1.297352292
3.9	1.335592355	-1.373057435
4	1.194157722	-1.457072505
4.1	1.043881734	-1.549961035
4.2	0.8838618569	-1.651939144
4.3	0.713203389	-1.762595802
4.4	0.5311006061	-1.880466038
4.5	0.3369706267	-2.002445826
4.6	0.1306524434	-2.123081156
4.7	-0.0873205461	-2.233844687
4.8	-0.3153895313	-2.322700848
4.9	-0.550625985	-2.374465495
5	-0.7884916362	-2.372561674
5.1	-1.022857822	-2.302463692
5.2	-1.246436074	-2.156280306
5.3	-1.451653905	-1.936700461
5.4	-1.631796696	-1.658031475
5.5	-1.782051004	-1.343172933
5.6	-1.900081805	-1.017707734
5.7	-1.985989369	-0.7039026743
5.8	-2.041769337	-0.4170446738
5.9	-2.070557653	-0.1647555989
6	-2.075922838	0.05159685832
6.1	-2.061348272	0.2347159479
6.2	-2.029928876	0.3893776338
6.3	-1.984240139	0.5210101291
6.4	-1.92631877	0.6348653664
6.5	-1.857702585	0.7356321623
6.6	-1.779494157	0.8273233218
6.7	-1.692427601	0.9133065734
6.8	-1.59692877	0.9963961325
6.9	-1.493165614	1.07895455
7	-1.38108869	1.162978762
7.1	-1.260464189	1.250155911
7.2	-1.130905558	1.341877646
7.3	-0.9919020232	1.439189535
7.4	-0.842860977	1.542680721
7.5	-0.6831616743	1.652266239
7.6	-0.5122391912	1.766853931
7.7	-0.3297071057	1.883887513
7.8	-0.1355305463	1.998775175
7.9	0.06973993014	2.104316539
8	0.2846859737	2.190352102
8.1	0.5067325774	2.244008771
8.2	0.7319312348	2.251014829
8.3	0.9549408704	2.198347179
8.4	1.169331301	2.077887066
8.5	1.3682549	1.889867042
8.6	1.545378943	1.644354503
8.7	1.695813135	1.359587944
8.8	1.816724747	1.057616741
8.9	1.907460474	0.7591872917
9	1.96921052	0.4799842701
9.1	2.004411816	0.22921595
9.2	2.016117138	0.01020797792
9.3	2.007483658	-0.1779742922
9.4	1.981436302	-0.3387706135
9.5	1.940491048	-0.4767266331
9.6	1.886694038	-0.5965798027
9.7	1.82163018	-0.7027628461
9.8	1.746465892	-0.7991949326
9.9	1.662003423	-0.8892424287
10	1.568734433	-0.9757633521
10.1	1.466887199	-1.061179751
10.2	1.356466234	-1.147548659
10.3	1.237287477	-1.236606455
10.4	1.109007526	-1.329776724
10.5	0.9711590462	-1.42812105
10.6	0.8231906773	-1.532223681
10.7	0.6645249517	-1.641970175
10.8	0.4946446529	-1.756226744
10.9	0.3132143045	-1.872382345
11	0.1202563274	-1.985797992
11.1	-0.08361715478	-2.089266308
11.2	-0.2969317687	-2.17270069
11.3	-0.5170685953	-2.2234333
11.4	-0.7400636741	-2.227563613
11.5	-0.9606052834	-2.172575054
11.6	-1.172346073	-2.050887034
11.7	-1.36856922	-1.863123013
11.8	-1.543097281	-1.619427355
11.9	-1.691184641	-1.337751534
12	-1.810100263	-1.039603189
12.1	-1.899233616	-0.7451282875
12.2	-1.959762482	-0.4695306322
12.3	-1.994073051	-0.2217395447
12.4	-2.005149671	-0.004991436885
12.5	-1.996078948	0.1816081762
12.6	-1.969722974	0.3413941308
12.7	-1.928546626	0.4787902155
12.8	-1.874556724	0.5984223929
12.9	-1.809308984	0.7046328767
13	-1.733948552	0.8012729173
13.1	-1.649262259	0.8916605273
13.2	-1.555730298	0.9786195689
13.3	-1.453572177	1.064549234
13.4	-1.342786428	1.151487671
13.5	-1.223183138	1.241154977
13.6	-1.094417365	1.334952298
13.7	-0.9560202714	1.433912297
13.8	-0.8074440886	1.538568258
13.9	-0.6481217104	1.648737309
14	-0.4775527138	1.763177585
14.1	-0.2954332541	1.879129119
14.2	-0.1018345071	1.99176469
14.3	0.102564508	2.093656728
14.4	0.3161986577	2.174513944
14.5	0.536341528	2.22155286
14.6	0.758919133	2.220941595
14.7	0.9785301137	2.160514734
14.8	1.188787237	2.033330022
14.9	1.383007346	1.840810011
15	1.555124795	1.593815587
15.1	1.700562599	1.310689742
15.2	1.816775939	1.01289642
15.3	1.90331725	0.7201846534
15.4	1.961477659	0.447199628
15.5	1.993700816	0.2023363657
15.6	2.002981333	-0.01156604181
15.7	1.992384358	-0.1956412505
15.8	1.96473365	-0.3533308774
15.9	1.922449756	-0.4890771811
16	1.8674961	-0.6074758372
16.1	1.801389228	-0.7128184874
16.2	1.725240465	-0.8089021307
16.3	1.639807963	-0.8989948574
16.4	1.545547909	-0.9858791488
16.5	1.442659904	-1.071918839
16.6	1.331124829	-1.159123318
16.7	1.210739654	-1.249183994
16.8	1.08114676	-1.343473103
16.9	0.9418703676	-1.442981523
17	0.792359711	-1.548189843
17.1	0.6320501508	-1.658828117
17.2	0.4604566653	-1.773533877
17.3	0.2773032974	-1.889378608
17.4	0.08270824259	-2.001310351
17.5	-0.1225755751	-2.101641802
17.6	-0.336884394	-2.179824283
17.7	-0.5573711821	-2.222903432
17.8	-0.7798330923	-2.217087157
17.9	-0.9987586797	-2.150559444
18	-1.207702852	-2.017061894
18.1	-1.400004976	-1.818905228
18.2	-1.569710009	-1.567776239
18.3	-1.71241911	-1.282500968
18.4	-1.825790542	-0.9845561444
18.5	-1.909559667	-0.6933037618
18.6	-1.965150299	-0.422805534
18.7	-1.995079369	-0.1808820613
18.8	-2.00236317	0.03007289089
18.9	-1.99005235	0.2114717944
19	-1.960935679	0.3668929263
19.1	-1.917390397	0.5008171192
19.2	-1.861335846	0.6178220506
19.3	-1.794247822	0.7221549586
19.4	-1.717201813	0.8175609886
19.5	-1.630925327	0.9072591846
19.6	-1.53584852	0.993988393
19.7	-1.43214855	1.080076792
19.8	-1.31978819	1.167501827
19.9	-1.19854761	1.257926659
20	-1.068057876	1.352688995
20.1	-0.927833202	1.45274017
20.2	-0.7773186297	1.55849722
20.3	-0.615954138	1.669605452
20.4	-0.4432672741	1.784573397
20.5	-0.2590117586	1.900291484
20.6	-0.06335697897	2.011476859
20.7	0.1428700738	2.110168639
20.8	0.3579025635	2.185554132
20.9	0.5787677762	2.224515053
21	0.8011309089	2.21330869
21.1	1.019369426	2.140497944
21.2	1.226982344	2.000543063
21.3	1.417336589	1.796667248
21.4	1.584594391	1.541384356
21.5	1.724540624	1.253988711
21.6	1.835040129	0.9559423683
21.7	1.916012288	0.666198431
21.8	1.969012636	0.3982233424
21.9	1.996629997	0.1592599197
22	2.00190078	-0.04873847187
22.1	1.987860407	-0.2274582713
22.2	1.957262196	-0.3806110907
22.3	1.912439854	-0.5127140997
22.4	1.855268658	-0.6283259911
22.5	1.787183686	-0.7316496811
22.6	1.70922464	-0.8263789081
22.7	1.622088222	-0.9156833302
22.8	1.526178383	-1.002259751
22.9	1.421650439	-1.088399675
23	1.308447619	-1.176049917
23.1	1.186335334	-1.266842232
23.2	1.054930576	-1.362082747
23.3	0.9137396008	-1.462676551
23.4	0.7622040606	-1.568981919
23.5	0.5997665218	-1.680549078
23.6	0.4259710086	-1.795753567
23.7	0.2406020576	-1.91130275
23.8	0.0438799659	-2.021672626
23.9	-0.1632887932	-2.11862812
24	-0.379031814	-2.191095169
24.1	-0.6002494343	-2.22579934
24.2	-0.8224745271	-2.209077518
24.3	-1.039976145	-2.129904399
24.4	-1.246203632	-1.98348716
24.5	-1.434559704	-1.773970787
24.6	-1.599331407	-1.514679766
24.7	-1.736492124	-1.225334645
24.8	-1.844113595	-0.9273414831
24.9	-1.922295939	-0.6392167253
25	-1.972721777	-0.3738248438
25.1	-1.998046902	-0.1378390046
25.2	-2.001324479	0.06721473139
25.3	-1.985572154	0.2432836864
25.4	-1.953506813	0.394202484
25.5	-1.907418361	0.524518822
25.6	-1.849138135	0.6387694213
25.7	-1.780060847	0.7411116817
25.8	-1.701190747	0.8351877297
25.9	-1.613194227	0.9241191634
26	-1.516449516	1.010560069
26.1	-1.411089575	1.096766858
26.2	-1.297039682	1.18465443
26.3	-1.174048572	1.275826117
26.4	-1.041722279	1.37155143
26.5	-0.8995574466	1.472693027
26.6	-0.7469923814	1.579540827
26.7	-0.5834757944	1.691552724
26.8	-0.4085667508	1.806966024
26.9	-0.2220825621	1.922295342
27	-0.02429946615	2.031774676
27.1	0.1837964524	2.12689017
27.2	0.4002244643	2.196310781
27.3	0.6217556395	2.226627812
27.4	0.8437914347	2.204282022
27.5	1.060496646	2.118694907
27.6	1.26527803	1.965848119
27.7	1.45158281	1.750811581
27.8	1.613830635	1.487691867
27.9	1.748187253	1.196593314
28	1.852930798	0.898822944
28.1	1.92833807	0.6124350362
28.2	1.976212865	0.3496868514
28.3	1.999272805	0.116691498
28.4	2.00058371	-0.08543593191
28.5	1.983143295	-0.2588891217
28.6	1.94963076	-0.4076153323
28.7	1.902291973	-0.5361859963
28.8	1.842914562	-0.6491126534
28.9	1.772853292	-0.7505061211
29	1.693077522	-0.843957222
29.1	1.604223672	-0.9325390782
29.2	1.506644392	-1.018864967
29.3	1.400451459	-1.105155733
29.4	1.285551108	-1.193296235
29.5	1.161677792	-1.284857544
29.6	1.028424014	-1.38107669
29.7	0.8852792827	-1.48276698
29.8	0.7316798055	-1.590154378
29.9	0.5670786215	-1.702595302
30	0.3910536616	-1.818183874
30.1	0.2034571133	-1.933240896
30.2	0.004620721112	-2.041749812
30.3	-0.2043849473	-2.134919416
30.4	-0.4214681882	-2.20116963
30.5	-0.6432703762	-2.226969462
30.6	-0.8650625538	-2.198896814
30.7	-1.080909526	-2.106854458
30.8	-1.284183133	-1.947623024
30.9	-1.468384111	-1.727197706
31	-1.62807201	-1.460440293
31.1	-1.759608476	-1.167790523
31.2	-1.8614768	-0.8704128981
31.3	-1.934125908	-0.5858757552
31.4	-1.979475159	-0.3258269569
31.5	-2.000298523	-0.09583137859
31.6	-1.999670663	0.1033913695
31.7	-1.980566916	0.2742662639
31.8	-1.945627906	0.4208426527
31.9	-1.897055214	0.5477097005
32	-1.836593018	0.659350638
32.1	-1.765556608	0.7598286502
32.2	-1.68488084	0.8526829399
32.3	-1.595172709	0.9409397672
32.4	-1.496759992	1.027171011
32.5	-1.389732707	1.113563394
32.6	-1.273979708	1.201970142
32.7	-1.149219348	1.293934211
32.8	-1.015033957	1.390653454
32.9	-0.870903907	1.492896922
33	-0.7162644002	1.600816375
33.1	-0.5505751352	1.713669242
33.2	-0.3734324444	1.829400374
33.3	-0.184725602	1.944128656
33.4	0.01515380949	2.051585721
33.5	0.22504979	2.142700325
33.6	0.4427574444	2.205650399
33.7	0.664786531	2.226805606
33.8	0.8862793949	2.192909228
33.9	1.101205762	2.094379893
34	1.302910285	1.928820613
34.1	1.484956062	1.703148508
34.2	1.642049829	1.432947166
34.3	1.77075206	1.138946242
34.4	1.869749751	0.8421267225
34.5	1.939659121	0.5595492005
34.6	1.982509072	0.3022507431
34.7	2.001124782	0.07526006879
34.8	1.998585987	-0.121081649
34.9	1.977843593	-0.2894168048
35	1.941498597	-0.4338867149
35.1	1.891708197	-0.5590921474
35.2	1.830173404	-0.6694852562
35.3	1.758170484	-0.769080736
35.4	1.676600369	-0.8613665766
35.5	1.586040987	-0.9493219824
35.6	1.486795439	-1.035479127
35.7	1.378933033	-1.121990233
35.8	1.262324259	-1.210678601
35.9	1.136673907	-1.303055696
36	1.001551079	-1.400283525
36.1	0.8564309154	-1.50307978
36.2	0.7007457653	-1.611526642
36.3	0.5339640002	-1.724771129
36.4	0.3557030804	-1.840608827
36.5	0.1658895745	-1.954950846
36.6	-0.03502317781	-2.061271251
36.7	-0.2457889501	-2.150221195
36.8	-0.4640881441	-2.209742423
36.9	-0.6862987531	-2.226125746
37	-0.9074356305	-2.186313109
37.1	-1.121378582	-2.081272168
37.2	-1.321453186	-1.909449017
37.3	-1.501293778	-1.678678021
37.4	-1.655760965	-1.405230754
37.5	-1.781616888	-1.110078468
37.6	-1.877750102	-0.8139783182
37.7	-1.944939098	-0.5334631238
37.8	-1.985316533	-0.2789608539
37.9	-2.001753612	-0.05497711408
38	-1.99733164	0.1385094361
38.1	-1.974974916	0.3043443642
38.2	-1.937244079	0.4467511096
38.3	-1.886251832	0.5703366924
38.4	-1.823656318	0.6795195478
38.5	-1.750695242	0.7782649643
38.6	-1.668236073	0.8700101291
38.7	-1.576828322	0.9576879165
38.8	-1.476750587	1.04379067
38.9	-1.368051563	1.130437623
39	-1.250584779	1.219422006
39.1	-1.124039563	1.312222424
39.2	-0.9879750569	1.409965717
39.3	-0.8418586952	1.513316824
39.4	-0.6851234298	1.622281469
39.5	-0.5172459612	1.735899525
39.6	-0.3378650189	1.85180588
39.7	-0.1469487525	1.965700507
39.8	0.05498479892	2.070796978
39.9	0.2665991865	2.157466661
40	0.4854565642	2.213429734
40.1	0.7078018589	2.224917612
40.2	0.9285251145	2.179101681
40.3	1.141421658	2.067533501
40.4	1.339806163	1.889521665
40.5	1.517393058	1.653806967
40.6	1.669203387	1.377313051
40.7	1.792202787	1.081205644
40.8	1.885479235	0.7859802136
40.9	1.949968349	0.5076247158
41	1.987900469	0.2559594451
41.1	2.002187955	0.03498090469
41.2	1.995910204	-0.1556781312
41.3	1.971963136	-0.319052951
41.4	1.93286617	-0.4594400392
41.5	1.880687508	-0.5814472069
41.6	1.817042778	-0.6894568242
41.7	1.74313162	-0.7873843703
41.8	1.659788573	-0.8786160797
41.9	1.567534864	-0.9660392298
42	1.466625397	-1.052107766
42.1	1.357088619	-1.138907223
42.2	1.238760235	-1.2282003
42.3	1.111316655	-1.32143629
42.4	0.9743050451	-1.419700696
42.5	0.8271877484	-1.523606351
42.6	0.669397041	-1.633082199
42.7	0.5004197873	-1.747050169
42.8	0.3199192365	-1.862985518
42.9	0.1279051133	-1.976370204
43	-0.07503817354	-2.080152625
43.1	-0.287478458	-2.164429099
43.2	-0.5068586301	-2.216703306
43.3	-0.7292908232	-2.223172272
43.4	-0.9495420851	-2.171271074
43.5	-1.161329073	-2.053167035
43.6	-1.35796408	-1.869047617
43.7	-1.533250305	-1.628550201
43.8	-1.682375249	-1.349211916
43.9	-1.802509886	-1.052344627
44	-1.892938701	-0.7581446591
44.1	-1.954749114	-0.4820398302
44.2	-1.990263558	-0.23324777
44.3	-2.00243049	-0.0152697818
44.4	-1.994324163	0.1725912978
44.5	-1.968810294	0.3335468282
44.6	-1.928366514	0.471957595
44.7	-1.875016495	0.5924274429
44.8	-1.810333713	0.6993004721
44.9	-1.735480206	0.7964415868
45	-1.651258	0.8871867922
45.1	-1.558160825	0.9743784496
45.2	-1.456419879	1.060431762
45.3	-1.346043472	1.147400188
45.4	-1.226851199	1.23701682
45.5	-1.098504271	1.330696856
45.6	-0.9605409024	1.429488815
45.7	-0.8124167304	1.53394942
45.8	-0.6535659414	1.643924634
45.9	-0.4834862888	1.75822118
46	-0.301865239	1.874143936
46.1	-0.1087580368	1.986952722
46.2	0.09518065797	2.089328819
46.3	0.3084231588	2.17109172
46.4	0.5282902215	2.219546329
46.5	0.7507601822	2.220877099
46.6	0.9704802917	2.162815234
46.7	1.18109463	2.03817668
46.8	1.375921561	1.848042374
46.9	1.548861665	1.602929414
47	1.695274729	1.32094881
47.1	1.812538153	1.023512329
47.2	1.900130037	0.7304828595
47.3	1.959284063	0.4567145544
47.4	1.992408629	0.2108269988
47.5	2.002483917	-0.004158350094
47.6	1.992575899	-0.1892523518
47.7	1.965518423	-0.3478300602
47.8	1.923746699	-0.4843079215
47.9	1.869239977	-0.6032811355
48	1.803529941	-0.7090536118
48.1	1.727741539	-0.805439551
48.2	1.642644876	-0.8957247201
48.3	1.548706231	-0.9827070389
48.4	1.446133802	-1.068764702
48.5	1.334916429	-1.15591831
48.6	1.214856211	-1.245870157
48.7	1.085602375	-1.340006145
48.8	0.94668162	-1.439329658
48.9	0.7975459902	-1.54434444
49	0.6376299646	-1.654809625
49.1	0.4664445166	-1.769408488
49.2	0.2837039421	-1.885274995
49.3	0.089509662	-1.997440022
49.4	-0.1154111436	-2.098314347
49.5	-0.3294309642	-2.1774467
49.6	-0.5497471682	-2.221949966
49.7	-0.7722047229	-2.218024596
49.8	-0.9913338173	-2.153732064
49.9	-1.200712386	-2.022567279
50	-1.393673609	-1.826516407
50.1	-1.564223852	-1.576960745
50.2	-1.707900526	-1.292542378
50.3	-1.822288194	-0.9947255163
50.4	-1.907055065	-0.7030060655
50.5	-1.963575559	-0.4316538718
50.6	-1.994338531	-0.1886978522
50.7	-2.002351095	0.02330559518
50.8	-1.990667955	0.2056651979
50.9	-1.962089634	0.3619069027
51	-1.919008448	0.4964950633
51.1	-1.863359289	0.6140119873
51.2	-1.796632465	0.7187195828
51.3	-1.719916308	0.8143808542
51.4	-1.633949415	0.9042321218
51.5	-1.53917133	0.9910274253
51.6	-1.435767273	1.077107997
51.7	-1.323706879	1.164462418
51.8	-1.202775926	1.254764303
51.9	-1.072610369	1.349363589
52	-0.9327274822	1.449226065
52.1	-0.7825740978	1.554790412
52.2	-0.6215889143	1.665733882
52.3	-0.4492945607	1.780609918
52.4	-0.2654346732	1.896373287
52.5	-0.07016071421	2.007824213
52.6	0.1357272045	2.107098169
52.7	0.3504986179	2.183476669
52.8	0.5712251315	2.223899382
52.9	0.7936188376	2.214603824
53	1.012096345	2.144017365
53.1	1.220176124	2.006344814
53.2	1.411214976	1.804486499
53.3	1.57933338	1.550665266
53.4	1.720251105	1.264013213
53.5	1.831760178	0.9659999624
53.6	1.913715361	0.6757244034
53.7	1.967626039	0.40686287
53.8	1.996055961	0.1668607473
53.9	2.002034496	-0.04217446833
54	1.988602488	-0.2218334598
54.1	1.958525708	-0.3757814845
54.2	1.914153099	-0.5085230982
54.3	1.857375378	-0.6246236259
54.4	1.78964189	-0.7283014984
54.5	1.712004879	-0.8232684027
54.6	1.625171824	-0.9127111514
54.7	1.529555874	-0.9993414508
54.8	1.425320107	-1.085463395
54.9	1.312414381	-1.173034807
55	1.190609705	-1.263698113
55.1	1.059527443	-1.358771071
55.2	0.9186770934	-1.459174429
55.3	0.7675014058	-1.565288616
55.4	0.6054415883	-1.676696231
55.5	0.432036332	-1.791820365
55.6	0.2470589913	-1.907433727
55.7	0.05071136933	-2.018096701
55.8	-0.1561275356	-2.115671234
55.9	-0.3716228636	-2.189174245
56	-0.5927197319	-2.225383741
56.1	-0.8149972831	-2.210606747
56.2	-1.03276217	-2.133669763
56.3	-1.23948044	-1.989515058
56.4	-1.428541366	-1.781964157
56.5	-1.594187434	-1.524060389
56.6	-1.732325585	-1.235379203
56.7	-1.840955096	-0.937350933
56.8	-1.920113137	-0.6486475795
56.9	-1.971438426	-0.3823451253
57	-1.997563765	-0.1453154304
57.1	-2.001536945	0.06076749333
57.2	-1.986382003	0.2377611718
57.3	-1.954828703	0.3894581292
57.4	-1.909182318	0.5203960612
57.5	-1.851289538	0.6351197166
57.6	-1.782559162	0.7378024999
57.7	-1.704007794	0.8321045858
57.8	-1.616312433	0.9211644707
57.9	-1.519860274	1.007650856
58	-1.41479195	1.093832675
58.1	-1.30103929	1.181635647
58.2	-1.178356313	1.272673501
58.3	-1.046353624	1.368228336
58.4	-0.90453055	1.469178185
58.5	-0.7523266483	1.575836138
58.6	-0.5891886958	1.6876943
58.7	-0.4146698452	1.803038127
58.8	-0.2285759756	1.91844995
58.9	-0.03116383357	2.028249822
59	0.1766092343	2.124020764
59.1	0.39280057	2.194521679
59.2	0.6142263947	2.226389258
59.3	0.8363342246	2.206023965
59.4	1.053324878	2.1226872
59.5	1.258619172	1.972086771
59.6	1.445647764	1.758968546
59.7	1.608783072	1.497168042
59.8	1.744123022	1.20666087
59.9	1.849873632	0.9087933971
60	1.926250388	0.6217847245
60.1	1.97501529	0.3581048825
60.2	1.998864935	0.1240616651
60.3	2.000861106	-0.07908766749
60.4	1.984008809	-0.2534522166
60.5	1.951000528	-0.4029410944
60.6	1.904097565	-0.5321180751
60.7	1.845102825	-0.64550386
60.8	1.775385005	-0.7472257141
60.9	1.695925631	-0.8408924257
61	1.607371532	-0.9295938941
61.1	1.510084252	-1.01595783
61.2	1.404183077	-1.102217235
61.3	1.289580599	-1.190267742
61.4	1.166016711	-1.281691268
61.5	1.033087953	-1.377736816
61.6	0.8902868413	-1.479234403
61.7	0.7370501387	-1.586434053
61.8	0.5728288724	-1.698726613
61.9	0.3971947772	-1.814257304
62	0.2099874473	-1.929416003
62.1	0.01151845243	-2.038273575
62.2	-0.1971708966	-2.132136536
62.3	-0.4140281678	-2.199511208
62.4	-0.6357404041	-2.226906304
62.5	-0.8576240709	-2.200849107
62.6	-1.073778416	-2.111069883
62.7	-1.277586643	-1.95406679
62.8	-1.462529756	-1.735511578
62.9	-1.623117495	-1.470005577
63	-1.755642615	-1.177876099
63.1	-1.858516732	-0.8803421472
63.2	-1.932129058	-0.5951446741
63.3	-1.978359223	-0.3341451612
63.4	-1.999962044	-0.1030990246
63.5	-2.000009541	0.09713767677
63.6	-1.981485094	0.2689105789
63.7	-1.947042971	0.4162344079
63.8	-1.89890026	0.5436928907
63.9	-1.838816314	0.6557794834
64	-1.768120182	0.7565741185
64.1	-1.687758726	0.8496340266
64.2	-1.598349226	0.9380019716
64.3	-1.50022813	1.024263948
64.4	-1.393492877	1.110618869
64.5	-1.27803871	1.198930611
64.6	-1.153588931	1.290752448
64.7	-1.019730419	1.387296174
64.8	-0.8759456728	1.489345595
64.9	-0.7216708564	1.597079601
65	-0.5563628159	1.709790434
65.1	-0.3796114121	1.825475603
65.2	-0.1912928236	1.940325425
65.3	0.008222701052	2.048159985
65.4	0.2178094263	2.140006307
65.5	0.4353021755	2.204125968
65.6	0.6572569475	2.226921107
65.7	0.8788609486	2.195073531
65.8	1.094116603	2.098817521
65.9	1.296377179	1.93546581
66	1.479182949	1.711613327
66.1	1.637188339	1.442594934
66.2	1.766883907	1.149044113
66.3	1.86688558	0.8520107369
66.4	1.937751579	0.5687354352
66.5	1.981473164	0.3104689989
66.6	2.000858169	0.08242634959
66.7	1.998984959	-0.1149207857
66.8	1.978813239	-0.2841402894
66.9	1.94295797	-0.4293424539
67	1.893591896	-0.5551246209
67.1	1.832431101	-0.6659501273
67.2	1.760765456	-0.7658507435
67.3	1.679507702	-0.8583323169
67.4	1.589245886	-0.9463905185
67.5	1.490291727	-1.032571316
67.6	1.38272171	-1.119038912
67.7	1.266412723	-1.207627054
67.8	1.14107431	-1.299858479
67.9	1.006280082	-1.3969075
68	0.8615071615	-1.499510257
68.1	0.706188277	-1.607773374
68.2	0.5397893364	-1.720882583
68.3	0.3619200174	-1.836687504
68.4	0.1724931963	-1.951171466
68.5	-0.02805923668	-2.057899523
68.6	-0.2385228958	-2.147620247
68.7	-0.4566188184	-2.208355369
68.8	-0.6787711873	-2.226422798
68.9	-0.9000391676	-2.188690914
69	-1.114333448	-2.085931087
69.1	-1.314985342	-1.916292063
69.2	-1.495603227	-1.687288265
69.3	-1.650993115	-1.414954134
69.4	-1.777846374	-1.120182231
69.5	-1.874981255	-0.823812484
69.6	-1.943120006	-0.5425642037
69.7	-1.984359601	-0.2870785415
69.8	-2.001555787	-0.06204253752
69.9	-1.99778972	0.1324400995
70	-1.975995195	0.2991454919
70.1	-1.938747074	0.4422693124
70.2	-1.888173646	0.5664170358
70.3	-1.825948011	0.676019183
70.4	-1.75332131	0.7750583935
70.5	-1.671172679	0.8669896927
70.6	-1.580061543	0.9547619536
70.7	-1.480274941	1.040881445
70.8	-1.371868864	1.127478921
70.9	-1.254702689	1.216358343
71	-1.128471081	1.309009058
71.1	-0.9927367389	1.406571557
71.2	-0.846969469	1.509728222
71.3	-0.690602413	1.618512434
71.4	-0.5231088299	1.732002473
71.5	-0.3441197262	1.847889105
71.6	-0.153588981	1.961947325
71.7	0.04798854814	2.067482049
71.8	0.2593085646	2.154962497
71.9	0.477974553	2.212185764
72	0.7002780611	2.225401062
72.1	0.9211526463	2.181695569
72.2	1.134422544	2.072413017
72.3	1.333405296	1.896558215
72.4	1.511786332	1.662555578
72.5	1.664529813	1.387104963
72.6	1.788529902	1.091309484
72.7	1.882805114	0.7957604445
72.8	1.948236695	0.5166385414
72.9	1.987021457	0.2639760571
73	2.002057912	0.04194617693
73.1	1.996426483	-0.1496991093
73.2	1.973033271	-0.3139302172
73.3	1.934412172	-0.4550191743
73.4	1.882646968	-0.5775740283
73.5	1.819368129	-0.6859900357
73.6	1.745788572	-0.7842002255
73.7	1.662754285	-0.8756084692
73.8	1.570796305	-0.9631181216
73.9	1.470177912	-1.049196461
74	1.360934476	-1.135940661
74.1	1.242907909	-1.22512371
74.2	1.115779114	-1.318206672
74.3	0.9790995563	-1.416286891
74.4	0.8323332772	-1.519999915
74.5	0.6749123839	-1.629297206
74.6	0.5063206817	-1.743145497
74.7	0.3262118786	-1.859075643
74.8	0.1345810151	-1.972645969
74.9	-0.0680099915	-2.076898971
75	-0.2801638408	-2.162025768
75.1	-0.4993652211	-2.215605233
75.2	-0.7217725644	-2.223844622
75.3	-0.9421957258	-2.174082104
75.4	-1.154378223	-2.058265956
75.5	-1.351632201	-1.876274411
75.6	-1.527728795	-1.637432077
75.7	-1.677796606	-1.359065739
75.8	-1.798934611	-1.062442192
75.9	-1.890358883	-0.7678666205
76	-1.9531043	-0.4909641335
76.1	-1.989461607	-0.2411627704
76.2	-2.002367314	-0.02213548072
76.3	-1.994897844	0.16670126
76.4	-1.969929631	0.328498793
76.5	-1.929955	0.4675962588
76.6	-1.877013217	0.588599441
76.7	-1.812692459	0.6958660694
76.8	-1.73816786	0.7932788467
76.9	-1.65425283	0.88419134
77	-1.56145057	0.9714612838
77.1	-1.460000518	1.057517851
77.2	-1.349918277	1.144425212
77.3	-1.231028403	1.23392711
77.4	-1.102998399	1.32745068
77.5	-0.9653685258	1.426057578
77.6	-0.8175973694	1.530323312
77.7	-0.6591182694	1.640125784
77.8	-0.4894244819	1.754309889
77.9	-0.3081955823	1.870241535
78	-0.1154706235	1.983259736
78.1	0.08812147458	2.08613827
78.2	0.3010861688	2.168794531
78.3	0.5207869386	2.218601317
78.4	0.7432492992	2.22174371
78.5	0.9631620298	2.165845899
78.6	1.174193889	2.04349349
78.7	1.369660175	1.855453164
78.8	1.543426464	1.611936036
78.9	1.690791513	1.330857227
79	1.809060347	1.03359836
79.1	1.897643724	0.7401429764
79.2	1.957724771	0.4655476188
79.3	1.99168258	0.2186403585
79.4	2.00248658	0.002608660491
79.5	1.993206026	-0.1834501189
79.6	1.966686144	-0.342855177
79.7	1.925377028	-0.4800045593
79.8	1.87127346	-0.5994969362
79.9	1.805921719	-0.7056505128
80	1.730459671	-0.8022972027
80.1	1.645668486	-0.8927403148
80.2	1.552024099	-0.9797935165
80.3	1.449742739	-1.06584736
80.4	1.338819677	-1.15293439
80.5	1.21906395	-1.242767913
80.6	1.090127701	-1.336742681
80.7	0.9515427222	-1.435879849
80.8	0.8027615233	-1.540700672
80.9	0.6432188148	-1.650995614
81	0.4724207169	-1.765491594
81.1	0.2900718864	-1.881382923
81.2	0.09625724638	-1.993781144
81.3	-0.1083214476	-2.095192096
81.4	-0.3220721219	-2.175258687
81.5	-0.5422354863	-2.221159486
81.6	-0.764703163	-2.21908677
81.7	-0.9840459321	-2.156982304
81.8	-1.193864139	-2.028099924
81.9	-1.387484771	-1.834107834
82	-1.558876232	-1.586086967
82.1	-1.703513192	-1.302498423
82.2	-1.818907665	-1.004793524
82.3	-1.904661735	-0.712600127
82.4	-1.962101206	-0.4403936548
82.5	-1.993687404	-0.1964089568
82.6	-2.002418557	0.01663662322
82.7	-1.991353639	0.19994936
82.8	-1.963304986	0.3570037809
82.9	-1.920679985	0.4922483532
83	-1.865429036	0.6102703576
83.1	-1.799056881	0.7153465962
83.2	-1.722664602	0.8112580128
83.3	-1.637001785	0.9012582129
83.4	-1.542517272	0.9881164463
83.5	-1.439404259	1.074186892
83.6	-1.32763913	1.161469247
83.7	-1.207013245	1.251647249
83.8	-1.077167334	1.346083319
83.9	-0.9376217282	1.445756975
84	-0.78782506	1.551128604
84.1	-0.627214675	1.661906609
84.2	-0.455308489	1.776688689
84.3	-0.271840242	1.892493239
84.4	-0.07694357137	2.004202362
84.5	0.1286077973	2.104047492
84.6	0.3431193337	2.181403642
84.7	0.5637066694	2.223269743
84.8	0.7861286041	2.215866256
84.9	1.004841028	2.147489055
85	1.213382441	2.012091375
85.1	1.405100419	1.812252613
85.2	1.574074582	1.559903579
85.3	1.715960279	1.274010123
85.4	1.828476927	0.9760448278
85.5	1.911414464	0.6852490222
85.6	1.966235707	0.4155077985
85.7	1.995478891	0.174469635
85.8	2.002165992	-0.035602694
85.9	1.989343039	-0.2162028405
86	1.95978814	-0.3709486969
86.1	1.915865446	-0.5043316408
86.2	1.859481118	-0.6209233339
86.3	1.792098793	-0.7249576173
86.4	1.714783285	-0.8201641084
86.5	1.62825288	-0.9097468843
86.6	1.532929966	-0.9964325625
86.7	1.428985357	-1.082537881
86.8	1.316375596	-1.170031656
86.9	1.194877268	-1.260567095
87	1.064116147	-1.355473212
87.1	0.9236050448	-1.455686575
87.2	0.7727877422	-1.561609159
87.3	0.6111043724	-1.67285559
87.4	0.4380883066	-1.787896144
87.5	0.2535019216	-1.903567817
87.6	0.05752888551	-2.014514941
87.7	-0.1489789713	-2.112696124
87.8	-0.3642240415	-2.187219544
87.9	-0.5851959722	-2.224917911
88	-0.8075202244	-2.212071586
88.1	-1.025541495	-2.137363062
88.2	-1.232743369	-1.995473146
88.3	-1.422502723	-1.789900606
88.4	-1.589018434	-1.533404569
88.5	-1.72813152	-1.245410264
88.6	-1.83776877	-0.9473670892
88.7	-1.917903957	-0.6580993438
88.8	-1.970131226	-0.3908937921
88.9	-1.997059736	-0.1528221058
89	-2.001731469	0.05429193797
89.1	-1.987176556	0.2322143096
89.2	-1.956137495	0.3846941767
89.3	-1.910934898	0.5162584342
89.4	-1.853430831	0.6314594724
89.5	-1.785048226	0.7344865634
89.6	-1.706816098	0.8290179482
89.7	-1.619422113	0.9182090482
89.8	-1.523262448	1.004743274
89.9	-1.418485479	1.090902165
90	-1.305029599	1.178622337
90.1	-1.182654119	1.269527487
90.2	-1.050974333	1.364913059
90.3	-0.9094919105	1.465670849
90.4	-0.7576489376	1.572139403
90.5	-0.5948885835	1.683841856
90.6	-0.4207595904	1.799111807
90.7	-0.2350565501	1.91460019
90.8	-0.0380159207	2.024710674
90.9	0.1694324557	2.121124779
91	0.3853834532	2.192691358
91.1	0.6066989131	2.226093156
91.2	0.8288723001	2.207695292
91.3	1.046140922	2.126603158
91.4	1.251940618	1.9782536
91.5	1.439686576	1.76706867
91.6	1.60370484	1.506610627
91.7	1.740026058	1.216719593
91.8	1.846783964	0.9187761244
91.9	1.924132156	0.6311607205
92	1.973790187	0.366556163
92.1	1.998432967	0.1314665014
92.2	2.001117806	-0.07270727458
92.3	1.984856611	-0.2479877214
92.4	1.952355091	-0.3982443978
92.5	1.905889945	-0.5280327983
92.6	1.847279376	-0.641882377
92.7	1.777906073	-0.7439366892
92.8	1.698763751	-0.8378223625
92.9	1.610509746	-0.9266465367
93	1.513514663	-1.013050945
93.1	1.407904972	-1.099281168
93.2	1.293600221	-1.187243046
93.3	1.170344964	-1.278530765
93.4	1.037740861	-1.37440314
93.5	0.8952827724	-1.47570943
93.6	0.7424078036	-1.582719719
93.7	0.5785663276	-1.694861621
93.8	0.4033228548	-1.81033126
93.9	0.2165046131	-1.925584538
94	0.01840445369	-2.034781061
94.1	-0.1899661638	-2.12932434
94.2	-0.4065938295	-2.19780624
94.3	-0.6282108259	-2.226781251
94.4	-0.850179229	-2.202727649
94.5	-1.06663336	-2.115207581
94.6	-1.270968716	-1.960439833
94.7	-1.456647612	-1.743772248
94.8	-1.618130913	-1.479540759
94.9	-1.751642865	-1.187955702
95	-1.855523297	-0.890285845
95.1	-1.930101099	-0.6044416726
95.2	-1.977215346	-0.3424979265
95.3	-1.999601142	-0.1104019744
95.4	-2.000327386	0.09085142921
95.5	-1.982385285	0.2635270048
95.6	-1.948442562	0.4116036235
95.7	-1.900731823	0.5396586877
95.8	-1.841027628	0.6521955625
95.9	-1.770672838	0.753310851
96	-1.690626424	0.8465799688
96.1	-1.601515946	0.9350617672
96.2	-1.503686461	1.021357091
96.3	-1.397243301	1.107676552
96.4	-1.282087395	1.19589568
96.5	-1.157948378	1.287576323
96.6	-1.024415518	1.383945057
96.7	-0.8809756548	1.485800954
96.8	-0.7270646367	1.593348538
96.9	-0.5621373998	1.70591508
97	-0.3857771357	1.821550062
97.1	-0.19784713	1.936514343
97.2	0.001303208487	2.044716287
97.3	0.2105781642	2.137280704
97.4	0.4278521029	2.202554093
97.5	0.6497270395	2.226973613
97.6	0.8714352661	2.197163367
97.7	1.087012529	2.103177433
97.8	1.289821682	1.942040929
97.9	1.473381247	1.720026033
98	1.632294209	1.452214636
98.1	1.762981554	1.159138406
98.2	1.863987902	0.8619110921
98.3	1.935812883	0.5779508787
98.4	1.980409365	0.3187223081
98.5	2.00056722	0.08962804565
98.6	1.999363004	-0.1087275751
98.7	1.979764961	-0.278836237
98.8	1.944401908	-0.4247759737
98.9	1.895462122	-0.5511400072
99	1.834676797	-0.6624025306
99.1	1.763349466	-0.7626122838
99.2	1.682404749	-0.8552930438
99.3	1.59244086	-0.9434569192
99.4	1.493778156	-1.029663847
99.5	1.386500409	-1.116090031
99.6	1.270490847	-1.204579792
99.7	1.14546395	-1.296666759
99.8	1.010997657	-1.393537947
99.9	0.8665713159	-1.495947101
100	0.7116181524	-1.60402575
100.1	0.5456014997	-1.716997384
100.2	0.3681236506	-1.832764809
100.3	0.1790840777	-1.947383439
100.4	-0.02110671202	-2.05450854
100.5	-0.2312657124	-2.144986077
100.6	-0.4491542656	-2.206919633
100.7	-0.6712427187	-2.226655881
100.8	-0.8926347726	-2.190993738
100.9	-1.107272655	-2.090512647
101	-1.308494432	-1.923066405
101.1	-1.489883618	-1.695848448
101.2	-1.646192414	-1.424651961
101.3	-1.774041681	-1.130284678
101.4	-1.872179092	-0.833664586
101.5	-1.941270047	-0.5516953655
101.6	-1.983375151	-0.2952314955
101.7	-2.001334001	-0.06914319013
101.8	-1.998227212	0.1263388731
101.9	-1.976997839	0.2939196147
102	-1.94023487	0.4377658252
102.1	-1.89008217	0.5624807844
102.2	-1.828227843	0.6725067906
102.3	-1.755936516	0.7718437422
102.4	-1.674099056	0.8639645274
102.5	-1.583284856	0.9518341415
102.6	-1.483789464	1.037972795
102.7	-1.375676145	1.124522874
102.8	-1.25881026	1.213299013
102.9	-1.132891729	1.305801391
103	-0.997486944	1.403183715
103.1	-0.8520681383	1.506146178
103.2	-0.6960686324	1.614748928
103.3	-0.5289585003	1.728108346
103.4	-0.3503612181	1.843970481
103.5	-0.1602164704	1.958184665
103.6	0.04100355497	2.064146837
103.7	0.2520264663	2.152423922
103.8	0.4704968315	2.210891417
103.9	0.6927527508	2.225819011
104	0.9137715542	2.184213728
104.1	1.127407087	2.077215479
104.2	1.326980778	1.903527429
104.3	1.506150119	1.671256338
104.4	1.659823172	1.396873656
104.5	1.784822854	1.101414004
104.6	1.880097899	0.805560056
104.7	1.946474522	0.5256831512
104.8	1.986115282	0.2720280939
104.9	2.001904255	0.04894644094
105	1.996922494	-0.1436886265
105.1	1.974086038	-0.3087810068
105.2	1.93594319	-0.4505771455
105.3	1.884593304	-0.5736847325
105.4	1.821681739	-0.6825116325
105.5	1.748434738	-0.7810083415
105.6	1.665709819	-0.8725964642
105.7	1.574047877	-0.9601954135
105.8	1.473720574	-1.046285948
105.9	1.36477031	-1.132976921
106	1.247045175	-1.222051757
106.1	1.120230714	-1.314982748
106.2	0.9838826544	-1.412880637
106.3	0.8374665598	-1.516399376
106.4	0.6804150569	-1.625517945
106.5	0.5122080716	-1.739243462
106.6	0.3324911452	-1.85516296
106.7	0.1412446818	-1.968911202
106.8	-0.06099301602	-2.073623145
106.9	-0.2728576425	-2.159586571
107	-0.4918756951	-2.214456128
107.1	-0.7142521865	-2.224450747
107.2	-0.9348400006	-2.176817119
107.3	-1.14741024	-2.063288178
107.4	-1.345275962	-1.883434656
107.5	-1.522177306	-1.646267524
107.6	-1.673184666	-1.368898612
107.7	-1.795325171	-1.072542699
107.8	-1.887746074	-0.7776094636
107.9	-1.951429094	-0.4999200234
108	-1.988632752	-0.2491134008
108.1	-2.002280819	-0.02903594952
108.2	-1.995451498	0.1607802571
108.3	-1.971031792	0.3234247863
108.4	-1.931528649	0.4632142467
108.5	-1.878996913	0.5847557777
108.6	-1.815039519	0.6924204838
108.7	-1.740844765	0.7901087322
108.8	-1.657237419	0.881191688
108.9	-1.56473036	0.9685429014
109	-1.463571313	1.054604898
109.1	-1.35378282	1.141453315
109.2	-1.235195375	1.230842146
109.3	-1.107481341	1.324210304
109.4	-0.970184542	1.422632553
109.5	-0.8227656747	1.526704321
109.6	-0.6646574872	1.636331564
109.7	-0.4953495598	1.75040063
109.8	-0.3145127626	1.866336391
109.9	-0.1221702381	1.979555411
110	0.08107326805	2.082925437
110.1	0.2937569343	2.166460029
110.2	0.5132870198	2.217602283
110.3	0.7357357293	2.222541851
110.4	0.9558338234	2.168799494
110.5	1.167275519	2.048734066
110.6	1.363374058	1.862799683
110.7	1.537960991	1.620899342
110.8	1.686274865	1.340746931
110.9	1.805548474	1.043688847
111	1.895124778	0.7498250468
111.1	1.95613567	0.4744126486
111.2	1.990930041	0.2264891368
111.3	2.002466272	0.009410068871
111.4	1.993816464	-0.1776173439
111.5	1.96783697	-0.3378549232
111.6	1.926992731	-0.4756811122
111.7	1.87329408	-0.5956975894
111.8	1.808301919	-0.7022366048
111.9	1.733167097	-0.7991478463
112	1.648681991	-0.8897521981
112.1	1.555332088	-0.9768787812
112.2	1.453341682	-1.062931334
112.3	1.342712984	-1.149953689
112.4	1.223260794	-1.239669736
112.5	1.094642021	-1.333485358
112.6	0.9563919593	-1.432436261
112.7	0.8079647941	-1.537063365
112.8	0.6487947865	-1.64718676
112.9	0.4783836477	-1.761576606
113	0.2964266442	-1.877487251
113.1	0.1029924667	-1.990110115
113.2	-0.1012424113	-2.092045757
113.3	-0.314720817	-2.173031988
113.4	-0.5347266498	-2.22031437
113.5	-0.7571982234	-2.220080089
113.6	-0.9767472882	-2.160155542
113.7	-1.186997413	-2.033557254
113.8	-1.38127048	-1.841636656
113.9	-1.553497937	-1.595172152
114	-1.699092335	-1.312438498
114.1	-1.81549319	-1.014868314
114.2	-1.902236015	-0.7222175872
114.3	-1.960597315	-0.4491661627
114.4	-1.993010219	-0.2041557223
114.5	-2.002463485	0.009933530977
114.6	-1.992020006	0.1942034979
114.7	-1.964503773	0.3520757882
114.8	-1.922337179	0.4879820444
114.9	-1.867486149	0.6065140305
115	-1.801469912	0.7119632331
115.1	-1.72540236	0.8081285003
115.2	-1.640044117	0.8982807804
115.3	-1.545853393	0.9852046468
115.4	-1.443031398	1.071267225
115.5	-1.331561271	1.158479415
115.6	-1.211240084	1.248535187
115.7	-1.081713215	1.342809015
115.8	-0.9425042913	1.442294487
115.9	-0.7930636348	1.547473192
116	-0.6328274968	1.658083931
116.1	-0.4613092152	1.772768836
116.2	-0.2782326749	1.888608837
116.3	-0.0837141134	2.000567272
116.4	0.1214987746	2.100971402
116.5	0.335747097	2.179290149
116.6	0.5561904414	2.222583485
116.7	0.7786342381	2.217058359
116.8	0.9975741344	2.150883247
116.9	1.206569504	2.017763324
117	1.398959751	1.819958023
117.1	1.568784637	1.569103303
117.2	1.711635689	1.283993425
117.3	1.82515971	0.9860983498
117.4	1.909081347	0.6947982888
117.5	1.964816115	0.4241860228
117.6	1.99487605	0.1821142465
117.7	2.002275219	-0.02899703651
117.8	1.990064511	-0.2105425947
117.9	1.961034199	-0.3660914985
118	1.917563596	-0.5001210331
118.1	1.861574329	-0.6172087444
118.2	1.794544377	-0.7216036967
118.3	1.717551187	-0.8170534406
118.4	1.631323917	-0.9067793537
118.5	1.536294225	-0.9935230349
118.6	1.43264072	-1.07961398
118.7	1.320326677	-1.167032024
118.8	1.199134249	-1.257441063
118.9	1.068693732	-1.352181471
119	0.928521199	-1.45220537
119.1	0.7780616409	-1.557935893
119.2	0.6167542014	-1.669019478
119.3	0.4441269937	-1.783972887
119.4	0.2599317552	-1.899696768
119.5	0.06433431794	-2.010918855
119.6	-0.1418405086	-2.10969412
119.7	-0.356831906	-2.185222755
119.8	-0.5776738829	-2.224394124
119.9	-0.8000383271	-2.213465154
120	-1.018308452	-2.140978698
120.1	-1.225986259	-2.001357554
120.2	-1.416437333	-1.797778219
120.3	-1.583817899	-1.542712601
120.4	-1.723903558	-1.255430162
120.5	-1.834548557	-0.9573938547
120.6	-1.915662771	-0.6675769543
120.7	-1.968795052	-0.3994763054
120.8	-1.996530271	-0.1603645347
120.9	-2.001904046	0.04778283178
121	-1.987952307	0.2266382882
121.1	-1.957430144	0.379906308
121.2	-1.912673461	0.5121021374
121.3	-1.855559727	0.6277853589
121.4	-1.787526071	0.731160976
121.5	-1.709613966	0.8259252525
121.6	-1.622521794	0.9152506121
121.7	-1.526654795	1.001835314
121.8	-1.422169118	1.087973462
121.9	-1.309009708	1.175612681
122	-1.186941355	1.266386686
122.1	-1.055583824	1.361603908
122.2	-0.9144417946	1.462170487
122.3	-0.7629584718	1.568448696
122.4	-0.6005754682	1.6799932
122.5	-0.4268362089	1.795186184
122.6	-0.2415237721	1.910744552
122.7	-0.04485580276	2.021156496
122.8	0.1622654002	2.118200734
122.9	0.3779726021	2.190816485
123	0.5991725751	2.225736699
123.1	0.8214048721	2.209293693
123.2	1.038943908	2.130440957
123.3	1.245241402	1.984347691
123.4	1.433698128	1.775112438
123.5	1.598594734	1.516019675
123.6	1.735895061	1.226769304
123.7	1.843660493	0.9287709728
123.8	1.921982174	0.640563513
123.9	1.97253645	0.3750416518
124	1.997975878	0.1389068614
124.1	2.001352814	-0.06629371316
124.2	1.985685838	-0.2424945679
124.3	1.953693674	-0.3935243639
124.4	1.907668415	-0.5239293844
124.5	1.849443589	-0.6382474842
124.6	1.780415919	-0.7406383552
124.7	1.701591417	-0.8347466709
124.8	1.61363797	-0.9236964388
124.9	1.516935115	-1.010143884
125	1.41161691	-1.096347097
125.1	1.297609498	-1.184222614
125.2	1.174662548	-1.275375277
125.3	1.042382446	-1.371076147
125.4	0.9002665306	-1.472190451
125.5	0.7477530639	-1.579011349
125.6	0.5842905765	-1.69100121
125.7	0.4094373573	-1.806404869
125.8	0.2230088997	-1.921746349
125.9	0.02527866257	-2.031271845
126	-0.1827711917	-2.126481744
126.1	-0.3991654967	-2.196057066
126.2	-0.6206818668	-2.226596067
126.3	-0.8427282188	-2.204533478
126.4	-1.05947447	-2.119267658
126.5	-1.264329343	-1.966740995
126.6	-1.450737631	-1.751977225
126.7	-1.613112177	-1.489044445
126.8	-1.747609085	-1.198028907
126.9	-1.852496198	-0.9002437226
127	-1.928041586	-0.6137666126
127.1	-1.976043121	-0.3508852718
127.2	-1.999215466	-0.1177405167
127.3	-2.000623905	0.084532427
127.4	-1.983267194	0.2581152996
127.5	-1.949826432	0.4069499564
127.6	-1.902549692	0.5356067873
127.7	-1.843226776	0.6485986604
127.8	-1.773214429	0.7500387323
127.9	-1.693483744	0.843520405
128	-1.60467263	0.9321191762
128.1	-1.507134987	1.018450342
128.2	-1.400983658	1.104736552
128.3	-1.286125838	1.192864158
128.4	-1.16229663	1.284405696
128.5	-1.029089275	1.380600093
128.6	-0.8859935257	1.482262986
128.7	-0.73244583	1.589623479
128.8	-0.5678988892	1.702043525
128.9	-0.391929601	1.81762411
129	-0.2043885244	1.932695957
129.1	-0.005604531728	2.041255158
129.2	0.2033562147	2.134524303
129.3	0.4204074804	2.200935699
129.4	0.6421971384	2.226963929
129.5	0.8640027395	2.199179272
129.6	1.079893958	2.107459749
129.7	1.283244195	1.9485456
129.8	1.467551312	1.728385832
129.9	1.627367717	1.461805353
130	1.759045187	1.169228254
130.1	1.861056823	0.871827121
130.2	1.933843078	0.5871950905
130.3	1.979317687	0.327010428
130.4	2.000251934	0.09686507911
130.5	1.999720121	-0.1025020066
130.6	1.98069876	-0.2735045912
130.7	1.945830419	-0.4201871962
130.8	1.897318891	-0.5471382296
130.9	1.836910517	-0.6588424013
131	1.765922545	-0.759365307
131.1	1.685291541	-0.8522486951
131.2	1.59562594	-0.9405211637
131.3	1.49725478	-1.026756682
131.4	1.390269153	-1.113143572
131.5	1.274558707	-1.201536699
131.6	1.149842782	-1.29348053
131.7	1.015703847	-1.390174233
131.8	0.8716231746	-1.492390537
131.9	0.7170355591	-1.600283394
132	0.5514007269	-1.71311619
132.1	0.3743138405	-1.828841131
132.2	0.1856621926	-1.943587081
132.3	-0.01416537593	-2.051098743
132.4	-0.2240173777	-2.142318288
132.5	-0.4416946836	-2.205435851
132.6	-0.6637135199	-2.226825726
132.7	-0.8852226436	-2.193222068
132.8	-1.100196413	-2.095016944
132.9	-1.301980636	-1.929771849
133	-1.484135081	-1.704358057
133.1	-1.641358993	-1.434323747
133.2	-1.77020287	-1.14038543
133.3	-1.869343595	-0.8435342203
133.4	-1.939389161	-0.5608564988
133.5	-1.982363122	-0.3034197745
133.6	-2.001088239	-0.07627915721
133.7	-1.998644087	0.1202056271
133.8	-1.977982839	0.2886665223
133.9	-1.941707481	0.4332404639
134	-1.891977434	0.5585277718
134.1	-1.83049585	0.6689822175
134.2	-1.758540927	0.7686209271
134.3	-1.677015295	0.8609344949
134.4	-1.586498308	0.9489043369
134.5	-1.487294252	1.035064714
134.6	-1.379473552	1.121569493
134.7	-1.262907484	1.210243618
134.8	-1.137301698	1.302599689
134.9	-1.002225662	1.399802128
135	-0.8571549983	1.502570489
135.1	-0.7015221944	1.61099142
135.2	-0.5347949099	1.724216922
135.3	-0.3565897778	1.840049996
135.4	-0.1668314545	1.954412763
135.5	0.03403005604	2.060791849
135.6	0.2447529889	2.149852274
135.7	0.4630234429	2.20954793
135.8	0.6852260856	2.226172208
135.9	0.9063820632	2.186656655
136	1.120375533	2.081940861
136.1	1.320532847	1.910428394
136.2	1.50048459	1.679907994
136.3	1.655083511	1.406617993
136.4	1.781081639	1.111518464
136.5	1.877357525	0.815378677
136.6	1.944681711	0.5347582695
136.7	1.985181825	0.2801155515
136.8	2.00172687	0.05598184859
136.9	1.997398162	-0.1376464588
137	1.975121376	-0.30360513
137.1	1.937459182	-0.4461137341
137.2	1.886526504	-0.5697791172
137.3	1.823983614	-0.6790214517
137.4	1.75107013	-0.7778084953
137.5	1.668655171	-0.8695799686
137.6	1.577289669	-0.9572710685
137.7	1.477253433	-1.043376046
137.8	1.368596142	-1.130015843
137.9	1.251172255	-1.21898514
138	1.124671729	-1.311764185
138.1	0.9886543157	-1.409481548
138.2	0.8425877628	-1.512805079
138.3	0.6859049682	-1.621744015
138.4	0.5180822563	-1.735343976
138.5	0.3387571814	-1.851247858
138.6	0.1478957647	-1.965166237
138.7	-0.05398712031	-2.070325914
138.8	-0.2655597071	-2.157111931
138.9	-0.4843900773	-2.213255519
139	-0.7067297838	-2.224990477
139.1	-0.9274750465	-2.179475934
139.2	-1.140425274	-2.068233548
139.3	-1.338895481	-1.890528496
139.4	-1.516595887	-1.655056597
139.5	-1.668539403	-1.378709836
139.6	-1.79168147	-1.082645394
139.7	-1.885100184	-0.7873727336
139.8	-1.949723451	-0.5089073171
139.9	-1.987776865	-0.2570996784
140	-2.002170861	-0.0359713554
140.1	-1.995985013	0.1548280017
140.2	-1.972116695	0.318324549
140.3	-1.933087397	0.4588113303
140.4	-1.880967543	0.5808962378
140.5	-1.81737487	0.688963493
140.6	-1.743510906	0.7869310722
140.7	-1.660211826	0.8781877596
140.8	-1.568000249	0.9656230478
140.9	-1.467132243	1.051692839
141	-1.357637294	1.138484298
141.1	-1.239351925	1.227761699
141.2	-1.111953295	1.320975671
141.3	-0.9749889946	1.419213987
141.4	-0.8279217475	1.523091861
141.5	-0.6701838269	1.632542552
141.6	-0.50126145	1.746493619
141.7	-0.320816745	1.862428414
141.8	-0.1288572937	1.975840098
141.9	0.0740359603	2.079690192
142	0.2864356285	2.164088719
142.1	0.5057905598	2.216550169
142.2	0.7282195678	2.223272295
142.3	0.9484957584	2.171676385
142.4	1.160339568	2.053898344
142.5	1.357063217	1.870081417
142.6	1.532465278	1.629818573
142.7	1.681724793	1.350617385
142.8	1.802002464	1.053783432
142.9	1.892573047	0.7595288239
143	1.954516533	0.483309664
143.1	1.990150894	0.234373556
143.2	2.002422894	0.01624607091
143.3	1.994407119	-0.1717538285
143.4	1.968970836	-0.3328290285
143.5	1.928593772	-0.4713373284
143.6	1.875301819	-0.5918828769
143.7	1.810670547	-0.6988117332
143.8	1.735863857	-0.7959913236
143.9	1.651685381	-0.8867601515
144	1.558630217	-0.9739628406
144.1	1.456930749	-1.06001644
144.2	1.346596225	-1.146976075
144.3	1.227447156	-1.23657626
144.4	1.099145341	-1.330233913
144.5	0.9612295657	-1.428999322
144.6	0.8131557506	-1.533432408
144.7	0.6543579069	-1.643382907
144.8	0.4843333391	-1.75766361
144.9	0.3027681813	-1.873588069
145	0.1097152866	-1.986427149
145.1	-0.09417404671	-2.088875663
145.2	-0.3073771099	-2.170766742
145.3	-0.5272207743	-2.219414842
145.4	-0.7496900377	-2.221004677
145.5	-0.9694380497	-2.163251763
145.6	-1.180112362	-2.038938961
145.7	-1.375030837	-1.849102355
145.8	-1.548088993	-1.604215543
145.9	-1.694637897	-1.322361841
146	-1.812044635	-1.024949262
146.1	-1.899777728	-0.7318580748
146.2	-1.959063696	-0.4579712948
146.3	-1.992306776	-0.211938227
146.4	-2.002485688	0.003196129011
146.5	-1.99266689	0.1884273662
146.6	-1.965685852	0.3471226714
146.7	-1.923979912	0.483695902
146.8	-1.869530535	0.6027427952
146.9	-1.803871479	0.7085693076
147	-1.728129526	0.8049921717
147.1	-1.643076372	0.8952996833
147.2	-1.549179651	0.9822918945
147.3	-1.446648672	1.068348903
147.4	-1.3354733	1.155492891
147.5	-1.215456415	1.24542783
147.6	-1.086247997	1.339540708
147.7	-0.9473749762	1.438837659
147.8	-0.7982900166	1.543824779
147.9	-0.638427195	1.654265935
148	-0.4672969227	1.768850177
148.1	-0.2846122147	1.884720588
148.2	-0.09047205263	1.996919369
148.3	0.1144002199	2.097870836
148.4	0.3283818725	2.177137495
148.5	0.5486765698	2.221840902
148.6	0.7711359509	2.218180332
148.7	0.9902959454	2.154200035
148.8	1.199737632	2.023360299
148.9	1.392793249	1.827601895
149	1.563463691	1.578263626
149.1	1.707277383	1.293962086
149.2	1.821808548	0.9961598323
149.3	1.90671599	0.7043718225
149.4	1.963367248	0.4328973215
149.5	1.994247339	0.1897945284
149.6	2.002362094	-0.02235732527
149.7	1.990766855	-0.204852512
149.8	1.962263846	-0.361209708
149.9	1.919247533	-0.4958910838
150	1.863655016	-0.6134796876
150.1	1.796978657	-0.7182395596
150.2	1.720308605	-0.813936241
150.3	1.634384999	-0.903808534
150.4	1.539648747	-0.9906126714
150.5	1.436286172	-1.076691627
150.6	1.324267842	-1.164035635
150.7	1.20338046	-1.254319916
150.8	1.073260411	-1.348895656
150.9	0.933425686	-1.448731304
151	0.783323101	-1.554268318
151.1	0.6223913791	-1.665188025
151.2	0.4501524527	-1.780051038
151.3	0.2663482779	-1.89582071
151.4	0.07112798352	-2.007308935
151.5	-0.1347120275	-2.106665143
151.6	-0.3494465556	-2.183183665
151.7	-0.5701535837	-2.223812935
151.8	-0.7925517083	-2.214787895
151.9	-1.011063162	-2.144516764
152	-1.219209214	-2.007168253
152.1	-1.410345258	-1.805596958
152.2	-1.578585891	-1.551984137
152.3	-1.719641701	-1.265438595
152.4	-1.831294369	-0.9674307788
152.5	-1.913389449	-0.677080151
152.6	-1.96742971	-0.4080927493
152.7	-1.995975304	-0.1679428515
152.8	-2.002054587	0.04124002526
152.9	-1.98870918	0.221032869
153	-1.958706605	0.3750942768
153.1	-1.914397978	0.5079269616
153.2	-1.857676216	0.6240971853
153.3	-1.789992696	0.7278255829
153.4	-1.712401454	0.8228264196
153.5	-1.625611505	0.9122889259
153.6	-1.530037293	0.9989269437
153.7	-1.425843023	1.08504639
153.8	-1.312979498	1.172606643
153.9	-1.191218491	1.263251572
154	-1.06018205	1.35830075
154.1	-0.9193800466	1.458676998
154.2	-0.7682554977	1.564763891
154.3	-0.6062493634	1.676148705
154.4	-0.4328995518	1.791261092
154.5	-0.2479779348	1.90688313
154.6	-0.05168368508	2.017587154
154.7	0.1551082245	2.115248839
154.8	0.370568107	2.188898311
154.9	0.5916474682	2.22532102
155	0.8139320708	2.210819929
155.1	1.031733948	2.134200855
155.2	1.238521597	1.990368626
155.3	1.427682464	1.78309867
155.4	1.593452759	1.525394154
155.5	1.731729987	1.236809362
155.6	1.840503098	0.9387776335
155.7	1.919800265	0.6499929197
155.8	1.971253894	0.3835612997
155.9	1.997493491	0.1463829969
156	2.001566006	-0.05984674357
156.1	1.986496377	-0.2369724926
156.2	1.955016199	-0.3887806927
156.3	1.909432926	-0.5198075619
156.4	1.851595441	-0.6345989545
156.5	1.782914554	-0.7373305554
156.6	1.704408635	-0.8316650897
156.7	1.616756184	-0.9207434783
156.8	1.520345703	-1.007236548
156.9	1.415318912	-1.093414941
157	1.301608535	-1.181205975
157.1	1.178969472	-1.272224969
157.2	1.047012764	-1.367755424
157.3	0.9052383597	-1.468678047
157.4	0.7530858049	-1.575308995
157.5	0.5900017472	-1.687144901
157.6	0.4155385278	-1.802478609
157.7	0.2295002332	-1.917901731
157.8	0.03214096793	-2.027746474
157.9	-0.1755858982	-2.123609965
158	-0.3917431853	-2.194263351
158.1	-0.613153632	-2.22635051
158.2	-0.8352712137	-2.206266424
158.3	-1.052301953	-2.123249919
158.4	-1.257668747	-1.972969999
158.5	-1.444799958	-1.760126418
158.6	-1.608061346	-1.498515735
158.7	-1.743541247	-1.208094733
158.8	-1.849435392	-0.9102151447
158.9	-1.925950469	-0.6231191552
159	-1.974842452	-0.3593071147
159.1	-1.998804897	-0.1251146872
159.2	-2.00089899	0.07818045363
159.3	-1.984130741	0.2526752416
159.4	-1.951194515	0.4022732212
159.5	-1.904353817	0.5315370118
159.6	-1.845413728	0.6449885971
159.7	-1.775744931	0.7467575635
159.8	-1.696330697	0.8404552929
159.9	-1.60781935	0.9291740395
160	-1.510573679	1.015543575
160.1	-1.404714063	1.101798692
160.2	-1.29015403	1.189836559
160.3	-1.16663416	1.28124046
160.4	-1.033751713	1.377261431
160.5	-0.8909994468	1.478731627
160.6	-0.7378144189	1.585904326
160.7	-0.5736472854	1.69817572
160.8	-0.3980687954	1.81369781
160.9	-0.2109169737	1.928870399
161	-0.01250051184	2.037776835
161.1	0.1961436329	2.131737426
161.2	0.4129684175	2.199271097
161.3	0.6346673863	2.226892346
161.4	0.8565635342	2.201121365
161.5	1.072761056	2.111664304
161.6	1.276644853	1.954979355
161.7	1.461693213	1.736692023
161.8	1.622408853	1.471366273
161.9	1.755074715	1.179312918
162	1.858092199	0.8817583129
162.1	1.931841972	0.5964678365
162.2	1.978197928	0.3353333556
162.3	1.999912119	0.1041375746
162.4	2.000056131	-0.09624386614
162.5	1.981614483	-0.2681451064
162.6	1.947243373	-0.4155758854
162.7	1.899162096	-0.5431190711
162.8	1.839132173	-0.6552695459
162.9	1.768484623	-0.7561096448
163	1.688168019	-0.8491991231
163.1	1.598801089	-0.9375831205
163.2	1.500721563	-1.023849721
163.3	1.394027937	-1.110199444
163.4	1.278616275	-1.198497757
163.5	1.154210851	-1.290299707
163.6	1.020398722	-1.38681783
163.7	0.8766632009	-1.48884029
163.8	0.72244022	-1.59654741
163.9	0.5571865827	-1.709237929
164	0.3804908784	-1.824916345
164.1	0.1922275493	-1.939782775
164.2	-0.007235927593	-2.047670436
164.3	-0.2167783184	-2.139619786
164.4	-0.434240194	-2.203904621
164.5	-0.6561839211	-2.226932259
164.6	-0.8778031963	-2.195375776
164.7	-1.09310516	-2.099443532
164.8	-1.295444373	-1.936407147
164.9	-1.478357929	-1.71281556
165	-1.636492905	-1.443967595
165.1	-1.766329899	-1.15048283
165.2	-1.866474704	-0.8534205583
165.3	-1.93747723	-0.5700468854
165.4	-1.981323289	-0.3116429998
165.5	-2.000818208	-0.08345043042
165.6	-1.999040117	0.114040211
165.7	-1.978949967	0.2833861322
165.8	-1.943164686	0.4286930861
165.9	-1.893859239	0.554557855
166	-1.832751857	0.6654453491
166.1	-1.761134357	0.7653897647
166.2	-1.679921179	0.857899547
166.3	-1.589701801	0.9459725855
166.4	-1.490789145	1.032156985
166.5	-1.383260833	1.118618537
166.6	-1.266994466	1.207192699
166.7	-1.141700626	1.299403277
166.8	-1.006953016	1.396427022
166.9	-0.8622295379	1.499001836
167	-0.7069629008	1.607239039
167.1	-0.5406183362	1.720328826
167.2	-0.362804837	1.836128434
167.3	-0.1734333295	1.950632128
167.4	0.0270677895	2.057417339
167.5	0.2374882155	2.14724666
167.6	0.4555547956	2.208154154
167.7	0.6776983937	2.226460225
167.8	0.8989844773	2.189023847
167.9	1.113328179	2.086588771
168	1.314061729	1.917261499
168.1	1.494789906	1.688510924
168.2	1.650310985	1.416337658
168.3	1.777306269	1.121622065
168.4	1.874583946	0.8252154419
168.5	1.942858216	0.5438636653
168.6	1.984220975	0.2882382481
168.7	2.001525641	0.06305228464
168.8	1.997853319	-0.1315725951
168.9	1.976139149	-0.2984024267
169	1.938960018	-0.4416288598
169.1	1.88844643	-0.5658571083
169.2	1.826273621	-0.6755193872
169.3	1.753694654	-0.774600784
169.4	1.671590317	-0.8665588593
169.5	1.580521479	-0.9543448656
169.6	1.480776394	-1.040466903
169.7	1.372412001	-1.127057537
169.8	1.255288715	-1.215922098
169.9	1.129101681	-1.308551648
170	0.9934143605	-1.406088268
170.1	0.847696809	-1.509217477
170.2	0.6913821136	-1.617975715
170.3	0.5239432592	-1.731447342
170.4	0.3450100101	-1.847330847
170.5	0.1545341395	-1.961411679
170.6	-0.04699246968	-2.067008124
170.7	-0.2582702669	-2.154602831
170.8	-0.47690867	-2.212004263
170.9	-0.6992057597	-2.225464504
171	-0.9201013383	-2.18205898
171.1	-1.133423826	-2.073102078
171.2	-1.332491243	-1.897555496
171.3	-1.510984953	-1.663798477
171.4	-1.663861115	-1.388498493
171.5	-1.788003718	-1.092749361
171.6	-1.882421354	-0.7971557437
171.7	-1.947987462	-0.5179255328
171.8	-1.986893994	-0.2651213396
171.9	-2.002037462	-0.04294159992
172	-1.996498412	0.1488445047
172.1	-1.973184361	0.3131980588
172.2	-1.934631268	0.454387466
172.3	-1.882925136	0.5770207764
172.4	-1.81969855	0.6854950592
172.5	-1.746166318	0.7837458262
172.6	-1.663176091	0.8751795487
172.7	-1.57126029	0.9627017081
172.8	-1.470683344	1.048781662
172.9	-1.361481745	1.135518141
173	-1.243498086	1.224685889
173.1	-1.116414306	1.317746852
173.2	-0.9797819167	1.415802
173.3	-0.8330655909	1.519485885
173.4	-0.6756973754	1.628758817
173.5	-0.5071601538	1.742589145
173.6	-0.3271074677	1.858517842
173.7	-0.1355317366	1.972114228
173.8	0.06700959394	2.07643299
173.9	0.2791224036	2.161680897
174	0.4982977586	2.215445526
174.1	0.7207010542	2.223935544
174.2	0.9411480974	2.174476778
174.3	1.153386287	2.058986208
174.4	1.350727866	1.877297994
174.5	1.526939494	1.638693069
174.6	1.677141397	1.360467866
174.7	1.798422324	1.063881432
174.8	1.889988493	0.7692538036
174.9	1.95286728	0.4922384476
175	1.989345047	0.2422935949
175.1	2.002356357	0.02311672584
175.2	1.994977905	-0.1658594399
175.3	1.970087674	-0.3277773269
175.4	1.930180098	-0.4669730519
175.5	1.877296639	-0.5880526565
175.6	1.813027581	-0.6953757746
175.7	1.738549936	-0.7928275374
175.8	1.654678655	-0.8837640732
175.9	1.561918482	-0.9710456216
176	1.460509964	-1.057102622
176.1	1.350469402	-1.14400153
176.2	1.231623052	-1.233487462
176.3	1.103637683	-1.326988385
176.4	0.9660555459	-1.425568896
176.5	0.8183344655	-1.529807843
176.6	0.6599081666	-1.639584207
176.7	0.4902697878	-1.753752646
176.8	0.3090965511	-1.869685589
176.9	0.1164256441	-1.982732581
177	-0.08711645862	-2.085682291
177.1	-0.3000411376	-2.168463821
177.2	-0.5197180366	-2.218461393
177.3	-0.7421788438	-2.221860955
177.4	-0.9621184685	-2.166271088
177.5	-1.173209254	-2.044244767
177.6	-1.368766069	-1.856504181
177.7	-1.542649547	-1.613216237
177.8	-1.690149943	-1.332267535
177.9	-1.808561995	-1.03503567
178	-1.897286812	-0.7415211412
178.1	-1.957500248	-0.4668088068
178.2	-1.991576958	-0.2197564421
178.3	-2.002485059	-0.003575677224
178.4	-1.993294197	0.1826208125
178.5	-1.966851144	0.3421442517
178.6	-1.925608123	0.4793897556
178.7	-1.871562146	0.5989564969
178.8	-1.806261557	0.7051646853
178.9	-1.730846078	0.8018488942
179	-1.646098538	0.8923148362
179.1	-1.552496063	0.9793781136
179.2	-1.450256082	1.065431848
179.3	-1.339375234	1.152509501
179.4	-1.219662267	1.242325387
179.5	-1.090771692	1.336278374
179.6	-0.9522342476	1.435388266
179.7	-0.8035038413	1.540182056
179.8	-0.6440141906	1.650452788
179.9	-0.4732712333	1.764933615
180	-0.2909783005	1.88082811
180.1	-0.09721782814	1.99325887
180.2	0.1073120867	2.094745273
180.3	0.3210241492	2.174944242
180.4	0.5411653477	2.221042752
180.5	0.7636339742	2.219232781
180.6	0.9830066061	2.157439403
180.7	1.192886841	2.028882256
180.8	1.386600881	1.835184333
180.9	1.558111794	1.587384004
181	1.702885368	1.303915829
181.1	1.818423281	1.006228777
181.2	1.904318142	0.7139691676
181.3	1.961888779	0.4416416766
181.4	1.993592574	0.197510635
181.5	2.002426416	-0.01568357141
181.6	1.991449848	-0.1991324782
181.7	1.963476891	-0.3563031196
181.8	1.920917074	-0.4916416471
181.9	1.865723004	-0.6097360225
182	1.799401486	-0.7148651417
182.1	1.723055426	-0.8108124882
182.2	1.637435966	-0.9008341692
182.3	1.542993313	-0.9877016023
182.4	1.439921769	-1.073770757
182.5	1.328198676	-1.161042928
182.6	1.20761629	-1.251203666
182.7	1.077815813	-1.345616223
182.8	0.9383182762	-1.445263217
182.9	0.7885722833	-1.550607395
183	0.6280153121	-1.661361428
183.1	0.4561645076	-1.776130065
183.2	0.2727519404	-1.891940044
183.3	0.07790909825	-2.003685249
183.4	-0.127594065	-2.103610701
183.5	-0.3420682708	-2.181104702
183.6	-0.5626354317	-2.223175111
183.7	-0.7850608655	-2.216040239
183.8	-1.003806171	-2.147977379
183.9	-1.212412765	-2.012904236
184	-1.404226957	-1.813354608
184.1	-1.573322651	-1.561217119
184.2	-1.71534607	-1.275433656
184.3	-1.828006288	-0.9774769182
184.4	-1.911083972	-0.6866083024
184.5	-1.966035225	-0.4167424481
184.6	-1.995394582	-0.1755568192
184.7	-2.002182926	0.03466344245
184.8	-1.989447026	0.2153980404
184.9	-1.959966718	0.3702580299
185	-1.916108313	0.5037327952
185.1	-1.859780179	0.6203948717
185.2	-1.792447993	0.7244802807
185.3	-1.715178372	0.8197212414
185.4	-1.628691145	0.9093242001
185.5	-1.533409982	0.9960179658
185.6	-1.429506871	1.082121106
185.7	-1.316939267	1.169604024
185.8	-1.195484548	1.260121221
185.9	-1.06476918	1.3550038
186	-0.924306298	1.45519005
186.1	-0.7735400961	1.561085295
186.2	-0.611910298	1.67230877
186.3	-0.4389496154	1.787336963
186.4	-0.2544190092	1.903016475
186.5	-0.05849948872	2.01400332
186.6	0.1479611053	2.112269824
186.7	0.3631702324	2.186937698
186.8	0.5841239339	2.224847009
186.9	0.8064543079	2.212274664
187	1.024511494	2.137883123
187.1	1.231781651	1.996316223
187.2	1.421639994	1.791026687
187.3	1.588279255	1.534733196
187.4	1.72753109	1.246838892
187.5	1.837311947	0.9487953625
187.6	1.917586526	0.6594484072
187.7	1.96994256	0.3921148115
187.8	1.996985846	0.1538947695
187.9	2.001757412	-0.05336640928
188	1.987288258	-0.2314214835
188.1	1.956322699	-0.3840133355
188.2	1.911183517	-0.515667278
188.3	1.853734975	-0.6309367399
188.4	1.785402027	-0.7340132537
188.5	1.707215459	-0.8285775868
188.6	1.619864436	-0.9177876282
188.7	1.523746482	-1.004328923
188.8	1.419011034	-1.090484685
188.9	1.305597386	-1.178193104
189	1.1832658	-1.26907988
189.1	1.051631866	-1.364440946
189.2	0.9101983387	-1.465172253
189.3	0.7584060557	-1.571612774
189.4	0.5956998738	-1.683292769
189.5	0.4216264262	-1.798552678
189.6	0.2359785906	-1.914051029
189.7	0.03899130553	-2.024205392
189.8	-0.1684103768	-2.120709693
189.9	-0.384327016	-2.192425653
190	-0.6056263364	-2.226045127
190.1	-0.8278084891	-2.207926862
190.2	-1.045116118	-2.127154427
190.3	-1.250987223	-1.979126578
190.4	-1.438834843	-1.76821921
190.5	-1.602978556	-1.507953925
190.6	-1.739439405	-1.218152304
190.7	-1.84634087	-0.9201994808
190.8	-1.923827699	-0.6324989153
190.9	-1.97361326	-0.3677632929
191	-1.998369344	-0.1325244991
191.1	-2.001152555	0.07179539185
191.2	-1.984975858	0.2472066758
191.3	-1.952546757	0.3975732527
191.4	-1.906144162	0.5274492036
191.5	-1.847588461	0.6413652337
191.6	-1.778264333	0.7434672219
191.7	-1.699167282	0.8373845304
191.8	-1.610956112	0.9262262625
191.9	-1.514002554	1.012636709
192	-1.408434539	1.098862908
192.1	-1.294172013	1.186812836
192.2	-1.170960996	1.278080554
192.3	-1.038402884	1.373929039
192.4	-0.8959934476	1.475206912
192.5	-0.7431704435	1.582191051
192.6	-0.5793826356	1.694311775
192.7	-0.4041947236	1.809771362
192.8	-0.2174324633	1.925037941
192.9	-0.01938471754	2.034281704
193	0.1889405046	2.128920545
193.1	0.4055350538	2.197560814
193.2	0.6271379725	2.226759361
193.3	0.8491178791	2.202989949
193.4	1.065614065	2.115791081
193.5	1.270023876	1.961341819
193.6	1.455807117	1.744943932
193.7	1.617417712	1.48089659
193.8	1.751070153	1.189391649
193.9	1.855093975	0.8917041124
194	1.929809464	0.6057688256
194.1	1.977049979	0.3436909948
194.2	1.999547658	0.1114455964
194.3	2.000370927	-0.08995300603
194.4	1.982512041	-0.2627575915
194.5	1.948640699	-0.4109418526
194.6	1.900991685	-0.5390823571
194.7	1.84134173	-0.651683809
194.8	1.771035681	-0.752845166
194.9	1.691034182	-0.8461442164
195	1.601966307	-0.9346426862
195.1	1.504178519	-1.02094289
195.2	1.397776784	-1.107257571
195.3	1.282663567	-1.195462899
195.4	1.158568214	-1.287124277
195.5	1.025082235	-1.383467753
195.6	0.8816912836	-1.485296589
195.7	0.727832248	-1.592817313
195.8	0.562959298	-1.705363262
195.9	0.3866546892	-1.820990838
196	0.1987800311	-1.935970774
196.1	-0.0003181097364	-2.044224272
196.2	-0.2095484361	-2.136889878
196.3	-0.4267909473	-2.202326255
196.4	-0.6486540675	-2.226976056
196.5	-0.8703765985	-2.197455204
196.6	-1.085999084	-2.103792491
196.7	-1.28888581	-1.942972317
196.8	-1.472552283	-1.72122075
196.9	-1.631594257	-1.453583202
197	-1.762422795	-1.160576508
197.1	-1.863572361	-0.8633231376
197.2	-1.935534185	-0.5792663881
197.3	-1.980255596	-0.3199012022
197.4	-2.000523867	-0.09065709169
197.5	-1.999415249	0.1078424726
197.6	-1.979899195	0.2780782212
197.7	-1.944606479	0.4241234951
197.8	-1.895727594	0.5505708556
197.9	-1.834995888	0.6618960197
198	-1.763716847	0.7621501441
198.1	-1.682816794	0.8548595754
198.2	-1.592895387	0.9430387156
198.3	-1.494274207	1.029249594
198.4	-1.38703813	1.115670027
198.5	-1.271071151	1.204145998
198.6	-1.146088727	1.296212399
198.7	-1.011668989	1.393058349
198.8	-0.8672920052	1.495439751
198.9	-0.7123909487	1.60349227
199	-0.5464286473	1.716444052
199.1	-0.369006611	1.832205645
199.2	-0.1800223603	1.946842954
199.3	0.0201169148	2.054023717
199.4	0.2302322939	2.144608023
199.5	0.448090937	2.206711463
199.6	0.6701698216	2.226684093
199.7	0.8915789923	2.191315957
199.8	1.106265212	2.091159286
199.9	1.307567595	1.924025981
200	1.489066204	1.697063925
200.1	1.645505633	1.426031699
200.2	1.773496729	1.131724191
200.3	1.871777066	0.8350700228
200.4	1.941003892	0.5529990504
200.5	1.983232611	0.2963962049
200.6	2.001300448	0.07015793729
200.7	1.998287886	-0.1254668221
200.8	1.977139287	-0.2931727005
200.9	1.940445656	-0.4371222828
201	1.890353069	-0.5619184898
201.1	1.82855177	-0.6720052752
201.2	1.756308321	-0.7713849761
201.3	1.674515246	-0.8635330227
201.4	1.583743393	-0.9514167865
201.5	1.484289521	-1.03755833
201.6	1.376217869	-1.124101856
201.7	1.259394819	-1.212863391
201.8	1.133520792	-1.305344764
201.9	0.9981629439	-1.402701425
202	0.8527937478	-1.505636367
202.1	0.696846535	-1.614212971
202.2	0.5297910804	-1.727553633
202.3	0.3512496049	-1.843411984
202.4	0.1611598235	-1.957647698
202.5	-0.04000907164	-2.063669999
202.6	-0.2509893877	-2.152059378
202.7	-0.4694315708	-2.210702775
202.8	-0.6916802404	-2.225873169
202.9	-0.9127190225	-2.184566371
203	-1.126406041	-2.077893558
203.1	-1.326063352	-1.904515103
203.2	-1.50534454	-1.672492381
203.3	-1.659149764	-1.398263831
203.4	-1.784291799	-1.102853957
203.5	-1.879709413	-0.8069580892
203.6	-1.946220925	-0.5269745355
203.7	-1.985983937	-0.2731784377
203.8	-2.001880433	-0.04994686174
203.9	-1.996991526	0.1428295238
204	-1.974234649	0.3080450533
204.1	-1.936160147	0.4499424037
204.2	-1.884869599	0.573129168
204.3	-1.822010485	0.6820149858
204.4	-1.748810951	0.7805528339
204.5	-1.666130177	0.8721668953
204.6	-1.574510451	0.959778759
204.7	-1.47422461	1.045871257
204.8	-1.365316159	1.132554793
204.9	-1.247633874	1.221614514
205	-1.120864359	1.314523791
205.1	-0.9845632289	1.412395616
205.2	-0.8381972138	1.515886795
205.3	-0.681198124	1.62497994
205.4	-0.5130459582	1.738687428
205.5	-0.3333849946	1.854605156
205.6	-0.1421932544	1.968378143
205.7	0.05999401949	2.073154651
205.8	0.2718171581	2.15923655
205.9	0.4908087066	2.214288197
206	0.7131803424	2.224531711
206.1	0.9337910391	2.17720067
206.2	1.146415895	2.063997606
206.3	1.344368204	1.884449589
206.4	1.521383773	1.647522832
206.5	1.672524737	1.370297965
206.6	1.794808032	1.07398219
206.7	1.887371064	0.778999517
206.8	1.951187911	0.5011987732
206.9	1.988512443	0.2502492712
207	2.002266584	0.03002213713
207.1	1.995528763	-0.1599339534
207.2	1.971187453	-0.3226995982
207.3	1.93175169	-0.4625880972
207.4	1.879278537	-0.584206754
207.5	1.815373035	-0.6919285528
207.6	1.741225356	-0.7896563517
207.7	1.657661901	-0.8807638968
207.8	1.56519695	-0.9681269098
207.9	1.464079353	-1.05418985
208	1.354332708	-1.141029967
208.1	1.235788353	-1.230403084
208.2	1.108119271	-1.323748876
208.3	0.9708699275	-1.422145088
208.4	0.8235011095	-1.526189105
208.5	0.6654458082	-1.635791241
208.6	0.4961928809	-1.749843846
208.7	0.3154118255	-1.865779685
208.8	0.1231239108	-1.979026708
208.9	-0.08006965782	-2.082465717
209	-0.2927131034	-2.166123953
209.1	-0.5122185239	-2.217455309
209.2	-0.7346647711	-2.222649928
209.3	-0.9547886788	-2.169214042
209.4	-1.166288147	-2.049474684
209.5	-1.362476197	-1.863841604
209.6	-1.537179645	-1.622173339
209.7	-1.685628486	-1.342154849
209.8	-1.805045216	-1.04512716
209.9	-1.894763137	-0.7512065555
210	-1.955906771	-0.4756786248
210.1	-1.990820642	-0.227610578
210.2	-2.0024615	-0.010382115
210.3	-1.993901841	0.176783644
210.4	-1.967999586	0.3371402735
210.5	-1.927221781	0.4750633477
210.6	-1.873580976	0.5951549153
210.7	-1.808640163	0.7017492149
210.8	-1.733552049	0.7986984769
210.9	-1.649110607	0.889326051
211	-1.555802679	0.9764633189
211.1	-1.453853743	1.062515881
211.2	-1.343266966	1.149529201
211.3	-1.223858008	1.239228591
211.4	-1.095284437	1.333021695
211.5	-0.9570820294	1.431945998
211.6	-0.8087053128	1.536545549
211.7	-0.6495883226	1.646644445
211.8	-0.4792322993	1.761018795
211.9	-0.2973311857	1.876931793
212	-0.1039512626	1.989585984
212.1	0.1002345058	2.091595433
212.2	0.3136738484	2.17271176
212.3	0.5336568436	2.220189535
212.4	0.7561284673	2.220216045
212.5	0.9757063355	2.160601497
212.6	1.186017384	2.034328765
212.7	1.380382854	1.842704281
212.8	1.55272901	1.596463375
212.9	1.698459611	1.313853617
213	1.815003844	1.016304536
213.1	1.901887694	0.7235900099
213.2	1.960380586	0.4504189282
213.3	1.992911581	0.2052625796
213.4	2.002468043	-0.008975514788
213.5	1.992113386	-0.1933822297
213.6	1.964673249	-0.351371486
213.7	1.922572164	-0.4873724636
213.8	1.867778266	-0.6059775266
213.9	1.801812851	-0.7114802327
214	1.725791644	-0.8076819696
214.1	1.640476841	-0.897856191
214.2	1.546328008	-0.9847896293
214.3	1.443547477	-1.070851263
214.4	1.33211937	-1.158053563
214.5	1.211841587	-1.248092221
214.6	1.082360117	-1.342342837
214.7	0.9431991397	-1.441801647
214.8	0.7938091129	-1.546952782
214.9	0.6336262957	-1.657539541
215	0.4621633001	-1.772210407
215.1	0.2791425137	-1.888054962
215.2	0.08467792864	-2.000048253
215.3	-0.1204865097	-2.100530984
215.4	-0.3346970768	-2.178985473
215.5	-0.5551195258	-2.222480938
215.6	-0.7775659118	-2.217222428
215.7	-0.9965376181	-2.151360563
215.8	-1.205597055	-2.018565535
215.9	-1.398082538	-1.821051277
216	-1.568028249	-1.570411258
216.1	-1.711016653	-1.28541499
216.2	-1.824684213	-0.9875316996
216.3	-1.908746229	-0.69616109
216.4	-1.964611425	-0.4254254429
216.5	-1.994788038	-0.1832065559
216.6	-2.002288958	0.02805293298
216.7	-1.99016576	0.2097335475
216.8	-1.961210427	0.3653973212
216.9	-1.917804426	0.4995194309
217	-1.861871593	0.6166782208
217.1	-1.794891955	0.7211249134
217.2	-1.71794477	0.8166096448
217.3	-1.631760744	0.9063561855
217.4	-1.536772835	0.9931083462
217.5	-1.433160822	1.07919743
217.6	-1.320888892	1.166604881
217.7	-1.199740025	1.256995936
217.8	-1.069345164	1.351712929
217.9	-0.929220785	1.451709745
218	-0.7788122282	1.557412919
218.1	-0.6175582636	1.668473276
218.2	-0.4449864259	1.783413828
218.3	-0.2608469932	1.899144707
218.4	-0.06530314693	2.010405228
218.5	0.1408240898	2.10926409
218.6	0.355779053	2.184934979
218.7	0.5766020978	2.22431494
218.8	0.798971742	2.213658057
218.9	1.017276715	2.141487672
219	1.225021716	2.002190067
219.1	1.415570815	1.798895849
219.2	1.583074235	1.544035983
219.3	1.723298296	1.256857098
219.4	1.8340869	0.9588235712
219.5	1.915340772	0.6689296605
219.6	1.968602255	0.4007021124
219.7	1.996452739	0.161442285
219.8	2.001926847	-0.04685250716
219.9	1.988061319	-0.2258412938
220	1.957613035	-0.3792220483
