0	-2	-2
0.1	-2.174827257	-1.497142668
0.2	-2.300356494	-1.021417968
0.3	-2.381146908	-0.6060397344
0.4	-2.424000381	-0.2632372749
0.5	-2.436129706	0.009745137674
0.6	-2.424035401	0.2232679738
0.7	-2.393039598	0.3898528717
0.8	-2.347236389	0.5212226216
0.9	-2.289640727	0.6271516433
1	-2.22239633	0.7153122293
1.1	-2.146974205	0.7915481889
1.2	-2.064336122	0.8602667636
1.3	-1.975059191	0.9248107901
1.4	-1.8794264	0.9877646329
1.5	-1.777490199	1.051187712
1.6	-1.669116154	1.116783475
1.7	-1.554012116	1.186015392
1.8	-1.431748544	1.260176718
1.9	-1.30177397	1.340417185
2	-1.163429413	1.427717573
2.1	-1.015970168	1.522813493
2.2	-0.8585954916	1.62602599
2.3	-0.6905050068	1.736999286
2.4	-0.5109831801	1.854297733
2.5	-0.3195345019	1.974849545
2.6	-0.1160802871	2.09327923
2.7	0.09877623464	2.201242171
2.8	0.323432778	2.287053701
2.9	0.5549626672	2.33609162
3	0.7888953777	2.332519957
3.1	1.019247401	2.26258296
3.2	1.238942917	2.118919298
3.3	1.440651159	1.904233311
3.4	1.617869751	1.632233034
3.5	1.765913396	1.324786993
3.6	1.882465837	1.00638909
3.7	1.96754926	0.6985027931
3.8	2.023022321	0.4160444338
3.9	2.051866865	0.1666440271
4	2.057510896	-0.04809565006
4.1	2.043325716	-0.2305631898
4.2	2.012325475	-0.3852357257
4.3	1.967031949	-0.5173019945
4.4	1.909448715	-0.6318414377
4.5	1.8410947	-0.7334285736
4.6	1.76306267	-0.8260057335
4.7	1.676082368	-0.9129006958
4.8	1.580578274	-0.9969069264
4.9	1.476718482	-1.08037639
5	1.364454072	-1.165300602
5.1	1.243553493	-1.253359453
5.2	1.113631484	-1.345929712
5.3	0.9741825086	-1.444031309
5.4	0.8246219807	-1.548208313
5.5	0.6643426083	-1.658298631
5.6	0.4928034451	-1.773099407
5.7	0.3096540854	-1.889896752
5.8	0.1149144302	-2.003894475
5.9	-0.09078737575	-2.10766094
6	-0.305933863	-2.19082136
6.1	-0.5278329788	-2.240385786
6.2	-0.7524170604	-2.242182008
6.3	-0.9742506518	-2.183590532
6.4	-1.186865833	-2.057210832
6.5	-1.383459322	-1.864162034
6.6	-1.557828602	-1.615291614
6.7	-1.705274578	-1.329239738
6.8	-1.823171483	-1.027970545
6.9	-1.911043344	-0.7317559257
7	-1.970200051	-0.4556408303
7.1	-2.003135072	-0.2082391477
7.2	-2.012905944	0.007556070133
7.3	-2.00264048	0.1929297249
7.4	-1.975217032	0.3514241082
7.5	-1.933099994	0.4875918298
7.6	-1.878286038	0.6061269848
7.7	-1.812316108	0.7113994963
7.8	-1.736319117	0.8072642966
7.9	-1.651065931	0.8970307452
8	-1.557022107	0.9835090726
8.1	-1.454393875	1.069082983
8.2	-1.343167689	1.155777014
8.3	-1.223143845	1.245298262
8.4	-1.093967078	1.339036394
8.5	-0.9551614672	1.438012423
8.6	-0.8061717748	1.54274733
8.7	-0.6464255362	1.653037993
8.8	-0.4754196818	1.767618789
8.9	-0.2928497401	1.883690531
9	-0.09879134482	1.996370656
9.1	0.1060644998	2.098160854
9.2	0.3201344395	2.17868335
9.3	0.5406648471	2.225074504
9.4	0.7635472634	2.223453153
9.5	0.9833442547	2.161670962
9.6	1.193638714	2.032894454
9.7	1.387732911	1.838738662
9.8	1.559568045	1.590290037
9.9	1.704595312	1.30607717
10	1.820312069	1.007654458
10.1	1.90631641	0.7147536437
10.2	1.963939267	0.4419263672
10.3	1.995652842	0.197446181
10.4	2.004468491	-0.01596230829
10.5	1.993457924	-0.1995184269
10.6	1.965444363	-0.3567186242
10.7	1.92284379	-0.4920341828
10.8	1.867613066	-0.6100722998
10.9	1.801261598	-0.715125412
11	1.7248938	-0.8109859366
11.1	1.639261603	-0.9009152869
11.2	1.544815497	-0.9876883444
11.3	1.441750061	-1.073662964
11.4	1.33004243	-1.160841924
11.5	1.209484674	-1.250910789
11.6	1.079717719	-1.345238327
11.7	0.9402619352	-1.444805976
11.8	0.7905653172	-1.550087915
11.9	0.6300622149	-1.66079993
12	0.4582685449	-1.775562186
12.1	0.2749111694	-1.89141956
12.2	0.0801143984	-2.003285361
12.3	-0.125358628	-2.103429788
12.4	-0.3398301546	-2.181259341
12.5	-0.5604346318	-2.223786513
12.6	-0.7829486734	-2.217214125
12.7	-1.001842092	-2.149768188
12.8	-1.210657955	-2.015286083
12.9	-1.40273545	-1.816211437
13	-1.572132954	-1.564361814
13.1	-1.714476194	-1.278649107
13.2	-1.827453186	-0.9805668943
13.3	-1.910827437	-0.6894314819
13.4	-1.966044333	-0.4192244285
13.5	-1.995633897	-0.177682246
13.6	-2.002617913	0.03286957451
13.7	-1.990046732	0.2138889079
13.8	-1.960705375	0.3689787064
13.9	-1.916965686	0.5026293357
14	-1.860741158	0.6194187906
14.1	-1.793501972	0.7235898816
14.2	-1.716318553	0.8188815475
14.3	-1.629914011	0.9085064034
14.4	-1.534714652	0.9951974277
14.5	-1.430894397	1.081277882
14.6	-1.318413274	1.168720708
14.7	-1.197048912	1.259184741
14.8	-1.066430757	1.354003733
14.9	-0.9260712315	1.454122491
15	-0.7754149488	1.559950302
15.1	-0.6139018757	1.671121105
15.2	-0.4410612356	1.786125214
15.3	-0.2566507786	1.901829531
15.4	-0.06084618161	2.012919865
15.5	0.1455157244	2.111398181
15.6	0.3606543063	2.186416691
15.7	0.5815800112	2.22483366
15.8	0.8039405386	2.212912762
15.9	1.022098359	2.139267125
16	1.229544894	1.998452373
16.1	1.419650576	1.793812687
16.2	1.586592988	1.537971714
16.3	1.726181121	1.250285476
16.4	1.836306995	0.952214239
16.5	1.916914229	0.6626576435
16.6	1.9695758	0.3950044931
16.7	1.996890118	0.1564221527
16.8	2.001896433	-0.05119367639
16.9	1.987628324	-0.2295654524
17	1.956834656	-0.382422512
17.1	1.911843567	-0.5142871547
17.2	1.854524661	-0.6297159209
17.3	1.786307756	-0.7329062026
17.4	1.708227901	-0.8275451868
17.5	1.620977795	-0.916796314
17.6	1.524958002	-1.003350893
17.7	1.420320905	-1.089495724
17.8	1.307007256	-1.17717357
17.9	1.184780447	-1.268012383
18	1.053255704	-1.363313632
18.1	0.9119382597	-1.463976885
18.2	0.7602691198	-1.570352217
18.3	0.5976914591	-1.681977598
18.4	0.4237513436	-1.797211344
18.5	0.2382372308	-1.912736432
18.6	0.04137628553	-2.022997696
18.7	-0.165914625	-2.119724426
18.8	-0.381749517	-2.19180876
18.9	-0.6030121939	-2.2259575
19	-0.8252184745	-2.208519182
19.1	-1.04262367	-2.128523446
19.2	-1.248671105	-1.981275274
19.3	-1.436768568	-1.771038677
19.4	-1.601219609	-1.511240662
19.5	-1.738022086	-1.221654257
19.6	-1.845274315	-0.9236758288
19.7	-1.923099416	-0.6357642028
19.8	-1.973196027	-0.3707062117
19.9	-1.998228235	-0.1351024727
20	-2.001251192	0.06957489102
20.1	-1.985280155	0.2453059026
20.2	-1.953027281	0.3959404101
20.3	-1.906776862	0.5260296819
20.4	-1.84835462	0.6401074942
20.5	-1.779150117	0.7423253727
20.6	-1.70016309	0.8363189018
20.7	-1.612056085	0.9252034952
20.8	-1.515203995	1.011627827
20.9	-1.409736995	1.097843906
21	-1.295578054	1.185762563
21.1	-1.172473704	1.276983075
21.2	-1.040028782	1.372770921
21.3	-0.8977381355	1.473982418
21.4	-0.7450412144	1.580899626
21.5	-0.5813855468	1.692968023
21.6	-0.4063332089	1.808405183
21.7	-0.2197065501	1.923702967
21.8	-0.0217877302	2.033062626
21.9	0.1864263412	2.127935309
22	0.4029403673	2.196958572
22.1	0.6245090574	2.22670491
22.2	0.8465172405	2.203631568
22.3	1.063116535	2.117219892
22.4	1.267708808	1.963552389
22.5	1.453747655	1.747817365
22.6	1.615670184	1.484220648
22.7	1.749666946	1.192911674
22.8	1.854042406	0.8951813405
22.9	1.929095683	0.6090232918
23	1.976645789	0.3466170413
23.1	1.99941784	0.1140049412
23.2	2.000478988	-0.08774970802
23.3	1.982824207	-0.2608708134
23.4	1.949127869	-0.4093194006
23.5	1.901630165	-0.5376695953
23.6	1.842113156	-0.6504294672
23.7	1.771926546	-0.7517038377
23.8	1.692035207	-0.8450767241
23.9	1.603071771	-0.9336156075
24	1.50538584	-1.019928158
24.1	1.399086117	-1.106230842
24.2	1.284076796	-1.194404127
24.3	1.160090174	-1.286016876
24.4	1.026717401	-1.382298976
24.5	0.8834471724	-1.484060422
24.6	0.7297145124	-1.591516089
24.7	0.564974474	-1.704009961
24.8	0.3888068576	-1.819619402
24.9	0.201067763	-1.934637515
25	0.002097180785	-2.043016777
25.1	-0.2070232526	-2.135930419
25.2	-0.4241881938	-2.201764631
25.3	-0.6460220627	-2.226977323
25.4	-0.8677792277	-2.198165472
25.5	-1.083512106	-2.105295277
25.6	-1.286588587	-1.94525114
25.7	-1.470516819	-1.724146923
25.8	-1.629874821	-1.456937678
25.9	-1.7610496	-1.164103646
26	-1.862550581	-0.8667882647
26.1	-1.934848287	-0.5824956818
26.2	-1.979876399	-0.3227958518
26.3	-2.000415778	-0.09318425209
26.4	-1.999541972	0.1056686016
26.5	-1.980227283	0.2762165809
26.6	-1.945107302	0.4225211683
26.7	-1.896377969	0.5491733482
26.8	-1.835777916	0.6606525563
26.9	-1.764617397	0.7610157865
27	-1.683826945	0.8537959362
27.1	-1.594009849	0.9420127749
27.2	-1.495490472	1.028233341
27.3	-1.388356533	1.114639903
27.4	-1.272494219	1.203082578
27.5	-1.147620523	1.295097897
27.6	-1.013315273	1.391882634
27.7	-0.8690589107	1.494195908
27.8	-0.714285929	1.602183344
27.9	-0.548457123	1.71508741
28	-0.3711714578	1.830834088
28.1	-0.1823229835	1.945516338
28.2	0.01768916286	2.052832699
28.3	0.2276975955	2.143676749
28.4	0.4454827058	2.206195787
28.5	0.6675375604	2.226747878
28.6	0.8889880863	2.192100006
28.7	1.103792209	2.092739212
28.8	1.305291697	1.926375187
28.9	1.487058281	1.700042609
29	1.643817972	1.429415191
29.1	1.772156889	1.135255968
29.2	1.870787932	0.8385195508
29.3	1.940348347	0.5562001159
29.4	1.982880646	0.2992567178
29.5	2.001216165	0.07265050629
29.6	1.998435033	-0.1233246658
29.7	1.97748487	-0.2913379
29.8	1.940961556	-0.4355415801
29.9	1.891016603	-0.5605375662
30	1.829345524	-0.6707738401
30.1	1.757219631	-0.7702588373
30.2	1.67553554	-0.8624739622
30.3	1.584867512	-0.950392584
30.4	1.48551555	-1.036541669
30.5	1.377546219	-1.123069205
30.6	1.260827903	-1.211794429
30.7	1.135063276	-1.304225328
30.8	0.9998204091	-1.401518531
30.9	0.8545732009	-1.504385961
31	0.6987539445	-1.612899352
31.1	0.5318323504	-1.726192562
31.2	0.3534283065	-1.842041404
31.3	0.1634734426	-1.956329606
31.4	-0.03757047233	-2.062498486
31.5	-0.248445932	-2.151163539
31.6	-0.4668184148	-2.210236494
31.7	-0.6890488916	-2.22600075
31.8	-0.9101361216	-2.185425331
31.9	-1.123948805	-2.07955055
32	-1.32381065	-1.9069318
32.1	-1.503365733	-1.67551998
32.2	-1.65749484	-1.401671826
32.3	-1.78298604	-1.106386459
32.4	-1.878753524	-0.8103896258
32.5	-1.945596149	-0.5301452724
32.6	-1.985659358	-0.2760036178
32.7	-2.001819954	-0.05240430278
32.8	-1.997159167	0.140719111
32.9	-1.974597763	0.3062372254
33	-1.936691152	0.4483833037
33.1	-1.885546349	0.5717647551
33.2	-1.82281604	0.6807955317
33.3	-1.749733036	0.7794345846
33.4	-1.667160572	0.8711126043
33.5	-1.575644522	0.9587565239
33.6	-1.475460395	1.044853805
33.7	-1.366654354	1.131519297
33.8	-1.24907755	1.220542509
33.9	-1.122417711	1.313397866
34	-0.9862323951	1.411207662
34.1	-0.8399882815	1.514629507
34.2	-0.6831184111	1.623660003
34.3	-0.5151005117	1.737324144
34.4	-0.3355763384	1.853236418
34.5	-0.1445194909	1.967069437
34.6	0.05754384504	2.072002847
34.7	0.2692651534	2.158372929
34.8	0.4881913638	2.21387169
34.9	0.7105504492	2.224724663
35	0.9312166188	2.178135065
35.1	1.143974804	2.065731474
35.2	1.3421389	1.886933991
35.3	1.51943422	1.65059861
35.4	1.670902737	1.373729694
35.5	1.793536253	1.077514323
35.6	1.886448043	0.7824117046
35.7	1.950593439	0.5043390627
35.8	1.988214877	0.2530392287
35.9	2.002229604	0.03244467508
36	1.995716529	-0.1578549191
36.1	1.971567817	-0.3209180991
36.2	1.932297572	-0.4610500721
36.3	1.879968302	-0.5828583859
36.4	1.816190226	-0.6907206389
36.5	1.742158154	-0.788545902
36.6	1.65870243	-0.8797138667
36.7	1.566340723	-0.9671061662
36.8	1.465324957	-1.053171692
36.9	1.355680894	-1.139991851
37	1.23724222	-1.229325231
37.1	1.109683262	-1.322617837
37.2	0.9725502795	-1.420948346
37.3	0.8253046356	-1.524926465
37.4	0.6673785518	-1.634465849
37.5	0.4982608729	-1.748477514
37.6	0.3176168801	-1.864413947
37.7	0.1254622562	-1.977728525
37.8	-0.07760858136	-2.081336669
37.9	-0.2901527437	-2.165297741
38	-0.5095973583	-2.21709021
38.1	-0.7320371694	-2.222909165
38.2	-0.9522238537	-2.170224542
38.3	-1.163864463	-2.051285077
38.4	-1.360271543	-1.86639181
38.5	-1.535260262	-1.625294905
38.6	-1.684039884	-1.345606903
38.7	-1.803807715	-1.048655951
38.8	-1.893873218	-0.7545977032
38.9	-1.955342784	-0.4787870065
39	-1.990550017	-0.2303646684
39.1	-2.002447861	-0.01276984195
39.2	-1.994109676	0.1747356003
39.3	-1.968397153	0.3353848119
39.4	-1.927782524	0.4735460303
39.5	-1.874283794	0.5938222374
39.6	-1.809469066	0.7005525087
39.7	-1.7344956	0.7975953597
39.8	-1.650161385	0.8882803419
39.9	-1.556956481	0.9754438019
40	-1.455109141	1.061496773
40.1	-1.344625489	1.14848788
40.2	-1.225322052	1.238146586
40.3	-1.096859794	1.331884567
40.4	-0.9587741137	1.430744509
40.5	-0.8105209646	1.535275007
40.6	-0.6515344115	1.645314636
40.7	-0.4813131397	1.759650908
40.8	-0.2995490132	1.875568487
40.9	-0.1063029583	1.988299136
41	0.09776247311	2.090488027
41.1	0.3111059697	2.171921788
41.2	0.5310324278	2.219879125
41.3	0.7535035846	2.220544199
41.4	0.973151435	2.161689193
41.5	1.183611233	2.036215367
41.6	1.378202802	1.845318636
41.7	1.550839829	1.599627808
41.8	1.696904388	1.317324473
41.9	1.81380032	1.01982899
42	1.901030257	0.7269592145
42.1	1.959846203	0.4534955046
42.2	1.992667343	0.2079814068
42.3	2.002477293	-0.006622146541
42.4	1.99234081	-0.1913647269
42.5	1.965087621	-0.3496413407
42.6	1.92314745	-0.4858751817
42.7	1.868493864	-0.604659962
42.8	1.802653251	-0.7102943441
42.9	1.726745844	-0.8065859003
43	1.641537616	-0.8968140538
43.1	1.547491548	-0.9837714561
43.2	1.444812902	-1.069830801
43.3	1.333487573	-1.157009282
43.4	1.213316747	-1.247005815
43.5	1.083946151	-1.341199734
43.6	0.9449028785	-1.440592314
43.7	0.7956371924	-1.545677225
43.8	0.6355847186	-1.656204064
43.9	0.4642576984	-1.770839955
44	0.2813739572	-1.886695909
44.1	0.08704113435	-1.998773587
44.2	-0.1180040763	-2.099448937
44.3	-0.3321214377	-2.178235762
44.4	-0.5524923039	-2.222224476
44.5	-0.7749445749	-2.217618823
44.6	-0.9939937358	-2.152524981
44.7	-1.203209742	-2.020526973
44.8	-1.39592829	-1.823727461
44.9	-1.566169882	-1.573616364
45	-1.709494996	-1.288900952
45.1	-1.823514718	-0.9910488005
45.2	-1.907921317	-0.6995066538
45.3	-1.964106793	-0.4284689046
45.4	-1.99456984	-0.1858894331
45.5	-2.002320729	0.02573366089
45.6	-1.990412523	0.2077460369
45.7	-1.961641368	0.3636921045
45.8	-1.918394061	0.4980417632
45.9	-1.862599839	0.6153753684
46	-1.795743745	0.7199493492
46.1	-1.718909465	0.8155201672
46.2	-1.632831614	0.9053178072
46.3	-1.53794631	0.9920907641
46.4	-1.434435905	1.078175643
46.5	-1.322267595	1.165556945
46.6	-1.201225001	1.255904207
46.7	-1.0709426	1.350563778
46.8	-0.9309362543	1.450495167
46.9	-0.7806524851	1.55612978
47	-0.6195301728	1.667133626
47.1	-0.4470938078	1.782042901
47.2	-0.2630910099	1.897789702
47.3	-0.06767944006	2.009144058
47.4	0.1383310469	2.108206308
47.5	0.353196636	2.184224094
47.6	0.5739727168	2.224115536
47.7	0.7963545094	2.21412516
47.8	1.014744301	2.142729645
47.9	1.222653465	2.00422659
48	1.41344249	1.801633712
48.1	1.581247002	1.547280197
48.2	1.72181043	1.260357353
48.3	1.832951323	0.962332205
48.4	1.914548001	0.6722506196
48.5	1.968126717	0.403712589
48.6	1.996260376	0.1640895953
48.7	2.001980908	-0.04456719641
48.8	1.988327157	-0.2238833973
48.9	1.958060366	-0.3775411994
49	1.91352391	-0.5100497985
49.1	1.856602867	-0.6259720784
49.2	1.788741376	-0.7295207999
49.3	1.710987091	-0.8244010411
49.4	1.624043559	-0.9137934236
49.5	1.528320613	-1.00040417
49.6	1.423978439	-1.086532737
49.7	1.310964501	-1.174132925
49.8	1.189047803	-1.264843493
49.9	1.057848018	-1.359977513
50	0.9168736401	-1.460450467
50.1	0.7655667634	-1.566634568
50.2	0.6033692811	-1.678100479
50.3	0.4298218241	-1.793254407
50.4	0.2447016318	-1.90884492
50.5	0.04821731663	-2.019401783
50.6	-0.1587419428	-2.116751648
50.7	-0.3743278409	-2.189877747
50.8	-0.5954691175	-2.22553916
50.9	-0.8177279779	-2.210053528
51	-1.035397317	-2.132300861
51.1	-1.241936991	-1.987319753
51.2	-1.430741055	-1.779049905
51.3	-1.59606818	-1.520637395
51.4	-1.733849533	-1.231711387
51.5	-1.842110861	-0.9336939776
51.6	-1.920912366	-0.6452006129
51.7	-1.971908878	-0.3792300598
51.8	-1.997741598	-0.1425815484
51.9	-2.00146041	0.06312516534
52	-1.986087016	0.2397806312
52.1	-1.95434648	0.3911928529
52.2	-1.908538472	0.5219032394
52.3	-1.850504067	0.6364536613
52.4	-1.781646909	0.7390116688
52.5	-1.702979085	0.8332308913
52.6	-1.615173744	0.9222436049
52.7	-1.518614737	1.008713108
52.8	-1.413439928	1.094903901
52.9	-1.299578808	1.182737693
53	-1.176783232	1.273823955
53.1	-1.04466256	1.369441376
53.2	-0.9027143698	1.470460597
53.3	-0.7503792642	1.577188646
53.4	-0.5871027616	1.689103493
53.5	-0.4124413339	1.804472417
53.6	-0.2262053565	1.9198551
53.7	-0.02865741762	2.029538607
53.8	0.1792340604	2.125071734
53.9	0.395512117	2.195180903
54	0.616976942	2.226483671
54.1	0.8390591873	2.205396044
54.2	1.055946357	2.121237507
54.3	1.261054078	1.96981541
54.4	1.447818977	1.755993956
54.5	1.610630575	1.493709274
54.6	1.745611522	1.202983672
54.7	1.85099416	0.9051494779
54.8	1.927016447	0.6183659134
54.9	1.975455807	0.3550255855
55	1.999016563	0.1213651754
55.1	2.000762028	-0.0814105985
55.2	1.983694514	-0.2554416843
55.3	1.950501732	-0.4046512838
55.4	1.903439325	-0.5336061732
55.5	1.844304615	-0.6468237107
55.6	1.774461212	-0.7484251735
55.7	1.694886145	-0.8420125832
55.8	1.606222453	-0.9306701659
55.9	1.508828597	-1.017019893
56	1.402820731	-1.103290549
56.1	1.288109588	-1.191373235
56.2	1.164432493	-1.282847679
56.3	1.031385212	-1.378955891
56.4	0.8884588308	-1.480524829
56.5	0.7350892476	-1.587792525
56.6	0.5707295485	-1.700139014
56.7	0.3949528167	-1.815692198
56.8	0.2076028169	-1.930814268
56.9	0.008999560421	-2.039545839
57	-0.1998053897	-2.133157442
57.1	-0.4167457119	-2.200121488
57.2	-0.6384914953	-2.226935626
57.3	-0.8603425402	-2.200143747
57.4	-1.076385508	-2.109538458
57.5	-1.279999311	-1.951720793
57.6	-1.464671974	-1.732480831
57.7	-1.624931387	-1.466514371
57.8	-1.757095477	-1.174191606
57.9	-1.859602099	-0.8767124969
58	-1.932862289	-0.5917547989
58.1	-1.9787702	-0.3311019742
58.2	-2.000087799	-0.1004395377
58.3	-1.999888141	0.0994262692
58.4	-1.981151703	0.2708705546
58.5	-1.946527734	0.4179207215
58.6	-1.898227692	0.5451625106
58.7	-1.838005374	0.6570857144
58.8	-1.767184781	0.7577641505
58.9	-1.686708431	0.8507486835
59	-1.597189829	0.9390755395
59.1	-1.498962056	1.025326028
59.2	-1.392120264	1.111694321
59.3	-1.276556813	1.200041294
59.4	-1.15199407	1.291914173
59.5	-1.018015776	1.388522429
59.6	-0.8741050582	1.490642159
59.7	-0.7196969359	1.59844422
59.8	-0.554249608	1.711207113
59.9	-0.3773552993	1.826909491
60	-0.1888948773	1.941715797
60.1	0.0107537849	2.049413548
60.2	0.2204538117	2.14099416
60.3	0.4380254783	2.204688443
60.4	0.6600080312	2.226886159
60.5	0.8815722127	2.19429131
60.6	1.096708425	2.097205038
60.7	1.298766686	1.933045806
60.8	1.481295494	1.708526368
60.9	1.63896826	1.439073063
61	1.768301069	1.14535503
61.1	1.867935835	0.8483975406
61.2	1.938452033	0.5653757139
61.3	1.981854778	0.3074622806
61.4	2.000958301	0.07980398071
61.5	1.998841521	-0.1171754576
61.6	1.978460952	-0.286071291
61.7	1.942426471	-0.4310052969
61.8	1.89290514	-0.556576156
61.9	1.831607532	-0.6672431528
62	1.759818543	-0.7670318289
62.1	1.678446582	-0.8594414754
62.2	1.588076004	-0.9474618155
62.3	1.489015389	-1.033633669
62.4	1.38133853	-1.120116934
62.5	1.264920097	-1.208741398
62.6	1.139467663	-1.301026008
62.7	1.004553552	-1.398140197
62.8	0.8596538243	-1.50081385
62.9	0.7042011329	-1.609143999
63	0.5376624577	-1.722302907
63.1	0.3596500527	-1.838120483
63.2	0.1700817902	-1.952553371
63.3	-0.03060235577	-2.059133765
63.4	-0.2411766839	-2.148574523
63.5	-0.4593473771	-2.208867541
63.6	-0.6815216873	-2.226321501
63.7	-0.9027425817	-2.187830686
63.8	-1.116909396	-2.084237738
63.9	-1.317351219	-1.91379982
64	-1.497685786	-1.684148234
64.1	-1.652738974	-1.411404406
64.2	-1.779227975	-1.116490628
64.3	-1.875996778	-0.8202171743
64.4	-1.943788242	-0.5392353624
64.5	-1.984712421	-0.2841084362
64.6	-2.001630827	-0.05945691696
64.7	-1.997624718	0.1346613683
64.8	-1.97562444	0.30104815
64.9	-1.938199663	0.443909358
65	-1.887472988	0.5678510982
65.1	-1.825112044	0.6772995123
65.2	-1.752363054	0.7762309237
65.3	-1.670100896	0.8680938424
65.4	-1.578881344	0.9558312161
65.5	-1.478988345	1.041944341
65.6	-1.37047529	1.128559626
65.7	-1.253199257	1.217477232
65.8	-1.126853184	1.310182453
65.9	-0.9909982619	1.40781103
66	-0.8451035027	1.511038559
66.1	-0.6886020266	1.619888967
66.2	-0.5209681812	1.733426047
66.3	-0.3418359079	1.849320379
66.4	-0.1511643242	1.963319777
66.5	0.05054351296	2.06869553
66.6	0.2619714368	2.155881474
66.7	0.4807078225	2.212646231
66.8	0.7030272674	2.225232108
66.9	0.9238473807	2.180756651
67	1.13698175	2.070639092
67.1	1.335746757	1.893994989
67.2	1.513838318	1.659364501
67.3	1.666241263	1.383529864
67.4	1.789875848	1.087617683
67.5	1.883786002	0.7921847135
67.6	1.94887292	0.5133415392
67.7	1.987345762	0.2610428675
67.8	2.002108155	0.0393971811
67.9	1.996240187	-0.1518873499
68	1.972644273	-0.3158050004
68.1	1.933849029	-0.4566368962
68.2	1.881932542	-0.5789910555
68.3	1.818519856	-0.6872580592
68.4	1.744819033	-0.7853645397
68.5	1.661671855	-0.8767078611
68.6	1.569605782	-0.9641856194
68.7	1.468881058	-1.050260079
68.8	1.359530422	-1.137024246
68.9	1.241393683	-1.226247118
69	1.114149762	-1.31938605
69.1	0.9773491265	-1.417533185
69.2	0.8304545629	-1.521317098
69.3	0.6728986857	-1.630679303
69.4	0.5041662926	-1.744572
69.5	0.3239142068	-1.860504677
69.6	0.1321431216	-1.974008007
69.7	-0.07057654721	-2.078090473
69.8	-0.2828353938	-2.162907706
69.9	-0.5021026848	-2.216012151
70	-0.7245198008	-2.22360653
70.1	-0.9448810028	-2.173063775
70.2	-1.156919904	-2.056411858
70.3	-1.353948563	-1.873641851
70.4	-1.529749711	-1.634192427
70.5	-1.679473403	-1.355467926
70.6	-1.800244893	-1.058752414
70.7	-1.891305323	-0.7643119913
70.8	-1.95370883	-0.4876997638
70.9	-1.989757758	-0.2382666908
71	-2.002393111	-0.01962288255
71.1	-1.994690567	0.1688569076
71.2	-1.969522658	0.3303462235
71.3	-1.929376338	0.4691921807
71.4	-1.876285186	0.589999911
71.5	-1.811831997	0.6971221991
71.6	-1.737187116	0.7944352967
71.7	-1.653159811	0.8852862973
71.8	-1.560249744	0.9725272446
71.9	-1.458693387	1.058582433
72	-1.348503764	1.145511885
72.1	-1.229503276	1.235055281
72.2	-1.101357717	1.328636201
72.3	-0.9636059597	1.427310562
72.4	-0.8157060005	1.531647227
72.5	-0.6570911709	1.641513422
72.6	-0.4872562639	1.755738702
72.7	-0.3058842129	1.871667599
72.8	-0.1130196475	1.984610334
72.9	0.09069950087	2.087306516
73	0.3037660805	2.16963851
73.1	0.5235280639	2.218953267
73.2	0.7459939112	2.221435286
73.3	0.9658371007	2.164747675
73.4	1.176717287	2.041559715
73.5	1.371950796	1.852752654
73.6	1.54541587	1.60865001
73.7	1.692433456	1.32723904
73.8	1.810335011	1.029912695
73.9	1.898555938	0.7366108922
74	1.958297924	0.4623165199
74.1	1.991950925	0.2157814651
74.2	2.002488276	0.0001321955425
74.3	1.99297808	-0.1855736483
74.4	1.966261452	-0.3446757985
74.5	1.924783051	-0.4815792095
74.6	1.870531978	-0.6008813301
74.7	1.805049179	-0.7068951723
74.8	1.729467788	-0.8034461305
74.9	1.644564903	-0.8938311475
75	1.55081299	-0.9808582154
75.1	1.448425312	-1.066913106
75.2	1.33739465	-1.154024235
75.3	1.217527912	-1.243901129
75.4	1.088475525	-1.337934277
75.5	0.9497680401	-1.437139753
75.6	0.8008572742	-1.54203125
75.7	0.6411782881	-1.652388461
75.8	0.470238717	-1.766922549
75.9	0.2877466958	-1.882805404
76	0.09379325229	-1.995119418
76.1	-0.110910587	-2.096335717
76.2	-0.3247599723	-2.176062375
76.3	-0.5449797343	-2.221454512
76.4	-0.7674444331	-2.218706581
76.5	-0.9867099825	-2.1558036
76.6	-1.19636845	-2.026087161
76.7	-1.389748954	-1.831341499
76.8	-1.560833658	-1.582757273
76.9	-1.705120077	-1.298862568
77	-1.820146732	-1.001114094
77.1	-1.905539927	-0.7090919584
77.2	-1.962643305	-0.4371965711
77.3	-1.993928307	-0.1935873873
77.4	-2.002396494	0.01907724225
77.5	-1.991105323	0.2020412397
77.6	-1.962862826	0.3587981217
77.7	-1.920070889	0.493802252
77.8	-1.864674247	0.6116391433
77.9	-1.798172363	0.716580188
78	-1.721661649	0.8123997903
78.1	-1.635887682	0.9023452028
78.2	-1.541295873	0.9891801254
78.3	-1.438076527	1.075254026
78.4	-1.326203553	1.162562553
78.5	-1.205466213	1.252785409
78.6	-1.075503621	1.347281252
78.7	-0.9358348181	1.447023683
78.8	-0.7859079651	1.552465778
78.9	-0.6251606605	1.663304556
79	-0.4531126213	1.778121214
79.1	-0.2695013689	1.893911396
79.2	-0.0744667338	2.005527178
79.3	0.1312078992	2.105165108
79.4	0.3458147792	2.182166038
79.5	0.5664534989	2.223506622
79.6	0.788865868	2.215413318
79.7	1.007493318	2.146229656
79.8	1.215866941	2.010000331
79.9	1.407337582	1.809421861
80	1.575999651	1.556532397
80.1	1.717531975	1.270358986
80.2	1.829680496	0.9723736584
80.3	1.91225889	0.6817660827
80.4	1.966747082	0.4123452586
80.5	1.995692715	0.1716853942
80.6	2.002120527	-0.03800778719
80.7	1.989074668	-0.2182635763
80.8	1.959328774	-0.3727173045
80.9	1.915241441	-0.5058653093
81	1.858713184	-0.6222769843
81.1	1.791202415	-0.7261805597
81.2	1.713769336	-0.8212990557
81.3	1.627128284	-0.9108303382
81.4	1.531698306	-0.9974954881
81.5	1.427647307	-1.083606617
81.6	1.314929441	-1.171128475
81.7	1.193319235	-1.261710604
81.8	1.062440814	-1.3566774
81.9	0.9218058999	-1.456960255
82	0.7708576338	-1.56295286
82.1	0.6090368308	-1.674258226
82.2	0.4358786419	-1.78932992
82.3	0.2511493303	-1.90498095
82.4	0.05503928955	-2.015825346
82.5	-0.1515897015	-2.113786424
82.6	-0.3669266156	-2.187938484
82.7	-0.5879447931	-2.225094662
82.8	-0.810252741	-2.211544518
82.9	-1.028181216	-2.136022561
83	-1.235207289	-1.993304733
83.1	-1.424712224	-1.787007741
83.2	-1.590910732	-1.529994622
83.3	-1.729667865	-1.241746364
83.4	-1.838936908	-0.9437061147
83.5	-1.918714858	-0.6546428451
83.6	-1.970612232	-0.3877663467
83.7	-1.99724684	-0.1500751852
83.8	-2.001662931	0.05666184277
83.9	-1.986888419	0.2342443777
84	-1.955661157	0.3864375898
84.1	-1.910296164	0.5177723925
84.2	-1.852649882	0.6327984452
84.3	-1.784140075	0.7356992359
84.4	-1.70579121	0.8301464441
84.5	-1.618287076	0.9192892444
84.6	-1.522020507	1.005805665
84.7	-1.417137091	1.091972704
84.8	-1.303572829	1.179723051
84.9	-1.181084966	1.270676004
85	-1.049287353	1.366123828
85.1	-0.9076804483	1.466951154
85.2	-0.7557058659	1.573489691
85.3	-0.5928074068	1.685249075
85.4	-0.4185360861	1.800546175
85.5	-0.2326903796	1.916007575
85.6	-0.03551363	2.026005536
85.7	0.1720536126	2.122186348
85.8	0.3880927427	2.193365773
85.9	0.6094491499	2.22620859
86	0.8315993744	2.207093267
86.1	1.048767316	2.125181528
86.2	1.254383237	1.976008698
86.3	1.441867855	1.764115258
86.4	1.605564017	1.503164198
86.5	1.741526954	1.213045307
86.6	1.847916796	0.9151272698
86.7	1.924909789	0.6277318498
86.8	1.974241133	0.3634642832
86.9	1.998593708	0.1287568421
87	2.00102654	-0.07504234041
87.1	1.984549008	-0.2499876384
87.2	1.95186203	-0.3999631452
87.3	1.90523668	-0.5295275424
87.4	1.846485566	-0.6432071249
87.5	1.776986255	-0.7451394902
87.6	1.697727989	-0.8389447042
87.7	1.609364287	-0.9277237792
87.8	1.512262471	-1.014113035
87.9	1.406546208	-1.10035372
88	1.292132833	-1.188347536
88.1	1.168764621	-1.279684958
88.2	1.036042189	-1.375620344
88.3	0.8934588533	-1.476996873
88.4	0.7404516375	-1.584075951
88.5	0.5764716523	-1.696273222
88.6	0.4010854436	-1.81176592
88.7	0.2141247657	-1.926985241
88.8	0.01588993735	-2.036059249
88.9	-0.1925973776	-2.130355322
89	-0.409309453	-2.198433985
89.1	-0.6309618819	-2.226833738
89.2	-0.8529001071	-2.202049601
89.3	-1.069245612	-2.113704732
89.4	-1.273389257	-1.958119789
89.5	-1.458800051	-1.740760784
89.6	-1.619956633	-1.476060752
89.7	-1.753108226	-1.184273643
89.8	-1.85662093	-0.8866509485
89.9	-1.930845747	-0.6010415151
90	-1.977636598	-0.3394420382
90.1	-1.999735897	-0.1077295107
90.2	-2.000213732	0.09315206693
90.3	-1.982058509	0.265497278
90.4	-1.947933019	0.4132982543
90.5	-1.900064212	0.5411347406
90.6	-1.840221087	0.6535065388
90.7	-1.76974145	0.7545041856
90.8	-1.689579863	0.8476965148
90.9	-1.600360089	0.9361362788
91	-1.502423996	1.022419189
91.1	-1.39587421	1.108751297
91.2	-1.280609242	1.197004311
91.3	-1.156356988	1.288736171
91.4	-1.022704986	1.385168827
91.5	-0.8791392862	1.487095143
91.6	-0.7250953539	1.594711242
91.7	-0.5600289533	1.707330573
91.8	-0.3835258864	1.822984292
91.9	-0.1954539019	1.93790768
92	0.003830126471	2.045976556
92.1	0.2132192573	2.138280239
92.2	0.430573535	2.203134039
92.3	0.6524782879	2.22696175
92.4	0.8741492321	2.196408431
92.5	1.089609871	2.101593426
92.6	1.292219453	1.939646569
92.7	1.475504325	1.716958151
92.8	1.634086139	1.448703045
92.9	1.764411302	1.155450646
93	1.865050488	0.8582919117
93.1	1.936524812	0.5745804207
93.2	1.980801253	0.3157026938
93.3	2.000676314	0.0869926499
93.4	1.999227278	-0.1109941522
93.5	1.979419278	-0.2807773908
93.6	1.943876096	-0.4264470104
93.7	1.89478033	-0.5525978518
93.8	1.833857648	-0.6637001734
93.9	1.762406586	-0.7637965103
94	1.68134741	-0.8564040883
94.1	1.591274628	-0.9445290545
94.2	1.492505439	-1.030726093
94.3	1.385120865	-1.117167202
94.4	1.269002039	-1.205692588
94.5	1.14386115	-1.297832215
94.6	1.00927532	-1.394767848
94.7	0.8647221084	-1.497248341
94.8	0.7096358298	-1.605393823
94.9	0.5434796372	-1.718417137
95	0.365858345	-1.834198368
95.1	0.1766773683	-1.948768449
95.2	-0.02364532816	-2.0557497
95.3	-0.2339161264	-2.145951096
95.4	-0.451881083	-2.207449646
95.5	-0.6739934661	-2.226578328
95.6	-0.8953409699	-2.190161151
95.7	-1.109854191	-2.088847809
95.8	-1.3108686	-1.920599747
95.9	-1.491976696	-1.692727129
96	-1.647950285	-1.421112217
96.1	-1.775435795	-1.12659412
96.2	-1.87320679	-0.8300629563
96.3	-1.941949566	-0.5483558143
96.4	-1.983738094	-0.2922486624
96.5	-2.001417897	-0.06654474052
96.6	-1.998069807	0.128571813
96.7	-1.976633609	0.295832111
96.8	-1.939693098	0.4394137928
96.9	-1.889386448	0.563920915
97	-1.827396285	0.6737915166
97.1	-1.754982318	0.7730192788
97.2	-1.673031115	0.8650703642
97.3	-1.582108316	0.9529040293
97.4	-1.48250656	1.039035558
97.5	-1.374286353	1.12560272
97.6	-1.257310583	1.214415894
97.7	-1.131277958	1.306973075
97.8	-0.9957526172	1.404420617
97.9	-0.850206906	1.50745394
98	-0.6940729598	1.616123925
98.1	-0.5268225491	1.729530488
98.2	-0.3480825719	1.84540218
98.3	-0.1577967309	1.959560438
98.4	0.04355458015	2.065367841
98.5	0.25468621	2.153356363
98.6	0.4732283893	2.211371006
98.7	0.6955024389	2.225674284
98.8	0.9164694036	2.183302775
98.9	1.129972246	2.075469821
99	1.329330892	1.900988354
99.1	1.508212882	1.668082262
99.2	1.66154667	1.393306821
99.3	1.786181287	1.097722007
99.4	1.881090898	0.8019774511
99.5	1.9471219	0.5223748719
99.6	1.98644953	0.2690820081
99.7	2.001963144	0.04638474633
99.8	1.996743652	-0.1458883168
99.9	1.973703423	-0.3106654786
100	1.935385565	-0.4522025718
100.1	1.883883726	-0.5751076246
100.2	1.820837813	-0.6837839002
100.3	1.747469179	-0.7821753821
100.4	1.664631119	-0.8736974952
100.5	1.572861068	-0.9612635701
100.6	1.472427367	-1.047349178
100.7	1.363369918	-1.134059384
100.8	1.245534969	-1.223174455
100.9	1.118605632	-1.316159656
101	0.9821365194	-1.41412523
101.1	0.8355923595	-1.517713947
101.2	0.6784060406	-1.626897988
101.3	0.5100584952	-1.740668889
101.4	0.3301983014	-1.856592699
101.5	0.1388114576	-1.970276852
101.6	-0.06355548765	-2.074822268
101.7	-0.2755261398	-2.160481397
101.8	-0.4946116841	-2.214881815
101.9	-0.717000094	-2.224236881
102	-0.9375285608	-2.175826536
102.1	-1.149958018	-2.061462003
102.2	-1.347601052	-1.880826134
102.3	-1.524209019	-1.643044615
102.4	-1.6748735	-1.365308509
102.5	-1.796647821	-1.068852061
102.6	-1.888704439	-0.7740473762
102.7	-1.952044579	-0.4966442686
102.8	-1.988938628	-0.2462044263
102.9	-2.00231506	-0.02651073411
103	-1.995251462	0.162947175
103.1	-1.970631022	0.3252816492
103.2	-1.930955345	0.4648176703
103.3	-1.878273582	0.5861619285
103.4	-1.81418327	0.6936806758
103.5	-1.739867902	0.7912678543
103.6	-1.656148073	0.882288113
103.7	-1.563533106	0.9696093329
103.8	-1.462267763	1.055669088
103.9	-1.352371954	1.142538866
104	-1.233674056	1.231968535
104.1	-1.105844626	1.325393619
104.2	-0.9684262107	1.423883077
104.3	-0.8208787792	1.528025968
104.4	-0.6626350219	1.637717307
104.5	-0.493186188	1.751828542
104.6	-0.312206238	1.867763575
104.7	-0.1197238233	1.980910072
104.8	0.08364734079	2.084101993
104.9	0.2964339503	2.167317773
105	0.5160269176	2.217973626
105.1	0.7384813419	2.222258119
105.2	0.9585125656	2.167729253
105.3	1.169805423	2.046828039
105.4	1.365673783	1.860122615
105.5	1.539961477	1.617629186
105.6	1.687929018	1.33713547
105.7	1.806835597	1.040001454
105.8	1.896048938	0.7462849083
105.9	1.956719762	0.4711697995
106	1.991208064	0.2236171911
106.1	2.002476351	0.00692100031
106.2	1.993595708	-0.1797520529
106.3	1.96741844	-0.3396848657
106.4	1.926404082	-0.4772631418
106.5	1.872557281	-0.5970875513
106.6	1.807433586	-0.7034852274
106.7	1.732179096	-0.8002993525
106.8	1.647582091	-0.8908444518
106.9	1.55412458	-0.977943887
107	1.452027842	-1.06399664
107.1	1.341291649	-1.151042352
107.2	1.221728572	-1.240801205
107.3	1.092993871	-1.334674733
107.4	0.9546215424	-1.433693879
107.5	0.8060650014	-1.538391593
107.6	0.6467589863	-1.648577745
107.7	0.4762064876	-1.763006963
107.8	0.2941062132	-1.878911083
107.9	0.1005330346	-1.991452847
108	-0.1038276582	-2.093198122
108.1	-0.3174059277	-2.173849669
108.2	-0.5374698756	-2.220629458
108.3	-0.7599407387	-2.219725122
108.4	-0.9794152803	-2.159005022
108.5	-1.189508482	-2.031572083
108.6	-1.383543977	-1.838893298
108.7	-1.555466597	-1.591857554
108.8	-1.700711505	-1.3088086
108.9	-1.816744699	-1.011186469
109	-1.903126079	-0.7187008871
109.1	-1.961150242	-0.4459571361
109.2	-1.993260684	-0.201321094
109.3	-2.002449693	0.01238666555
109.4	-1.991778779	0.1963063967
109.5	-1.964067693	0.3538792661
109.6	-1.921733346	0.489543148
109.7	-1.866735995	0.6078882261
109.8	-1.800589565	0.7132006517
109.9	-1.724403271	0.809272759
110	-1.638933691	0.8993690681
110.1	-1.544635575	0.986268651
110.2	-1.441707278	1.072333853
110.3	-1.330129382	1.159571563
110.4	-1.209696898	1.249671349
110.5	-1.080053505	1.344004755
110.6	-0.9407214837	1.44355786
110.7	-0.7911512236	1.548808757
110.8	-0.6307780015	1.659480028
110.9	-0.4591184097	1.774200499
111	-0.2758988665	1.890028901
111.1	-0.08124147534	2.001896987
111.2	0.1240951254	2.102098805
111.3	0.3384397413	2.180068107
111.4	0.5589363763	2.222840751
111.5	0.7813729833	2.2166309
111.6	1.000230685	2.14965218
111.7	1.20906114	2.015699463
111.8	1.401206558	1.817149239
111.9	1.570721113	1.565746248
112	1.713219736	1.280347093
112.1	1.826375757	0.9824239832
112.2	1.909937646	0.6913063914
112.3	1.965338319	0.4210112451
112.4	1.995099344	0.1793168682
112.5	2.002237949	-0.03141446084
112.6	1.989803186	-0.2126141455
112.7	1.96058088	-0.3678690567
112.8	1.916944846	-0.5016617057
112.9	1.860811044	-0.6185676293
113	1.793652197	-0.7228302807
113.1	1.716541124	-0.81819069
113.2	1.630203071	-0.9078640946
113.3	1.535066267	-0.9945860764
113.4	1.431306255	-1.080682132
113.5	1.318884457	-1.168127341
113.6	1.197579856	-1.258582623
113.7	1.067022688	-1.353383266
113.8	0.9267264553	-1.453477196
113.9	0.7761360411	-1.559276786
114	0.6146917223	-1.670420526
114.1	0.4419222255	-1.785406638
114.2	0.2575837242	-1.90111164
114.3	0.06184957285	-2.012234588
114.4	-0.1444473056	-2.110793555
114.5	-0.3595319783	-2.18595611
114.6	-0.580421984	-2.224591994
114.7	-0.8027724478	-2.212964139
114.8	-1.020952506	-2.139666594
114.9	-1.228457306	-1.999216508
115	-1.418656436	-1.794907709
115.1	-1.585721646	-1.539316589
115.2	-1.725452247	-1.251771001
115.3	-1.835729026	-0.9537292641
115.4	-1.916485341	-0.6641111985
115.5	-1.969286572	-0.3963367938
115.6	-1.996726747	-0.1576046742
115.7	-2.00184357	0.05016498717
115.8	-1.987671082	0.2286789481
115.9	-1.95695976	0.3816584145
116	-1.912039899	0.5136229054
116.1	-1.854783355	0.6291293778
116.2	-1.786622069	0.7323771806
116.3	-1.708592988	0.8270560185
116.4	-1.621390459	0.9163317587
116.5	-1.525416431	1.002897919
116.6	-1.420824521	1.089043227
116.7	-1.307556514	1.176712087
116.8	-1.18537662	1.26753393
116.9	-1.053900856	1.362812233
117	-0.9126348282	1.463448648
117.1	-0.7610199241	1.569796505
117.2	-0.5984990725	1.681398711
117.3	-0.4246175416	1.796620261
117.4	-0.2391623543	1.912153873
117.5	-0.04235797661	2.022456756
117.6	0.1648828919	2.119272353
117.7	0.3806795302	2.191506497
117.8	0.6019223054	2.225873598
117.9	0.8241338397	2.20871787
118	1.041574949	2.129047619
118.1	1.247691445	1.982129372
118.2	1.43588923	1.772179997
118.3	1.600465423	1.512585755
118.4	1.737408258	1.223098436
118.5	1.844805557	0.9251177412
118.6	1.922771321	0.6371249371
118.7	1.972997789	0.3719373646
118.8	1.998145722	0.1361842625
118.9	2.001269391	-0.06864084054
119	1.985384949	-0.2445048945
119.1	1.953206382	-0.3952516092
119.2	1.907020165	-0.5254307309
119.3	1.848654221	-0.6395771028
119.4	1.779500135	-0.7418445176
119.5	1.70055942	-0.8358710841
119.6	1.612496125	-0.9247746424
119.7	1.515686482	-1.011206021
119.8	1.41026176	-1.09741889
119.9	1.296145805	-1.185325724
120	1.173086128	-1.276527503
120.1	1.040687852	-1.37229107
120.2	0.8984469304	-1.473475445
120.3	0.745801488	-1.580365417
120.4	0.5822006337	-1.692411344
120.5	0.4072047617	-1.807839488
120.6	0.2206338389	-1.92314942
120.7	0.02276845193	-2.032555935
120.8	-0.1853989166	-2.12752345
120.9	-0.4018789807	-2.196701296
121	-0.6234326948	-2.226670764
121.1	-0.8454513278	-2.203882135
121.2	-1.062091725	-2.11779321
121.3	-1.26675765	-1.964447078
121.4	-1.45290018	-1.748985808
121.5	-1.614949623	-1.485575828
121.6	-1.749086874	-1.19434935
121.7	-1.853606113	-0.8966037729
121.8	-1.928797721	-0.6103563151
121.9	-1.976474702	-0.3478167704
122	-1.99935926	-0.1150550723
122.1	-2.000518036	0.08684506037
122.2	-1.982947082	0.260095876
122.3	-1.94932262	0.4086529547
122.4	-1.90188707	0.5370893163
122.5	-1.842424665	0.6499143973
122.6	-1.772287072	0.7512353346
122.7	-1.692440949	0.8446389349
122.8	-1.6035204	0.9331946051
122.9	-1.505876109	1.019512421
123	-1.399618185	1.105810505
123.1	-1.284651433	1.193971326
123.2	-1.160709147	1.285563595
123.3	-1.027382868	1.381821542
123.4	-0.8841615279	1.483554795
123.5	-0.7304811362	1.590984012
123.6	-0.5657952307	1.703457639
123.7	-0.3896832025	1.819058534
123.8	-0.2019999914	1.934091977
123.9	-0.003081882218	2.042521812
124	0.205993898	2.135535108
124.1	0.4231269288	2.201532583
124.2	0.6449483927	2.226974728
124.3	0.8667192159	2.198451322
124.4	1.082496613	2.105904114
124.5	1.285650024	1.946177047
124.6	1.469684731	1.725337396
124.7	1.629171504	1.45830444
124.8	1.760487402	1.16554217
124.9	1.862131658	0.8682022353
125	1.934566422	0.5838141156
125.1	1.979719807	0.3239780723
125.2	2.000369962	0.09421672081
125.3	1.999592077	-0.1047804542
125.4	1.980359657	-0.2754558807
125.5	1.945310269	-0.4218664307
125.6	1.896642037	-0.54860239
125.7	1.836095761	-0.6601446615
125.8	1.76498367	-0.7605526725
125.9	1.684237955	-0.8533616259
126	1.594463336	-0.941594111
126.1	1.495985647	-1.027818837
126.2	1.388893257	-1.11421988
126.3	1.273073646	-1.202648054
126.4	1.148243946	-1.294643919
126.5	1.0139857	-1.391402676
126.6	0.8697785682	-1.493689141
126.7	0.7150577494	-1.601649965
126.8	0.5492834162	-1.714534139
126.9	0.372053515	-1.830274857
127	0.1832602557	-1.944975135
127.1	-0.01670010896	-2.052346579
127.2	-0.2266646936	-2.143296326
127.3	-0.4444196678	-2.20598367
127.4	-0.6664645516	-2.226771258
127.5	-0.8879316934	-2.192416698
127.6	-1.102783614	-2.093380279
127.7	-1.304363186	-1.927330049
127.8	-1.48623875	-1.701254837
127.9	-1.643128803	-1.430793211
128	-1.771609447	-1.136695345
128.1	-1.870383485	-0.8399262084
128.2	-1.940079971	-0.5575059249
128.3	-1.982736115	-0.3004239642
128.4	-2.001180863	-0.07366779015
128.5	-1.998494199	0.122450292
128.6	-1.977625029	0.2905890129
128.7	-1.941171228	0.4348964515
128.8	-1.891286528	0.5599740501
128.9	-1.829668584	0.6702714237
129	-1.757590639	0.7697994499
129.1	-1.675950996	0.8620421152
129.2	-1.585325342	0.9499750286
129.3	-1.486014877	1.036127228
129.4	-1.378087267	1.12264832
129.5	-1.261411663	1.211359187
129.6	-1.135691659	1.303769028
129.7	-1.000495578	1.401036754
129.8	-0.8552979365	1.503876326
129.9	-0.6995310218	1.612363872
130	-0.5326639374	1.72563813
130.1	-0.3543157253	1.841482631
130.2	-0.1644160331	1.955791965
130.3	0.03657678349	2.062020093
130.4	0.2474095102	2.150796444
130.5	0.4657534614	2.210044673
130.6	0.6879762763	2.226050598
130.7	0.9090829783	2.18577282
130.8	1.122946585	2.080223256
130.9	1.322891527	1.907914615
131	1.502558063	1.676752402
131.1	1.656819091	1.403060287
131.2	1.782452563	1.107826478
131.3	1.878362672	0.8117890408
131.4	1.945340343	0.5314388643
131.5	1.985526067	0.277156469
131.6	2.001794446	0.05340722617
131.7	1.99722675	-0.1398577755
131.8	1.974745131	-0.3054993756
131.9	1.93690704	-0.4477470346
132	1.885821709	-0.5712080242
132.1	1.823143952	-0.6802980478
132.2	1.750108489	-0.7789785231
132.3	1.667580199	-0.8706826705
132.4	1.576106384	-0.9583397719
132.5	1.475963762	-1.044439138
132.6	1.367199446	-1.131097382
132.7	1.249665587	-1.220105406
132.8	1.123050436	-1.312939339
132.9	0.9869122555	-1.410723115
133	0.8407179893	-1.51411746
133.1	0.683900605	-1.623122235
133.2	0.5159375009	-1.736768456
133.3	0.3364692065	-1.852678519
133.4	0.1454671379	-1.966535666
133.5	-0.05654557807	-2.071532899
133.6	-0.2682252148	-2.158020016
133.7	-0.4871246548	-2.213700094
133.8	-0.7094784585	-2.224800934
133.9	-0.9301670093	-2.178513258
134	-1.142979284	-2.066435521
134.1	-1.341229462	-1.887944305
134.2	-1.518638588	-1.651850703
134.3	-1.670240472	-1.375127645
134.4	-1.793016708	-1.078953991
134.5	-1.886070708	-0.7838031909
134.6	-1.950350125	-0.505620044
134.7	-1.988092679	-0.2541776205
134.8	-2.002213731	-0.03343331478
134.9	-1.995792386	0.1570064096
135	-1.971722274	0.3201910623
135.1	-1.932519575	0.460422451
135.2	-1.880249017	0.5823082427
135.3	-1.816522928	0.6902278999
135.4	-1.742537998	0.7880929889
135.5	-1.659126215	0.8792857808
135.6	-1.56680663	0.9666900533
135.7	-1.46583231	1.052756722
135.8	-1.356230111	1.139568772
135.9	-1.237834436	1.228886491
136	-1.110320554	1.322156892
136.1	-0.9732349112	1.420462181
136.2	-0.8260393009	1.524411192
136.3	-0.668166051	1.633926379
136.4	-0.4991029306	1.747920727
136.5	-0.3185150212	1.863856668
136.6	-0.1264154395	1.977198824
136.7	0.07660600889	2.08087492
136.8	0.2891097177	2.164959816
136.9	0.5085291793	2.216940664
137	0.7309661025	2.223013127
137.1	0.9511780771	2.170634081
137.2	1.162875878	2.052020218
137.3	1.359371961	1.867428215
137.4	1.534476806	1.626564754
137.5	1.683391162	1.347013079
137.6	1.803302069	1.050094587
137.7	1.893509217	0.7559807777
137.8	1.955111631	0.4800551755
137.9	1.99043867	0.2314885754
138	2.002441425	0.01374433372
138.1	1.994193612	-0.1738997948
138.2	1.968558521	-0.3346683725
138.3	1.928010494	-0.4729268213
138.4	1.874569737	-0.5932784809
138.5	1.809806449	-0.7000643805
138.6	1.734879761	-0.7971454769
138.7	1.650589187	-0.8878538652
138.8	1.557426316	-0.9750283879
138.9	1.455620509	-1.061081347
139	1.345178581	-1.148063612
139.1	1.225918733	-1.237706019
139.2	1.097501224	-1.331421136
139.3	0.9594633904	-1.430254572
139.4	0.8112604583	-1.534758266
139.5	0.6523268171	-1.644772094
139.6	0.4821610064	-1.759093236
139.7	0.3004525692	-1.875013139
139.8	0.1072604316	-1.98777421
139.9	-0.09675538709	-2.090036588
140	-0.310059437	-2.171598503
140.1	-0.5299629023	-2.219749773
140.2	-0.7524337068	-2.220674793
140.3	-0.9721098788	-2.162129394
140.4	-1.182630103	-2.036981422
140.5	-1.377313577	-1.84638201
140.6	-1.550068838	-1.600916242
140.7	-1.696269334	-1.318738178
140.8	-1.813308602	-1.021265269
140.9	-1.9006797	-0.7283330217
141	-1.959627491	-0.454750394
141.1	-1.992566849	-0.2090905514
141.2	-2.002480217	0.005661809657
141.3	-1.992432796	0.1905413465
141.4	-1.96525589	0.3489353482
141.5	-1.923381375	0.4852642723
141.6	-1.86878504	0.6041224573
141.7	-1.802995328	0.7098106024
141.8	-1.727134317	0.8061389383
141.9	-1.641969627	0.8963893095
142	-1.547965432	0.9833562623
142.1	-1.445328165	1.069415039
142.2	-1.334045097	1.156583763
142.3	-1.213917098	1.246562217
142.4	-1.084592224	1.340734277
142.5	-0.9455967445	1.440099501
142.6	-0.7963818632	1.54515741
142.7	-0.6363826247	1.655660184
142.8	-0.4651108303	1.770281724
142.9	-0.2822829083	1.886141877
143	-0.08800408624	1.998253768
143.1	0.1169926235	2.099006929
143.2	0.3310720042	2.177928696
143.3	0.5514216395	2.222118349
143.4	0.7738760804	2.21777825
143.5	0.9929565434	2.152997055
143.6	1.202236083	2.021323983
143.7	1.395049392	1.824816254
143.8	1.565411448	1.574921403
143.9	1.70887372	1.290321407
144	1.823036951	0.9924826363
144.1	1.907584035	0.7008710682
144.2	1.963900127	0.429710532
144.3	1.994480088	0.1869841551
144.4	2.002332973	-0.02478725608
144.5	1.990512493	-0.2069349856
144.6	1.961816499	-0.362996272
144.7	1.918633943	-0.4974388637
144.8	1.862896269	-0.6148438843
144.9	1.79609057	-0.7194699043
145	1.719302344	-0.8150759406
145.1	1.633267761	-0.904894444
145.2	1.538424268	-0.9916760672
145.3	1.434955339	-1.077759234
145.4	1.322829125	-1.165130027
145.5	1.201830067	-1.255459535
145.6	1.071593258	-1.350095619
145.7	0.9316350622	-1.450000097
145.8	0.7814021691	-1.555607294
145.9	0.6203333426	-1.666587667
146	0.4479523529	-1.781484002
146.1	0.2640053071	-1.897237348
146.2	0.06864739847	-2.008629517
146.3	-0.1373153268	-2.107774532
146.4	-0.352144251	-2.183933273
146.5	-0.5729010706	-2.224032197
146.6	-0.7952876134	-2.214313018
146.7	-1.013711735	-2.143233147
146.8	-1.221687562	-2.00505394
146.9	-1.412574135	-1.802747308
147	-1.580501155	-1.54860104
147.1	-1.721202808	-1.261783422
147.2	-1.832487301	-0.9637625708
147.3	-1.914223773	-0.6736050738
147.4	-1.967931912	-0.4049407333
147.5	-1.996181066	-0.1651698352
147.6	-2.00200217	0.04363452232
147.7	-1.988434852	0.2230843514
147.8	-1.958242127	0.3768552613
147.9	-1.91376954	0.5094546572
148	-1.856904369	0.6254463807
148.1	-1.789092783	0.7290454074
148.2	-1.711384224	0.8239593874
148.3	-1.624483771	0.9133713662
148.4	-1.528802555	0.9999897001
148.5	-1.424501883	1.086115646
148.6	-1.311530152	1.173704575
148.7	-1.189657155	1.264396703
148.8	-1.058503209	1.359506873
148.9	-0.9175772254	1.459952678
149	-0.7663215183	1.566109521
149.1	-0.6041777354	1.677552708
149.2	-0.4306857534	1.792695088
149.3	-0.2456212667	1.908294614
149.4	-0.04919023788	2.018893012
149.5	0.1577221013	2.11633072
149.6	0.3732727295	2.189604038
149.7	0.5943967693	2.225479454
149.8	0.8166630247	2.210270424
149.9	1.034369751	2.132835996
150	1.240979205	1.988177136
150.1	1.429883557	1.780187466
150.2	1.59533515	1.521973005
150.3	1.733255698	1.233142078
150.4	1.841660625	0.9351200913
150.5	1.920601158	0.6465445903
150.6	1.971725854	0.3804444631
150.7	1.997672642	0.1436472558
150.8	2.001490608	-0.0622061486
150.9	1.986202366	-0.2389934552
151	1.954534814	-0.3905166482
151.1	1.90878981	-0.5213156989
151.2	1.850810617	-0.6359336098
151.3	1.782002887	-0.738540214
151.4	1.703380471	-0.8327917005
151.5	1.615618021	-0.9218227661
151.6	1.519100683	-1.008298806
151.7	1.413967405	-1.09448607
151.8	1.300148598	-1.182307819
151.9	1.177396927	-1.273375141
152	1.045322299	-1.368968119
152.1	0.9034227801	-1.469960184
152.2	0.7511390895	-1.576661059
152.3	0.5879165335	-1.688553967
152.4	0.4133106681	-1.803912926
152.5	0.2271302818	-1.919307156
152.6	0.0296352406	-2.02903607
152.7	-0.1782101956	-2.124662249
152.8	-0.3944544489	-2.194924843
152.9	-0.6159041317	-2.226448112
153	-0.8379964681	-2.205642327
153.1	-1.054924111	-2.121804296
153.2	-1.260104716	-1.970702445
153.3	-1.446972577	-1.757154805
153.4	-1.609910514	-1.495058715
153.5	-1.745031525	-1.204418035
153.6	-1.850557675	-0.9065705804
153.7	-1.926718169	-0.6196989517
153.8	-1.97528445	-0.3562260583
153.9	-1.998957832	-0.1224163558
154	-2.000801037	0.08050511028
154.1	-1.98381741	0.2546661901
154.2	-1.95069655	0.4039846169
154.3	-1.903696299	0.533026048
154.4	-1.844616158	0.6463091383
154.5	-1.774821723	0.7479575066
154.6	-1.695291758	0.8415757394
154.7	-1.606670789	0.9302504398
154.8	-1.509318539	1.016605666
154.9	-1.403352252	1.102871904
155	-1.288683529	1.190941851
155.1	-1.165050546	1.282396656
155.2	-1.032049526	1.378480181
155.3	-0.8891720874	1.480021616
155.4	-0.7358541974	1.587262591
155.5	-0.5715485984	1.699587873
155.6	-0.3958275588	1.815132653
155.7	-0.2085330652	1.930269034
155.8	-0.009982165363	2.039049973
155.9	0.1987776485	2.132760007
156	0.4156856546	2.199883937
156.1	0.6374184599	2.226924873
156.2	0.8592823468	2.200419855
156.3	1.075368896	2.110136935
156.4	1.279058666	1.952636955
156.5	1.463836903	1.733663956
156.6	1.624224425	1.467876553
156.7	1.756529353	1.175628685
156.8	1.859179318	0.8781278984
156.9	1.932576831	0.5930764876
157	1.978610371	0.3322883572
157.1	2.000039151	0.101476233
157.2	1.999935833	-0.09853415316
157.3	1.981282034	-0.270106543
157.4	1.946728946	-0.4172633788
157.5	1.898490236	-0.5445896
157.6	1.838321863	-0.6565764461
157.7	1.767549793	-0.757300122
157.8	1.687118252	-0.850314053
157.9	1.597642215	-0.93865683
158	1.499456004	-1.024911772
158.1	1.392655823	-1.111274788
158.2	1.277134946	-1.19960826
158.3	1.152616458	-1.291460955
158.4	1.018684712	-1.388044129
158.5	0.8748231918	-1.490136325
158.6	0.720467005	-1.59791185
158.7	0.5550740148	-1.710654463
158.8	0.3782354493	-1.826350196
158.9	0.1898303447	-1.941173583
159	-0.009766403583	-2.048924854
159.1	-0.2194222731	-2.140609313
159.2	-0.4369632169	-2.204469753
159.3	-0.6589350163	-2.226900731
159.4	-0.8805148329	-2.194597527
159.5	-1.095697748	-2.097835141
159.6	-1.297835033	-1.933990756
159.7	-1.480471959	-1.709731178
159.8	-1.638274521	-1.440447132
159.9	-1.767748841	-1.146793938
160	-1.867526701	-0.8498065442
160.1	-1.938179296	-0.5666856577
160.2	-1.981706348	-0.3086344543
160.3	-2.000919603	-0.08082624202
160.4	-1.998897771	0.1162965602
160.5	-1.978598613	0.2853185597
160.6	-1.942633993	0.4303570731
160.7	-1.893173187	0.5560102692
160.8	-1.831928919	0.6667390182
160.9	-1.760188022	0.7665712926
161	-1.678860596	0.8590089404
161.1	-1.588532434	0.9470440027
161.2	-1.489513339	1.033219308
161.3	-1.381878155	1.119696428
161.4	-1.265502414	1.208306701
161.5	-1.140094462	1.300570546
161.6	-1.005227116	1.397659304
161.7	-0.8603768583	1.500305302
161.8	-0.7049763662	1.608609324
161.9	-0.5384921977	1.721748885
162	-0.3605356036	1.837561595
162.1	-0.171022502	1.952014521
162.2	0.02961029586	2.058652673
162.3	0.2401415001	2.148202845
162.4	0.458283094	2.208668553
162.5	0.6804489355	2.226362021
162.6	0.9016883051	2.18816738
162.7	1.115904956	2.084899406
162.8	1.316428828	1.914772934
162.9	1.496873991	1.685373705
163	1.65205856	1.412789288
163.1	1.778689652	1.117930466
163.2	1.87560122	0.8216191517
163.3	1.943528095	0.5405332193
163.4	1.984575242	0.2852662957
163.5	2.001601934	0.06046481934
163.6	1.997689393	-0.13379552
163.7	1.975769318	-0.3003064901
163.8	1.938413403	-0.4432700392
163.9	1.887746468	-0.5672920377
164	1.825438276	-0.6768003399
164.1	1.752736966	-0.7757737333
164.2	1.670519077	-0.8676632684
164.3	1.579341804	-0.955414206
164.4	1.479490303	-1.041529774
164.5	1.371018973	-1.128138081
164.6	1.253785796	-1.217040767
164.7	1.127484372	-1.30972471
164.8	0.9916764903	-1.407327502
164.9	0.8458314656	-1.510527397
165	0.6893824251	-1.619351992
165.1	0.5218032959	-1.73287077
165.2	0.3427268622	-1.848762179
165.3	0.1521101965	-1.962784636
165.4	-0.04954683739	-2.068222571
165.5	-0.260932716	-2.155523597
165.6	-0.4796417139	-2.212467431
165.7	-0.7019550355	-2.225299038
165.8	-0.9227965074	-2.181124049
165.9	-1.135983859	-2.071332186
166	-1.334833908	-1.894995776
166.1	-1.513038462	-1.660609856
166.2	-1.665574281	-1.384924604
166.3	-1.789351438	-1.089057558
166.4	-1.883403957	-0.7935790241
166.5	-1.948625261	-0.5146269579
166.6	-1.987219705	-0.2621863192
166.7	-2.002088932	-0.04039079535
166.8	-1.996313167	0.1510343817
166.9	-1.972796266	0.3150742097
167	-1.934068905	0.4560062812
167.1	-1.882211393	0.5784386361
167.2	-1.818850888	0.6867636831
167.3	-1.745197346	0.7849105509
167.4	-1.66209419	0.8762791424
167.5	-1.570070271	0.9637692937
167.6	-1.469387017	1.049845231
167.7	-1.360078197	1.136601576
167.8	-1.241984429	1.225808899
167.9	-1.11478543	1.318925975
168	-0.9780320133	1.417046984
168.1	-0.8311875054	1.520803264
168.2	-0.673684275	1.630140172
168.3	-0.5050067638	1.744015579
168.4	-0.3248105683	1.859947357
168.5	-0.1330941559	1.973476944
168.6	0.06957535737	2.077626109
168.7	0.2817932959	2.162564323
168.8	0.5010349488	2.21585427
168.9	0.7234483493	2.223700452
169	0.9438338317	2.173462159
169.1	1.15592886	2.057136214
169.2	1.353045514	1.874669652
169.3	1.528961982	1.635456689
169.4	1.67881994	1.356871477
169.5	1.799734394	1.060191464
169.6	1.890936712	0.7656980474
169.7	1.953473529	0.4889724392
169.8	1.989642677	0.2393956633
169.9	2.002383418	0.02060230387
170	1.994771726	-0.1680166463
170.1	1.969681657	-0.3296260941
170.2	1.929602264	-0.4685700609
170.3	1.87656934	-0.5894539427
170.4	1.812167782	-0.6966324566
170.5	1.737569799	-0.7939843696
170.6	1.653586274	-0.8848593045
170.7	1.560718252	-0.9721115163
170.8	1.459203354	-1.058167204
170.9	1.349055617	-1.145088003
171	1.230098277	-1.234615209
171.1	1.101997795	-1.328173722
171.2	0.9642935861	-1.426821773
171.3	0.8164438681	-1.53113076
171.4	0.6578819915	-1.640972132
171.5	0.4881021311	-1.755181406
171.6	0.3067859041	-1.87111145
171.7	0.1139757831	-1.984083756
171.8	-0.08969383239	-2.086851233
171.9	-0.3027207272	-2.169309901
172	-0.5224589087	-2.218816832
172.1	-0.7449234914	-2.221556651
172.2	-0.9647939187	-2.165177222
172.3	-1.175733384	-2.042315142
172.4	-1.371057793	-1.853806956
172.5	-1.544640435	-1.60993234
172.6	-1.69179359	-1.328650517
172.7	-1.809838402	-1.031350113
172.8	-1.898200671	-0.7379881345
172.9	-1.958074855	-0.4635762171
173	-1.991846684	-0.2168959366
173.1	-2.002487978	-0.001097527332
173.2	-1.993067295	0.1847459064
173.3	-1.966427359	0.3439661163
173.4	-1.925014946	0.4809653783
173.5	-1.870821376	0.6003416246
173.6	-1.805389672	0.7064098967
173.7	-1.729854814	0.8029981346
173.8	-1.644995487	0.8934057567
173.9	-1.551285506	0.9804429746
174	-1.448939296	1.06649742
174.1	-1.337950602	1.153599122
174.2	-1.218127169	1.243459068
174.3	-1.089120088	1.337469438
174.4	-0.9504603899	1.436648248
174.5	-0.8016001755	1.541512192
174.6	-0.6419743438	1.651845148
174.7	-0.471089956	1.766364407
174.8	-0.2886537877	1.882250661
174.9	-0.09475446597	1.994597654
175	0.109900597	2.09589006
175.1	0.3237115311	2.175749568
175.2	0.5439093703	2.221340331
175.3	0.7663753299	2.218855968
175.4	0.9856711147	2.156264554
175.5	1.195392007	2.026873377
175.6	1.388866277	1.832421404
175.7	1.560070706	1.584056568
175.8	1.704493889	1.300280882
175.9	1.819664009	1.002549049
176	1.905197927	0.7104598534
176.1	1.962432343	0.4384429855
176.2	1.993834764	0.194687298
176.3	2.002405458	-0.01812588573
176.4	1.991202479	-0.201225836
176.5	1.963035543	-0.3580986822
176.6	1.920308679	-0.4931965059
176.7	1.864968834	-0.6111055184
176.8	1.798517528	-0.7160992236
176.9	1.722052992	-0.8119545747
177	1.636322367	-0.9019213078
177.1	1.541772404	-0.9887652797
177.2	1.43859453	-1.074837795
177.3	1.326763622	-1.162136071
177.4	1.206069763	-1.252341453
177.5	1.076152682	-1.34681392
177.6	0.9365319437	-1.446529543
177.7	0.7866558644	-1.551944147
177.8	0.6259619788	-1.662759242
177.9	0.4539692793	-1.777562485
178	0.2704137821	-1.893358356
178.1	0.07543294884	-2.005010696
178.2	-0.1301936246	-2.104729614
178.3	-0.3447633738	-2.181869273
178.4	-0.5653821335	-2.223415088
178.5	-0.7877983325	-2.215591062
178.6	-1.006459043	-2.146722065
178.7	-1.214898231	-2.010817077
178.8	-1.406465447	-1.810526928
178.9	-1.57524932	-1.557847881
179	-1.716919509	-1.271783239
179.1	-1.829211612	-0.9738053592
179.2	-1.911930054	-0.6831241177
179.3	-1.966548098	-0.4135781999
179.4	-1.995609728	-0.1727707449
179.5	-2.002138611	0.03707028208
179.6	-1.98917964	0.2174603071
179.7	-1.959508196	0.3720278925
179.8	-1.915485042	0.5052674464
179.9	-1.859012894	0.6217492548
180	-1.791552201	0.7257037399
180.1	-1.714164967	0.8208565057
180.2	-1.627567064	0.9104078148
180.3	-1.532178835	0.9970809287
180.4	-1.428169335	1.083189757
180.5	-1.315493634	1.170700647
180.6	-1.193927071	1.261264511
180.7	-1.063094413	1.356207658
180.8	-0.9225077856	1.456463361
180.9	-0.7716106321	1.56242868
181	-0.6098434235	1.673711123
181.1	-0.4367406638	1.788770681
181.2	-0.2520671096	1.904429874
181.3	-0.05601048777	2.015314477
181.4	0.1505713011	2.113361582
181.5	0.3658724458	2.187658798
181.6	0.5868726629	2.225026696
181.7	0.809187073	2.211751252
181.8	1.027151859	2.136546637
181.9	1.234246618	1.99415163
182	1.42385089	1.78813692
182.1	1.590173191	1.531325138
182.2	1.729069193	1.243175553
182.3	1.838481844	0.9451338202
182.4	1.918399093	0.6559905559
182.5	1.97042508	0.3889855924
182.6	1.997174268	0.151145983
182.7	2.001690011	-0.0557380552
182.8	1.987001097	-0.2334530654
182.9	1.955847197	-0.3857579938
183	1.910545509	-0.5171822063
183.1	1.852954668	-0.6322764328
183.2	1.784494454	-0.7352264185
183.3	1.706191107	-0.8297063962
183.4	1.618729924	-0.9188679885
183.5	1.52250505	-1.005391314
183.6	1.417663152	-1.091555138
183.7	1.304141164	-1.179293652
183.8	1.181697151	-1.270228062
183.9	1.049945491	-1.365651495
184	0.9083871292	-1.46645176
184.1	0.7564639045	-1.572962893
184.2	0.5936193373	-1.684700175
184.3	0.4194035012	-1.799986747
184.4	0.2336134392	-1.915458739
184.5	0.03648981344	-2.025500738
184.6	-0.1710311367	-2.121772705
184.7	-0.3870359635	-2.193103375
184.8	-0.6083764734	-2.226164519
184.9	-0.8305358337	-2.207329222
185	-1.04774316	-2.125737232
185.1	-1.253430876	-1.976885446
185.2	-1.441017527	-1.765268084
185.3	-1.604839398	-1.504508947
185.4	-1.740942107	-1.214478529
185.5	-1.847475497	-0.9165502212
185.6	-1.924606997	-0.6290687654
185.7	-1.974065706	-0.3646696497
185.8	-1.998531415	-0.1298131154
185.9	-2.00106248	0.07413213645
186	-1.984669275	0.2492080747
186.1	-1.952054589	0.3992931618
186.2	-1.90549169	0.5289448442
186.3	-1.846795366	0.6426906531
186.4	-1.777345184	0.7446705178
186.5	-1.698132129	0.8385070554
186.6	-1.609811201	0.9273036643
186.7	-1.512751011	1.013698804
186.8	-1.407076325	1.099935363
186.9	-1.292705301	1.187916705
187	-1.169381194	1.279234732
187.1	-1.036704879	1.375145486
187.2	-0.894170421	1.476494629
187.3	-0.7412147874	1.583546943
187.4	-0.5772888164	1.695722566
187.5	-0.4019583043	1.811206365
187.6	-0.2150531893	1.92643905
187.7	-0.0168708222	2.035560969
187.8	0.1915709976	2.129953767
187.9	0.4082501916	2.198189855
188	0.629888892	2.226814235
188.1	0.8518389998	2.20231522
188.2	1.068226987	2.11429211
188.3	1.272445524	1.959025788
188.4	1.457960987	1.741936192
188.5	1.619245064	1.477418476
188.6	1.752537237	1.1857098
188.7	1.856193361	0.8880684213
188.8	1.930555815	0.602367211
188.9	1.977472745	0.3406333533
189	1.999683726	0.1087712757
189.1	2.000258396	-0.0922552762
189.2	1.982186247	-0.2647292696
189.3	1.948131999	-0.4126376671
189.4	1.900324812	-0.5405593216
189.5	1.840535849	-0.6529954302
189.6	1.770104888	-0.754038893
189.7	1.689988207	-0.8472611162
189.8	1.600811059	-0.9357172384
189.9	1.502916546	-1.022004934
190	1.396408339	-1.108332086
190.1	1.281185936	-1.196571857
190.2	1.156977829	-1.288283703
190.3	1.023372326	-1.384691419
190.4	0.8798556959	-1.486590318
190.5	0.725863617	-1.594179598
190.6	0.5608515301	-1.70677844
190.7	0.3844041309	-1.822424946
190.8	0.196387505	-1.937364353
190.9	-0.00284435678	-2.045485293
191	-0.212189006	-2.137890853
191.1	-0.4295120266	-2.202908519
191.2	-0.651405232	-2.226967334
191.3	-0.8730908244	-2.196704027
191.4	-1.088597071	-2.102212452
191.5	-1.291284609	-1.940581577
191.6	-1.474676716	-1.718155589
191.7	-1.633387757	-1.45007314
191.8	-1.763854205	-1.156889042
191.9	-1.864636585	-0.8597032297
192	-1.936247637	-0.5758945318
192.1	-1.980648851	-0.3168798741
192.2	-2.000634154	-0.0880199563
192.3	-1.999280547	0.1101106451
192.4	-1.979554389	0.2800207285
192.5	-1.944081422	0.4257956207
192.6	-1.89504646	0.5520295307
192.7	-1.834177327	0.6631942588
192.8	-1.762774506	0.7633347685
192.9	-1.681759964	0.8559708356
193	-1.591729645	0.9441109193
193.1	-1.493001983	1.030311796
193.2	-1.385659094	1.116747036
193.3	-1.269582856	1.205258533
193.4	-1.144486513	1.297377609
193.5	-1.009947248	1.394288357
193.6	-0.8654437088	1.496740697
193.7	-0.7104090752	1.604860441
193.8	-0.5443073004	1.717862985
193.9	-0.366742194	1.833639199
194	-0.1776162296	1.948228409
194.1	0.02265521228	2.055265966
194.2	0.2328823369	2.145575983
194.3	0.4508174742	2.207243657
194.4	0.6729206632	2.226609412
194.5	0.8942856678	2.190486941
194.6	1.108847638	2.089498249
194.7	1.309943047	1.921562685
194.8	1.491160858	1.693945145
194.9	1.647265191	1.422492933
195	1.774892592	1.128033293
195.1	1.872806499	0.8314672987
195.2	1.941685034	0.5496576998
195.3	1.983596953	0.2934113841
195.4	2.001385512	0.06755760553
195.5	1.998131495	-0.127701428
195.6	1.976775911	-0.2950866575
195.7	1.939904604	-0.4387714099
195.8	1.889657968	-0.563359508
195.9	1.827720764	-0.6732906497
196	1.755354603	-0.7725609022
196.1	1.673447743	-0.8646391726
196.2	1.58256733	-0.952486814
196.3	1.483007022	-1.038621012
196.4	1.374828493	-1.125181455
196.5	1.257895668	-1.213980474
196.6	1.131907451	-1.306515794
196.7	0.9964292493	-1.403938219
196.8	0.850932844	-1.506943868
196.9	0.6948514911	-1.615587296
197	0.5276558886	-1.728975991
197.1	0.3489713125	-1.844843933
197.2	0.1587405396	-1.959024067
197.3	-0.04255933118	-2.064891862
197.4	-0.2536487164	-2.152992667
197.5	-0.4721630192	-2.211184314
197.6	-0.6944300454	-2.225731579
197.7	-0.9154173193	-2.183659093
197.8	-1.128972025	-2.076151845
197.9	-1.328414646	-1.901980026
198	-1.507408812	-1.669321321
198.1	-1.660875005	-1.394698537
198.2	-1.785652007	-1.099161983
198.3	-1.880704127	-0.8033743645
198.4	-1.946869901	-0.5236647252
198.5	-1.986319597	-0.2702304591
198.6	-2.00194055	-0.04738325698
198.7	-1.996813708	0.1450309247
198.8	-1.973852914	0.3099309169
198.9	-1.935603271	0.4515689832
199	-1.884160661	0.5745529456
199.1	-1.821167122	0.6832878821
199.2	-1.747845921	0.7817203988
199.3	-1.665051995	0.8732681296
199.4	-1.573324047	0.9608469559
199.5	-1.472931877	1.046934543
199.6	-1.363916259	1.133637216
199.7	-1.246124025	1.222735927
199.8	-1.119239421	1.315700735
199.9	-0.9828177025	1.413639396
200	-0.8363234847	1.517201246
200.1	-0.679189818	1.62635972
200.2	-0.5108970963	1.740112995
200.3	-0.3310927656	1.856035197
200.4	-0.13976066	1.969744471
200.5	0.06255590647	2.074355013
200.6	0.2744852624	2.160133026
200.7	0.4935445634	2.214716697
200.8	0.7159284274	2.224321434
200.9	0.9364801634	2.176214168
201	1.148964659	2.062175526
201.1	1.346694666	1.8818446
201.2	1.523417147	1.644302365
201.3	1.674215413	1.366709061
201.4	1.796132566	1.070291426
201.5	1.88833124	0.7754363
201.6	1.951805064	0.4979213377
201.7	1.988819809	0.2473383738
201.8	2.002302122	0.02749501917
201.9	1.995329839	-0.1621025713
202	1.970787641	-0.3245578892
202.1	1.931179214	-0.4641926682
202.2	1.878555932	-0.5856137828
202.3	1.814517437	-0.693189382
202.4	1.740249093	-0.7908159157
202.5	1.656573124	-0.881860572
202.6	1.564000237	-0.9691934428
202.7	1.46277635	-1.055254034
202.8	1.352922397	-1.142115452
202.9	1.234267582	-1.231529157
203	1.106483175	-1.324932018
203.1	0.9691121908	-1.423395253
203.2	0.8216149165	-1.5275104
203.3	0.6634240417	-1.637176769
203.4	0.4940301637	-1.751271599
203.5	0.3131060512	-1.867206997
203.6	0.1206781833	-1.980381908
203.7	-0.08264322472	-2.083643482
203.8	-0.2953897304	-2.166983842
203.9	-0.5149582432	-2.217829674
204	-0.7374105375	-2.222369886
204.1	-0.9574679593	-2.168147913
204.2	-1.168818991	-2.047572659
204.3	-1.36477724	-1.861167759
204.4	-1.539181733	-1.618905312
204.5	-1.687284402	-1.338544325
204.6	-1.806334142	-1.041439555
204.7	-1.895689024	-0.7476652951
204.8	-1.956492439	-0.4724340677
204.9	-1.99110006	-0.2247367435
205	-2.002472794	-0.00789123924
205.1	-1.99368213	0.178919961
205.2	-1.967581953	0.3389715581
205.3	-1.926633908	0.4766464411
205.4	-1.87284486	0.5965456819
205.5	-1.807772445	0.7029984135
205.6	-1.732564614	0.7998503541
205.7	-1.648011243	0.8904185121
205.8	-1.554595698	0.9775284933
205.9	-1.452540432	1.063581129
206	-1.341846166	1.150617701
206.1	-1.222326348	1.240359832
206.2	-1.093636865	1.334210757
206.3	-0.9553122357	1.43320327
206.4	-0.8068061637	1.537873457
206.5	-0.6475532028	1.648035148
206.6	-0.4770558455	1.76244906
206.7	-0.2950114495	1.878355814
206.8	-0.1014924655	1.990929342
206.9	0.1028191782	2.092749057
207	0.316358548	2.173531357
207.1	0.5363999043	2.220507437
207.2	0.7588711439	2.219864664
207.3	0.9783748674	2.159454975
207.4	1.188529396	2.032347552
207.5	1.382657662	1.839964286
207.6	1.55469926	1.593150994
207.7	1.700080524	1.310224614
207.8	1.816257122	1.012622379
207.9	1.902779451	0.7200721181
208	1.960935061	0.4472082152
208.1	1.993163415	0.2024260997
208.2	2.002455434	-0.01143042878
208.3	1.991873173	-0.1954866956
208.4	1.964238041	-0.3531762649
208.5	1.921969086	-0.4889345949
208.6	1.867028776	-0.6073524932
208.7	1.800933105	-0.712718196
208.8	1.724793109	-0.8088265784
208.9	1.639366945	-0.8989446685
209	1.545110711	-0.9858536781
209.1	1.442223874	-1.071917822
209.2	1.330688016	-1.159145554
209.3	1.210298943	-1.249228147
209.4	1.080701026	-1.343538284
209.5	0.9414168971	-1.443064724
209.6	0.7918973812	-1.548288002
209.7	0.631577494	-1.658935469
209.8	0.4599731354	-1.773641941
209.9	0.2768094315	-1.889475202
210	0.08220601465	-2.00137857
210.1	-0.1230823617	-2.101659632
210.2	-0.3373893774	-2.179765759
210.3	-0.5578653405	-2.222741371
210.4	-0.7803048735	-2.216798769
210.5	-0.9991947687	-2.150133618
210.6	-1.208089685	-2.016505567
210.7	-1.400330704	-1.818245513
210.8	-1.569966351	-1.567056097
210.9	-1.712602467	-1.28176938
211	-1.825902036	-0.9838569332
211.1	-1.909604209	-0.6926679453
211.2	-1.96513514	-0.422248936
211.3	-1.995012677	-0.1804073219
211.4	-2.002252859	0.03047212239
211.5	-1.989905436	0.2118066574
211.6	-1.960757968	0.3671761568
211.7	-1.917186424	0.5010611047
211.8	-1.861108969	0.6180378569
211.9	-1.794000373	0.7223520365
212	-1.71693526	0.8177472163
212.1	-1.630640411	0.9074410977
212.2	-1.5355454	0.9941714474
212.3	-1.431826881	1.080265497
212.4	-1.319447191	1.167699978
212.5	-1.198186228	1.258137332
212.6	-1.067674672	1.352914311
212.7	-0.9274267018	1.452981276
212.8	-0.7768872251	1.558753591
212.9	-0.6154964485	1.669873911
213	-0.4427824145	1.784847551
213.1	-0.2584996341	1.900559883
213.2	-0.06281898257	2.0117217
213.3	0.1434303447	2.110365101
213.4	0.358478727	2.18567035
213.5	0.5793500955	2.224515612
213.6	0.8017061037	2.213160609
213.7	1.019921412	2.140179549
213.8	1.227493819	2.000052876
213.9	1.417791325	1.796028543
214	1.584979619	1.54064194
214.1	1.72484874	1.253198495
214.2	1.835269132	0.9551584098
214.3	1.916165023	0.6654625493
214.4	1.969095312	0.397560823
214.5	1.996650549	0.1586805553
214.6	2.001867515	-0.0492364148
214.7	1.987781075	-0.227883475
214.8	1.957143492	-0.3809754114
214.9	1.912287239	-0.5130300585
215	1.855086368	-0.6286053866
215.1	1.786974843	-0.7319029786
215.2	1.708991391	-0.8266151126
215.3	1.621831886	-0.9159100758
215.4	1.525899569	-1.002483501
215.5	1.421349166	-1.088625921
215.6	1.308123405	-1.176283289
215.7	1.18598726	-1.267086512
215.8	1.05455741	-1.362340831
215.9	0.9133398513	-1.462950067
216	0.7617761919	-1.569270694
216.1	0.5993091174	-1.680850406
216.2	0.4254830861	-1.79606087
216.3	0.2400835767	-1.91160424
216.4	0.04333238642	-2.021949805
216.5	-0.1638618349	-2.11885478
216.6	-0.3796236387	-2.191238009
216.7	-0.6008497964	-2.225821086
216.8	-0.8230695283	-2.208943549
216.9	-1.040548947	-2.12959225
217	-1.246736155	-1.982995701
217.1	-1.435035036	-1.773324619
217.2	-1.599736271	-1.513925617
217.3	-1.736818572	-1.22453033
217.4	-1.844359452	-0.9265424273
217.5	-1.922464003	-0.6384656746
217.6	-1.972818278	-0.3731476045
217.7	-1.998079849	-0.137245609
217.8	-2.001302246	0.06772590044
217.9	-1.985502575	0.2437212466
218	-1.953396671	0.3945782894
218.1	-1.9072732	0.5248454371
218.2	-1.848962273	0.6390587145
218.3	-1.779857476	0.7413742165
218.4	-1.700962076	0.8354326127
218.5	-1.61294162	0.9243541483
218.6	-1.516173626	1.010791753
218.7	-1.410790449	1.097000823
218.8	-1.296716836	1.184895411
218.9	-1.17370113	1.276078017
219	-1.041348959	1.371817109
219.1	-0.8991568032	1.472974153
219.2	-0.7465628435	1.57983719
219.3	-0.5830159677	1.691861283
219.4	-0.4080757385	1.80727994
219.5	-0.2215603721	1.92260228
219.6	-0.02374768486	2.032055357
219.7	0.1843738854	2.127117612
219.8	0.4008205584	2.196450729
219.9	0.6223597912	2.226642575
220	0.8443893406	2.20413732
