0	0.5	-3.5
0.1	0.1405393676	-3.691546816
0.2	-0.2380056732	-3.873389147
0.3	-0.6318835405	-3.987128216
0.4	-1.030823941	-3.962933416
0.5	-1.417840468	-3.741341708
0.6	-1.771903193	-3.306372875
0.7	-2.073535853	-2.705727312
0.8	-2.31068391	-2.034184579
0.9	-2.481306383	-1.389397095
1	-2.59164108	-0.8354692472
1.1	-2.652214258	-0.3949815429
1.2	-2.674213312	-0.06136499478
1.3	-2.667396615	0.1850164426
1.4	-2.63938903	0.3659154769
1.5	-2.595764336	0.5001418633
1.6	-2.540427782	0.6022220666
1.7	-2.476035157	0.6827431586
1.8	-2.404345287	0.7492074131
1.9	-2.326484872	0.8068856211
2	-2.243135683	0.859504626
2.1	-2.154662249	0.9097527883
2.2	-2.061196854	0.9596354266
2.3	-1.96269484	1.010719231
2.4	-1.858969616	1.064298354
2.5	-1.749714143	1.121504749
2.6	-1.634512908	1.183379648
2.7	-1.512849556	1.250912902
2.8	-1.384110201	1.325049791
2.9	-1.247590073	1.406666805
3	-1.102502667	1.496499798
3.1	-0.9480005236	1.595002094
3.2	-0.7832140469	1.702124069
3.3	-0.607317371	1.816954468
3.4	-0.4196394202	1.937224225
3.5	-0.2198306314	2.058657863
3.6	-0.008099185424	2.174246332
3.7	0.2144831743	2.273656639
3.8	0.4456389795	2.343181028
3.9	0.6815888543	2.366791297
4	0.9169386163	2.328791705
4.1	1.144909221	2.217954631
4.2	1.358010052	2.031926815
4.3	1.549078113	1.779762151
4.4	1.712394977	1.480761449
4.5	1.844495858	1.159694366
4.6	1.944406572	0.8406100122
4.7	2.013309367	0.5420056721
4.8	2.053863657	0.2748430449
4.9	2.06946506	0.04312750595
5	2.063639727	-0.154165786
5.1	2.039649392	-0.3209731807
5.2	2.000289059	-0.4624650222
5.3	1.947822133	-0.5839701484
5.4	1.88399653	-0.6904091175
5.5	1.810098802	-0.7860713814
5.6	1.72701972	-0.8745892206
5.7	1.635317127	-0.9590048666
5.8	1.53527009	-1.04186802
5.9	1.426923112	-1.12533022
6	1.310122977	-1.211212291
6.1	1.184548482	-1.30103861
6.2	1.049743264	-1.39601303
6.3	0.9051468549	-1.49694063
6.4	0.750148118	-1.604051452
6.5	0.5841500645	-1.716727513
6.6	0.4066775925	-1.833090071
6.7	0.217528411	-1.949477696
6.8	0.01697944151	-2.059855257
6.9	-0.1939492472	-2.155333931
7	-0.4132002701	-2.224117855
7.1	-0.6374201404	-2.252314173
7.2	-0.8618427767	-2.22601265
7.3	-1.080444418	-2.134603866
7.4	-1.286462669	-1.974499104
7.5	-1.473241475	-1.751633132
7.6	-1.635196322	-1.481177446
7.7	-1.768590656	-1.18415416
7.8	-1.871873033	-0.8823745985
7.9	-1.94551699	-0.5939232663
8	-1.991507049	-0.3307370301
8.1	-2.012700106	-0.09845387561
8.2	-2.012253016	0.1022792636
8.3	-1.993212079	0.2740297126
8.4	-1.958273553	0.4210015988
8.5	-1.90968	0.5479205676
8.6	-1.849204334	0.6593770338
8.7	-1.778181365	0.7595119166
8.8	-1.697559021	0.8519177318
8.9	-1.607952915	0.9396552646
9	-1.509696563	1.025319612
9.1	-1.40288435	1.111112565
9.2	-1.287407	1.198901472
9.3	-1.162985269	1.290242653
9.4	-1.029198975	1.386358812
9.5	-0.8855268885	1.488050792
9.6	-0.7313950612	1.595529547
9.7	-0.5662487751	1.708130103
9.8	-0.3896607279	1.823916468
9.9	-0.201481107	1.939162422
10	-0.002045807265	2.047783786
10.1	0.2075622701	2.140899815
10.2	0.4252299585	2.206825262
10.3	0.6475664278	2.231930889
10.4	0.8698023802	2.202738992
10.5	1.085960665	2.10918009
10.6	1.289379263	1.948169889
10.7	1.473543328	1.725927157
10.8	1.63302103	1.45756055
10.9	1.764205166	1.163700508
11	1.865624002	0.865593935
11.1	1.93777403	0.5807820832
11.2	1.982615511	0.3208142426
11.3	2.002951851	0.09113265441
11.4	2.001875293	-0.1076543337
11.5	1.982368893	-0.2780553148
11.6	1.947074174	-0.424173538
11.7	1.898189476	-0.5506280536
11.8	1.837453649	-0.6619152051
11.9	1.766175893	-0.7621010117
12	1.68528501	-0.8547221337
12.1	1.595382371	-0.9427997333
12.2	1.496790585	-1.028899843
12.3	1.389595137	-1.115203842
12.4	1.273681022	-1.203560186
12.5	1.148763054	-1.295506018
12.6	1.014419794	-1.392235415
12.7	0.87013035	-1.4945127
12.8	0.7153265077	-1.602481452
12.9	0.5494681025	-1.715389222
13	0.3721511015	-1.831166932
13.1	0.1832661441	-1.945911388
13.2	-0.01679001745	-2.053326849
13.3	-0.2268541852	-2.144307611
13.4	-0.444710734	-2.206997229
13.5	-0.6668553681	-2.227742428
13.6	-0.8884151373	-2.193286667
13.7	-1.103346388	-2.094085882
13.8	-1.304986045	-1.927818605
13.9	-1.48689831	-1.701498924
14	-1.643800566	-1.43079803
14.1	-1.772271111	-1.136496571
14.2	-1.871017354	-0.8395783258
14.3	-1.940674089	-0.5570674052
14.4	-1.983284033	-0.2999463867
14.5	-2.001680721	-0.07318991352
14.6	-1.998947368	0.1229031157
14.7	-1.978034784	0.2910029502
14.8	-1.941541793	0.4352658308
14.9	-1.891622414	0.5602985733
15	-1.829974153	0.6705538665
15.1	-1.757869881	0.7700440569
15.2	-1.676207479	0.862253831
15.3	-1.585562143	0.9501584787
15.4	-1.48623448	1.036287005
15.5	-1.378291948	1.122788576
15.6	-1.261603086	1.211484218
15.7	-1.135871327	1.303881518
15.8	-1.000664387	1.401141115
15.9	-0.8554564796	1.503975085
16	-0.6996800193	1.612461573
16.1	-0.5328029156	1.725738865
16.2	-0.3544441998	1.841589804
16.3	-0.1645334548	1.955910736
16.4	0.0364718954	2.062154586
16.5	0.2473192243	2.150950011
16.6	0.4656796703	2.210220807
16.7	0.6879211108	2.22624778
16.8	0.9090483307	2.185985868
16.9	1.122933635	2.080443348
17	1.322900419	1.908130013
17.1	1.502587748	1.676950385
17.2	1.656867308	1.403231104
17.3	1.782516209	1.107964371
17.4	1.878438379	0.8118933422
17.5	1.945424935	0.5315131043
17.6	1.985616829	0.2772061025
17.7	2.001889209	0.05343864221
17.8	1.997323978	-0.1398388418
17.9	1.974843841	-0.3054880101
18	1.937006667	-0.4477395406
18.1	1.885922006	-0.5712016669
18.2	1.823244915	-0.6802908781
18.3	1.750210273	-0.7789691841
18.4	1.667683068	-0.8706700896
18.5	1.576210651	-0.9583234294
18.6	1.476069952	-1.044418454
18.7	1.367307836	-1.131072102
18.8	1.249776863	-1.220075003
18.9	1.12316494	-1.312904277
19	0.9870304616	-1.41068244
19.1	0.8408406861	-1.514073054
19.2	0.6840276465	-1.623074488
19.3	0.51606953	-1.736718524
19.4	0.3366064097	-1.852630093
19.5	0.1456086728	-1.966492602
19.6	-0.05640028111	-2.071501312
19.7	-0.268077497	-2.158007553
19.8	-0.4869768522	-2.21371381
19.9	-0.7093337839	-2.224849658
20	-0.9300292463	-2.178602837
20.1	-1.142852596	-2.066567065
20.2	-1.341117864	-1.888112937
20.3	-1.518545288	-1.652046021
20.4	-1.670167423	-1.375335544
20.5	-1.792964519	-1.079160613
20.6	-1.886038667	-0.7839973434
20.7	-1.950336568	-0.5057944151
20.8	-1.988095425	-0.2543294978
20.9	-2.002230525	-0.03356301905
21	-1.995821146	0.1568966066
21.1	-1.971761148	0.3200979168
21.2	-1.932567078	0.460342445
21.3	-1.880304003	0.5822381189
21.4	-1.816584558	0.6901647746
21.5	-1.742605681	0.7880343521
21.6	-1.659199619	0.8792297064
21.7	-1.566885641	0.9666346672
21.8	-1.465916819	1.052700585
21.9	-1.356320351	1.139510594
22	-1.237930626	1.228825973
22.1	-1.110423074	1.322091913
22.2	-0.9733440835	1.420393449
22.3	-0.8261554082	1.52433762
22.4	-0.6682899515	1.633849139
22.5	-0.4992346202	1.747841574
22.6	-0.3186544201	1.863777395
22.7	-0.1265627675	1.977124284
22.8	0.07645147524	2.08081097
22.9	0.2889498685	2.164914142
23	0.5083662478	2.216924728
23.1	0.7308034208	2.223036294
23.2	0.9510199608	2.170703627
23.3	1.162727158	2.052139058
23.4	1.359237412	1.867592525
23.5	1.534360517	1.626763253
23.6	1.683295813	1.347230763
23.7	1.80322873	1.050315581
23.8	1.893457585	0.756192055
23.9	1.955080276	0.4802483754
24	1.990425516	0.2316589404
24.1	2.00244415	0.01389163829
24.2	1.994209976	-0.1737737194
24.3	1.968586563	-0.3345604526
24.4	1.928048559	-0.4728336457
24.5	1.874616521	-0.5931966541
24.6	1.809860979	-0.6999908586
24.7	1.734941347	-0.7970776432
24.8	1.650657376	-0.8877893447
24.9	1.557500819	-0.974965407
25	1.455701374	-1.061018218
25.1	1.345265731	-1.147999082
25.2	1.226012574	-1.237638615
25.3	1.097601919	-1.331350468
25.4	0.959571308	-1.430179082
25.5	0.8113763328	-1.534678997
25.6	0.6524505643	-1.644689161
25.7	0.4822932602	-1.759007347
25.8	0.3005936375	-1.874927885
25.9	0.107409574	-1.987693791
26	-0.09659875597	-2.089967707
26.1	-0.3098967705	-2.171550597
26.2	-0.5297967341	-2.219731286
26.3	-0.7522676447	-2.220696587
26.4	-0.9719483511	-2.16219921
26.5	-1.182478083	-2.037101537
26.6	-1.377175946	-1.846547759
26.7	-1.549949662	-1.601116917
26.8	-1.696171348	-1.318958127
26.9	-1.813232939	-1.021488714
27	-1.900625979	-0.7285465873
27.1	-1.959594231	-0.4549452116
27.2	-1.992551954	-0.2092627243
27.3	-2.002481382	0.005512795602
27.4	-1.992447777	0.190413672
27.5	-1.965282694	0.348825891
27.6	-1.923418362	0.4851695644
27.7	-1.868830903	0.6040391359
27.8	-1.803049086	0.7097356162
27.9	-1.727195256	0.8060695759
28	-1.642037301	0.896323449
28.1	-1.548039656	0.9832918546
28.2	-1.445408762	1.069350455
28.3	-1.334132246	1.156517476
28.4	-1.214010999	1.246494193
28.5	-1.084693313	1.340661623
28.6	-0.9457052235	1.440024055
28.7	-0.7964979114	1.545075802
28.8	-0.6365073464	1.655575729
28.9	-0.4652437457	1.770195238
29	-0.2824243548	1.886055381
29.1	-0.08815462813	1.998172903
29.2	0.1168347922	2.09893749
29.3	0.3309085212	2.177879941
29.4	0.5512547444	2.222102086
29.5	0.7737094636	2.217803361
29.6	0.9927947589	2.153070706
29.7	1.202084153	2.021448467
29.8	1.394912236	1.824986514
29.9	1.565293175	1.575125147
30	1.708776868	1.290543306
30.1	1.822962445	0.9927064078
30.2	1.90753141	0.7010838892
30.3	1.963867832	0.429904338
30.4	1.994466144	0.1871549791
30.5	2.00233492	-0.02463971231
30.6	1.9905281	-0.2068085232
30.7	1.961843837	-0.3628877479
30.8	1.918671374	-0.4973448623
30.9	1.86294251	-0.614761018
31	1.796144674	-0.7193951853
31.1	1.719363656	-0.815006751
31.2	1.633335775	-0.904828327
31.3	1.538498752	-0.991611536
31.4	1.435036455	-1.077694271
31.5	1.322916501	-1.16506369
31.6	1.201924774	-1.255390325
31.7	1.071694574	-1.350022719
31.8	0.9317439881	-1.449922201
31.9	0.7815192132	-1.555526452
32	0.6204583016	-1.666502413
32.1	0.4480863028	-1.781396364
32.2	0.2641481787	-1.89715138
32.3	0.0687979617	-2.008549116
32.4	-0.1371571141	-2.107707743
32.5	-0.3519800341	-2.183888938
32.6	-0.5727339367	-2.224019146
32.7	-0.7951212676	-2.21434218
32.8	-1.013550768	-2.143311587
32.9	-1.221537016	-2.005182518
33	-1.412438783	-1.8029201
33.1	-1.5803848	-1.54880647
33.2	-1.721107984	-1.262005381
33.3	-1.832414904	-0.9639855574
33.4	-1.914173184	-0.6738163268
33.5	-1.967901543	-0.4051321621
33.6	-1.996168611	-0.165338308
33.7	-2.002005437	0.04348894337
33.8	-1.988451615	0.222959688
33.9	-1.958270438	0.3767482456
34	-1.913807824	0.5093617834
34.1	-1.856951377	0.6253643624
34.2	-1.789147571	0.7289712208
34.3	-1.711446112	0.823890414
34.4	-1.624552412	0.9133056504
34.5	-1.52887777	0.9999249561
34.6	-1.424583392	1.086050649
34.7	-1.311618549	1.173637498
34.8	-1.189751801	1.264326938
34.9	-1.058605521	1.359433381
35	-0.9176870045	1.459875788
35.1	-0.7664390475	1.56602708
35.2	-0.604304081	1.677467323
35.3	-0.4308204462	1.792608373
35.4	-0.2457643457	1.908208672
35.5	-0.04934227212	2.018813867
35.6	0.15756287	2.116264491
35.7	0.3731082731	2.189560116
35.8	0.5942295405	2.225469738
35.9	0.8164968889	2.210303935
36	1.034209413	2.132919193
36.1	1.240829716	1.988311113
36.2	1.429749703	1.780365709
36.3	1.595220786	1.522181848
36.4	1.733163044	1.233365542
36.5	1.84159034	0.9353425263
36.6	1.920552581	0.6467542315
36.7	1.971697247	0.3806340449
36.8	1.997661905	0.1438135263
36.9	2.0014953	-0.06206283463
37	1.986220343	-0.2388706344
37.1	1.954564179	-0.390411174
37.2	1.908828993	-0.5212240796
37.3	1.850858405	-0.6358524981
37.4	1.782058389	-0.7384667005
37.5	1.703443093	-0.8327232974
37.6	1.615687306	-0.9217570239
37.7	1.519176387	-1.008234294
37.8	1.414049775	-1.094420861
37.9	1.300237248	-1.182241113
38	1.177493044	-1.273305318
38.1	1.045425021	-1.368894511
38.2	0.903533475	-1.469881858
38.3	0.7512575009	-1.576579137
38.4	0.5880431878	-1.688468009
38.5	0.4134462782	-1.803825413
38.6	0.2272745296	-1.919221708
38.7	0.02978734917	-2.028957675
38.8	-0.1780506335	-2.124598678
38.9	-0.3942894861	-2.194885094
39	-0.6157368548	-2.226442248
39.1	-0.8378307659	-2.205680424
39.2	-1.054764718	-2.121892387
39.3	-1.259956683	-1.970840264
39.4	-1.446840565	-1.757335324
39.5	-1.609798121	-1.495268753
39.6	-1.744940956	-1.204641426
39.7	-1.850489501	-0.9067921119
39.8	-1.926671534	-0.6199068237
39.9	-1.975257637	-0.356413244
40	-1.998948539	-0.1225802998
40.1	-2.000807004	0.08036381034
40.2	-1.983836465	0.2545452082
40.3	-1.950726825	0.4038806047
40.4	-1.903736277	0.5329355302
40.5	-1.844664652	0.646228865
40.6	-1.774877846	0.7478845212
40.7	-1.695354898	0.8415075946
40.8	-1.60674064	0.9301850551
40.9	-1.509394874	1.016540985
41	-1.403434973	1.102806664
41.1	-1.288773074	1.190874594
41.2	-1.165146483	1.282325899
41.3	-1.032153174	1.378406277
41.4	-0.8892828648	1.479942836
41.5	-0.7359736779	1.58717972
41.6	-0.57167636	1.699502647
41.7	-0.3959636621	1.815045348
41.8	-0.2086782019	1.930183987
41.9	-0.01013566089	2.038972411
42	0.1986174724	2.132697101
42.1	0.4155204823	2.199847326
42.2	0.6372511647	2.226923899
42.3	0.8591170123	2.200463313
42.4	1.075210299	2.1102304
42.5	1.278911864	1.952779907
42.6	1.463706593	1.73384817
42.7	1.624114179	1.468089097
42.8	1.756441082	1.175853141
42.9	1.85911336	0.8783488118
43	1.932532257	0.5932827604
43.1	1.978585422	0.3324734759
43.2	2.000031583	0.1016380226
43.3	1.999943291	-0.09839503661
43.4	1.981302375	-0.2699873594
43.5	1.946760353	-0.4171608221
43.6	1.898531207	-0.54450023
43.7	1.838371246	-0.6564970195
43.8	1.767606761	-0.7572278222
43.9	1.6871822	-0.850246187
44	1.597712727	-0.9385915348
44.1	1.499533105	-1.024847258
44.2	1.392739353	-1.11120944
44.3	1.277225087	-1.199540181
44.4	1.152713429	-1.291390699
44.5	1.018788976	-1.387969213
44.6	0.8749354575	-1.490057777
44.7	0.7205869176	-1.597829244
44.8	0.5552025039	-1.710567714
44.9	0.3783730123	-1.826263093
45	0.1899761556	-1.941089129
45.1	-0.009612724042	-2.048849003
45.2	-0.2192613929	-2.140550455
45.3	-0.4367974884	-2.204435374
45.4	-0.658767707	-2.226902406
45.5	-0.8803499995	-2.19464489
45.6	-1.09554024	-2.097933155
45.7	-1.297689875	-1.934137793
45.8	-1.480343615	-1.709919009
45.9	-1.638166317	-1.440661062
46	-1.767662698	-1.147017943
46.1	-1.867462911	-0.85002614
46.2	-1.938136806	-0.5668897874
46.3	-1.9816832	-0.3088171926
46.4	-2.000913529	-0.08098563935
46.5	-1.998906527	0.1161594341
46.6	-1.978620067	0.2852011852
46.7	-1.942666335	0.4302559909
46.8	-1.893214974	0.5559220219
46.9	-1.831979026	0.666660401
47	-1.76024561	0.7664994059
47.1	-1.678925128	0.8589415753
47.2	-1.588603658	0.9469788851
47.3	-1.489590938	1.033154617
47.4	-1.381962281	1.119630779
47.5	-1.265593277	1.208239547
47.6	-1.140192273	1.300499113
47.7	-1.005332215	1.397584658
47.8	-0.8604893289	1.500225785
47.9	-0.7050973963	1.608525468
48	-0.5386217036	1.721663031
48.1	-0.3606733794	1.837474421
48.2	-0.1711691763	1.951930423
48.3	0.02945529636	2.058577276
48.4	0.2399800378	2.148143454
48.5	0.4581171601	2.208637287
48.6	0.6802815754	2.226368473
48.7	0.9015237633	2.188219836
48.8	1.115748127	2.085002556
48.9	1.316284754	1.914925015
49	1.496747201	1.68556507
49.1	1.651952342	1.41300572
49.2	1.778605584	1.118155391
49.3	1.875539394	0.8218379534
49.4	1.943487392	0.5407359249
49.5	1.984553776	0.2854470653
49.6	2.001597389	0.06062213686
49.7	1.997699425	-0.1336604168
49.8	1.975791876	-0.3001907028
49.9	1.938446711	-0.4431702536
50	1.887789093	-0.5672047907
50.1	1.825489131	-0.6767224406
50.2	1.75279528	-0.7757024725
50.3	1.67058431	-0.8675960206
50.4	1.579413547	-0.9553490983
50.5	1.479568609	-1.041465187
50.6	1.37110378	-1.128072435
50.7	1.253877167	-1.216971935
50.8	1.127582683	-1.309653749
50.9	0.9917821278	-1.40725096
51	0.8459451329	-1.510448073
51.1	0.6895040575	-1.619268306
51.2	0.5219336158	-1.73278403
51.3	0.34286605	-1.848675291
51.4	0.1522576025	-1.962701206
51.5	-0.04939141667	-2.068149268
51.6	-0.2607706259	-2.155468184
51.7	-0.4794753835	-2.2124394
51.8	-0.7017878073	-2.225309275
51.9	-0.9226326409	-2.181181248
52	-1.135828285	-2.071440239
52.1	-1.334691616	-1.895151848
52.2	-1.512913755	-1.660804174
52.3	-1.665470252	-1.385142139
52.4	-1.78926965	-1.08928202
52.5	-1.883344405	-0.7937965031
52.6	-1.948586702	-0.514827379
52.7	-1.987200088	-0.2623646762
52.8	-2.002085957	-0.04054581362
52.9	-1.996324591	0.1509012794
53	-1.972820014	0.3149602141
53.1	-1.934103241	0.4559079067
53.2	-1.882254931	0.5783524615
53.3	-1.818902569	0.6866865649
53.4	-1.745256384	0.784839687
53.5	-1.662160112	0.8762123515
53.6	-1.570142811	0.9637043415
53.7	-1.469465935	1.049780524
53.8	-1.360163723	1.136535591
53.9	-1.242076557	1.225741145
54	-1.11488485	1.318854064
54.1	-0.9781385951	1.416972252
54.2	-0.8313018305	1.520722287
54.3	-0.6738070107	1.63005652
54.4	-0.5051375828	1.743928896
54.5	-0.3249502447	1.859859948
54.6	-0.1332429095	1.973393978
54.7	0.06941924526	2.077553011
54.8	0.2816309365	2.162510501
54.9	0.5008684003	2.215830349
55	0.7232811583	2.223715562
55.1	0.9436703669	2.173524468
55.2	1.155774079	2.057249101
55.3	1.352904425	1.874829467
55.4	1.528838938	1.635653276
55.5	1.678717876	1.357090376
55.6	1.799654629	1.060416209
55.7	1.890879037	0.7659144593
55.8	1.953436595	0.4891711592
55.9	1.98962459	0.2395720264
56	2.002381814	0.0207552392
56.1	1.994784294	-0.1678855177
56.2	1.969706374	-0.3295136615
56.3	1.929637437	-0.4684729151
56.4	1.876613604	-0.5893687033
56.5	1.812220108	-0.6965560405
56.6	1.737629452	-0.793913987
56.7	1.653652697	-0.8847925745
56.8	1.560791255	-0.9720467888
56.9	1.459282937	-1.058102349
57	1.349141475	-1.145021925
57.1	1.230191351	-1.234546804
57.2	1.102097421	-1.328101489
57.3	0.9644008512	-1.426745026
57.4	0.8165589111	-1.531050901
57.5	0.6580050619	-1.640887191
57.6	0.4882342503	-1.755094241
57.7	0.3069266407	-1.871025017
57.8	0.1141244362	-1.984001585
57.9	-0.08953699829	-2.086780721
58	-0.3025575076	-2.169258711
58.1	-0.5222921251	-2.21879463
58.2	-0.7447565469	-2.221574824
58.3	-0.9646312466	-2.165243713
58.4	-1.175579994	-2.042432684
58.5	-1.370918573	-1.853971445
58.6	-1.544519456	-1.610132577
58.7	-1.691693703	-1.328870452
58.8	-1.809760872	-1.031574055
58.9	-1.898145235	-0.7382028741
59	-1.958040106	-0.4637726347
59.1	-1.991830369	-0.2170696862
59.2	-2.00248786	-0.001248143088
59.3	-1.993081165	0.184616698
59.4	-1.966453191	0.3438553963
59.5	-1.925051071	0.4808696165
59.6	-1.870866475	0.6002574219
59.7	-1.80544274	0.7063341516
59.8	-1.729915128	0.8029282303
59.9	-1.645062659	0.8933395035
60	-1.551359218	0.9803780645
60.1	-1.449019346	1.06643265
60.2	-1.338037482	1.153532767
60.3	-1.218220268	1.243389802
60.4	-1.089220769	1.33739704
60.5	-0.9505683176	1.436572171
60.6	-0.8017160009	1.541430567
60.7	-0.642098744	1.651760832
60.8	-0.4712224878	1.766277675
60.9	-0.2887950565	1.882163853
61	-0.09490481998	1.994516243
61.1	0.1097430572	2.095819903
61.2	0.3235482105	2.175700335
61.3	0.5437424732	2.221323164
61.4	0.7662085715	2.218879708
61.5	0.985509012	2.156336575
61.6	1.195239567	2.026996046
61.7	1.388728455	1.832589772
61.8	1.559951642	1.584259047
61.9	1.704396191	1.300502375
62	1.819588656	1.0027731
62.1	1.905144484	0.7106733253
62.2	1.962399282	0.4386375819
62.3	1.993820144	0.1948590246
62.4	2.00240684	-0.01797747036
62.5	1.991217599	-0.2010986449
62.6	1.963062461	-0.3579895331
62.7	1.92034575	-0.4931019932
62.8	1.865014762	-0.6110222674
62.9	1.79857135	-0.7160242325
63	1.722114038	-0.8118851607
63.1	1.636390114	-0.9018550816
63.2	1.541846663	-0.9887007173
63.3	1.438675404	-1.074772832
63.4	1.326850759	-1.162069676
63.5	1.206164238	-1.252272506
63.6	1.076253717	-1.346740989
63.7	0.9366406632	-1.446451877
63.8	0.7867725378	-1.551863476
63.9	0.6260866551	-1.662673842
64	0.4541030236	-1.777474955
64.1	0.2705563025	-1.893272312
64.2	0.07558317873	-2.004930057
64.3	-0.1300355683	-2.10466231
64.4	-0.3445992483	-2.181823559
64.5	-0.5652150177	-2.223400273
64.6	-0.7876318556	-2.215618308
64.7	-1.006297787	-2.146798588
64.8	-1.21474724	-2.01094405
64.9	-1.406329492	-1.810698775
65	-1.575132247	-1.558052726
65.1	-1.716823899	-1.272004925
65.2	-1.829138428	-0.9740284732
65.3	-1.911878743	-0.6833358995
65.4	-1.966517098	-0.4137703825
65.5	-1.995596695	-0.1729400011
65.6	-2.002141362	0.03692394716
65.7	-1.989195966	0.2173349558
65.8	-1.959536129	0.3719203359
65.9	-1.915522994	0.5051741535
66	-1.859059605	0.6216669148
66.1	-1.791606722	0.7256293133
66.2	-1.714226609	0.8207874154
66.3	-1.627635495	0.9103420237
66.4	-1.532253811	0.997016139
66.5	-1.428250618	1.083124795
66.6	-1.315581813	1.170633811
66.7	-1.194021434	1.261194532
66.8	-1.063196506	1.356134483
66.9	-0.9226169739	1.456385844
67	-0.7717281752	1.56234682
67.1	-0.6099693475	1.673626162
67.2	-0.4368750284	1.788683554
67.3	-0.2522102741	1.904343924
67.4	-0.05616226373	2.015234773
67.5	0.1504124652	2.113294978
67.6	0.365708073	2.187615328
67.7	0.5867054334	2.225016571
67.8	0.8090208385	2.211783807
67.9	1.026991261	2.136628516
68	1.234096707	1.994283821
68.1	1.423716487	1.788312932
68.2	1.590058142	1.531532677
68.3	1.728975821	1.24339868
68.4	1.838410862	0.945356681
68.5	1.918349821	0.6562008943
68.6	1.970395828	0.3891759319
68.7	1.997162981	0.1513131262
68.8	2.001694276	-0.05559392459
68.9	1.98701871	-0.2333295997
69	1.955876263	-0.3856519406
69.1	1.91058445	-0.5170901202
69.2	1.853002259	-0.63219499
69.3	1.784549788	-0.7351526911
69.4	1.706253554	-0.8296377461
69.5	1.61879902	-0.9188022287
69.6	1.522580675	-1.005326757
69.7	1.417745298	-1.091489967
69.8	1.304229774	-1.179226536
69.9	1.181792924	-1.270158669
70	1.050048093	-1.365577451
70.1	0.9084977768	-1.466374463
70.2	0.7565818595	-1.572880682
70.3	0.5937460298	-1.68461388
70.4	0.4195390296	-1.799899728
70.5	0.2337571404	-1.915373136
70.6	0.03664190536	-2.025422204
70.7	-0.1708714995	-2.121708585
70.8	-0.3868710025	-2.193061187
70.9	-0.6082091138	-2.226156524
71	-0.8303698891	-2.207365193
71.1	-1.047583379	-2.125823393
71.2	-1.253282312	-1.977022177
71.3	-1.440884843	-1.765448636
71.4	-1.604726253	-1.504719027
71.5	-1.74085073	-1.214701919
71.6	-1.847406538	-0.9167719966
71.7	-1.924559704	-0.6292772673
71.8	-1.974038287	-0.3648577299
71.9	-1.998521626	-0.1299778646
72	-2.001067982	0.07399007799
72.1	-1.984687954	0.2490863757
72.2	-1.952084544	0.3991886256
72.3	-1.905531386	0.5288539293
72.4	-1.846843612	0.6426100568
72.5	-1.777401084	0.7445972922
72.6	-1.698195108	0.8384388724
72.7	-1.609880902	0.9272380684
72.8	-1.512827087	1.013634143
72.9	-1.407159008	1.099870052
73	-1.292794489	1.187849988
73.1	-1.169477471	1.279164143
73.2	-1.036808216	1.375071799
73.3	-0.894281113	1.476415756
73.4	-0.7413340022	1.583464354
73.5	-0.5774161675	1.695637273
73.6	-0.4020941302	1.811118764
73.7	-0.2151981778	1.926353722
73.8	-0.01702395725	2.035482841
73.9	0.1914110625	2.129890268
74	0.4080850824	2.198152584
74.1	0.6297215316	2.226811873
74.2	0.8516734482	2.202357022
74.3	1.068068003	2.114383801
74.4	1.272298163	1.959166816
74.5	1.457829964	1.742118713
74.6	1.619133984	1.477630019
74.7	1.752448105	1.185934072
74.8	1.856126559	0.8882897586
74.9	1.930510439	0.6025741795
75	1.977447066	0.3408193029
75.1	1.999675514	0.1089339579
75.2	2.000265312	-0.09211533343
75.3	1.982206116	-0.2646094005
75.4	1.948162999	-0.41253453
75.5	1.90036543	-0.5404694937
75.6	1.84058492	-0.6529156635
75.7	1.770161572	-0.7539663431
75.8	1.690051881	-0.8471930795
75.9	1.600881321	-0.9356518919
76	1.502993415	-1.021940363
76.1	1.396491586	-1.108266766
76.2	1.281275887	-1.196503822
76.3	1.157074452	-1.288213518
76.4	1.02347636	-1.384616611
76.5	0.8799676768	-1.486512032
76.6	0.7259832029	-1.59409689
76.7	0.5609798103	-1.70669175
76.8	0.3845413852	-1.822337929
76.9	0.1965329077	-1.937279698
77	-0.002690865636	-2.045409069
77.1	-0.2120282586	-2.137831087
77.2	-0.4293464121	-2.202872632
77.3	-0.6512379119	-2.226967439
77.4	-0.872925817	-2.196749586
77.5	-1.088439211	-2.102308673
77.6	-1.291138934	-1.940727299
77.7	-1.474547718	-1.718342655
77.8	-1.63327882	-1.450286705
77.9	-1.763767281	-1.157113002
78	-1.864572031	-0.8599231414
78.1	-1.936204456	-0.5760993264
78.2	-1.980625089	-0.3170634143
78.3	-2.000627541	-0.088180121
78.4	-1.999288827	0.1099727979
78.5	-1.979575439	0.2799027277
78.6	-1.944113414	0.4256940486
78.7	-1.895087938	0.5519409066
78.8	-1.834227159	0.663115361
78.9	-1.76283184	0.7632626945
79	-1.681824271	0.8559033765
79.1	-1.591800643	0.9440457115
79.2	-1.493079338	1.030247138
79.3	-1.385743035	1.116681434
79.4	-1.269673413	1.205191504
79.5	-1.144584173	1.297306313
79.6	-1.010052048	1.394213878
79.7	-0.8655559073	1.49666112
79.8	-0.7105298659	1.604776917
79.9	-0.5444364083	1.717777241
80	-0.366879665	1.833551841
80.1	-0.1777627544	1.948144108
80.2	0.02250051369	2.055190061
80.3	0.2327211542	2.14551595
80.4	0.4506516591	2.2072118
80.5	0.6727532933	2.226614703
80.6	0.8941209639	2.190537931
80.7	1.108690466	2.089599715
80.8	1.309798458	1.921712945
80.9	1.491033422	1.694134964
81	1.647158238	1.422708586
81.1	1.77480777	1.128258193
81.2	1.872743928	0.8316865525
81.3	1.941643611	0.5498610759
81.4	1.983574846	0.2935929356
81.5	2.001380424	0.06771573215
81.6	1.998141064	-0.1275656199
81.7	1.976798066	-0.2949702686
81.8	1.939937567	-0.438671127
81.9	1.889700294	-0.5632718794
82	1.827771351	-0.6732124828
82.1	1.755412676	-0.7724894598
82.2	1.673512731	-0.8645717894
82.3	1.582638843	-0.9524217133
82.4	1.48308513	-1.038556409
82.5	1.374913018	-1.125115881
82.6	1.257986892	-1.213911686
82.7	1.132005379	-1.306444929
82.8	0.9965347046	-1.403861981
82.9	0.8510461378	-1.506864787
83	0.6949728546	-1.615503549
83.1	0.5277859725	-1.728889432
83.2	0.3491101327	-1.844757092
83.3	0.1588876218	-1.958940419
83.4	-0.04240412488	-2.064818087
83.5	-0.2534867677	-2.152936165
83.6	-0.4719967996	-2.211154994
83.7	-0.6942627751	-2.225740255
83.8	-0.9152532461	-2.183714531
83.9	-1.128816082	-2.076258159
84	-1.328271822	-1.902134664
84.1	-1.507283431	-1.669514704
84.2	-1.660770243	-1.394915626
84.3	-1.785569457	-1.099386513
84.4	-1.880643831	-0.8035922669
84.5	-1.946830661	-0.5238658694
84.6	-1.98629938	-0.2704096348
84.7	-2.001937058	-0.04753903745
84.8	-1.996824681	0.14489712
84.9	-1.973876279	0.3098163285
85	-1.935637276	0.4514701443
85.1	-1.884203909	0.5744664167
85.2	-1.821218539	0.6832105024
85.3	-1.747904721	0.7816493719
85.4	-1.6651177	0.8732012407
85.5	-1.573396362	0.9607819451
85.6	-1.473010575	1.046869878
85.7	-1.364001597	1.133571339
85.8	-1.246215879	1.22266824
85.9	-1.119338747	1.315629052
86	-0.9829239264	1.413564512
86.1	-0.8364377023	1.517120514
86.2	-0.6793121758	1.626276311
86.3	-0.5110275862	1.740026071
86.4	-0.3312323152	1.855947714
86.5	-0.1399091044	1.969661214
86.6	0.06240017356	2.0742816
86.7	0.2743231018	2.160079168
86.8	0.4933780864	2.214691795
86.9	0.7157612259	2.224335093
87	0.9363165492	2.176274831
87.1	1.148809557	2.062286668
87.2	1.346553101	1.8820027
87.3	1.523293481	1.644497694
87.4	1.674112618	1.366927186
87.5	1.796052065	1.070516098
87.6	1.888272857	0.7756531529
87.7	1.951767481	0.4981206329
87.8	1.988801121	0.2475154362
87.9	2.002299991	0.02764873053
88	1.995341967	-0.1619707544
88.1	1.970811974	-0.3244448998
88.2	1.931214056	-0.4640950666
88.3	1.878599907	-0.5855281977
88.4	1.814569505	-0.6931127183
88.5	1.740308501	-0.7907453457
88.6	1.656639313	-0.8817937837
88.7	1.564073042	-0.9691286888
88.8	1.46285569	-1.055189187
88.9	1.353008044	-1.142049352
89	1.234360414	-1.231461042
89.1	1.106582554	-1.324859812
89.2	0.9692192246	-1.42331886
89.3	0.821729581	-1.527430584
89.4	0.6635468837	-1.637091847
89.5	0.4941620235	-1.751184713
89.6	0.3132463491	-1.86712052
89.7	0.1208265558	-1.980299575
89.8	-0.08248651116	-2.083572361
89.9	-0.295226667	-2.166931112
90	-0.5147915383	-2.217806038
90.1	-0.7372434986	-2.222386431
90.2	-0.9573050194	-2.168212603
90.3	-1.168665152	-2.047688571
90.4	-1.364637407	-1.861331206
90.5	-1.53906005	-1.619104897
90.6	-1.687183758	-1.338764119
90.7	-1.806255822	-1.041663658
90.8	-1.895632838	-0.7478805189
90.9	-1.956457008	-0.4726313005
91	-1.991083162	-0.2249113455
91.1	-2.002472163	-0.008042610331
91.2	-1.993695552	0.1787900629
91.3	-1.967607407	0.3388602561
91.4	-1.926669702	0.47655023
91.5	-1.872889667	0.5964611383
91.6	-1.807825248	0.702922424
91.7	-1.732624692	0.7997803211
91.8	-1.648078196	0.8903521473
91.9	-1.554669163	0.9774635521
92	-1.452620272	1.063516396
92.1	-1.341932797	1.150551504
92.2	-1.222419216	1.240290549
92.3	-1.093737302	1.334138587
92.4	-0.95541986	1.433127137
92.5	-0.8069218078	1.537792021
92.6	-0.6476772612	1.647951078
92.7	-0.4771880337	1.76236217
92.8	-0.2951525449	1.878268881
92.9	-0.1016425399	1.990847584
93	0.1026619748	2.092678401
93.1	0.316195426	2.17348192
93.2	0.5362330789	2.220489271
93.3	0.7587043339	2.219886981
93.4	0.9782125616	2.159525397
93.5	1.188376588	2.032468437
93.6	1.382519315	1.840130795
93.7	1.554579531	1.593352207
93.8	1.699982092	1.310445552
93.9	1.816181038	1.012846569
94	1.902725299	0.7202861164
94.1	1.960901341	0.4474034614
94.2	1.993148202	0.2025986026
94.3	2.002456316	-0.01128123335
94.4	1.991887867	-0.1953588515
94.5	1.96426459	-0.353066567
94.6	1.922005841	-0.488839638
94.7	1.867074428	-0.6072689144
94.8	1.800986679	-0.7126429776
94.9	1.724853917	-0.8087569808
95	1.639434454	-0.898878385
95.1	1.545184773	-0.9857891074
95.2	1.442304515	-1.071852879
95.3	1.330774937	-1.159079086
95.4	1.210393192	-1.249159592
95.5	1.08080181	-1.343465367
95.6	0.9415256125	-1.442988208
95.7	0.7920135102	-1.548206806
95.8	0.6317020859	-1.658850089
95.9	0.460106465	-1.773554948
96	0.276951274	-1.889388838
96.1	0.08235616292	-2.001297693
96.2	-0.1229243884	-2.101591298
96.3	-0.3372255473	-2.179717678
96.4	-0.5576983204	-2.222724972
96.5	-0.780138286	-2.216824254
96.6	-0.9990331833	-2.150208175
96.7	-1.207938144	-2.016631073
96.8	-1.400194042	-1.818416813
96.9	-1.569848541	-1.567260549
97	-1.712506074	-1.281991091
97.1	-1.82582802	-0.9840802532
97.2	-1.909552105	-0.6928802196
97.3	-1.965103408	-0.4224419619
97.4	-1.994999051	-0.1805774171
97.5	-2.002255063	0.03032512047
97.6	-1.989921274	0.2116806529
97.7	-1.960785479	0.3670680574
97.8	-1.917223992	0.5009674185
97.9	-1.861155328	0.6179552122
98	-1.794054573	0.7222774143
98.1	-1.716996622	0.817678072
98.2	-1.630708558	0.9073751474
98.3	-1.535620024	0.994106732
98.4	-1.431907971	1.080200577
98.5	-1.31953492	1.167633606
98.6	-1.198280532	1.258067257
98.7	-1.067776324	1.3528416
98.8	-0.9275354996	1.452903059
98.9	-0.7770046163	1.558672424
99	-0.6156217264	1.669789176
99.1	-0.4429163904	1.784759994
99.2	-0.2586427717	1.900473923
99.3	-0.06297004592	2.011641547
99.4	0.1432719921	2.110298375
99.5	0.3583145767	2.185627201
99.6	0.579182997	2.224504488
99.7	0.8015399035	2.213191724
99.8	1.019760695	2.140259777
99.9	1.227343617	2.000182966
100	1.417656465	1.79620218
100.1	1.584863928	1.540847916
100.2	1.72475466	1.25342083
100.3	1.835197461	0.9553813732
100.4	1.916115067	0.6656733624
100.5	1.969065477	0.3977516535
100.6	1.996638628	0.1588483588
100.7	2.001871268	-0.04909154612
100.8	1.987798245	-0.2277594431
100.9	1.95717216	-0.3808688822
101	1.912325836	-0.5129375749
101.1	1.855133653	-0.6285236698
101.2	1.787029888	-0.7318290436
101.3	1.709053518	-0.826546261
101.4	1.621900709	-0.9158444198
101.5	1.525975004	-1.002418862
101.6	1.421430905	-1.088560906
101.7	1.308211954	-1.176216037
101.8	1.186082239	-1.267016995
101.9	1.054659858	-1.362267009
102	0.9134499852	-1.462873022
102.1	0.7618938921	-1.569188407
102.2	0.5994356339	-1.680764516
102.3	0.4256182316	-1.795974104
102.4	0.2402268999	-1.91151856
102.5	0.04348439763	-2.021871057
102.6	-0.1637024199	-2.118789734
102.7	-0.379458934	-2.191194813
102.8	-0.600682537	-2.225811986
102.9	-0.8229035184	-2.208978088
103	-1.040388927	-2.129676788
103.1	-1.24658718	-1.983130984
103.2	-1.434901802	-1.773504079
103.3	-1.599622531	-1.51413511
103.4	-1.736726554	-1.224753719
103.5	-1.844289825	-0.9267644616
103.6	-1.922416084	-0.6386747118
103.7	-1.972790292	-0.3733364092
103.8	-1.998069591	-0.1374111033
103.9	-2.00130734	0.06758320646
104	-1.985520906	0.2435989781
104.1	-1.953426331	0.3944732941
104.2	-1.90731264	0.5247541808
104.3	-1.849010289	0.6389778708
104.4	-1.779913171	0.7413008481
104.5	-1.701024872	0.8353643463
104.6	-1.613011121	0.9242884958
104.7	-1.516249503	1.010727165
104.8	-1.41087297	1.096935578
104.9	-1.296805755	1.184828797
105	-1.173797297	1.276007671
105.1	-1.041451998	1.371743537
105.2	-0.8992672813	1.472895352
105.3	-0.7466817906	1.579755039
105.4	-0.5831429373	1.691775965
105.5	-0.4082113281	1.807192279
105.6	-0.221705163	1.922516888
105.7	-0.02390039209	2.031976873
105.8	0.1842142206	2.127053917
105.9	0.4006555475	2.196412682
106	0.6221924536	2.226638917
106.1	0.8442236918	2.204177546
106.2	1.060911896	2.118459499
106.3	1.265663098	1.965482215
106.4	1.451925576	1.750334507
106.5	1.614121695	1.487139746
106.6	1.748421159	1.196008491
106.7	1.85310623	0.8982448472
106.8	1.928457252	0.6118935163
106.9	1.976280519	0.3491996791
107	1.999294793	0.1162653547
107.1	2.000566112	-0.08580290852
107.2	1.983091687	-0.2592033785
107.3	1.949550017	-0.4078854658
107.4	1.902186041	-0.5364211517
107.5	1.842786504	-0.6493213824
107.6	1.772705376	-0.7506960109
107.7	1.692911258	-0.8441346039
107.8	1.604040003	-0.9327098391
107.9	1.506443919	-1.019033572
108	1.400233899	-1.105326335
108.1	1.285316444	-1.193471518
108.2	1.161424768	-1.285041742
108.3	1.028152432	-1.381270403
108.4	0.8849879149	-1.48297287
108.5	0.7313669059	-1.590370398
108.6	0.5667440187	-1.702819516
108.7	0.3906964793	-1.818412168
108.8	0.2030767934	-1.933462756
108.9	0.004219339556	-2.041951459
109	-0.2048043802	-2.135080543
109.1	-0.4219007179	-2.201263308
109.2	-0.6437080074	-2.226970096
109.3	-0.8654946461	-2.198780235
109.4	-1.08132354	-2.106606549
109.5	-1.284565852	-1.947246307
109.6	-1.468723445	-1.726713387
109.7	-1.628358845	-1.459883584
109.8	-1.75983776	-1.167203903
109.9	-1.861647675	-0.8698360373
110	-1.934240921	-0.5853378094
110.1	-1.979539045	-0.3253445762
110.2	-2.000317186	-0.09541001696
110.3	-1.999650168	0.1037537683
110.4	-1.980512862	0.2745766382
110.5	-1.945545044	0.4211097863
110.6	-1.896947424	0.5479426107
110.7	-1.836463293	0.6595577724
110.8	-1.765407124	0.7600174594
110.9	-1.684713142	0.8528600784
111	-1.594987714	0.9411103632
111.1	-1.49655792	1.027339965
111.2	-1.389513827	1.113734502
111.3	-1.273743258	1.202147606
111.4	-1.148965297	1.294119068
111.5	-1.014760485	1.390849494
111.6	-0.8706104658	1.493103016
111.7	-0.7159496697	1.601034113
111.8	-0.5502379766	1.713894776
111.9	-0.3730727117	1.829628132
112	-0.184343517	1.944349444
112.1	0.0155572548	2.051784031
112.2	0.2254712022	2.142855947
112.3	0.4431910514	2.205737968
112.4	0.6652242861	2.226797148
112.5	0.8867104575	2.192781167
112.6	1.101617402	2.094119414
112.7	1.30328934	1.928431753
112.8	1.485290759	1.702654208
112.9	1.642331372	1.432385106
113	1.770975803	1.138358975
113.1	1.869915135	0.8415526148
113.2	1.939768932	0.5590160176
113.3	1.982568318	0.3017739854
113.4	2.001139415	0.07484458159
113.5	1.998562045	-0.1214388177
113.6	1.977786561	-0.2897227031
113.7	1.941413176	-0.4341501821
113.8	1.891598173	-0.5593222502
113.9	1.830041686	-0.6696903847
114	1.758019195	-0.7692682617
114.1	1.676430921	-0.8615427697
114.2	1.585854247	-0.9494924068
114.3	1.486591818	-1.035648142
114.4	1.378712266	-1.122161915
114.5	1.262086286	-1.210855784
114.6	1.136417231	-1.303241653
114.7	1.001275832	-1.400479607
114.8	0.8561350584	-1.50328794
114.9	0.7004289495	-1.611744427
115	0.5336251634	-1.724997774
115.1	0.3553409822	-1.840837154
115.2	0.1655049524	-1.955170424
115.3	-0.03542814003	-2.061466797
115.4	-0.2462115477	-2.150370398
115.5	-0.4645226372	-2.209820744
115.6	-0.6867363934	-2.226106209
115.7	-0.9078654099	-2.186172326
115.8	-1.121787704	-2.080998951
115.9	-1.321828512	-1.909049765
116	-1.501623734	-1.678176728
116.1	-1.656037224	-1.404665197
116.2	-1.7818351	-1.109491155
116.3	-1.877910105	-0.8134070312
116.4	-1.945044002	-0.5329349706
116.5	-1.985371404	-0.2784899888
116.6	-2.001764452	-0.05456733137
116.7	-1.997304416	0.1388613824
116.8	-1.974915107	0.3046458124
116.9	-1.93715627	0.4470110684
117	-1.88613972	0.5705641196
117.1	-1.823522739	0.6797227085
117.2	-1.75054226	0.7784512312
117.3	-1.668065097	0.8701856186
117.4	-1.576640028	0.957857883
117.5	-1.476545382	1.043959954
117.6	-1.367829449	1.130609808
117.7	-1.250344842	1.219599751
117.8	-1.123781691	1.312409759
117.9	-0.9876977724	1.410163227
118	-0.841561405	1.513525359
118.1	-0.6848045272	1.622501483
118.2	-0.5169044401	1.736125877
118.3	-0.3375011592	1.852033267
118.4	-0.1465626314	1.965918394
118.5	0.05539217471	2.070988975
118.6	0.2670235195	2.157612407
118.7	0.485891705	2.213501531
118.8	0.7082393059	2.224888043
118.9	0.928953561	2.178948946
119	1.141828144	2.067247473
119.1	1.340177648	1.889109781
119.2	1.517718202	1.65329603
119.3	1.669474136	1.376742547
119.4	1.792415347	1.080618169
119.5	1.885633735	0.7854122434
119.6	1.950068066	0.5071014823
119.7	1.987950741	0.255494384
119.8	2.002194803	0.03457703469
119.9	1.99587959	-0.156024843
120	1.971900394	-0.3193500247
120.1	1.93277584	-0.4596964236
120.2	1.880573199	-0.58167191
120.3	1.816907241	-0.6896580681
120.4	1.742976825	-0.7875692293
120.5	1.659615787	-0.8787907985
120.6	1.567344965	-0.9662091555
120.7	1.466418585	-1.052276971
120.8	1.356864583	-1.13907971
120.9	1.238519027	-1.22837988
121	1.11105675	-1.321623938
121.1	0.974026028	-1.419899302
121.2	0.8268880118	-1.523816661
121.3	0.6690759048	-1.633301716
121.4	0.5000765797	-1.747277511
121.5	0.3195528297	-1.863213097
121.6	0.1275161792	-1.976586523
121.7	-0.07544690315	-2.080341419
121.8	-0.2879037617	-2.16456652
121.9	-0.5072943871	-2.216764414
122	-0.7297278115	-2.223130429
122.1	-0.9499688632	-2.171104843
122.2	-1.161732655	-2.052868232
122.3	-1.358331453	-1.868626233
122.4	-1.533570367	-1.628033261
122.5	-1.682640391	-1.348638787
122.6	-1.802716648	-1.051757583
122.7	-1.893087676	-0.757579985
122.8	-1.954843892	-0.4815220196
122.9	-1.990309375	-0.2327886858
123	-2.002433437	-0.01487164461
123.1	-1.994290185	0.1729327323
123.2	-1.968744689	0.333839507
123.3	-1.928273696	0.4722105457
123.4	-1.874899996	0.5926495254
123.5	-1.810196202	0.6994997669
123.6	-1.735323604	0.7966252816
123.7	-1.651083625	0.8873608563
123.8	-1.557969242	0.9745478643
123.9	-1.456211352	1.060601292
124	-1.345818034	1.147573345
124.1	-1.226607711	1.237195888
124.2	-1.098242754	1.330886095
124.3	-0.9602596255	1.429687705
124.4	-0.8121154339	1.534160491
124.5	-0.6532427361	1.644146089
124.6	-0.4831406285	1.758448364
124.7	-0.3014970547	1.874370712
124.8	-0.1083675028	1.987167106
124.9	0.09559147228	2.089513662
125	0.3088499795	2.171225366
125.1	0.5287265197	2.219600055
125.2	0.7511967664	2.22082491
125.3	0.9709054695	2.162636951
125.4	1.181495311	2.037865256
125.5	1.376284866	1.847609102
125.6	1.549176774	1.602404191
125.7	1.69553441	1.320372039
125.8	1.812739387	1.022926173
125.9	1.900273663	0.7299219982
126	1.959373852	0.4562019393
126.1	1.992450088	0.2103738421
126.2	2.002483137	-0.004550694796
126.3	1.992538739	-0.1895887761
126.4	1.965450088	-0.3481185234
126.5	1.923651543	-0.4845574943
126.6	1.869121437	-0.6035006834
126.7	1.803390611	-0.7092511447
126.8	1.727583254	-0.8056219817
126.9	1.642468822	-0.8958981356
127	1.548513129	-0.9828764238
127.1	1.445923734	-1.068934306
127.2	1.334689228	-1.156091648
127.3	1.214611412	-1.246051421
127.4	1.08533906	-1.340195689
127.5	0.9463989188	-1.439531557
127.6	0.7972421671	-1.544555826
127.7	0.6373048959	-1.655031404
127.8	0.4660966228	-1.769636665
127.9	0.2833329885	-1.885500895
128	0.08911730231	-1.997652388
128.1	-0.1158234513	-2.098494471
128.2	-0.3298590474	-2.177571314
128.3	-0.5501839276	-2.22199397
128.4	-0.772640624	-2.217960595
128.5	-0.9917570198	-2.153540554
128.6	-1.201109754	-2.022243491
128.7	-1.394032417	-1.826073904
128.8	-1.564533682	-1.576429378
128.9	-1.708154469	-1.291963542
129	-1.822483564	-0.9941405706
129.1	-1.907193087	-0.7024490894
129.2	-1.96366023	-0.4311470101
129.3	-1.994375559	-0.1882508119
129.4	-2.002346429	0.02369225279
129.5	-1.990627435	0.2059965306
129.6	-1.96201842	0.3621911252
129.7	-1.918910779	0.4967413229
129.8	-1.86323852	0.6142290303
129.9	-1.796491123	0.7189153542
130	-1.719756194	0.8145622541
130.1	-1.633771609	0.904404773
130.2	-1.538976402	0.9911967135
130.3	-1.435555593	1.077277807
130.4	-1.323477743	1.164636793
130.5	-1.202529534	1.254945627
130.6	-1.072344945	1.349554668
130.7	-0.9324424682	1.449427198
130.8	-0.7822686046	1.55500402
130.9	-0.621261154	1.665956557
131	-0.4489445006	1.780837397
131.1	-0.2650621756	1.896598825
131.2	-0.06976567969	2.008034147
131.3	0.1361416314	2.107275214
131.4	0.3509278052	2.183597173
131.5	0.5716623084	2.223934517
131.6	0.7940542308	2.214528391
131.7	1.012517874	2.143813251
131.8	1.220570593	2.006008082
131.9	1.411569749	1.804032167
132	1.579638161	1.550126381
132.1	1.720499515	1.263431177
132.2	1.831950034	0.9654162002
132.3	1.913848146	0.6751714253
132.4	1.967705995	0.4063611471
132.5	1.996088656	0.1664194341
132.6	2.002026144	-0.04255543411
132.7	1.988558833	-0.2221599145
132.8	1.958451788	-0.3760617016
132.9	1.914053098	-0.5087661641
133	1.857252564	-0.6248383055
133.1	1.789498695	-0.7284955783
133.2	1.711842984	-0.823448588
133.3	1.624992366	-0.9128834964
133.4	1.52935947	-0.9995104703
133.5	1.425106594	-1.08563358
133.6	1.312183939	-1.173209183
133.7	1.190360925	-1.263880353
133.8	1.059260424	-1.358962793
133.9	0.9183903291	-1.459378154
134	0.7671934714	-1.565502221
134.1	0.6051122122	-1.676919531
134.2	0.4316841046	-1.79204906
134.3	0.2466836548	-1.907658254
134.4	0.05031486839	-2.018304761
134.5	-0.1565432638	-2.115843001
134.6	-0.3720532793	-2.189285306
134.7	-0.593157219	-2.225408497
134.8	-0.815431809	-2.210519035
134.9	-1.033181551	-2.133452441
135	-1.239871465	-1.989166749
135.1	-1.428891576	-1.781501964
135.2	-1.594487001	-1.523516654
135.3	-1.732568395	-1.234795979
135.4	-1.841139294	-0.9367688672
135.5	-1.920240619	-0.6480988074
135.6	-1.971513546	-0.3818492338
135.7	-1.997592345	-0.1448800618
135.8	-2.001524971	0.06114302348
135.9	-1.986335243	0.2380827696
136	-1.954752124	0.3897344113
136.1	-1.909079992	0.5206361029
136.2	-1.851164654	0.6353321217
136.3	-1.782414092	0.7379950102
136.4	-1.703844223	0.832283975
136.5	-1.61613135	0.9213361179
136.6	-1.519662088	1.007819964
136.7	-1.414577008	1.094003065
136.8	-1.300806803	1.181811373
136.9	-1.178106457	1.272856498
137	-1.046084515	1.368421504
137.1	-0.9042415753	1.469381545
137.2	-0.7520170382	1.57605174
137.3	-0.5888566448	1.687918645
137.4	-0.4143152711	1.803265907
137.5	-0.2281991557	1.918673625
137.6	-0.03076490662	2.028454753
137.7	0.1770270132	2.124188445
137.8	0.393231968	2.194628039
137.9	0.6146640668	2.226405354
138	0.8367679096	2.205925047
138.1	1.053742151	2.122457369
138.2	1.259006817	1.971725614
138.3	1.445993512	1.758494801
138.4	1.609077307	1.496617417
138.5	1.74436016	1.206075623
138.6	1.850052221	0.9082135366
138.7	1.926372508	0.6212405076
138.8	1.975085594	0.3576145398
138.9	1.998889221	0.1236323294
139	2.000845508	-0.07945754782
139.1	1.983958928	-0.2537690462
139.2	1.950921272	-0.4032133879
139.3	1.903992928	-0.5323549797
139.4	1.844975909	-0.6457139792
139.5	1.775238099	-0.7474166491
139.6	1.695760274	-0.8410706152
139.7	1.607188735	-0.9297652612
139.8	1.509884589	-1.016126765
139.9	1.403966262	-1.102388062
140	1.289346765	-1.190443212
140.1	1.165764319	-1.281875201
140.2	1.032817208	-1.377930385
140.3	0.8899958424	-1.479440037
140.4	0.7367382842	-1.58664972
140.5	0.5724951797	-1.698951566
140.6	0.3968380814	-1.814485915
140.7	0.2096080517	-1.929638548
140.8	0.01111803241	-2.038476166
140.9	-0.1975899014	-2.132298885
141	-0.4144605744	-2.199608384
141.1	-0.636178141	-2.226911569
141.2	-0.8580566637	-2.200737587
141.3	-1.074193352	-2.110826998
141.4	-1.277970706	-1.953694509
141.5	-1.462870854	-1.735030281
141.6	-1.623406461	-1.4694507
141.7	-1.755874155	-1.177290108
141.8	-1.858689791	-0.8797645307
141.9	-1.93224607	-0.5946051092
142	-1.978424936	-0.3336606917
142.1	-1.999982363	-0.1026755345
142.2	-1.999990483	0.09750216306
142.3	-1.98143228	0.2692226934
142.4	-1.946961197	0.4165029582
142.5	-1.898793428	0.5439269185
142.6	-1.838687445	0.655987454
142.7	-1.767971507	0.7567635896
142.8	-1.687591777	0.8498114502
142.9	-1.598164878	0.9381727521
143	-1.500026803	1.024433027
143.1	-1.393274704	1.110789958
143.2	-1.277802932	1.19910735
143.3	-1.153335662	1.290937598
143.4	-1.019457601	1.387491121
143.5	-0.8756532887	1.489551893
143.6	-0.7213567303	1.597297116
143.7	-0.5560265295	1.7100152
143.8	-0.3792528251	1.825703655
143.9	-0.1909114234	1.940546715
144	0.008625666311	2.048359792
144.1	0.2182301238	2.140164806
144.2	0.4357353604	2.204215984
144.3	0.6576946908	2.226915703
144.4	0.8792924574	2.194949507
144.5	1.094529215	2.098561472
144.6	1.296757694	1.935080892
144.7	1.479519408	1.71112226
144.8	1.637471806	1.442034329
144.9	1.767109668	1.148456785
145	1.867052983	0.8514355706
145.1	1.937863306	0.5682004455
145.2	1.981534094	0.3099901973
145.3	2.000874252	0.0820087325
145.4	1.99896228	-0.1152797794
145.5	1.9787573	-0.2844478109
145.6	1.942873488	-0.4296072457
145.7	1.893482699	-0.5553557321
145.8	1.832300124	-0.6661559755
145.9	1.760614828	-0.7660386724
146	1.679338887	-0.8585089088
146.1	1.589059847	-0.9465610466
146.2	1.490088662	-1.032740253
146.3	1.382501642	-1.119210352
146.4	1.266175382	-1.207804926
146.5	1.140818775	-1.300043803
146.6	1.006005508	-1.397103888
146.7	0.8612120762	-1.499717509
146.8	0.7058722949	-1.607990843
146.9	0.5394511666	-1.721109064
147	0.3615586226	-1.836915573
147.1	0.1721095183	-1.951391358
147.2	-0.02846350599	-2.05809581
147.3	-0.2389450284	-2.147771008
147.4	-0.4570529985	-2.208436972
147.5	-0.6792088123	-2.226407361
147.6	-0.9004693124	-2.188554686
147.7	-1.11474334	-2.085662374
147.8	-1.315361845	-1.91589657
147.9	-1.495934733	-1.686789483
148	-1.651271167	-1.414390034
148.1	-1.778066467	-1.119595183
148.2	-1.875143064	-0.8232403194
148.3	-1.943226541	-0.5420344594
148.4	-1.984415963	-0.2866057429
148.5	-2.00156794	-0.06163084382
148.6	-1.997763621	0.132793828
148.7	-1.975936344	0.2994484209
148.8	-1.938660096	0.44253044
148.9	-1.888062262	0.5666453522
149	-1.825815083	0.6762229913
149.1	-1.753168932	0.77524509
149.2	-1.671002254	0.8671653656
149.3	-1.579873781	0.9549320301
149.4	-1.480070318	1.041050651
149.5	-1.371647258	1.127650948
149.6	-1.254463417	1.216535718
149.7	-1.128213734	1.309196122
149.8	-0.9924601187	1.406768448
149.9	-0.8466729173	1.509936648
150	-0.690284141	1.618732034
150.1	-0.5227681134	1.732228527
150.2	-0.3437567146	1.848116723
150.3	-0.1532034411	1.962165774
150.4	0.04839529889	2.067675475
150.5	0.2597323324	2.155110421
150.6	0.4784094274	2.212260151
150.7	0.700715605	2.225374958
150.8	0.921581625	2.181547042
150.9	1.134830043	2.072131384
151	1.333778227	1.89615026
151.1	1.512113219	1.662047529
151.2	1.66480248	1.386535724
151.3	1.788744437	1.09072178
151.4	1.882961554	0.7951912643
151.5	1.948338227	0.5161134316
151.6	1.987073307	0.2635088952
151.7	2.002066115	0.04154025344
151.8	1.996397039	-0.15004762
151.9	1.972971529	-0.3142288341
152	1.934322701	-0.4552767942
152.1	1.882533412	-0.5777996671
152.2	1.819233264	-0.6861919428
152.3	1.745634384	-0.7843855069
152.4	1.662582093	-0.8757834974
152.5	1.570606999	-0.9632881045
152.6	1.469971629	-1.049365626
152.7	1.360711073	-1.136112963
152.8	1.242667216	-1.225303255
152.9	1.115520009	-1.318393884
153	0.9788212596	-1.416486203
153.1	0.8320342488	-1.520209184
153.2	0.6745921024	-1.629516907
153.3	0.5059779148	-1.743372666
153.4	0.3258461137	-1.859302964
153.5	0.1341932298	-1.972862744
153.6	-0.06841827896	-2.077088401
153.7	-0.2805889307	-2.162165696
153.8	-0.4998008502	-2.215670328
153.9	-0.7222097332	-2.223807249
154	-0.9426230652	-2.173920611
154.1	-1.154782766	-2.057971485
154.2	-1.352000933	-1.875856033
154.3	-1.528050569	-1.636916877
154.4	-1.678063671	-1.358493503
154.5	-1.799143344	-1.06185508
154.6	-1.890509685	-0.767300781
154.7	-1.95320066	-0.490444512
154.8	-1.98950889	-0.2407016484
154.9	-2.00237156	-0.02173534043
155	-1.994864959	0.1670445567
155.1	-1.96986495	0.3287929779
155.2	-1.929862979	0.4678503889
155.3	-1.876897409	0.5888224258
155.4	-1.812555564	0.696066046
155.5	-1.738011833	0.7934629789
155.6	-1.654078926	0.8843655532
155.7	-1.561259463	0.9716309227
155.8	-1.459792571	1.057687263
155.9	-1.349693191	1.144598213
156	-1.230785758	1.234106003
156.1	-1.10273719	1.327639477
156.2	-0.9650879976	1.426255783
156.3	-0.817296571	1.530534741
156.4	-0.6587955539	1.640346258
156.5	-0.4890797696	1.75453698
156.6	-0.3078280958	1.870468899
156.7	-0.1150802749	1.983474846
156.8	0.08853169336	2.086325056
156.9	0.3015124212	2.168929868
157	0.5212231214	2.218657199
157.1	0.743686159	2.22169477
157.2	0.9635879426	2.165671619
157.3	1.174595802	2.043186347
157.4	1.370025121	1.855023997
157.5	1.543743437	1.611413701
157.6	1.691053172	1.330281336
157.7	1.809263584	1.033011502
157.8	1.897789309	0.7395805541
157.9	1.957816423	0.4650329431
158	1.991725583	0.2181848785
158.1	2.002487097	0.002214193853
158.2	1.993169985	-0.1837883314
158.3	1.966618757	-0.3431451969
158.4	1.925282674	-0.4802553801
158.5	1.871155616	-0.5997174203
158.6	1.805783002	-0.7058486777
158.7	1.730301935	-0.8024801004
158.8	1.645493024	-0.892914071
158.9	1.551831532	-0.9799628407
159	1.449533113	-1.066017015
159.1	1.338593209	-1.153107677
159.2	1.218819317	-1.242948061
159.3	1.089865068	-1.336932236
159.4	0.9512604309	-1.436080929
159.5	0.802458548	-1.540911696
159.6	0.6428944973	-1.651217568
159.7	0.4720734711	-1.765719691
159.8	0.2897017612	-1.881609091
159.9	0.09586569638	-1.993994302
160	-0.1087332556	-2.0953737
160.1	-0.3224999163	-2.175386268
160.2	-0.5426721802	-2.221207422
160.3	-0.7651393805	-2.219027314
160.4	-0.9844698838	-2.156795617
160.5	-1.19426269	-2.027780531
160.6	-1.387845174	-1.833668494
160.7	-1.55918797	-1.585557598
160.8	-1.703769218	-1.301920383
160.9	-1.819105139	-1.004208196
161	-1.904801731	-0.7120417414
161.1	-1.962187646	-0.4398847847
161.2	-1.993726007	-0.1959597679
161.3	-2.00241528	0.01702533261
161.4	-1.991314306	0.2002825401
161.5	-1.963234793	0.3572895189
161.6	-1.920583205	0.4924958005
161.7	-1.865309051	0.610488306
161.8	-1.798916245	0.7155430258
161.9	-1.722505137	0.8114398169
162	-1.636824574	0.9014311026
162.1	-1.542322952	0.9882858454
162.2	-1.439193177	1.074356637
162.3	-1.327410586	1.161643341
162.4	-1.206767526	1.251828535
162.5	-1.076902533	1.346273889
162.6	-0.937337473	1.445957807
162.7	-0.7875202081	1.551341979
162.8	-0.6268876594	1.662128761
162.9	-0.4549593203	1.776916178
163	-0.2714684489	1.892719152
163.1	-0.07654913634	2.004413214
163.2	0.129021583	2.104226151
163.3	0.3435480418	2.18152618
163.4	0.5641437182	2.22330768
163.5	0.7865642417	2.215794574
163.6	1.005263257	2.147289276
163.7	1.213778088	2.01175901
163.8	1.405456758	1.811802154
163.9	1.574381198	1.559367155
164	1.716210657	1.273428836
164.1	1.828668762	0.9754604048
164.2	1.911549155	0.6846945293
164.3	1.966317415	0.4150040955
164.4	1.995513105	0.1740261931
164.5	2.002158933	-0.03598564654
164.6	1.989300498	-0.216531006
164.7	1.959715174	-0.3712303527
164.8	1.91576627	-0.5045758373
164.9	1.85935903	-0.621138852
165	1.79195625	-0.7251522681
165.1	1.714622	-0.8203446963
165.2	1.628074028	-0.9099194272
165.3	1.532734121	-0.9966015841
165.4	1.428772418	-1.082707969
165.5	1.316145761	-1.17020593
165.6	1.194629073	-1.260748851
165.7	1.063849818	-1.355664712
165.8	0.9233188933	-1.455889886
165.9	0.7724805965	-1.561822313
166	0.6107757726	-1.673078894
166.1	0.4377367403	-1.788124765
166.2	0.2531273693	-1.903792594
166.3	0.05713320367	-2.014723764
166.4	-0.149394138	-2.112869226
166.5	-0.3646541353	-2.187333284
166.6	-0.585633378	-2.224946479
166.7	-0.8079550399	-2.211988326
166.8	-1.02596158	-2.137150393
166.9	-1.233135516	-1.995129123
167	-1.422854456	-1.789441605
167.1	-1.589319833	-1.532862829
167.2	-1.728376313	-1.24482775
167.3	-1.837954941	-0.9467845034
167.4	-1.918033271	-0.6575491127
167.5	-1.970207979	-0.3903959915
167.6	-1.997089795	-0.1523847119
167.7	-2.001720781	0.05466942293
167.8	-1.987130889	0.2325376028
167.9	-1.956061862	0.3849718225
168	-1.910833395	0.5164995448
168.1	-1.853306676	0.6316726749
168.2	-1.784903823	0.7346796532
168.3	-1.706653149	0.8291976648
168.4	-1.619241593	0.9183808494
168.5	-1.523064848	1.004912444
168.6	-1.418271128	1.091072444
168.7	-1.304797676	1.178797687
168.8	-1.182404963	1.269710516
168.9	-1.050705829	1.365105683
169	-0.9092039895	1.46587441
169.1	-0.7573397673	1.572354402
169.2	-0.5945573472	1.684065473
169.3	-0.4204059252	1.799339868
169.4	-0.2346801238	1.914824185
169.5	-0.03761753327	2.024916845
169.6	0.1698495293	2.121294218
169.7	0.3858145038	2.192799125
169.8	0.6071365682	2.226111736
169.9	0.8293063343	2.207599878
170	1.046559012	2.126377433
170.1	1.252329538	1.97789671
170.2	1.440033943	1.766598962
170.3	1.604000931	1.506062259
170.4	1.740265137	1.216134737
170.5	1.846964483	0.9181952512
170.6	1.924256125	0.6306147891
170.7	1.973862171	0.3660637684
170.8	1.998458686	0.1310349399
170.9	2.001103397	-0.07307912561
171	1.984807752	-0.2483062208
171.1	1.952276694	-0.3985181114
171.2	1.90578604	-0.528270809
171.3	1.847153095	-0.6420933009
171.4	1.777759722	-0.7441281399
171.5	1.698598928	-0.8380010063
171.6	1.610327508	-0.9268180394
171.7	1.513315428	-1.01321989
171.8	1.407688713	-1.099451865
171.9	1.293366831	-1.187418831
172	1.170093242	-1.278714006
172.1	1.037470685	-1.374597023
172.2	0.8949921917	-1.475913845
172.3	0.7420968585	-1.582935333
172.4	0.5782331213	-1.695086921
172.5	0.4029666435	-1.810559435
172.6	0.216126187	-1.925807466
172.7	0.01800465853	-2.03498435
172.8	-0.1903849038	-2.129487925
172.9	-0.4070260567	-2.197907345
173	-0.6286486401	-2.226791015
173.1	-0.850612278	-2.202620998
173.2	-1.067049153	-2.114969432
173.3	-1.27135403	-1.960071316
173.4	-1.456990351	-1.743293026
173.5	-1.618421785	-1.4789872
173.6	-1.751876434	-1.187370133
173.7	-1.855698304	-0.8897074821
173.8	-1.930219869	-0.6039004576
173.9	-1.977282645	-0.3420113651
174	-1.999622856	-0.1099764555
174.1	-2.000309549	0.09121787901
174.2	-1.982333493	0.2638408105
174.3	-1.94836167	0.4118734869
174.4	-1.900625758	0.5398937328
174.5	-1.840899439	0.6524043093
174.6	-1.770524788	0.7535009
174.7	-1.690460023	0.8467576088
174.8	-1.601332084	0.9352328028
174.9	-1.503485746	1.02152618
175	-1.397025539	1.107847629
175.1	-1.281852296	1.196071549
175.2	-1.157695163	1.287761246
175.3	-1.02414339	1.384139395
175.4	-0.8806838224	1.486007241
175.5	-0.7267512033	1.593565636
175.6	-0.5618019867	1.706139709
175.7	-0.385419328	1.821778478
175.8	-0.1974663172	1.936736246
175.9	0.001705475666	2.044917363
176	0.2109982924	2.137441135
176.1	0.4282850334	2.202646421
176.2	0.6501648635	2.226971662
176.3	0.8718672645	2.197043538
176.4	1.087426096	2.102925918
176.5	1.290203602	1.941660419
176.6	1.473719473	1.719538512
176.7	1.632579689	1.45165589
176.8	1.763209403	1.158551237
176.9	1.864157358	0.8613348442
177	1.93592655	0.5774140964
177.1	1.980472029	0.3182413802
177.2	2.000584807	0.08920825513
177.3	1.999341612	-0.1090885386
177.4	1.979710131	-0.2791454354
177.5	1.94431838	-0.4250421392
177.6	1.895353755	-0.5513721858
177.7	1.834546559	-0.6626091604
177.8	1.763199508	-0.7628007554
177.9	1.682236574	-0.8554699947
178	1.592255429	-0.9436275736
178.1	1.493575669	-1.029832817
178.2	1.386280983	-1.116261351
178.3	1.270254064	-1.204757485
178.4	1.145209142	-1.296851775
178.5	1.010723738	-1.393734033
178.6	0.8662769354	-1.496153798
178.7	0.7113029693	-1.60424306
178.8	0.545264024	-1.717223747
178.9	0.3677630149	-1.832992837
179	0.1787012727	-1.947603832
179.1	-0.02151033865	-2.054705828
179.2	-0.2316874042	-2.145138809
179.3	-0.4495881802	-2.207004538
179.4	-0.6716804029	-2.226644476
179.5	-0.8930653855	-2.190862098
179.6	-1.107683452	-2.090248507
179.7	-1.308872266	-1.922674711
179.8	-1.490216816	-1.69535224
179.9	-1.646472384	-1.424089232
180	-1.77426378	-1.129697761
180.1	-1.872342849	-0.8330914546
180.2	-1.941378359	-0.5511638969
180.3	-1.983433106	-0.2947566506
180.4	-2.001347558	-0.06872946713
180.5	-1.998202324	0.1266944728
180.6	-1.97694002	0.2942241225
180.7	-1.940148786	0.4380282113
180.8	-1.889971571	0.5627100656
180.9	-1.828095615	0.672711308
181	-1.755784785	0.7720309195
181.1	-1.673929221	0.8641404461
181.2	-1.583097669	0.9520043671
181.3	-1.483585443	1.038141955
181.4	-1.375455083	1.12469476
181.5	-1.258571664	1.213476066
181.6	-1.132634917	1.305988154
181.7	-0.9972110203	1.403380166
181.8	-0.8517723105	1.506354486
181.9	-0.6957510342	1.614968075
182	-0.5286186351	1.728334141
182.1	-0.3499990166	1.844198358
182.2	-0.1598315232	1.958403695
182.3	0.04140963854	2.064341617
182.4	0.2524496595	2.152573932
182.5	0.470931438	2.210968271
182.6	0.6931903739	2.225796352
182.7	0.9142010361	2.184069387
182.8	1.127815562	2.076938286
182.9	1.32735512	1.903123602
183	1.506478741	1.6707514
183.1	1.660097769	1.396305841
183.2	1.785039378	1.100826174
183.3	1.880256289	0.804989689
183.4	1.946577889	0.5251562031
183.5	1.986168739	0.271558853
183.6	2.001913841	0.04853843884
183.7	1.996894239	-0.144038958
183.8	1.974025319	-0.3090811806
183.9	1.935854595	-0.4508360232
184	1.884480516	-0.5739113269
184.1	1.821547558	-0.6827142165
184.2	1.748281174	-0.7811940715
184.3	1.665538236	-0.8727717975
184.4	1.57385916	-0.9603654495
184.5	1.473514834	-1.046455089
184.6	1.364547551	-1.133149039
184.7	1.246804997	-1.222231125
184.8	1.119972375	-1.315169602
184.9	0.9836049648	-1.413079576
185	0.8371683158	-1.516608132
185.1	0.6800955261	-1.625737498
185.2	0.511866035	-1.739470359
185.3	0.3321261854	-1.855390327
185.4	0.1408577033	-1.96912858
185.5	-0.06140069078	-2.073813715
185.6	-0.2732823038	-2.159728941
185.7	-0.4923110967	-2.214524366
185.8	-0.7146894782	-2.224417365
185.9	-0.935267873	-2.176660121
186	-1.147815742	-2.062998174
186.1	-1.345646066	-1.883020062
186.2	-1.522500807	-1.645754932
186.3	-1.673453664	-1.368327471
186.4	-1.795535896	-1.07195546
186.5	-1.887898793	-0.777042443
186.6	-1.951527202	-0.4993985719
186.7	-1.988681588	-0.2486502052
186.8	-2.002286419	-0.0286337974
186.9	-1.995419775	0.1611253743
187	-1.970968105	0.3237204824
187.1	-1.931437488	0.4634695776
187.2	-1.87888186	0.5849796748
187.3	-1.814903301	0.6926211187
187.4	-1.740689363	0.7902932967
187.5	-1.657064093	0.8813661254
187.6	-1.564539822	0.968712642
187.7	-1.463363946	1.054774233
187.8	-1.353558278	1.141626082
187.9	-1.23495339	1.231020722
188	-1.107220594	1.324398673
188.1	-0.9699048145	1.422830577
188.2	-0.8224654139	1.526915385
188.3	-0.6643355738	1.636551562
188.4	-0.4950056866	1.750627869
188.5	-0.3141458797	1.86656401
188.6	-0.1217805932	1.97977126
188.7	0.08148271617	2.083113485
188.8	0.2941826858	2.166596684
188.9	0.5137230096	2.217660992
189	0.736172721	2.222496718
189.1	0.9562602843	2.168629559
189.2	1.16767842	2.048431435
189.3	1.363740405	1.862374768
189.4	1.538279708	1.620379932
189.5	1.686538461	1.340172418
189.6	1.805753669	1.043101766
189.7	1.895272249	0.7492613323
189.8	1.956229064	0.4738962071
189.9	1.990974604	0.2260316255
190	2.002468127	0.009013578217
190.1	1.993781566	-0.1779573273
190.2	1.967770569	-0.3381464192
190.3	1.926899226	-0.4759331134
190.4	1.87317698	-0.5959189625
190.5	1.808163868	-0.7024354003
190.6	1.733009985	-0.799331189
190.7	1.648507131	-0.8899261615
190.8	1.555140075	-0.9770481619
190.9	1.45313264	-1.063100939
191	1.342487099	-1.150126919
191.1	1.223016754	-1.239849373
191.2	1.094380047	-1.333674741
191.3	0.9561102953	-1.432636794
191.4	0.8076626494	-1.537274022
191.5	0.6484711983	-1.647408585
191.6	0.4780370889	-1.761804409
191.7	0.2960574214	-1.877713557
191.8	0.1026016839	-1.990323855
191.9	-0.1016537279	-2.092228787
192	-0.3151482304	-2.173162514
192.1	-0.5351631904	-2.220365939
192.2	-0.7576346699	-2.220024903
192.3	-0.9771719075	-2.15997354
192.4	-1.187397077	-2.033242172
192.5	-1.381632408	-1.841200428
192.6	-1.553811486	-1.594644746
192.7	-1.699350337	-1.311861219
192.8	-1.815692672	-1.01428262
192.9	-1.902377918	-0.7216578724
193	-1.960685475	-0.4486553157
193.1	-1.99305033	-0.2037044405
193.2	-2.002461534	0.01032421106
193.3	-1.991981812	0.194538453
193.4	-1.964434553	0.3523629885
193.5	-1.922241247	0.4882306324
193.6	-1.867366914	0.606732842
193.7	-1.801329951	0.7121602819
193.8	-1.72524351	0.8083106618
193.9	-1.639867477	0.8984538962
194	-1.545659669	0.9853741168
194.1	-1.442820886	1.071436887
194.2	-1.331333327	1.158653205
194.3	-1.210994987	1.248716376
194.4	-1.081449041	1.342999099
194.5	-0.9422207801	1.442495097
194.6	-0.7927593982	1.547686226
194.7	-0.6325012538	1.658305619
194.8	-0.4609608997	1.772996402
194.9	-0.2778615505	1.888835062
195	-0.08332034465	2.000778989
195.1	0.1219118645	2.101151597
195.2	0.3361753412	2.179414432
195.3	0.5566273399	2.222624214
195.4	0.7790700852	2.216990439
195.5	0.9979970071	2.150687783
195.6	1.206966253	2.0174354
195.7	1.399317589	1.819511621
195.8	1.569093054	1.568569493
195.9	1.711888015	1.283413024
196	1.825353506	0.9855133796
196.1	1.909217919	0.6942423367
196.2	1.964899557	0.4236804102
196.3	1.99491178	0.1816687037
196.4	2.00226945	-0.02938198433
196.5	1.990023079	-0.2108724669
196.6	1.960962184	-0.3663745849
196.7	1.917465239	-0.5003663659
196.8	1.861452961	-0.6174251027
196.9	1.794402485	-0.7217989279
197	1.71739051	-0.8172344413
197.1	1.631145668	-0.9069520845
197.2	1.536098934	-0.9936920731
197.3	1.432428358	-1.079783986
197.4	1.320097435	-1.167206288
197.5	1.198886626	-1.257622161
197.6	1.06842808	-1.352372817
197.7	0.9282354219	-1.452407407
197.8	0.7777555225	-1.558149219
197.9	0.616426191	-1.669242806
198	0.4437762039	-1.784200967
198.1	0.2595583613	-1.899921981
198.2	0.06393928206	-2.011128314
198.3	-0.142255269	-2.109869091
198.4	-0.3572615317	-2.185340462
198.5	-0.5781111555	-2.224426884
198.6	-0.8004734442	-2.213386617
198.7	-1.018729296	-2.140770948
198.8	-1.226379631	-2.001017636
198.9	-1.416790698	-1.79732165
199	-1.58412116	-1.542172406
199.1	-1.724150364	-1.254848132
199.2	-1.83473677	-0.9568108034
199.3	-1.915793984	-0.6670253355
199.4	-1.968873512	-0.3989765074
199.5	-1.996561828	-0.1599250962
199.6	-2.001894698	0.04816219044
199.7	-1.987907795	0.2269632869
199.8	-1.957355513	0.3801853134
199.9	-1.912572846	0.5123442877
200	-1.855436374	0.6279993511
200.1	-1.7873824	0.7313546213
200.2	-1.709451679	0.8261052119
200.3	-1.622341895	0.9154226549
200.4	-1.526457909	1.002004456
200.5	-1.421955329	1.088143637
200.6	-1.308778582	1.175787328
200.7	-1.186692679	1.266569753
200.8	-1.055316118	1.361795716
200.9	-0.9141547502	1.462374568
201	-0.7626498569	1.568662845
201.1	-0.6002453364	1.680216223
201.2	-0.4264834966	1.795414701
201.3	-0.2411478364	1.910968831
201.4	-0.04445844921	2.021363742
201.5	0.1626816117	2.118371693
201.6	0.3784031654	2.19092533
201.7	0.599610058	2.225758032
201.8	0.8218390933	2.209202037
201.9	1.03936264	2.130219576
202	1.245631431	1.983995562
202.1	1.434046993	1.774647325
202.2	1.59889263	1.515474137
202.3	1.736136066	1.226185297
202.4	1.843842928	0.9281893981
202.5	1.922108023	0.6400160545
202.6	1.972610115	0.3745474211
202.7	1.998003124	0.1384732747
202.8	2.001339681	-0.06666748332
202.9	1.98563809	-0.2428146543
203	1.953616239	-0.3937994232
203.1	1.907565344	-0.5241684572
203.2	1.849318048	-0.638459165
203.3	1.780270245	-0.7408303226
203.4	1.701427276	-0.8349257378
203.5	1.613456379	-0.9238679419
203.6	1.516736412	-1.01031288
203.7	1.411401414	-1.096517562
203.8	1.297376558	-1.184398577
203.9	1.174412015	-1.275558268
204	1.042112855	-1.371269749
204.1	0.8999768537	-1.472394249
204.2	0.7474428528	-1.57922688
204.3	0.5839579843	-1.691226052
204.4	0.4090819642	-1.806632762
204.5	0.222631372	-1.921969578
204.6	0.02487939142	-2.031475918
204.7	-0.1831894093	-2.126647281
204.8	-0.3995972909	-2.196161024
204.9	-0.6211195726	-2.226609328
205	-0.8431615631	-2.204431029
205.1	-1.05989099	-2.119033972
205.2	-1.264715824	-1.966376376
205.3	-1.451081904	-1.751500835
205.4	-1.613404802	-1.488492374
205.5	-1.747844527	-1.197443599
205.6	-1.852673076	-0.8996646264
205.7	-1.928162097	-0.6132238331
205.8	-1.976111973	-0.3503967396
205.9	-1.999238522	-0.1173130169
206	-2.000607239	0.084900681
206.1	-1.983216398	0.2584306895
206.2	-1.949746394	0.4072210814
206.3	-1.902444373	0.5358427962
206.4	-1.843099252	0.6488081138
206.5	-1.773066982	0.7502292438
206.6	-1.693317896	0.8436983113
206.7	-1.60448932	0.9322903677
206.8	-1.506934832	1.018619352
206.9	-1.4007664	1.104907481
207	-1.285891393	1.193039735
207.1	-1.162043886	1.284590221
207.2	-1.028817856	1.380794035
207.3	-0.8857023599	1.482469043
207.4	-0.7321330829	1.589839905
207.5	-0.567564356	1.702267958
207.6	-0.3915725404	1.817852678
207.7	-0.2040083085	1.932918239
207.8	-0.005203090176	2.041457286
207.9	0.2037757139	2.134686191
208	0.4208400986	2.201030195
208.1	0.6426349553	2.226965419
208.2	0.8644351123	2.199063595
208.3	1.080308336	2.107212686
208.4	1.283627358	1.948169518
208.5	1.467891152	1.7279019
208.6	1.627655075	1.461248705
208.7	1.759275	1.168641468
208.8	1.861228209	0.8712499377
208.9	1.93395856	0.5866566703
209	1.97938199	0.3265275144
209.1	2.000270957	0.09644320919
209.2	1.999699943	-0.1028648674
209.3	1.980644977	-0.2738153821
209.4	1.945747791	-0.4204546725
209.5	1.897211306	-0.5473714193
209.6	1.836780972	-0.6590497639
209.7	1.765773218	-0.7595542873
209.8	1.685123975	-0.8524259645
209.9	1.59544108	-0.9406918889
210	1.497052838	-1.02692568
210.1	1.39005036	-1.11331474
210.2	1.27432242	-1.20171418
210.3	1.149588734	-1.293665285
210.4	1.015430557	-1.39037056
210.5	0.8713297692	-1.492596583
210.6	0.7167209798	-1.600501099
210.7	0.5510637028	-1.713341789
210.8	0.3739541567	-1.829068956
210.9	0.1852802298	-1.943808007
211	-0.01456870451	-2.051297131
211.1	-0.2244387565	-2.142474197
211.2	-0.4421282874	-2.205523906
211.3	-0.6641513112	-2.226817913
211.4	-0.8856538	-2.193094712
211.5	-1.100608206	-2.094757166
211.6	-1.302359904	-1.929383623
211.7	-1.484470048	-1.703864171
211.8	-1.641640854	-1.43376192
211.9	-1.770426943	-1.139798195
212	-1.869509298	-0.8429599669
212.1	-1.939499261	-0.5603230678
212.2	-1.982422629	-0.3029427071
212.3	-2.001103108	-0.0758633507
212.4	-1.998620348	0.1205631
212.5	-1.977925982	0.2889726733
212.6	-1.941622213	0.43350414
212.7	-1.891867542	0.5587580392
212.8	-1.83036425	0.6691874678
212.9	-1.758389751	0.768808554
213	-1.676845949	0.8611107234
213.1	-1.586311652	0.949074785
213.2	-1.487090734	1.035233751
213.3	-1.379252889	1.121741158
213.4	-1.262669598	1.210420686
213.5	-1.137045168	1.302785734
213.6	-1.001950478	1.399997818
213.7	-0.8568593311	1.502778866
213.8	-0.7012053841	1.611209158
213.9	-0.534456205	1.724443406
214	-0.3562278798	1.840278453
214.1	-0.1664468586	1.954632425
214.2	0.0344349655	2.060987759
214.3	0.2451754763	2.150002025
214.4	0.4634578934	2.209626478
214.5	0.6856637548	2.226152981
214.6	0.9068119471	2.186516377
214.7	1.120784849	2.081668221
214.8	1.32090844	1.910029651
214.9	1.500814833	1.679407164
215	1.655360064	1.406052562
215.1	1.781300152	1.110931028
215.2	1.877517837	0.8148071702
215.3	1.94478691	0.5342297984
215.4	1.985236942	0.2796443409
215.5	2.001737914	0.05557174549
215.6	1.997371116	-0.1379986738
215.7	1.975061718	-0.3039068162
215.8	1.937371503	-0.4463738868
215.9	1.886414506	-0.5700066928
216	1.823850136	-0.679224718
216.1	1.750917235	-0.7779948235
216.2	1.668484284	-0.8697555305
216.3	1.577101472	-0.9574410439
216.4	1.477048293	-1.043545331
216.5	1.368374127	-1.130187998
216.6	1.250932375	-1.219162991
216.7	1.124414	-1.311951418
216.8	0.9883771172	-1.409679154
216.9	0.8422905261	-1.513013379
217	0.6855862394	-1.621963972
217.1	0.5177408236	-1.735570433
217.2	0.3383933617	-1.85147519
217.3	0.147509787	-1.965384202
217.4	-0.05439437055	-2.070517971
217.5	-0.2659839936	-2.157257677
217.6	-0.4848251898	-2.213327836
217.7	-0.7071672316	-2.224961593
217.8	-0.9279035381	-2.179323892
217.9	-1.14083185	-2.067948209
218	-1.339267109	-1.89011725
218.1	-1.516921248	-1.654546061
218.2	-1.668810416	-1.378139605
218.3	-1.791894299	-1.082057995
218.4	-1.88525493	-0.7868046324
218.5	-1.949823397	-0.5083838596
218.6	-1.987827351	-0.2566343742
218.7	-2.0021779	-0.03556720828
218.8	-1.995954559	0.1551749738
218.9	-1.97205409	0.3186218314
219	-1.932997186	0.4590678809
219.1	-1.880853337	0.5811210675
219.2	-1.817239426	0.689164831
219.3	-1.743356198	0.7871159994
219.4	-1.660039118	0.8783624905
219.5	-1.567810416	0.9657929955
219.6	-1.466925527	1.051862036
219.7	-1.357413319	1.138656787
219.8	-1.239110826	1.227941158
219.9	-1.111693441	1.321163338
220	-0.974710066	1.419412384
